date,ticker,close,open,high,low,volume,return_1d,ma_7,ma_30,vol_7,rsi_14,target_next_close,avg_sentiment
2015-01-01,AAPL,27.15108629269383,27.053582314390404,27.16621380109695,26.861941926404977,106613298,0.0,27.15108629269383,27.15108629269383,0.0224314390113864,50.0,26.67732857379672,0.8498448565602302
2015-01-02,AAPL,26.67732857379672,26.83654096958383,26.84507661349885,26.618139300502644,119219221,-0.0174489415926092,26.914207433245277,26.914207433245277,0.0224314390113864,50.0,27.05811819232117,-0.425158017873764
2015-01-05,AAPL,27.05811819232117,27.05029446081261,27.206267074978776,26.922465580498905,56120626,0.0142739036808383,26.96217768627057,26.96217768627057,0.0224314390113864,50.0,27.55799863591412,-0.0001581490039825
2015-01-06,AAPL,27.55799863591412,27.61128319104431,27.74033246668116,27.40000751379796,146393884,0.0184743240472209,27.11113292368146,27.11113292368146,0.0196403642945135,50.0,26.52047896365535,-0.850154758989811
2015-01-07,AAPL,26.52047896365535,26.47776488402174,26.529503527597807,26.467339411843287,70410965,-0.037648585659869,26.99300213167624,26.99300213167624,0.0267211136424258,50.0,25.79215542472496,-0.2834900041421255
2015-01-08,AAPL,25.79215542472496,25.710760967084664,25.85747540520705,25.698352783969344,53786090,-0.0274626842120202,26.792861013851024,26.792861013851024,0.0251240861503441,50.0,25.877589224894795,0.8498443737626076
2015-01-09,AAPL,25.877589224894795,25.85943243352707,26.035927615208102,25.76223021655663,120198999,0.0033123947480535,26.662107901142992,26.662107901142992,0.0231159204615793,50.0,25.704190384561308,-0.425156144797802
2015-01-12,AAPL,25.704190384561308,25.789106172145416,25.89468126384453,25.6682626705894,65186022,-0.0067007339372507,26.45540848569549,26.54236821157028,0.021105577659676,50.0,25.704748376845192,-0.0001530736684799
2015-01-13,AAPL,25.704748376845192,25.66459253783604,25.902922150152165,25.57495449818901,130006093,2.170822249358828e-05,26.316468457559555,26.449299341045272,0.0207772290244579,50.0,25.232590686031028,-0.283489013214906
2015-01-14,AAPL,25.232590686031028,25.16669335519008,25.32344359408843,25.14644831986317,153764137,-0.018368500787951,26.05567881380382,26.32762847554385,0.0193148027008666,50.0,25.753010666867787,0.4248456500470638
2015-01-15,AAPL,25.753010666867787,25.765021683898453,25.89125266622689,25.61670661824648,123103231,0.0206249127294277,25.797823389654347,26.27539049293693,0.0198486219835394,50.0,26.23469964574381,-0.4251574970781803
2015-01-16,AAPL,26.23469964574381,26.273974769882614,26.408255704024302,26.07879207507616,133275652,0.0187041812356227,25.75699777280984,26.27199958900417,0.0178362619184972,50.0,26.28634482623645,0.8498421967029571
2015-01-19,AAPL,26.28634482623645,26.41589824662733,26.49327876432335,26.089985413956736,99373831,0.0019685828764965,25.82759625874005,26.273103068791272,0.0136486407940201,50.0,26.999425494288072,0.4248423844575881
2015-01-20,AAPL,26.999425494288072,27.02807867334124,27.03786658993473,26.881130712062543,81528372,0.0271274181619916,25.987858582939094,26.324983242041043,0.0164747572663878,50.0,27.316990019661105,0.5665118912855784
2015-01-21,AAPL,27.316990019661105,27.369765844377625,27.37045886265513,27.2519866243647,113588828,0.011761899357459,26.21825853081049,26.391117027215717,0.0155157679495808,36.72586188895474,26.765420607226464,0.5665066609779994
2015-01-22,AAPL,26.765420607226464,26.82317571997207,27.01102968165448,26.555368421830583,82916176,-0.0201914417378216,26.369783135150676,26.414511000966385,0.0189336538142279,33.44270160802694,27.02060543153129,-0.8501571372151374
2015-01-23,AAPL,27.02060543153129,26.927139910456223,27.060725787956635,26.78160510485397,145144555,0.0095341234516572,26.625213813079284,26.45016361452903,0.015606176871429,36.28081444061306,26.402126965816777,-0.000158978998661
2015-01-26,AAPL,26.402126965816777,26.32582491891244,26.51020666408265,26.235335100950348,96344064,-0.0228891416693717,26.717944712929132,26.44749491182279,0.018946327403576,32.647233942036465,27.001281791257988,0.8498378425836562
2015-01-27,AAPL,27.001281791257988,26.913482023813565,27.10636884850144,26.87581215867062,99877672,0.0226934302004131,26.8274564480026,26.4766415896878,0.0195234885924907,39.01888895014519,26.97771693444834,-0.5668230439225833
2015-01-28,AAPL,26.97771693444834,26.86990218111092,27.05671066943513,26.74162211347131,120855939,-0.0008727310426158,26.926223892032866,26.501695356925826,0.01960905726189,38.86316857174329,26.863865599098308,-0.0001602351665496
2015-01-29,AAPL,26.863865599098308,26.92797298060229,27.06860843405288,26.76402450440348,62719674,-0.0042201990489659,26.90685819272004,26.51894155893404,0.0167924165283171,38.0725972372979,26.42554346809604,-0.8501571372151374
2015-01-30,AAPL,26.42554346809604,26.448537662011592,26.563472991034352,26.313088458337592,107324932,-0.0163164206351963,26.7795086853536,26.514696191168674,0.0167013037193616,35.111251465021624,27.25579723930389,-0.850154758989811
2015-02-02,AAPL,27.25579723930389,27.262297425034724,27.26828759215708,27.050046721087767,130472273,0.0314186072354663,26.84956248993609,26.546917975870205,0.0197832178610379,43.996929893605845,27.1584397513098,-0.0001602351665496
2015-02-03,AAPL,27.1584397513098,26.947197345482465,27.31133627738265,26.76706476468213,133134394,-0.0035719919376894,26.869253107047307,26.572398049846857,0.0196554683904248,43.24903460444295,26.8755706452942,-0.4251539163291454
2015-02-04,AAPL,26.8755706452942,27.04129698586492,27.17658732165088,26.62231919703484,66993926,-0.0104155138736184,26.936887918401226,26.58452495366475,0.0175979315819859,41.06484920748465,26.647741899523364,0.5665085459748903
2015-02-05,AAPL,26.647741899523364,26.576250910859404,26.73889667095081,26.410714247018696,63305371,-0.0084771686814667,26.886382219581986,26.58695637465932,0.0155073539325308,39.34150611290173,27.01802097257672,-0.2834924091895421
2015-02-06,AAPL,27.01802097257672,27.18432873279199,27.31336246319757,26.84654822296718,138284889,0.0138953264576604,26.89213993931461,26.602921730137737,0.0166161820813904,43.49215140354683,27.279146022046643,0.5665098751584688
2015-02-09,AAPL,27.279146022046643,27.16054381213096,27.444957775872908,26.94026671337476,71851908,0.0096648473896354,26.95146571402152,26.62707259770591,0.0168100543390292,46.28363246192518,27.574294892258298,0.5665074879924455
2015-02-10,AAPL,27.574294892258298,27.507090724907748,27.64626217930342,27.506484944782127,46966162,0.01081957880841,27.11557306033041,26.6597354354491,0.0148072485401228,49.330475055501374,27.88451270993525,-0.4251584962010383
2015-02-11,AAPL,27.88451270993525,27.700236565121266,28.12470892385019,27.54444079166933,111670775,0.0112502538646617,27.205389556134893,26.700561344598636,0.0103807796224048,52.3873391509315,29.429712591956,0.8498448565602302
2015-02-12,AAPL,29.429712591956,29.461684293849085,29.583577766384867,29.39617787404849,145716870,0.0554142687768826,27.52985710479864,26.77651555457404,0.0216682604260817,64.0283818925609,29.12372374199383,-0.0001563817262649
2015-02-13,AAPL,29.12372374199383,29.027505643738955,29.242885838711285,28.969438701387297,66934492,-0.0103972761883446,27.851021832898585,26.85806206018061,0.0216651539032051,60.8553543286034,28.74205799809573,-0.850154758989811
2015-02-16,AAPL,28.74205799809573,28.64953730011255,28.75472474753638,28.595611414486942,45190532,-0.0131049774843102,28.15020984698035,26.91419338703976,0.0224415514754165,57.05718827101448,28.140491775096287,0.8498378425836562
2015-02-17,AAPL,28.140491775096287,28.02462209997749,28.206647167147604,27.91019502607162,56814588,-0.0209298242679525,28.310562818768865,26.933609825012503,0.025380463031014,51.59157517276781,28.619374055022664,-0.2834924091895421
2015-02-18,AAPL,28.619374055022664,28.686116300964844,28.813351348557784,28.61628090269849,55339891,0.017017551923175,28.502023966336868,27.003572994724745,0.0257025731610866,55.26527211205103,29.509950129860307,-0.000158941745758
2015-02-19,AAPL,29.509950129860307,29.57293590049121,29.7346161105316,29.449496500210167,64543038,0.0311179438489972,28.77854614313716,27.12749948489592,0.0272817279521844,61.1673665999842,29.429886689872184,-0.850154758989811
2015-02-20,AAPL,29.429886689872184,29.589870546150152,29.723317202028856,29.42230796531104,61622124,-0.002713099806533,28.999313854556718,27.24590940039517,0.0276870311252624,60.39590071458594,28.784995905955565,-0.0001566544175148
2015-02-23,AAPL,28.784995905955565,28.72578171911475,29.003280614200463,28.53967312473444,116441537,-0.0219127851463508,28.90721147084237,27.348602917774983,0.0200034173566843,54.43994786303517,28.15990914532557,-0.0001622334122657
2015-02-24,AAPL,28.15990914532557,28.17839494614932,28.24281079593528,27.941739841311865,66766093,-0.0217157147658534,28.76952367131833,27.430441610057656,0.0211278972031156,49.35895527885499,28.67689631650547,0.283177520831426
2015-02-25,AAPL,28.67689631650547,28.56597392118612,28.800946750307286,28.38969409071189,105798064,0.0183589786640243,28.76021485966258,27.54525179774014,0.0223310331144144,53.24562192974163,29.2784029581073,-0.0001549512147903
2015-02-26,AAPL,29.2784029581073,29.248974735564296,29.50477066194272,29.124630918722403,88211448,0.0209753048224965,28.92277360009272,27.66276487411479,0.0214180438260734,57.34734255144974,29.7313111631782,-0.000154361128807
2015-02-27,AAPL,29.7313111631782,29.68503330881404,29.90096659686929,29.627345112883827,118522862,0.0154690201415337,29.08162175840065,27.779318591362603,0.0212914036232725,60.18003308763008,29.204822050050087,-0.4251574970781803
2015-03-02,AAPL,29.204822050050087,29.24551458512951,29.380982152137744,29.05489874369355,118657840,-0.0177082372936234,29.038032032713485,27.876601165489724,0.0194798059502612,55.56064740146432,29.4036334862991,-0.2834897031386693
2015-03-03,AAPL,29.4036334862991,29.493345895629584,29.70310456379724,29.37691903340071,111148569,0.0068074866509475,29.034281575060188,27.95674143189009,0.0196975519969527,56.90584722003149,29.508584662433847,-0.0001530736684799
2015-03-04,AAPL,29.508584662433847,29.596319588491404,29.620533668623768,29.228343403079283,147112405,0.0035693267698921,29.137651397414224,28.029794586649185,0.0171550450384673,57.63489830461454,29.69274012964333,0.8498378425836562
2015-03-05,AAPL,29.69274012964333,29.617663912312235,29.838257852398336,29.468463143367824,63550977,0.0062407421201708,29.356627252316763,28.12737190406308,0.0130113232724197,58.94728988689706,30.39234828633874,-0.8501539275050163
2015-03-06,AAPL,30.39234828633874,30.48338563926884,30.71790945889559,30.270342152177697,102940337,0.0235615895885932,29.601691819435803,28.23976333255666,0.0138453072124649,63.56502096849468,30.585869285930524,-0.0001530736684799
2015-03-09,AAPL,30.585869285930524,30.581824139207427,30.70333899037317,30.562032459277862,87312919,0.0063674250429266,29.788472723410543,28.379221409893784,0.012689529134086,64.74629192656414,31.14830559722655,-0.2834884588917096
2015-03-10,AAPL,31.14830559722655,31.117973667298617,31.190481901439497,31.11444223740766,103898768,0.018388763321981,29.99090049970317,28.517455536759407,0.0130819299469963,67.99410424931423,31.21638492016915,-0.0001530736684799
2015-03-11,AAPL,31.21638492016915,31.15003341829045,31.413494574523693,31.04256694095635,56796436,0.002185650925059,30.27826662400589,28.658744469616767,0.0080936325756869,68.37390710315051,31.46354042538542,0.2831782405575117
2015-03-12,AAPL,31.46354042538542,31.41068773788088,31.512498730839468,31.294694300907537,78316611,0.0079174928758833,30.572539043875366,28.812066963826336,0.0080407614911664,69.77613308385064,31.990052605055872,-0.8501571372151374
2015-03-13,AAPL,31.990052605055872,32.15726273983887,32.25877144881189,31.735140303567103,152922962,0.0167340411330711,30.927034464249942,28.997550601725,0.0078931632095856,72.5665885819676,30.82297536369938,-0.8501539275050163
2015-03-16,AAPL,30.82297536369938,30.85140130714592,30.886262042288035,30.692840780303086,136081650,-0.0364825046011971,31.088496640543664,29.11645653920485,0.0199943865879455,59.461578285296135,30.572860117445288,-0.8501554533839225
2015-03-17,AAPL,30.572860117445288,30.5888752682108,30.690462399488343,30.478406090869424,91126443,-0.008114571786235,31.114284044987453,29.23027055140936,0.0187794632320641,57.08239397510892,30.20649303735344,-0.5668216566244761
2015-03-18,AAPL,30.20649303735344,30.182728363634048,30.29228034505926,30.136441307885505,53258347,-0.0119834087711929,31.06008743804787,29.34130129781134,0.0191817712331072,53.69338000390661,29.713333379720662,0.5665125260750453
2015-03-19,AAPL,29.713333379720662,29.93136791348464,30.02051433178697,29.62615024921849,117819242,-0.016326279817486,30.8550914069756,29.44348768048458,0.0175654012445434,49.438455509434114,29.50943888407753,-0.000158978998661
2015-03-20,AAPL,29.50943888407753,29.62496926586861,29.849896137419467,29.469931934701204,76132381,-0.0068620539149031,30.611241973248223,29.526534944201277,0.0171405156249016,47.75353550165543,30.70007615973133,-0.4251544371247291
2015-03-23,AAPL,30.70007615973133,30.63366617421067,30.82929602478395,30.45347196127534,79535823,0.0403476758853669,30.50217564958336,29.64056594879076,0.0247941207893193,56.974895609343726,29.998424118223696,0.8498448565602302
2015-03-24,AAPL,29.998424118223696,29.97380005685521,30.131059666250312,29.817684437832654,51637769,-0.0228550586603423,30.21765729432162,29.721370256322945,0.0239801962905253,51.2358577738239,30.818424018757344,0.849844615161419
2015-03-25,AAPL,30.818424018757344,30.798615981213416,31.02479691959377,30.61007402574949,74690813,0.0273347658964362,30.21700710218704,29.819167299950347,0.0238754489296135,56.72236280189056,29.421615432618268,-0.8501571372151374
2015-03-26,AAPL,29.421615432618268,29.434490800360543,29.63226302362256,29.31289817856096,65701698,-0.0453238162110081,30.05254357578318,29.81889739463909,0.0295161485318158,47.01799816455476,29.15021003398808,0.2831742857893308
2015-03-27,AAPL,29.15021003398808,29.088887379088582,29.19476796342888,29.037094051583583,110391749,-0.0092246939754807,29.901646003873847,29.819780271038898,0.0294271349537839,45.39294554607751,29.29744157719816,-0.8501571372151374
2015-03-30,AAPL,29.29744157719816,29.33601018156705,29.3385161037555,29.13529172816095,156338775,0.0050507884175932,29.842232889227773,29.83829305700898,0.0291273645249834,46.4737257307824,29.793762112601488,0.8498453259468078
2015-03-31,AAPL,29.793762112601488,29.92355161771902,30.1059864171268,29.59350477247118,55115246,0.0169407466551485,29.882850493302623,29.893402068259157,0.0297988024103595,50.061847380841854,30.40331732744682,-0.0001622334122657
2015-04-01,AAPL,30.40331732744682,30.2835013707019,30.635675826004967,30.089135608119115,46293908,0.0204591555957787,29.84045637440484,29.952866844006625,0.0262414177445183,54.12885696346388,31.09828629003516,0.8498378425836562
2015-04-02,AAPL,31.09828629003516,30.993035999413387,31.26489990937816,30.833886024123046,52074135,0.0228583267774187,29.99757954180647,30.00581138267912,0.0256020533937287,58.29878424618183,30.806990820361342,-0.850154758989811
2015-04-03,AAPL,30.806990820361342,30.76233683682788,30.86987985395451,30.501468137089457,105506941,-0.0093669299638274,29.995946227749904,30.051714853695422,0.0240845204319955,56.00085536106985,30.42541227907705,-0.0001566544175148
2015-04-06,AAPL,30.42541227907705,30.385543224083204,30.619339373279004,30.32595856044942,139109297,-0.0123861023463575,30.139345777244017,30.106395399466138,0.0153376041458261,53.05096888709448,31.168131166400748,-0.000156158208847
2015-04-07,AAPL,31.168131166400748,31.35499650594772,31.557689241476623,31.04652507460971,77156207,0.0244111363392913,30.427620224731537,30.20666946683531,0.0154418543632602,57.71945844258492,31.014736536025826,0.8498411081731319
2015-04-08,AAPL,31.014736536025826,31.107939778659222,31.2422956400145,30.82540493842297,54195895,-0.0049215215874182,30.672948075992636,30.28459747415266,0.0163751002913901,56.47051751490821,29.96048951490526,-0.8501571372151374
2015-04-09,AAPL,29.96048951490526,30.045366594693245,30.200936591810784,29.9365304503387,51513113,-0.033991809664286,30.696766276321743,30.30733369271259,0.0221761060281406,48.67503764035088,29.0330725852303,-0.4251573339104652
2015-04-10,AAPL,29.0330725852303,29.01004654012384,29.175385094400266,28.863402981274703,112966401,-0.030954665450762,30.50101702743367,30.284059073447654,0.0231531446021817,43.04557523600816,28.2911674276827,0.2831756328543027
2015-04-13,AAPL,28.2911674276827,28.26686700609812,28.41282628563315,28.202646334550355,82808316,-0.0255537940522706,30.100000047097605,30.25360391936875,0.0199942094254393,39.14527508001007,28.71108859520126,-0.5668248365322749
2015-04-14,AAPL,28.71108859520126,28.58604846695501,28.83288390851336,28.563054013392343,82241341,0.0148428363231016,29.800585443503305,30.23051908966549,0.022690320834798,42.3303586059018,28.83992872016227,-0.5668211023012797
2015-04-15,AAPL,28.83992872016227,28.90756471752601,29.049019053837565,28.823021451350737,68635282,0.0044874691718426,29.574087792229765,30.20823055825643,0.0232581589285006,43.310740672479575,29.4162408203963,-0.0001593336462974
2015-04-16,AAPL,29.4162408203963,29.45957576192936,29.595599968476563,29.197885887634765,147564054,0.019983131921929,29.32381774280056,30.199013914614863,0.0222893457474732,47.60172000645528,29.076619425868085,-0.2834897031386693
2015-04-17,AAPL,29.076619425868085,29.188796793734348,29.3123935430914,28.86918277886259,84987396,-0.0115453703483666,29.04694386992088,30.15515628593251,0.0222767040222868,45.41987660597788,29.217130955966763,-0.0001552373170852
2015-04-20,AAPL,29.217130955966763,29.198651437933155,29.39047225545053,29.128288657798905,124906004,0.0048324575852745,28.940749790072527,30.10953167493372,0.0196890537959118,46.51221487973256,29.73402963414753,-0.5668243909875552
2015-04-21,AAPL,29.73402963414753,29.72138263814365,29.85357710796125,29.698596509533164,129076350,0.0176916302617045,29.040886511346415,30.062389142831083,0.0167082039882068,50.44154517552317,29.49479106061065,-0.0001597166061401
2015-04-22,AAPL,29.49479106061065,29.50983743261771,29.63978299826903,29.42922311810063,47131627,-0.0080459519439682,29.212832744621835,30.0050026808458,0.0123773245817693,48.65980349743346,29.874095883768128,0.2831750308473905
2015-04-23,AAPL,29.874095883768128,29.95402978483573,29.982103276030006,29.8268888523374,69810401,0.0128600613707696,29.378976642988533,29.952021196125223,0.012163000714283,51.58006918732728,29.35746952850965,0.2831748699148496
2015-04-24,AAPL,29.35746952850965,29.22798409753145,29.482181654759547,29.097741642086007,147456173,-0.0172934557507121,29.45291104418101,29.864268426907017,0.0149963844599382,47.60799284291574,29.08234611644317,-0.8501571372151374
2015-04-27,AAPL,29.08234611644317,29.1465648341707,29.28037360481349,29.037695504773914,145939261,-0.0093714961297772,29.405211800759137,29.80624745199848,0.0133526708906052,45.59435032212679,28.797800322747715,0.8498446911573411
2015-04-28,AAPL,28.797800322747715,28.79602964142685,28.86996993240852,28.75046114561892,89667867,-0.0097841416423611,29.36538050031337,29.747078792175227,0.0131480326839939,43.54304366770579,27.90714896002546,-0.0001605093479156
2015-04-29,AAPL,27.90714896002546,27.81851831623121,27.97772109265396,27.81212740162812,58745343,-0.0309277567293471,29.1782402151789,29.670433989597623,0.0168058793301554,37.80906876185389,28.291246516154462,0.8498443737626076
2015-04-30,AAPL,28.291246516154462,28.11431823044248,28.355794705683632,27.958166155233112,75787293,0.0137634108263509,28.97212834117989,29.62303109414541,0.015908581235699,41.39335244248671,27.94440946305826,-0.0001588828861713
2015-05-01,AAPL,27.94440946305826,27.93296843120125,28.187398139567645,27.758925834969403,153913046,-0.0122595182541057,28.750645255815268,29.57086344677811,0.0160352296228479,39.19654625320389,27.96502225208366,-0.5668225879470508
2015-05-04,AAPL,27.96502225208366,28.08647822945933,28.29773907826988,27.80452849199572,120733842,0.0007376355207164,28.477920451288917,29.47969498318985,0.013984088080509,39.402378150303775,28.333735800644767,-0.8501559481024742
2015-05-05,AAPL,28.333735800644767,28.47608601933529,28.58030455000699,28.22811478449608,49053676,0.0131848115562873,28.33167277587964,29.42420537260389,0.0157194347909655,43.11210003048263,28.68042315697516,-0.4251573339104652
2015-05-06,AAPL,28.68042315697516,28.711000177280983,28.81734130704018,28.424646494020955,126156870,0.0122358505341362,28.27425521024136,29.35293867721115,0.0167916367530196,46.43271842024009,29.197151188379536,0.4248420692980289
2015-05-07,AAPL,29.197151188379536,29.36900611637851,29.556358191985343,29.076948277541025,57632806,0.0180167506098565,28.331305333903043,29.345456535736524,0.0178599680717723,51.02165325094689,29.13310353145264,0.8498448565602302
2015-05-08,AAPL,29.13310353145264,29.12935051040604,29.23733170761769,28.95947051621552,76390093,-0.0021936269231769,28.50644170124978,29.344886318985345,0.0109780313617331,50.444814116088935,28.82699659029211,-0.2834915076692899
2015-05-11,AAPL,28.82699659029211,28.90943922499027,29.15115009558597,28.66698485445955,97795594,-0.0105071861235124,28.582977426126583,29.32920481942181,0.0119824025762736,47.670808583963705,28.77928602497333,-0.425158017873764
2015-05-12,AAPL,28.77928602497333,28.740327716527908,28.79187251291689,28.721110499193664,82198785,-0.0016550654234596,28.70224550640017,29.295388949834205,0.0103249598648144,47.23481600912016,27.58527762602917,0.4248456500470638
2015-05-13,AAPL,27.58527762602917,27.54269157048612,27.59261443161293,27.36934070873838,123790370,-0.0414884649295348,28.647996274106674,29.20145429312028,0.0202707229112086,37.89417754297093,26.555383976994648,-0.0001563817262649
2015-05-14,AAPL,26.555383976994648,26.50140943275461,26.65275417780195,26.401337454099263,58759661,-0.0373349024431324,28.393946013585232,29.05002421601893,0.0228829588378701,32.013616590787365,25.618008758075653,-0.4251566655933857
2015-05-15,AAPL,25.618008758075653,25.459648812234555,25.66005091537281,25.3244868010676,145247240,-0.0352988764813589,27.956458242313868,28.87705814727608,0.0225855844708039,27.786992826085797,24.91775353507736,0.8498378425836562
2015-05-18,AAPL,24.91775353507736,25.013967878208145,25.110334345081256,24.8890132379683,111213227,-0.0273344907331077,27.34511572041356,28.69346952247609,0.0171177324573802,25.11897716524425,25.21374826577642,-0.8501530960202217
2015-05-19,AAPL,25.21374826577642,25.16521438937768,25.34490876443233,25.091782436634464,76676309,0.0118788690273536,26.78520782531696,28.49499009245528,0.0203821130795058,28.25480321179144,24.586714346495363,-0.8501571372151374
2015-05-20,AAPL,24.586714346495363,24.527600107463225,24.608888669627504,24.38621748422388,154829086,-0.0248687308476127,26.17945321906028,28.280722686137597,0.019956490815344,25.79082342232604,24.33286234250963,-0.8501530960202217
2015-05-21,AAPL,24.33286234250963,24.246726077019407,24.4381068670184,24.195267769534496,97414963,-0.0103247632200158,25.54424983585118,28.093135113724408,0.0186905517311907,24.846157323344485,25.250932018983143,0.8498448565602302
2015-05-22,AAPL,25.250932018983143,25.2354512202649,25.37508353508312,25.235428702365702,89994935,0.0377296211004998,25.21077189198746,27.96706376151617,0.0277823178787933,34.228865055769845,25.00271631268858,0.5665091554323832
2015-05-25,AAPL,25.00271631268858,25.13499260657018,25.289708145135297,24.95493799441008,42536019,-0.0098299621617118,24.988962225658018,27.85744872434969,0.0254889742616544,33.02825780426568,25.544094784588413,-0.0001575395464897
2015-05-26,AAPL,25.544094784588413,25.70454584085856,25.79695200636833,25.45332725223332,159544741,0.0216527862464723,24.97840308658842,27.75188226399593,0.0245022455668568,38.12594788026193,24.88180849035242,-0.8501544483006
2015-05-27,AAPL,24.88180849035242,24.757832375757385,24.931015544230405,24.56180050683828,141568540,-0.025927178074659,24.97326808019914,27.619944923002272,0.0242465201387349,34.65115432642723,24.744802311423687,-0.8501530960202217
2015-05-28,AAPL,24.744802311423687,24.718490074653342,24.864417091752635,24.58713603310072,61169752,-0.005506278974129,24.906275801005894,27.46423030603652,0.0237168695378193,33.961588979,24.09747583328692,0.8498443737626076
2015-05-29,AAPL,24.09747583328692,24.0226995991835,24.20346130002855,23.808390000215404,153730914,-0.0261600989973527,24.836384584833255,27.29825885295048,0.0239245283027618,30.838927609817688,23.874385984270905,-0.283489013214906
2015-06-01,AAPL,23.874385984270905,23.94517385442042,24.077858886991383,23.79607973947821,135531935,-0.009257809845289,24.770887962227725,27.120167353893954,0.0238706260593968,29.82126442461144,24.45795194053688,-0.0001602351665496
2015-06-02,AAPL,24.45795194053688,24.47898041415542,24.566751540510268,24.396210093604047,90508822,0.0244431817702219,24.657605093878256,26.944298097440264,0.0204201623701221,35.79025085621778,23.29464932386544,-0.850154758989811
2015-06-03,AAPL,23.29464932386544,23.25016334611051,23.34818549785365,23.20582464535388,151372990,-0.0475633699624442,24.413595524046386,26.737626706215423,0.0262500882373503,30.264234286245557,23.604738948241337,-0.2834909533460935
2015-06-04,AAPL,23.604738948241337,23.609878154107403,23.7413338932472,23.56674075879075,107093537,0.0133116244878694,24.136544690282516,26.528648141697865,0.0247319064006006,33.223932910393685,23.77874250383756,0.2831778099139531
2015-06-05,AAPL,23.77874250383756,23.744685260442584,23.892101037501085,23.58351709056233,122566522,0.0073715517878745,23.978963835066104,26.342690574208795,0.0245732247869148,34.89375475302995,23.38576449645312,0.8498448565602302
2015-06-08,AAPL,23.38576449645312,23.499015633460232,23.53853368618796,23.36787828001632,61984360,-0.0165264419395188,23.78481557578459,26.152804520209127,0.0248729687223316,32.8932009062689,22.44652859160466,-0.0001602351665496
2015-06-09,AAPL,22.44652859160466,22.48336061878144,22.583086195118764,22.403541658776376,53119154,-0.0401627197174123,23.548965969829982,25.941095462504357,0.0270650576073725,28.663387754477935,22.503180868784195,-0.0001602351665496
2015-06-10,AAPL,22.503180868784195,22.548400341557286,22.75935770118005,22.30611014048463,103327531,0.0025238769972084,23.353079524760457,25.760963192796314,0.0274655273164916,29.254326275353733,22.172304217481567,-0.8501558005809784
2015-06-11,AAPL,22.172304217481567,21.99490910054397,22.300764699941173,21.88986329120208,79184962,-0.0147035502772682,23.02655842146684,25.55699844950722,0.0234266526569082,27.80557086948278,22.32910108588931,-0.0001602351665496
2015-06-12,AAPL,22.32910108588931,22.324627092406423,22.376363483463138,22.317258225834586,157805606,0.0070717444100427,22.888622958898814,25.36982150360159,0.0189244165052863,29.585181451062358,22.351760316771724,-0.0001602351665496
2015-06-15,AAPL,22.351760316771724,22.491450612910203,22.61786406363493,22.2265237570816,50279897,0.001014784732948,22.709626011546018,25.18271277242452,0.0173521420903142,29.85428220829955,23.36640903858788,-0.0001530736684799
2015-06-16,AAPL,23.36640903858788,23.4593696614532,23.499976142678324,23.29360603578052,131538133,0.0453945777619495,22.650721230796066,25.017135213689293,0.0264153134454187,40.769904925388325,23.21699583321346,0.2831773643692334
2015-06-17,AAPL,23.21699583321346,23.088344219553807,23.33311384657589,22.90550396468205,112209774,-0.0063943588904771,22.626611421761822,24.835020969563903,0.0257690295438372,39.78802652769152,22.569475601233734,-0.8501571372151374
2015-06-18,AAPL,22.569475601233734,22.548254031183088,22.645607761047447,22.44959170189864,145474589,-0.0278899232541277,22.64417528028027,24.614098449992373,0.0228982266156505,35.76772715867254,22.693795705455063,0.4248401559889316
2015-06-19,AAPL,22.693795705455063,22.611994593568003,22.734414683914743,22.611264510623624,159777857,0.0055083293213304,22.67140597123325,24.399454855792456,0.0229589796437733,37.082201815316026,22.842693050216088,-0.0001552373170852
2015-06-22,AAPL,22.842693050216088,22.95995155337944,23.025600064233306,22.80386811600828,144468010,0.0065611476675642,22.76717580448104,24.19997807112325,0.0218486404029417,38.7002371188975,23.72143851524462,-0.8501571372151374
2015-06-23,AAPL,23.72143851524462,23.738822412005472,23.87676376765316,23.683670989272777,84970553,0.0384694336651438,22.966081151531792,24.031383154132296,0.025405881317733,47.311914000486446,24.29715492300081,-0.0001581490039825
2015-06-24,AAPL,24.29715492300081,24.241189180008853,24.33561970070245,24.133402401666554,59553405,0.024269877536567,23.24399466670738,23.921779064031355,0.0257135950754536,52.06336913141972,24.554600007209903,-0.0001530736684799
2015-06-25,AAPL,24.554600007209903,24.557116211132044,24.7298969713896,24.444741430614418,98313636,0.0105956884674338,23.413736233653385,23.85508626503853,0.0212131798397012,54.05853818608943,25.595263239965902,-0.8501558005809784
2015-06-26,AAPL,25.595263239965902,25.395054618727944,25.70265664304172,25.274775222636407,72236823,0.0423815998815062,23.753488720332303,23.85432808110153,0.0238153492323263,61.105620318091965,24.74018022227799,-0.0001575306057929
2015-06-29,AAPL,24.74018022227799,24.659653807732848,24.84439100060049,24.559309521816942,70019278,-0.0334078618247121,24.06358938048148,23.84840897067489,0.0254768017713837,53.80277720744732,24.28864734506651,-0.4251539163291454
2015-06-30,AAPL,24.28864734506651,24.29130285148012,24.315868194125752,24.23016410489076,108496236,-0.0182509938551248,24.2914253289974,23.81757227331789,0.0281578675299745,50.37884763779754,23.64703213984331,-0.0001598820090293
2015-07-01,AAPL,23.64703213984331,23.707025277696378,23.740463553163924,23.63008820619721,55229394,-0.0264162592551093,24.406330913229866,23.78624953309616,0.0314165138177485,45.90810708174418,23.385740465494543,0.8498448565602302
2015-07-02,AAPL,23.385740465494543,23.24954326093568,23.41401416564397,23.217534363138952,108275414,-0.0110496603888194,24.358374048979854,23.754678803862323,0.0281260241019046,44.188321317674806,22.474026583737206,-0.2834909056623777
2015-07-03,AAPL,22.474026583737206,22.448328300183693,22.593422704421663,22.366780830846537,88109741,-0.0389858889908815,24.097927143370764,23.662115289354123,0.0285512226617304,38.73560409324587,22.913340702253635,-0.283490148683389
2015-07-06,AAPL,22.913340702253635,22.9827465222403,23.201458023256865,22.78943328337576,67578499,0.0195476372193279,23.86346152837701,23.59246943567296,0.0298373250881268,42.42248944469177,22.771582909020715,-0.4251551054418087
2015-07-07,AAPL,22.771582909020715,22.67242723987709,22.902640661750592,22.53219673047053,107454858,-0.0061866925069977,23.460078623956274,23.50005237315404,0.0196990330450863,41.55349793745101,21.82336405303148,0.8498413495719432
2015-07-08,AAPL,21.82336405303148,21.83836867434608,21.843790609026307,21.77189275700133,130084568,-0.0416404454524594,23.043390599778203,23.39810422524334,0.0210814302305648,36.21033678714268,21.17785300342517,-0.0001575306057929
2015-07-09,AAPL,21.17785300342517,21.182044598411427,21.23061746716688,21.05965603808695,113200275,-0.0295788975539104,22.59899140811515,23.27920591497672,0.0215715992038665,33.09088128528873,21.38798598593951,-0.2834913512070974
2015-07-10,AAPL,21.38798598593951,21.49798741273858,21.526800629310262,21.36003603421899,50561474,0.0099222986617364,22.27627052898604,23.188889586731808,0.0237993817206359,35.05236540634411,21.936639381707373,-0.000155472010374
2015-07-13,AAPL,21.936639381707373,21.921494137676465,22.1258364206242,21.78308782015401,107448189,0.0256524104760751,22.06925608844501,23.12429803331302,0.0281937957272563,39.99833370580343,23.292432004806315,-0.0001551926136016
2015-07-14,AAPL,23.292432004806315,23.280441018997408,23.3408162528698,23.27811208870315,114764833,0.0618049373701934,22.186171148597744,23.085447368788667,0.0350771504387234,50.10919939790009,25.51205586982533,-0.8501558005809784
2015-07-15,AAPL,25.51205586982533,25.577491212792903,25.625148606984148,25.3567782331138,122015652,0.0952937788789509,22.55741617253656,23.15936092032067,0.0490004833258861,61.53651990441193,25.876120250331454,-0.8501544483006
2015-07-16,AAPL,25.876120250331454,25.77315797744652,26.003584640130835,25.73964973636712,91083873,0.0142702878342597,23.00092150700952,23.235073630390332,0.0480245516406743,63.03217456304401,25.06285005601724,-0.0001530736684799
2015-07-17,AAPL,25.06285005601724,25.04624216796021,25.17622704785684,25.00948356232396,51387528,-0.03142937142224,23.46370522172177,23.277877215462997,0.0459731078610416,57.64018017969557,23.3821723272995,-0.0001569032669067
2015-07-20,AAPL,23.3821723272995,23.3502048050875,23.42069810706993,23.254866257681943,55261002,-0.0670585238694444,23.778607982275247,23.277757476491207,0.0542604279410384,48.42166220114633,23.605252134806744,-0.8501530960202217
2015-07-21,AAPL,23.605252134806744,23.595414989716524,23.706859364789672,23.538513846322434,79828253,0.0095405937645405,24.09536028925628,23.316381594597942,0.0542671514822827,49.57444364006073,22.985323854116,-0.4251596853137016
2015-07-22,AAPL,22.985323854116,23.043826545083988,23.06313290313122,22.891524786349816,116126170,-0.0262623028616855,24.24517235674323,23.332453027442337,0.0561533972835369,46.466417286305045,22.68069227254832,-0.8501558005809784
2015-07-23,AAPL,22.68069227254832,22.71839857088566,22.72109345379544,22.63771552966909,128686029,-0.0132533082196764,24.157780966420653,23.34939929594456,0.0511118941003767,44.97427853749319,22.24226786787589,-0.0001552566885948
2015-07-24,AAPL,22.24226786787589,22.19231069051319,22.25528747644703,22.04168520613176,120765930,-0.0193302920124304,23.690668394713597,23.34650485534411,0.0272990356191611,42.84199859348031,22.1504110743695,-0.0001580148935317
2015-07-27,AAPL,22.1504110743695,22.15949490501121,22.211033048140465,22.109355496983035,77466257,-0.0041298303775513,23.158424226719028,23.339793213930708,0.0242711027245289,42.388548179747325,22.915109759796017,-0.5668226967255274
2015-07-28,AAPL,22.915109759796017,23.01757065932906,23.168671663402712,22.83110715615594,92802435,0.034523001982178,22.85160418440171,23.324749904637645,0.0315698431323292,47.38155159652351,23.0386309210588,-0.0001602351665496
2015-07-29,AAPL,23.0386309210588,22.981170338573737,23.146489872501125,22.812782216610422,45614730,0.0053903805199961,22.80252684065304,23.318804407565825,0.0205826444423141,48.1630501677178,22.934919068624456,0.8498453259468078
2015-07-30,AAPL,22.934919068624456,22.94490723370404,23.09227939754669,22.805227299524947,135759138,-0.0045016499804049,22.70676497405557,23.330985856478847,0.0199528359517554,47.5248127323853,22.23558004167344,-0.0001622334122657
2015-07-31,AAPL,22.23558004167344,22.22269492259452,22.29051179646975,22.16754425891565,82415085,-0.0304923259096097,22.5996587151352,23.31571200101946,0.0207882096428934,43.35294130507408,21.13517117473635,0.8498448498547078
2015-08-03,AAPL,21.13517117473635,21.13117630935261,21.23187496644573,21.05690991048128,101117990,-0.0494886512910716,22.378869986876342,23.25879460517013,0.0269247124491225,37.73917980010907,20.822793713687137,-0.4251566655933857
2015-08-04,AAPL,20.822793713687137,20.720929171829884,20.97838075600927,20.70756486304948,93956592,-0.0147799825450484,22.176087964849383,23.162173111784888,0.0267080350816246,36.30211099047331,20.79634299436552,-0.0001530736684799
2015-08-05,AAPL,20.79634299436552,20.884359118971474,20.939497682219216,20.7122411122246,74290534,-0.0012702771628685,21.98264966770596,23.045479380830376,0.0268178054615228,36.176492363619566,21.94881416394648,0.8498453259468078
2015-08-06,AAPL,21.94881416394648,21.897825846036195,22.143576585934785,21.8137283631979,60182944,0.055417011053011,21.84460743972745,22.958619852721597,0.0328985592540766,45.09180531177,22.04727820107429,-0.8501553446054458
2015-08-07,AAPL,22.04727820107429,22.11514448361519,22.23219535981988,21.90831294156565,154432153,0.0044860754841848,21.70298562258681,22.84035368475854,0.0328496044192016,45.78855876387619,22.728628833493627,0.8498378425836562
2015-08-10,AAPL,22.728628833493627,22.686259718623244,22.86417046885408,22.532736533516456,54338147,0.0309040701625535,21.67351558899669,22.77330197179906,0.0356868389786094,50.47205308686969,22.391262994907223,-0.8501559481024742
2015-08-11,AAPL,22.391262994907223,22.349245477411817,22.436139724105296,22.313720892115363,153285284,-0.0148432112230743,21.69575601088723,22.710055826793752,0.033961288373112,48.24932953259505,21.606741988453912,-0.0001563191413879
2015-08-12,AAPL,21.606741988453912,21.685376911672915,21.82245464292876,21.5893622382349,53583874,-0.0350369251896038,21.76312326998974,22.642046155080774,0.0306207785437504,43.45664512539558,20.9815248213324,-0.8501551166176795
2015-08-13,AAPL,20.9815248213324,21.044084464764627,21.14084961668922,20.907568180846656,51474567,-0.0289362073863619,21.78579914251049,22.561905633608703,0.0324464629115613,40.04295084707315,20.52339339289382,-0.850154758989811
2015-08-14,AAPL,20.52339339289382,20.53624098989017,20.69303286343798,20.435825208453803,148365081,-0.0218349920865991,21.746806342300253,22.496884527247254,0.033651066310112,37.70562912510485,21.9270368645474,-0.8501552797853946
2015-08-17,AAPL,21.9270368645474,21.977106193042616,22.13415230695461,21.86162632642994,153529753,0.0683923679083005,21.74369529952895,22.464007732657045,0.0374461387126794,47.765672172013865,21.36270569861053,-0.8501571372151374
2015-08-18,AAPL,21.36270569861053,21.344212894241128,21.41444723416449,21.26222406953993,147434818,-0.0257367727989413,21.64589922774841,22.417045158976705,0.0386266009535631,44.644075577332096,21.95528572087904,-0.0001530736684799
2015-08-19,AAPL,21.95528572087904,21.95473457990692,22.15839302746173,21.84627038055216,133057885,0.0277389966715242,21.535421640232045,22.42144254790496,0.0381674947062666,48.45348659538968,21.33659074133152,-0.8501530960202217
2015-08-20,AAPL,21.33659074133152,21.294240314672063,21.473966633944585,21.148819866966104,99115693,-0.0281797735366822,21.384754175435518,22.42673380583517,0.0391016278463716,44.97359585763943,21.993377711335462,-0.0001530736684799
2015-08-21,AAPL,21.993377711335462,22.053028037052083,22.14422824702954,21.93013655664211,52797299,0.0307821890557085,21.43998785013288,22.446913530015035,0.0389326205786476,49.148770555271525,22.27624672492839,-0.2834892471631368
2015-08-24,AAPL,22.27624672492839,22.22990678558608,22.29453518793468,22.21153452486435,110988520,0.0128615539325338,21.624948122075164,22.45823377478907,0.0363033624062688,50.87750954263538,22.174979925496395,-0.0001622334122657
2015-08-25,AAPL,22.174979925496395,22.273779861902057,22.305422994676857,22.11555983927629,102319032,-0.0045459542930396,21.860889055304103,22.42098537214541,0.0343815434395563,50.219298741690885,22.15590644177456,-0.000154361128807
2015-08-26,AAPL,22.15590644177456,22.134913664921328,22.166448436644647,22.051825629182503,128277180,-0.0008601353320686,21.8935847091937,22.30911372454371,0.0235921007203999,50.0878612477205,21.731782077628047,0.5665094728271166
2015-08-27,AAPL,21.731782077628047,21.73311914055984,21.74778138941514,21.697021493852123,44194157,-0.0191427222921846,21.9463099061962,22.17096911878693,0.0224152202327752,47.13373940149368,22.033459519806456,-0.8501558005809784
2015-08-28,AAPL,22.033459519806456,22.083611729195347,22.214961322760725,21.997294477636004,49279645,0.0138818547462324,21.95747759175726,22.069989434246573,0.0203483425941438,49.41890885158287,21.746580112411085,-0.4251530848443508
2015-08-31,AAPL,21.746580112411085,21.748137021052788,21.78688685821952,21.68456123150539,110662848,-0.0130201708514038,22.016047501911487,22.01546969375029,0.017350060572611,47.32401223072448,20.98566770695528,-0.8501571372151374
2015-09-01,AAPL,20.98566770695528,20.966912292283084,21.076806156431235,20.86848028264113,142626808,-0.034989980103655,21.87208892985717,21.928150212821908,0.0175115768276806,42.21269856047616,20.207165309385328,0.2831741785009702
2015-09-02,AAPL,20.207165309385328,20.20534524306625,20.33236247580699,20.02043276577747,108254540,-0.0370968609834574,21.57650587049388,21.835544927997557,0.0184398882405343,37.72346200005381,20.321674443149803,-0.8501539275050163
2015-09-03,AAPL,20.321674443149803,20.37616609992673,20.501188377827432,20.25226900657538,84185168,0.0056667588952366,21.311747944444367,21.75691100035094,0.019647663089775,38.75518604625648,21.309137495838048,0.8498443737626076
2015-09-04,AAPL,21.309137495838048,21.26676306841525,21.34518638185894,21.232670229972133,96643805,0.0485916185425905,21.190780952167724,21.725806654616346,0.0303758046025979,46.92145222911378,21.42241250778947,0.849841584265232
2015-09-07,AAPL,21.42241250778947,21.4142996040588,21.527490945545903,21.33800697677013,101035020,0.0053157952532592,21.14658529933364,21.70154003573034,0.0299021447534088,47.78160516304992,21.35488756899512,-0.850154758989811
2015-09-08,AAPL,21.35488756899512,21.35554658471235,21.451293244714904,21.301033995538784,114291446,-0.0031520697666427,21.04964644921773,21.649532629370317,0.0291087190173444,47.28963656249376,21.54324493929698,0.4248423106968402
2015-09-09,AAPL,21.54324493929698,21.599122851211405,21.67599761593244,21.40981712907106,67307239,0.0088203400600122,21.020598567344287,21.59968642997825,0.0291634266338072,48.87105424534892,22.38016303258513,0.4248423844575881
2015-09-10,AAPL,22.38016303258513,22.37345936534925,22.4174511733842,22.28054705499497,86651608,0.0388482837959816,21.21981218529141,21.581194562110277,0.0281467793479052,55.28969713140561,22.534464398616755,-0.5668221424023311
2015-09-11,AAPL,22.534464398616755,22.65671155331752,22.761108168382066,22.4363884102554,104913548,0.0068945595171476,21.552283483753047,21.591157374008382,0.0196056837934329,56.37703143395638,22.2767009542699,-0.8501558005809784
2015-09-14,AAPL,22.2767009542699,22.2662394650192,22.287049039228805,22.13713585588153,142093843,-0.0114386319455934,21.83157298534163,21.6292083666595,0.0220062162044722,54.0138511252526,23.003805563656886,-0.2834915076692899
2015-09-15,AAPL,23.003805563656886,22.98740267904628,23.102335014941307,22.88256321557772,136308960,0.0326396898211995,22.073668423601465,21.70190876165849,0.0182636665420633,59.208164609389925,23.30192754435707,-0.5668203095595042
2015-09-16,AAPL,23.30192754435707,23.28997141003999,23.36342853228491,23.254815663362688,130457419,0.012959680948233,22.342170571682548,21.785428246658213,0.0180855633575994,61.1460074446446,24.365835043909435,-0.0001547165215015
2015-09-17,AAPL,24.365835043909435,24.26959184032146,24.413013458801487,24.15509651267114,65830992,0.0456574889578182,22.77230592524174,21.865995609323647,0.0204267290027844,67.14456794499952,24.508456123745656,-0.0001622334122657
2015-09-18,AAPL,24.508456123745656,24.432230400437373,24.68319722575426,24.345253348743984,88784607,0.0058533220626013,23.19590752302012,21.94803487341269,0.0207068050830689,67.86089233517184,23.660148442643727,-0.4251574970781803
2015-09-21,AAPL,23.660148442643727,23.62248147048926,23.69845802471872,23.530493234182583,106418411,-0.0346128567551843,23.37876258159992,21.97908552705103,0.0266107759933833,59.545111558447246,22.729632859958016,-0.0001575306057929
2015-09-22,AAPL,22.729632859958016,22.80708384632525,22.985582410884888,22.54226796224372,156124893,-0.039328391575456,23.406643790362956,21.99036452255272,0.032166565865233,52.015521121754254,23.90341336626648,-0.2834909056623777
2015-09-23,AAPL,23.90341336626648,23.9010378885961,24.101903758424893,23.838523954888817,82557193,0.0516409795767651,23.63903127779104,22.066920235146476,0.0364331123864246,59.04993285457369,25.231807617302973,-0.4251596853137016
2015-09-24,AAPL,25.231807617302973,25.19512227043729,25.30119114737683,25.104890713373173,150201865,0.0555734124947686,23.957317285454767,22.20859632834549,0.0396273411573237,65.25739595732753,25.0970663851556,-0.2834889148672422
2015-09-25,AAPL,25.0970663851556,25.189413656958155,25.26136540890588,25.05937146941482,129744649,-0.0053401339369351,24.213765691283125,22.361052094754218,0.0403024702593343,64.19444028081601,24.80744849683141,-0.8501571372151374
2015-09-28,AAPL,24.80744849683141,24.92289073733248,24.95026460179618,24.77190000170401,116054354,-0.0115399100388677,24.27685332741484,22.45706581583035,0.0379148490014242,61.86195657127682,25.96246760422405,-0.2834908415873845
2015-09-29,AAPL,25.96246760422405,26.06024608364073,26.22421110607877,25.85448186438772,124244639,0.0465593673424402,24.484569253197463,22.61039121268413,0.0413587630686719,67.01010034172987,25.0820717849081,0.2831779231627782
2015-09-30,AAPL,25.0820717849081,25.01787999125918,25.23595323100285,24.833718212720765,135169842,-0.0339103290464082,24.68770115923523,22.71461741481844,0.0412359830617192,60.32562155639818,24.38863500893831,-0.5668211023012797
2015-10-01,AAPL,24.38863500893831,24.35239969542856,24.3941385417364,24.24219255221503,123854758,-0.0276467104438729,24.924701466232417,22.81635222373866,0.0391324781942424,55.61945201230572,24.902791295668887,0.8498378425836562
2015-10-02,AAPL,24.902791295668887,25.038292568142307,25.115978127001352,24.85273133342337,120710900,0.0210817984090598,25.067469741861327,22.91333267654978,0.03533205968813,58.22193019966927,24.60427293758946,-0.8501571372151374
2015-10-05,AAPL,24.60427293758946,24.622072137983626,24.63678742210593,24.594047889726504,85336376,-0.0119873452953583,24.977821930473684,22.990933550305147,0.0281593591891622,56.16270871594504,24.61019573095516,-0.000158978998661
2015-10-06,AAPL,24.61019573095516,24.590436667605186,24.715627115467093,24.504021833823607,91345493,0.0002407221453251,24.908268979873625,23.072107410487103,0.0281694786298851,56.195812094080445,24.49856781619057,-0.283490148683389
2015-10-07,AAPL,24.49856781619057,24.55136330492943,24.64369998630625,24.407082377090443,111913516,-0.004535840185301,24.864143168353504,23.15019612296764,0.0279163576753928,55.34749640566112,24.754767554947136,-0.283488064010938
2015-10-08,AAPL,24.754767554947136,24.82957391775944,24.846182950480944,24.600266785528174,141226203,0.0104577435170414,24.691614589885376,23.25096230554494,0.0196898661213977,56.95362632500857,25.804377882910487,-0.0001556545495987
2015-10-09,AAPL,25.804377882910487,25.760140180902702,26.00506361951108,25.602641481332792,158540187,0.0424003305881814,24.794801175314287,23.376659584315075,0.0229186981457794,62.84932950459104,25.88476702560423,0.849845091253519
2015-10-12,AAPL,25.88476702560423,25.901807482219187,25.950487524812544,25.723081437341897,121697676,0.0031153296180406,25.00853432055228,23.51459914808818,0.0182483342076038,63.26432279467445,26.38730074595887,0.8498448565602302
2015-10-13,AAPL,26.38730074595887,26.46064900357576,26.57614259731308,26.22029775846826,88908522,0.0194142647626518,25.22060709916513,23.694653582721635,0.018069490286243,65.83368347203134,24.86587938017125,0.4248436629772186
2015-10-14,AAPL,24.86587938017125,24.77932469951785,24.98284055249816,24.71235929868256,109030762,-0.0576573322309452,25.257979448105385,23.849944051747837,0.0305859027998032,53.60886036490325,24.83886396554413,-0.8501559481024742
2015-10-15,AAPL,24.83886396554413,24.83978390695693,25.06176910654708,24.693022608687084,114797367,-0.0010864451730857,25.29064633876095,24.000517035827645,0.030602151343231,53.41917300206581,24.232963079322897,-0.0001549512147903
2015-10-16,AAPL,24.232963079322897,24.151948189367825,24.312305969425136,24.031878385763825,144016569,-0.0243932607812388,25.252702804922716,24.09797788861047,0.0321604620651664,49.21327510555765,23.376358153980348,0.4248456500470638
2015-10-19,AAPL,23.376358153980348,23.30738056407205,23.51389765677603,23.16390886742531,70711016,-0.0353487488318527,25.055787176213176,24.16310941015017,0.0340214964722449,43.94536555638336,22.77111587260812,0.8498443737626076
2015-10-20,AAPL,22.77111587260812,22.732648621271576,22.83585666625956,22.655593954444846,69855829,-0.0258912135665227,24.622464031884267,24.2103170202706,0.0261601394509562,40.63560802058901,22.549831958605505,-0.566823489467303
2015-10-21,AAPL,22.549831958605505,22.582108854815548,22.75008320375846,22.42283170088362,64224744,-0.0097177457284295,24.14604473659873,24.243869920914214,0.0249016565942635,39.4652905952997,23.186430485356023,-0.0001580148935317
2015-10-22,AAPL,23.186430485356023,23.164030819475137,23.23663792256364,23.080432633181527,46696814,0.0282307437110447,23.68877755651261,24.27074550267325,0.0272909362709469,44.42416777540733,22.287408799850688,-0.8501558005809784
2015-10-23,AAPL,22.287408799850688,22.24405412037748,22.41920470484721,22.1066046303294,121001829,-0.0387736131300217,23.320424616466816,24.262510316047717,0.0233664087374748,39.502697515900586,22.31729009224854,-0.850154758989811
2015-10-26,AAPL,22.31729009224854,22.32074176668445,22.338728642019955,22.1321694693614,155500414,0.0013407252797397,22.960199777424588,24.263863287313665,0.0236287195530294,39.74164733836608,22.00542227201837,0.4248378045856952
2015-10-27,AAPL,22.00542227201837,21.92970407452107,22.16969780421872,21.77656144653946,47288047,-0.0139742692298689,22.64197966209537,24.23058384425905,0.023258972720683,38.052342708726016,21.801651031842148,0.4248378045856952
2015-10-28,AAPL,21.801651031842148,21.829696886191783,21.95721546400002,21.78065217194796,83761454,-0.0092600468037977,22.41702150178991,24.18057462717521,0.0211602203066949,36.94724377391658,22.45820638361528,0.849844615161419
2015-10-29,AAPL,22.45820638361528,22.534433135814528,22.598633166681605,22.42857589118846,148354678,0.0301149372042608,22.37232014621951,24.116987005165413,0.0243715404987493,42.71942877062248,22.82646099766599,-0.8501571372151374
2015-10-30,AAPL,22.82646099766599,22.82103715380858,22.900070943823525,22.71497381941672,113474192,0.0163973296780892,22.411838580371008,24.06092050096276,0.0249354900788284,45.72087481211363,23.74759338081196,0.8498378425836562
2015-11-02,AAPL,23.74759338081196,23.73315610313619,23.85144602740909,23.623529468068337,92877251,0.0403537098124915,22.492004708293283,24.063835332235037,0.027362898770653,52.43472638909541,23.647564999053905,0.8498448565602302
2015-11-03,AAPL,23.647564999053905,23.674057864131704,23.72597231599252,23.4767223376904,150248846,-0.0042121481597742,22.68631273675089,24.094433070204897,0.0207258744682568,51.6870621305991,23.179652348496973,0.8498443737626076
2015-11-04,AAPL,23.179652348496973,23.03859470071276,23.295739118057384,22.984584862300963,107794471,-0.0197869273464584,22.809507344786372,24.07030770294591,0.0233456113851907,48.22313102201063,23.03751172470898,-0.8501551166176795
2015-11-05,AAPL,23.03751172470898,23.074612540060183,23.20725851302975,22.87648585414776,126669776,-0.0061321292334743,22.956948695170748,23.997164506526115,0.0224159222305259,47.1885555089608,23.208003405222048,-0.0001598820090293
2015-11-06,AAPL,23.208003405222048,23.42396913410981,23.5205117644013,23.08228168519093,138521047,0.0074006117739793,23.15785617708216,23.934195740528324,0.0212846558377649,48.61263042178593,23.33358989660487,0.8498448498547078
2015-11-09,AAPL,23.33358989660487,23.3250024667042,23.363622166078912,23.28527071454924,101866407,0.0054113440604961,23.282910964652103,23.885067120520773,0.0191750270769868,49.68883196055258,22.649714358226827,-0.000156158208847
2015-11-10,AAPL,22.649714358226827,22.64161991426706,22.830172891663995,22.616785996310952,126554831,-0.0293086293797231,23.257661444732225,23.77464201232087,0.0224080099042526,44.25374969543799,22.716791491194,-0.8501558005809784
2015-11-11,AAPL,22.716791491194,22.76746858671197,22.78647430312865,22.60069991016529,136643361,0.0029615001719793,23.110404031929654,23.69579933586373,0.0137009270250159,44.89048079355097,22.869878429048327,-0.0001541197299957
2015-11-12,AAPL,22.869878429048327,22.982764103339417,23.08902549462329,22.843115737301268,125933080,0.0067389330889298,22.99930595050029,23.64517411653407,0.0145685620221129,46.395324513033465,24.5047389115722,0.8498378425836562
2015-11-13,AAPL,24.5047389115722,24.57641290899731,24.597482569947925,24.34239075570418,83598830,0.0714853158312964,23.188604030939608,23.631905703730844,0.0307005412786278,59.206365528782,25.89647828962477,0.8498378425836562
2015-11-16,AAPL,25.89647828962477,25.72901040942816,25.92820564695584,25.608031164971464,82602131,0.056794703386753,23.59702782592758,23.674979215465356,0.0347003604160467,66.53792720718539,25.243476872163484,0.5665068219105402
2015-11-17,AAPL,25.243476872163484,25.28614330874852,25.28990669480387,25.1560970195323,40343082,-0.0252158386232349,23.88780974977636,23.696088586838965,0.0382663669461643,60.99850841730369,25.033428663321537,-0.4251596853137016
2015-11-18,AAPL,25.033428663321537,25.2265813527754,25.293177460791245,24.98293065800696,120324941,-0.0083208905772236,24.130643859307305,23.71391728174333,0.0390460732197636,59.28866574676901,23.969421929527066,-0.8501564688980578
2015-11-19,AAPL,23.969421929527066,24.014180585755167,24.148723150095385,23.762460206960984,70108632,-0.0425034360296571,24.3191735123502,23.687739094229325,0.0415401505147974,51.42505860736019,23.54852817852594,-0.4251596853137016
2015-11-20,AAPL,23.54852817852594,23.466960651456965,23.654022730878427,23.320885413333887,137665902,-0.0175596120857065,24.437993039111905,23.612544104083177,0.0427318800312203,48.674838605733534,23.78543779520534,0.5665098215142886
2015-11-23,AAPL,23.78543779520534,23.805548118206705,23.910480505697144,23.66440097181945,154212016,0.0100604850920338,24.56878723427719,23.54256646306988,0.0427609597131743,50.2864571315889,24.670470301165004,0.8498378425836562
2015-11-24,AAPL,24.670470301165004,24.57568483076713,24.79976723720685,24.42844158556244,145103799,0.0372090063500143,24.592463147076163,23.48533878157675,0.0353922689336203,55.862212396297664,24.13903811077618,-0.2834895213445027
2015-11-25,AAPL,24.13903811077618,24.228314196491283,24.260698605656163,24.00411270412708,73055421,-0.0215412265717418,24.341400264383505,23.46111073926358,0.0261776886141581,52.08464666787961,23.67390204080468,0.4248434215784072
2015-11-26,AAPL,23.67390204080468,23.606013628550222,23.68224356654537,23.46930492513985,118223888,-0.0192690391322533,24.117175288475103,23.4222786751056,0.0256818778045939,48.96370929502537,22.195258263099458,-0.850154758989811
2015-11-27,AAPL,22.195258263099458,22.2002018330386,22.330960398125,22.07318475495605,130222293,-0.0624588111903399,23.711722374157667,23.354355181231487,0.0326921673628458,40.6291714698581,22.09022957502033,-0.000155472010374
2015-11-30,AAPL,22.09022957502033,22.03338390351375,22.18622738573152,21.95695803071665,100732280,-0.0047320327087043,23.443266323513846,23.31148422859949,0.030760455628822,40.10694858874522,21.38519728014144,-0.0001549512147903
2015-12-01,AAPL,21.38519728014144,21.3501395815994,21.48078421999572,21.30314305194489,101019713,-0.0319160238912202,23.134219052316062,23.265286942183927,0.0317199861388955,36.69709759867449,21.043746458493388,0.566509665052096
2015-12-02,AAPL,21.043746458493388,21.13756899066523,21.177377838669376,20.99811059481559,92551270,-0.015966690284645,22.74254886135721,23.215084092180188,0.0300137040215592,35.13895068887278,20.490363646577425,0.4248434215784072
2015-12-03,AAPL,20.490363646577425,20.49672327136897,20.59707362576176,20.399157759148167,77021726,-0.0262967819445768,22.1453907678447,23.12521519755424,0.0181774031106259,32.714573777725406,20.43892107988779,-0.8501571372151374
2015-12-04,AAPL,20.43892107988779,20.40463259420332,20.45386698124664,20.33852525813633,108792367,-0.0025105736324121,21.61680262057493,23.063598940222143,0.0202633677770669,32.49016239604519,19.39094648144633,-0.5668224493662516
2015-12-07,AAPL,19.39094648144633,19.32432531856877,19.486824804457218,19.213829886750776,158931213,-0.051273479375224,21.00495182638088,22.9660541531954,0.0226682901012989,28.24020762080744,18.531488768480017,-0.8501571372151374
2015-12-08,AAPL,18.531488768480017,18.427432523260546,18.55339463473935,18.25411136519585,66273815,-0.0443226282837024,20.48155618429239,22.85025636974412,0.0187561381565994,25.31553066753176,19.838521731931728,0.2831783135732015
2015-12-09,AAPL,19.838521731931728,19.76405105780908,19.931312883365777,19.701763663615985,45636925,0.0705303810061297,20.15988363527973,22.78481872641378,0.0409475554158358,36.14594795691305,19.018413162437334,-0.0001576535403728
2015-12-10,AAPL,19.018413162437334,19.02480102377076,19.09999636134333,19.000893452656108,46749049,-0.0413391975761159,19.821771618464854,22.67015895237451,0.0417609557363673,32.9200889394761,18.34064843684424,0.4248434215784072
2015-12-11,AAPL,18.34064843684424,18.39458280565844,18.522198897557303,18.22219460717162,109849252,-0.0356372910717769,19.435614758229267,22.520631867013783,0.0424240986699345,30.497693422551308,19.515461523008423,0.283176136513551
2015-12-14,AAPL,19.515461523008423,19.48265496903925,19.52384151011141,19.481125949779624,72396898,0.0640551554221016,19.296343026290835,22.379560805087,0.0523163730771075,38.89152068094782,21.57893886620769,-0.000156158208847
2015-12-15,AAPL,21.57893886620769,21.68061085924758,21.762190251254896,21.463274595989684,95382185,0.1057355133910853,19.45920271005082,22.310606600658797,0.0672982341650909,50.25530952140718,20.686898557821934,-0.0001560017466545
2015-12-16,AAPL,20.686898557821934,20.642369982472445,20.71309595434495,20.547319300159465,154078225,-0.0413384696030015,19.644338720961624,22.227514807636293,0.0658885468896456,46.25113047400662,20.419557087779623,-0.8501544483006
2015-12-17,AAPL,20.419557087779623,20.404976805890904,20.533758361174105,20.32301674317925,49183169,-0.0129232262291548,19.914062766575853,22.14024965307198,0.062466729319021,45.09156993136353,20.677770883499925,-0.0001552373170852
2015-12-18,AAPL,20.677770883499925,20.61080116327704,20.7020246762955,20.49566582514664,60956240,0.01264541608862,20.033955502514168,22.05590856901458,0.0576242601939052,46.48706291753095,21.97061865528819,-0.850154758989811
2015-12-21,AAPL,21.97061865528819,22.03592160003352,22.04846226063992,21.88260816562927,65691544,0.0625235562900985,20.455699144350003,22.010476194304022,0.0563667000194422,52.93654800261273,21.221822207091343,-0.8501571372151374
2015-12-22,AAPL,21.221822207091343,21.355361199077567,21.462418280509787,21.173215361480946,94844350,-0.0340817188603206,20.867295397242447,21.96287978926617,0.0561033480898686,49.23533388611391,21.04657932495474,-0.5668221424023311
2015-12-23,AAPL,21.04657932495474,20.93533866368156,21.055341735096324,20.896512575008504,123309036,-0.0082576736543407,21.086026511806207,21.907206050391533,0.0537578479899825,48.38274360213632,21.628659503349976,-0.8501571372151374
2015-12-24,AAPL,21.628659503349976,21.60619843880355,21.671368405504733,21.52720305289481,61994593,0.0276567592960375,21.09312945996939,21.865832086201586,0.0363641178102244,51.39356091188872,21.96257940066193,-0.850154758989811
2015-12-25,AAPL,21.96257940066193,22.045912884107512,22.225170164398595,21.76806969070592,52999435,0.0154387698997358,21.275369580375106,21.78109343583791,0.0313636791245283,53.08420705974625,21.694413425493803,-0.0001530736684799
2015-12-28,AAPL,21.694413425493803,21.60024152245588,21.801799217011,21.5822878681519,50295912,-0.0122101311633753,21.457491914334277,21.641024607033543,0.0312816532968609,51.53396841289948,21.60715999627664,-0.8501558005809784
2015-12-29,AAPL,21.60715999627664,21.64389328581236,21.80928504018678,21.54427301983858,136123013,-0.0040219307849379,21.590261787588087,21.51981404450398,0.0315997142328629,51.011970413950095,20.677607144883204,-0.8501544483006
2015-12-30,AAPL,20.677607144883204,20.75337851176607,20.8188373416849,20.63900620876411,43549728,-0.0430205937084566,21.40554585753023,21.37461999388937,0.0250339926323081,45.70096342374863,20.525104984504537,-0.850154758989811
2015-12-31,AAPL,20.525104984504537,20.529921948387,20.598193396977862,20.469880348560714,115007319,-0.0073752325068427,21.30601482573212,21.259809429055288,0.0223513518688573,44.87549471453515,20.35871559443273,-0.000158941745758
2016-01-01,AAPL,20.35871559443273,20.392323542522902,20.493727922247324,20.34121075092386,109397083,-0.0081066279659675,21.20774857851469,21.15348234291885,0.0223472388061332,43.942888767638266,20.51600224797305,-0.000156158208847
2016-01-04,AAPL,20.51600224797305,20.624382279909817,20.64902334216268,20.379149734170007,52102911,0.0077257650567763,21.048797542032272,21.0445011580111,0.0185034499791721,45.104279475159686,20.17618288592204,0.8498443737626076
2016-01-05,AAPL,20.17618288592204,20.294118317408035,20.41969206135072,20.15824672985545,106303408,-0.0165636247229687,20.79359803992657,20.894691577503004,0.015665376642834,43.030033534156544,20.476983524371903,-0.0001578867435455
2016-01-06,AAPL,20.476983524371903,20.473176819570828,20.48951046300018,20.38769103135318,74417755,0.0149086990413707,20.619679482623443,20.772623091289528,0.0186551296916429,45.42263508356192,21.12146658310226,-0.283490148683389
2016-01-07,AAPL,21.12146658310226,21.087732780241588,21.30158309978453,21.03493341636513,101796722,0.031473535052821,20.55029470931282,20.687541909366114,0.0239966249379518,50.24417516514782,21.230141656341164,0.8498448565602302
2016-01-08,AAPL,21.230141656341164,21.17154773210383,21.33965085599269,21.09041118343681,56461343,0.0051452427704923,20.62922821094967,20.655371355807503,0.016267181184688,51.02978755722397,21.46241333490517,0.8498453259468078
2016-01-11,AAPL,21.46241333490517,21.525317360134828,21.62726238574803,21.42108441069704,120140765,0.0109406560881155,20.763129403864045,20.634444147803663,0.0156136972572567,52.74707918954943,21.504566535911344,-0.5668231422702471
2016-01-12,AAPL,21.504566535911344,21.416068219646785,21.603718221233724,21.26670048954756,135712155,0.0019640475816211,20.926822395503848,20.638423122996,0.0144648432560129,53.06873640464337,21.51322218765569,0.4248423844575881
2016-01-13,AAPL,21.51322218765569,21.49692114346127,21.54931286769833,21.308216143007886,40379156,0.0004025029627958,21.069282386887085,20.65407231396808,0.0147452061101981,53.13927511899539,21.091419595233777,-0.8501571372151374
2016-01-14,AAPL,21.091419595233777,21.097917214375794,21.15674830825133,21.053706780388705,117698641,-0.0196066674133056,21.20003048821733,20.67410751225661,0.0155736974642246,49.25417267875222,21.288165057657245,-0.0001584582030773
2016-01-15,AAPL,21.288165057657245,21.256041056111727,21.396624874863992,21.113866034709467,40339592,0.009328222860254,21.31591356440095,20.70241564484893,0.015207730861869,51.05181628242476,21.23930294266748,-0.0001575306057929
2016-01-18,AAPL,21.23930294266748,21.2571325048022,21.34932124491029,21.183869103077967,126884385,-0.0022952713330354,21.332747330053127,20.76402752688964,0.0101813499193776,50.57266646288308,22.492010109765392,-0.0001596473157405
2016-01-19,AAPL,22.492010109765392,22.6650532882104,22.741284953702426,22.411667921623724,105148437,0.0589806158177328,21.51301425197087,20.896044904932484,0.0243917320291807,60.74493499216146,23.54073421990548,0.4248378045856952
2016-01-20,AAPL,23.54073421990548,23.532146659614888,23.58042444841283,23.389525143593467,76752950,0.0466265178177545,21.809917235542343,21.019451987864944,0.028382228203576,66.88856449506423,23.82078041715503,-0.2834909056623777
2016-01-21,AAPL,23.82078041715503,23.789665311625008,23.928263236292857,23.758641091082364,97936442,0.0118962388612648,22.140804932862867,21.17953089635553,0.0279468322127829,68.31463545173082,23.304329087304552,-0.850154758989811
2016-01-22,AAPL,23.304329087304552,23.375313968209177,23.448810973190657,23.220946458311065,121855150,-0.0216807057034347,22.39667734709842,21.34498691803754,0.0309595669658863,62.93172488047834,22.56620072571168,-0.8501558005809784
2016-01-25,AAPL,22.56620072571168,22.58242020352484,22.60806159023581,22.556684124394312,117169168,-0.0316734439694716,22.607360365738124,21.44667822479432,0.0332564946913941,56.12487779838421,23.38789079901328,-0.0001602351665496
2016-01-26,AAPL,23.38789079901328,23.48887988253389,23.64776340896092,23.270543743069343,133198962,0.0364124241953309,22.90732118593184,21.5069766225545,0.0346871494174898,61.16109207233523,23.58329506820031,-0.0001622334122657
2016-01-27,AAPL,23.58329506820031,23.594946698397177,23.677753892892632,23.51522305288984,44181286,0.0083549333655719,23.242177203865104,21.60352317290045,0.0340795797163512,62.27021797414682,23.93069479873436,-0.5668242643276851
2016-01-28,AAPL,23.93069479873436,23.91285997882172,24.03785208014831,23.731913818066776,134480688,0.0147307545247348,23.447703588003527,21.720561096598946,0.0282962883246745,64.22617508475739,22.74508089588777,-0.0001538850367069
2016-01-29,AAPL,22.74508089588777,22.62336799526061,22.94925786849395,22.5663632718268,118005825,-0.0495436473039341,23.33403882742957,21.7894714303452,0.0303870509705836,53.94734679467765,23.4047047172646,-0.0001622334122657
2016-02-01,AAPL,23.4047047172646,23.290976480577672,23.45812411710603,23.15632199902573,81924172,0.0290007243498564,23.27459944173094,21.83727429907775,0.0325369562938405,57.976904027677655,23.74123024451068,-0.850154758989811
2016-02-02,AAPL,23.74123024451068,23.610485008703748,23.95170727887521,23.579005690463923,47642893,0.0143785418919575,23.337013892760385,21.921254566991728,0.0317574274566156,59.90445198360717,22.9677789035807,-0.8501571372151374
2016-02-03,AAPL,22.9677789035807,22.993916637882755,23.144636471210983,22.83613615500701,122624571,-0.0325784019178539,23.39438220388453,21.985294552945923,0.0319239562320441,53.79681295932899,22.64858281248428,-0.0001552373170852
2016-02-04,AAPL,22.64858281248428,22.55602375201616,22.75424592581451,22.50465083312111,106310602,-0.0138975602489215,23.28876677723753,22.019291996583732,0.0286323518622907,51.46478539781799,22.83880341416204,0.2831759800513585
2016-02-05,AAPL,22.83880341416204,22.924831068056548,22.971066861364008,22.802949485857432,119986971,0.0083987860632457,23.182410826660632,22.04849946370041,0.0286355669301207,52.77850162559203,22.88354167259805,0.424842545390129
2016-02-08,AAPL,22.88354167259805,22.88561811818005,22.89463158064138,22.86718212915187,85113977,0.0019588705075619,23.032817522926877,22.08813707193722,0.0276158923009502,53.10003299767427,22.69975920841766,-0.850154758989811
2016-02-09,AAPL,22.69975920841766,22.6831302556213,22.765513876370203,22.584653439025672,73391629,-0.0080312071798073,23.026342996145427,22.12455704567525,0.0201704042583401,51.5472916357984,22.64184935275988,0.2831788723667462
2016-02-10,AAPL,22.64184935275988,22.584530034294865,22.643718070477583,22.54168993241807,114959285,-0.0025511220240743,22.91736365835904,22.1900317859378,0.015585125539023,51.04082006809514,22.4918828082706,-0.0001622334122657
2016-02-11,AAPL,22.4918828082706,22.53387012079813,22.5440036604504,22.410130240718697,65928105,-0.0066234229436298,22.738885453181886,22.255591046730004,0.0131500418308178,49.67952204856054,22.59568840049427,0.8498443737626076
2016-02-12,AAPL,22.59568840049427,22.5411538543465,22.723667497449657,22.330605407647752,137455336,0.004615246891892,22.685729667026685,22.330156806932056,0.0078158780311659,50.66046039270539,23.52374023051108,-0.2834895213445027
2016-02-15,AAPL,23.52374023051108,23.454200901921283,23.68900199990824,23.38212576097364,121975071,0.0410720759450953,22.810752155316223,22.430414739683325,0.0167430234823507,58.45743962886914,21.90248345162994,0.566509714225928
2016-02-16,AAPL,21.90248345162994,21.980566895042355,22.01472697665047,21.89537591227624,159971192,-0.0689200255994288,22.67699216066878,22.487958091873587,0.0325713979448031,45.06083412763972,21.756430265270023,-0.2834892039497693
2016-02-17,AAPL,21.756430265270023,21.779576136935,21.91105483124916,21.73079460618441,43253528,-0.006668339080473,22.51597624533621,22.530606316570196,0.0324050502655792,44.08078419022576,21.8783880186267,0.5665091554323832
2016-02-18,AAPL,21.8783880186267,21.86296838706207,22.04940302221561,21.841482339935343,110272429,0.0056055957650074,22.398637503937497,22.555837031087677,0.0327221100871345,45.153490983783534,22.07477048545409,-0.850154758989811
2016-02-19,AAPL,22.07477048545409,22.11724894321348,22.28029326621116,21.973131384024256,106813999,0.0089760939727456,22.31762623717953,22.58399132539144,0.0331404377212749,46.91926399155091,21.85132911941171,-0.0001622334122657
2016-02-22,AAPL,21.85132911941171,21.85191463930869,21.97180021351449,21.73756445816965,142904401,-0.0101220244255592,22.226118567342542,22.59695518487499,0.0332280872960832,45.13860969356538,20.806307482909304,-0.0001537710428238
2016-02-23,AAPL,20.806307482909304,20.830214751044192,20.92211927769997,20.76742623298996,152372074,-0.0478241680765338,21.97049272197326,22.57367988310825,0.0367796666064338,37.89497648298392,21.01527279560297,0.8498413495719432
2016-02-24,AAPL,21.01527279560297,20.96377395110017,21.05422631231661,20.93849516889043,68690418,0.0100433636706231,21.612140231272104,22.55708157003983,0.0308286572659736,39.96947909960051,22.097837361635243,-0.850154758989811
2016-02-25,AAPL,22.097837361635243,22.235091356835632,22.29342879260306,21.99425816558086,142506748,0.0515132292862159,21.640047932701435,22.590628828919883,0.0296692239868195,49.39938468447772,21.115746672522825,-0.2834884112079938
2016-02-26,AAPL,21.115746672522825,21.07902934731146,21.261858010040594,21.03267163670449,102435770,-0.0444428417604999,21.54852170516612,22.5848815494154,0.0344789897130489,42.82683756887143,21.691694941640296,0.2831781571110089
2016-02-29,AAPL,21.691694941640296,21.792952836105528,21.87941599978525,21.616482823688752,153267624,0.0272757709234565,21.521851265596634,22.59996128271449,0.0363794702163462,47.25863688236523,21.482262158461484,0.2831778382261594
2016-03-01,AAPL,21.482262158461484,21.47009016805851,21.62438749382916,21.30188919507557,66060118,-0.0096549754983311,21.437207218883405,22.56630301767103,0.0362387273221887,45.86635251947094,21.451014588524338,-0.0001552373170852
2016-03-02,AAPL,21.451014588524338,21.502953744531148,21.6495765736136,21.40691594903068,71224972,-0.0014545753937202,21.38001942875664,22.496645696624988,0.0361152832552145,45.650256758711166,20.80271929944423,-0.0001530736684799
2016-03-03,AAPL,20.80271929944423,20.84854083550412,20.881045732177444,20.730740779604258,107718592,-0.0302221270888942,21.37950683111877,22.396043659367965,0.0328658671542144,41.30245974806716,20.604317247961006,-0.0001622334122657
2016-03-04,AAPL,20.604317247961006,20.675207540159484,20.716048298108245,20.50188586543392,106216627,-0.0095373133015608,21.320798895741348,22.306043264723183,0.0327450193027657,40.04545408656236,21.416176578435586,-0.0001602351665496
2016-03-07,AAPL,21.416176578435586,21.362167741189644,21.51915784197024,21.251693450496266,57876860,0.0394023893490049,21.22341878385568,22.267709126480646,0.0295923049025615,47.13543824146925,21.80253213009298,0.2831736420591672
2016-03-08,AAPL,21.80253213009298,21.872886856282925,21.8779403057802,21.646622817073744,118165403,0.0180403607638548,21.321530992079992,22.214863837516635,0.0243514470958015,50.15625817639163,22.96734739623693,0.8498401805758475
2016-03-09,AAPL,22.96734739623693,23.094570872743347,23.19095485312461,22.83698880979604,88683149,0.0534256874015202,21.503767057022365,22.194332248451182,0.0297705178778791,57.95658450913269,23.82540047061944,-0.000155472010374
2016-03-10,AAPL,23.82540047061944,23.80691007913132,23.99334019026469,23.69478611719024,58152308,0.0373596941596787,21.838501101616355,22.190822437514026,0.0302723851756556,62.59979049347311,24.16354162718956,0.2831790288289388
2016-03-11,AAPL,24.16354162718956,24.16605749168388,24.29919803980431,24.046623980224865,101251160,0.0141924647599147,22.22600496428282,22.23810446189075,0.029395075891427,64.27423243828022,25.506300683166888,0.2831728493173917
2016-03-14,AAPL,25.506300683166888,25.46624712080281,25.56139518039645,25.33216533168432,123738138,0.055569629514343,22.897945161957487,22.30815766075416,0.0234553020510951,70.01516519176289,25.874454682728185,-0.0001575306057929
2016-03-15,AAPL,25.874454682728185,25.84756313540533,26.048445852779,25.679928893872344,43804123,0.014433845351955,23.6508219383528,22.379265142028075,0.0178349889252552,71.37343559454223,26.56434031295632,-0.4251539163291454
2016-03-16,AAPL,26.56434031295632,26.700728765906906,26.734740020328164,26.408281639102803,150443344,0.026662808499251,24.386273900427188,22.4991505223406,0.0177467769899999,73.77114308578206,26.32954993579813,-0.8501558005809784
2016-03-17,AAPL,26.32954993579813,26.25022680648913,26.52360454429682,26.167351083612257,113286068,-0.008838554784049,25.03299072981364,22.621849426451057,0.0231885458170611,71.5739420962382,26.394001821079048,-0.0001622334122657
2016-03-18,AAPL,26.394001821079048,26.31940296338024,26.40999370407388,26.18810481177556,71250234,0.0024478916441061,25.522512790505367,22.74035604001496,0.0216599537599646,71.82204551666126,25.858326630166136,-0.8501558005809784
2016-03-21,AAPL,25.858326630166136,25.983292237914068,26.120396940241942,25.820822450250503,130037835,-0.0202953381053836,25.812930813297758,22.83951553860056,0.0248076393268481,66.61780871524242,26.645691398310856,-0.0001563817262649
2016-03-22,AAPL,26.645691398310856,26.69561597216942,26.827776096855047,26.60434715100661,141233918,0.0304491771415009,26.16752363774365,22.971046611597,0.0257860501484991,70.05272188755761,25.72624958798032,-0.000155472010374
2016-03-23,AAPL,25.72624958798032,25.889897110717705,25.990568470146304,25.64518533338613,154728827,-0.0345062095250724,26.19894490985985,23.073859952771013,0.0242135333522592,62.0265001562371,26.35917290807411,-0.850154758989811
2016-03-24,AAPL,26.35917290807411,26.323553338257323,26.487847394637846,26.25831647156432,134849038,0.0246022381898021,26.26819037062356,23.202769622764468,0.0253963731703079,64.99935509117185,26.21663049788684,-0.0001598820090293
2016-03-25,AAPL,26.21663049788684,26.226562495628265,26.27699870412104,26.04956077561783,64375162,-0.0054076966179621,26.21851753989935,23.32346769267755,0.0231995137876961,63.7881688997784,27.16255700129041,0.566509714225928
2016-03-28,AAPL,27.16255700129041,27.108719975856488,27.23816504650988,27.07055664077154,59638023,0.0360811624316028,26.337518549255385,23.444761585036865,0.0268110554230957,68.04372216640229,27.79959575323941,-0.5668243909875552
2016-03-29,AAPL,27.79959575323941,27.81154689691753,28.028097747906585,27.632289506520674,65043444,0.023452827063326,26.53831768242116,23.641331995090518,0.0276698845220805,70.55348449889654,29.3883569558902,0.8498443737626076
2016-03-30,AAPL,29.3883569558902,29.23194359484803,29.57206715025616,29.114228828250017,145069709,0.0571505145885316,27.04260772895316,23.89572955144452,0.0299665817982411,75.68287821869143,30.08176955734411,0.4248456500470638
2016-03-31,AAPL,30.08176955734411,30.14358349273576,30.18850268719379,30.03977019639078,76579698,0.0235948066948645,27.53347603738649,24.1691756027351,0.0296338376677322,77.52316328935636,28.651203064947047,0.4248410701751709
2016-04-01,AAPL,28.651203064947047,28.679006829904207,28.795291063046463,28.60658400436533,79639399,-0.0475559288382291,27.95132653409601,24.38839002205153,0.0336191581293567,66.36455303397042,28.601327389682982,-0.0001559056341647
2016-04-04,AAPL,28.601327389682982,28.596388970451013,28.77661872430968,28.48965436859556,146891684,-0.0017407881669403,28.271634317183004,24.613389964393907,0.0339668211488672,66.00782317873256,27.58651036973061,-0.8501530960202217
2016-04-05,AAPL,27.58651036973061,27.554204001264985,27.79016085974237,27.37208256044805,64504639,-0.0354814658119131,28.46733144173211,24.83939672728795,0.0382061494329137,59.05238688276582,27.15049712912945,0.4248456500470638
2016-04-06,AAPL,27.15049712912945,27.07761808243352,27.256490936718954,26.978442822629884,88822859,-0.0158053060991569,28.46560860285197,25.043904205072167,0.0368429179277387,56.3070939073018,28.471366107429283,-0.0001575306057929
2016-04-07,AAPL,28.471366107429283,28.533523049648046,28.54513288646952,28.4151592175275,75563609,0.0486499002952947,28.56157579630767,25.2563551632653,0.0405060897814873,62.061219713113225,29.06721568316692,0.424841546267271
2016-04-08,AAPL,29.06721568316692,28.9650947075704,29.262230503462906,28.90329647569127,76215257,0.0209280290060318,28.51569847163292,25.52140413028677,0.034464966075568,64.3425110689636,28.443266212800125,-0.4251544371247291
2016-04-11,AAPL,28.443266212800125,28.486946187899104,28.56848684335193,28.423674877719066,111475533,-0.021465746054519,28.281626565269487,25.7464565059921,0.0332806064047076,60.25650684565916,27.561646636663472,0.5665085459748903
2016-04-12,AAPL,27.561646636663472,27.733172525589485,27.83134095479508,27.55480717182692,128941693,-0.0309957221347492,28.125975646943264,25.9491026552655,0.0304243628420823,54.94692091410725,27.60127065870776,-0.0001541689038276
2016-04-13,AAPL,27.60127065870776,27.72427750073995,27.88688880037576,27.392924762043283,71824836,0.001437650753115,27.98311039966109,26.15411119093828,0.0305069833346333,55.13825611167032,26.59754643310469,-0.2834916984041531
2016-04-14,AAPL,26.59754643310469,26.47744830207585,26.65222961032236,26.457476497404475,44558821,-0.0363651455766009,27.84182983728596,26.347272095393627,0.030657162551383,49.41350529611639,26.056958576267363,0.4248423106968402
2016-04-15,AAPL,26.056958576267363,26.01500129205335,26.23551966965105,25.988286615354145,116727777,-0.0203247265005046,27.685610044019946,26.52902680633717,0.0309734592990227,46.60684513292235,26.32094272373569,0.8498378425836562
2016-04-18,AAPL,26.32094272373569,26.35422166614479,26.36951104201001,26.14584444674532,105857741,0.0101310422202829,27.37840670349229,26.692519011180504,0.0218338421384585,48.15546004807311,27.27590929903221,-0.8501530960202217
2016-04-19,AAPL,27.27590929903221,27.270158289041543,27.44179448614356,27.1215636814938,119088608,0.0362816250663906,27.12250579147305,26.874964916811816,0.0259527191164176,53.41882300275535,27.804456911039072,-0.0001563817262649
2016-04-20,AAPL,27.804456911039072,27.68772776305393,28.012014873366763,27.59401135082524,94022798,0.0193778182135841,27.031247319792893,27.03620190063856,0.0271815725725434,56.076705797855766,25.928644259697347,0.8498443737626076
2016-04-21,AAPL,25.928644259697347,25.958616420397377,26.19890962454887,25.772025660861207,133213942,-0.0674644592895098,26.79796126594059,27.106310026941152,0.035638441159506,46.03697294544656,26.194296961352027,0.8498453259468078
2016-04-22,AAPL,26.194296961352027,26.193509804776102,26.427477737470287,25.957506927722708,114982985,0.0102455299626909,26.5969650234612,27.174001871413235,0.0361839494093679,47.47129223899376,26.26444858160267,-0.8501530960202217
2016-04-25,AAPL,26.26444858160267,26.415284685390866,26.637775050553067,26.239056472144465,130912015,0.0026781257139349,26.54937961610377,27.19927346802776,0.0338117829160852,47.86537185348709,26.61177461200951,-0.0001561403274535
2016-04-26,AAPL,26.61177461200951,26.591558016531465,26.673055289994448,26.53800535962741,127731960,0.0132241889384316,26.628639049781217,27.22385079900381,0.0330338277658758,49.87060123091148,27.96179974563215,-0.8501571372151374
2016-04-27,AAPL,27.96179974563215,28.05977817592032,28.269757280134822,27.774921957327912,99613642,0.0507303685419533,26.863047195766427,27.270432780093,0.0376363533498973,56.822238541296784,26.228092807206,0.5665068219105402
2016-04-28,AAPL,26.228092807206,26.128392870509312,26.442768145775343,25.94778652183832,78998606,-0.062002694897955,26.71335912550554,27.2670508758066,0.0437308274274028,47.67828957879397,25.739810089165967,-0.0001557134091854
2016-04-29,AAPL,25.739810089165967,25.660427796872707,25.868461350021647,25.42105848209518,109861008,-0.0186167832190177,26.418409579523665,27.245244484742827,0.0425805953452597,45.45947885317288,26.24387233041389,-0.0001573786139488
2016-05-02,AAPL,26.24387233041389,26.30068994343076,26.387764913735616,26.17589143057487,116370062,0.0195829821394091,26.463442161054605,27.25809600808442,0.0351168365591097,48.142409342292815,24.96509308047397,-0.5668240437904993
2016-05-03,AAPL,24.96509308047397,25.046259399910085,25.0702644238007,24.757510114868005,108588492,-0.0487267745338765,26.28784160664345,27.20207606415652,0.0396622883627968,42.43880510682586,26.2046303503672,-0.0001575306057929
2016-05-04,AAPL,26.2046303503672,26.129365982906464,26.34390972377088,26.048319584017865,102919444,0.0496508170787759,26.279296145038384,27.21802208956942,0.0450189863959145,48.77400933595205,26.537016885308265,-0.425156144797802
2016-05-05,AAPL,26.537016885308265,26.53893371293552,26.700773833484742,26.37181606085197,81156060,0.0126842672648657,26.268616469795347,27.22395022214389,0.0449941057813619,50.351988251946885,27.28913191051204,-0.0001602351665496
2016-05-06,AAPL,27.28913191051204,27.176025621578287,27.388183849159745,26.95959458248156,56076137,0.0283421090039766,26.172521064778188,27.259700269231395,0.0414850177580984,53.81858697854573,26.7985909311354,0.8498448565602302
2016-05-09,AAPL,26.7985909311354,26.78402162315409,26.87295814797344,26.752741661442897,91310306,-0.0179756901386693,26.254020796768103,27.24756806689289,0.0335857284862606,51.30255355009074,27.51941319664685,-0.0001553021371364
2016-05-10,AAPL,27.51941319664685,27.58850806850069,27.71462303257025,27.4741775498219,145807144,0.0268977673999262,26.50824981212252,27.23822864833981,0.0329763483094345,54.65707972968139,28.48945014961439,-0.0001530736684799
2016-05-11,AAPL,28.48945014961439,28.45227496417952,28.496062055710844,28.31402162530726,126000877,0.0352491874022129,26.82904664343687,27.208265088130613,0.0342374673683098,58.77286683293953,28.715602547184016,0.283175187309583
2016-05-12,AAPL,28.715602547184016,28.694149002275005,28.88090935428404,28.548523211637026,130550820,0.0079381102963367,27.36483371010974,27.16272618779195,0.021866761448102,59.69149075860875,28.940381178092352,0.566509665052096
2016-05-13,AAPL,28.940381178092352,28.842291049652523,29.019447107140326,28.820759157739268,128424735,0.0078277525445962,27.75565525692761,27.17236545823012,0.0178947892585888,60.63046443378345,29.19501386424569,-0.0001553021371364
2016-05-16,AAPL,29.19501386424569,29.13822736562136,29.22973060948217,28.928562864119755,150598496,0.0087985256512825,28.13536911106154,27.19215500738221,0.0180175756659997,61.71836930783513,28.45099699799941,0.2831783180435498
2016-05-17,AAPL,28.45099699799941,28.601057023197512,28.602074583978617,28.38738169300044,67134243,-0.0254843813298356,28.301349837845443,27.220971228324505,0.0218824003074952,56.781090289507866,28.334836036605275,-0.0001547165215015
2016-05-18,AAPL,28.334836036605275,28.34103498115465,28.56599848048073,28.228187579729564,126448550,-0.0040828432621291,28.52081342434114,27.260449191907032,0.019863395407853,56.02749780982604,28.217683166568467,0.4248401559889316
2016-05-19,AAPL,28.217683166568467,28.132834757584256,28.43369290897804,28.047787630100554,48342359,-0.0041345878933429,28.620566277187088,27.25199309387834,0.0183939357469065,55.23134602339625,28.5465025257518,-0.0001575306057929
2016-05-20,AAPL,28.5465025257518,28.51954561096169,28.571078879074253,28.28450573838085,69376787,0.0116529538319045,28.62871661663529,27.23463598863117,0.0130371700993597,57.07505969458696,29.39325065451171,0.5665118912855784
2016-05-23,AAPL,29.39325065451171,29.252389883097543,29.42711720631551,29.223294277944348,43528925,0.0296620620335559,28.725523489110675,27.26630213668822,0.0170958039287283,61.474971378892285,28.511674137109708,0.8498448565602302
2016-05-24,AAPL,28.511674137109708,28.424927965113827,28.63193096774081,28.27074157308657,56887199,-0.0299924811911432,28.664279626113156,27.297969720036427,0.0210137345490327,55.13807886298696,28.418101195892334,-0.0001602351665496
2016-05-25,AAPL,28.418101195892334,28.534076012987384,28.574480063258285,28.38587700708536,86424211,-0.0032819167603905,28.55329210206267,27.32519740460925,0.020473952125972,54.495957317387294,29.67194585908344,-0.0001545593142509
2016-05-26,AAPL,29.67194585908344,29.65926266673663,29.85276959298241,29.431065976146684,56155148,0.0441213385281471,28.72771336793182,27.427677385475207,0.0245985488412468,61.04279458618414,29.03603691646731,0.8498453259468078
2016-05-27,AAPL,29.03603691646731,29.200734850044373,29.21085064499232,28.896964812478576,44298631,-0.0214313191873616,28.827884922197825,27.526979996815207,0.0266082316774712,56.59546727117911,28.347557210120463,-0.8501571372151374
2016-05-30,AAPL,28.347557210120463,28.33944857520057,28.48125072685105,28.282581938209567,97302825,-0.023711214733867,28.84643835699097,27.594533813028036,0.0285398140719341,52.16429228753277,28.530090170363664,-0.0001590505242348
2016-05-31,AAPL,28.530090170363664,28.527010744024,28.626989652576874,28.451631444630337,89265778,0.0064391072179592,28.84409373479266,27.636339842072413,0.0282824146248098,53.21027046092324,29.25374221663348,-0.8501571372151374
2016-06-01,AAPL,29.25374221663348,29.30998787413989,29.422450402660413,29.161460244499192,90046599,0.0253645201241432,28.824163957952912,27.68464935225889,0.0275755611018863,57.20541434696736,29.27525214233007,-0.850154758989811
2016-06-02,AAPL,29.27525214233007,29.04053011630427,29.37455995341387,28.945743848503284,81468334,0.0007352880030633,28.933246530127253,27.79620294834665,0.0243257541846206,57.32206283368254,30.421250949229098,0.5665091554323832
2016-06-03,AAPL,30.421250949229098,30.439954481011785,30.48300517294728,30.19150843539269,89113021,0.0391456511229151,29.219410780603933,27.93710141460922,0.0273027135573709,63.093949484820754,31.20583565809933,0.8498443737626076
2016-06-06,AAPL,31.20583565809933,31.20124966521164,31.26581527417236,31.04753500387987,40470854,0.0257906786995592,29.438537894749057,28.101814317159107,0.024197731369553,66.44030961439506,32.00037443112274,-0.0001575306057929
2016-06-07,AAPL,32.00037443112274,32.14303583415783,32.157785816281795,31.902974818873886,97364097,0.0254612240392668,29.86201468255698,28.281434311129548,0.0211615877845297,69.4602636175955,32.54090182940533,0.8498443737626076
2016-06-08,AAPL,32.54090182940533,32.635076441792314,32.67197726274362,32.310620648077034,141654791,0.0168912835518852,30.461063913883383,28.434071047255323,0.0130599756366059,71.34915554310258,34.853317869109375,-0.0001551002264023
2016-06-09,AAPL,34.853317869109375,34.73477911906359,35.1542379526909,34.59388386765239,56744102,0.071061830179963,31.364382156561344,28.721578549318767,0.0218074360072604,77.70282494743142,34.64651856909372,0.8498448520898819
2016-06-10,AAPL,34.64651856909372,34.77562590524073,34.87209463222769,34.602302220569285,57264930,-0.0059334178970358,32.134778778341385,29.01846883198302,0.0256045107713019,76.07797263698548,32.617000689826085,-0.8501559481024742
2016-06-13,AAPL,32.617000689826085,32.591332950640606,32.71599202640002,32.55667623106942,133603238,-0.0585778301280192,32.61217142798367,29.23090644396343,0.0404065528100738,62.30757623655602,34.325331490832944,0.8498448565602302
2016-06-14,AAPL,34.325331490832944,34.23219452040125,34.36754598330979,34.12393794686781,100114260,0.0523754718360638,33.16989721964136,29.5429143909754,0.0419357323995238,67.62037219390402,33.834609474479734,-0.8501564688980578
2016-06-15,AAPL,33.834609474479734,33.854616209037864,34.08512136882377,33.65059029080529,70863588,-0.0142962061847607,33.54543633626714,29.797247028445817,0.0434293777788645,64.79510501065715,33.96476189287448,0.8498443737626076
2016-06-16,AAPL,33.96476189287448,33.9441008542216,34.22960742013044,33.90545734358318,134161338,0.0038467244166926,33.82606311651738,30.044838528698023,0.0431153748333615,65.21028292935773,35.39067285331019,-0.4251530848443508
2016-06-17,AAPL,35.39067285331019,35.55401482118504,35.74096218299897,35.26044675401867,78998221,0.041982068501851,34.23317326278951,30.314889893457963,0.0448557832368846,69.4596998562833,33.65750214285614,-0.0001563817262649
2016-06-20,AAPL,33.65750214285614,33.69189560281768,33.860424023621064,33.58333349508394,112537764,-0.048972527808042,34.06234244475333,30.543520267181982,0.0417627796811328,59.8849059314669,32.334953618431165,-0.850154758989811
2016-06-21,AAPL,32.334953618431165,32.35490353343536,32.593183525720555,32.13119513777282,106721338,-0.0392943159837453,33.732118880372965,30.704038281241463,0.043841983696305,53.79143654703356,30.697531927773937,0.8498448565602302
2016-06-22,AAPL,30.697531927773937,30.78047485551877,30.88078107449576,30.69051878411937,60322147,-0.0506393703228905,33.45790905722266,30.777641007180115,0.0424253199313511,47.36541450116924,29.906109663800283,0.8498378425836562
2016-06-23,AAPL,29.906109663800283,30.00416027917769,30.247655257885448,29.77323566507683,130600123,-0.0257812994815263,32.82659165336084,30.817324577733988,0.03321685115577,44.592579235141976,30.358232406041665,0.424842545390129
2016-06-24,AAPL,30.358232406041665,30.429599002743373,30.58568167456552,30.348016582054107,114185335,0.0151180727725563,32.329966357869694,30.864586285332297,0.0356832698030324,46.51875968380311,30.89537207897793,-0.850154758989811
2016-06-27,AAPL,30.89537207897793,31.026936635413342,31.02733752794912,30.81854574239302,65018311,0.0176933777221288,31.891482098741616,30.921264892490044,0.0372403459171307,48.79619892104135,31.184678744422754,-0.0001551926136016
2016-06-28,AAPL,31.184678744422754,31.241623440935047,31.36367998392776,31.18078150964237,130911627,0.0093640777235266,31.290625797471986,31.012387617370823,0.0307042373857157,50.03045871841294,29.83280154813976,0.849841584265232
2016-06-29,AAPL,29.83280154813976,29.8478060867691,29.90882315201212,29.724633609064643,114461919,-0.0433506853593856,30.744239998226785,31.062319801088638,0.0298042036265588,44.61818483153851,27.70432986163445,-0.000155472010374
2016-06-30,AAPL,27.70432986163445,27.80732115632468,27.822692971263688,27.5676021886974,142571741,-0.0713466914285839,30.0827223186844,31.0452080242575,0.0357277352442806,37.70255980883191,27.76616420843663,-0.0001548334956169
2016-07-01,AAPL,27.76616420843663,27.75859269698233,27.92156688685484,27.740187432114485,138416612,0.0022319380079216,29.663955501636213,31.019196747013662,0.0340344472498222,38.00319197909809,27.35185512104421,-0.0001561403274535
2016-07-04,AAPL,27.35185512104421,27.35458318273923,27.356616335789216,27.163819948573813,78238451,-0.0149213655974322,29.2990619955282,30.951150229231416,0.0336384662311356,36.7244016481065,27.77123445624329,-0.0001561403274535
2016-07-05,AAPL,27.77123445624329,27.914665404857416,28.07561914396563,27.642457254502656,152406436,0.015332756529425,28.92949085984272,30.92646890653587,0.0336675805591925,38.9633158528968,28.409600107297685,0.2831785505016644
2016-07-06,AAPL,28.409600107297685,28.54783475493644,28.72175097435798,28.320792435652383,44070568,0.0229865781465428,28.574380578174107,30.926185536916044,0.0344985615071797,42.30952056394796,28.54552565451172,0.8498443737626076
2016-07-07,AAPL,28.54552565451172,28.54482550639289,28.628990346624715,28.44102128638128,80097110,0.0047844935057399,28.19735870818682,30.888638196763655,0.0340803601927906,43.02575698360452,29.23555999826038,0.8498453259468078
2016-07-08,AAPL,29.23555999826038,29.19578049520851,29.321235865637664,29.118261270368,112953784,0.0241731174300376,28.11203848677548,30.89528896615676,0.0332880408654853,46.64706032748279,29.454722137990604,0.8498378425836562
2016-07-11,AAPL,29.454722137990604,29.584014244655545,29.702815210301708,29.31542792446023,104166836,0.0074964235247507,28.36209452625493,30.932194463752428,0.0135640543226661,47.782289842736354,29.94266237026852,0.283177520831426
2016-07-12,AAPL,29.94266237026852,30.01456234020658,30.227090573883576,29.7367453184901,67092221,0.0165657727135226,28.67302283508806,30.97928020374926,0.0134767455313988,50.31694784224957,29.32829217902384,0.2831779663761457
2016-07-13,AAPL,29.32829217902384,29.356058556711808,29.420751611964366,29.11873854017928,63942660,-0.0205182219151865,28.955370986228008,30.9817652024956,0.0153069218133605,47.20966588920747,29.18273766152082,-0.8501530960202217
2016-07-14,AAPL,29.18273766152082,29.154558280935195,29.233315601293047,29.100195922312007,133707408,-0.0049629387423766,29.15701430126765,30.97868138646863,0.0160581114847427,46.4773674133867,29.36342257024933,-0.0001596473157405
2016-07-15,AAPL,29.36342257024933,29.39264181066704,29.54184603382196,29.202735448626413,145129735,0.0061914996058356,29.29327465311789,30.943420440502635,0.0144872542374979,47.56469860627736,30.077498287389325,0.8498448498547078
2016-07-18,AAPL,30.077498287389325,30.075539478894044,30.26457781648481,30.04606158393477,121585805,0.0243185451366112,29.51212788638612,30.905809194812303,0.016253301712697,51.73761981169145,29.748790173109864,0.424842545390129
2016-07-19,AAPL,29.748790173109864,29.689500401785555,29.812840646674218,29.583174629632428,103625741,-0.0109287052779013,29.585446482793184,30.830756386211878,0.0156965374859788,49.7739460726724,30.207780259480646,0.4248461261391639
2016-07-20,AAPL,30.207780259480646,30.21947450639905,30.328221287922595,30.207021347655083,132782422,0.0154288656345313,29.693026214434617,30.752985667214386,0.0163808259201615,52.48578570202862,29.992205019317208,0.2831757893164952
2016-07-21,AAPL,29.992205019317208,30.016086976498848,30.25968015126563,29.94473211857953,68805359,-0.0071364144704336,29.70010373572729,30.59094857222131,0.0157212785241161,51.09052436187292,29.905511139581748,-0.0001575306057929
2016-07-22,AAPL,29.905511139581748,29.87183199551517,29.95580580616581,29.69153199359236,156103744,-0.0028905470497958,29.78256358723556,30.432914991237578,0.0129991556762591,50.5090146159558,30.60749305880459,-0.8501551166176795
2016-07-25,AAPL,30.60749305880459,30.690484574276045,30.70674194787419,30.422808637309604,54996875,0.0234733295795011,29.98610007256181,30.365931403536862,0.0145032149441015,54.97757556797322,28.97481173757711,-0.0001602351665496
2016-07-26,AAPL,28.97481173757711,29.08684276536261,29.21192893344733,28.964412911770182,110145687,-0.0533425366818084,29.93058423932293,30.187580745095,0.0270402638031556,44.83746258682382,27.913350545021064,0.849841584265232
2016-07-27,AAPL,27.913350545021064,27.994569827968498,27.9999101066612,27.7904334560535,80928316,-0.0366339288817344,29.62142027612746,29.990205447446375,0.0271233322915022,39.70956106433662,26.72222111101908,-0.850154758989811
2016-07-28,AAPL,26.72222111101908,26.700075199725323,26.760409542852905,26.5653026898226,148517626,-0.0426723919108467,29.18905326725735,29.74878742138453,0.029772221941622,34.887740825016465,24.8996554278642,-0.0001530736684799
2016-07-29,AAPL,24.8996554278642,24.95611451292198,25.11089669671292,24.66771170749947,69380873,-0.0682041240353082,28.43074971988357,29.399086840536327,0.0322830388478276,29.07094305762241,24.374521372577444,-0.8501571372151374
2016-08-01,AAPL,24.374521372577444,24.38022218782332,24.484032953395136,24.271398248872075,117027205,-0.0210900129444803,27.628223484635036,29.08965414819371,0.0312838382680164,27.640944264556992,24.97251469010884,-0.8501571372151374
2016-08-02,AAPL,24.97251469010884,24.87993563629989,25.09243293943937,24.85572934691156,58750023,0.0245335409213067,26.923509706138905,28.84423951724963,0.036368299202908,31.757574285624983,24.75802700084228,0.8498411081731319
2016-08-03,AAPL,24.75802700084228,24.8079933571936,24.897821259115656,24.723677047646603,61809321,-0.0085889503691639,26.08787169785857,28.646256019685243,0.0308719616682481,31.074690992487263,24.920720626215694,-0.0001530736684799
2016-08-04,AAPL,24.920720626215694,24.931645743612503,25.04957538754803,24.79059957160931,89953068,0.0065713485718341,25.508715824806934,28.480076385099093,0.0314370979525909,32.26447604742978,25.77139590118411,0.4248461261391639
2016-08-05,AAPL,25.77139590118411,25.971913958234268,26.094217502892946,25.73040797031686,135916981,0.0341352598798261,25.20272230425881,28.32718183493717,0.0364948507743029,38.26512621866194,26.85617028446476,-0.8501530960202217
2016-08-08,AAPL,26.85617028446476,26.973580427829155,27.147867511245654,26.65480716193744,73372078,0.0420921857488831,25.22185790046533,28.192541775120063,0.0381655409612085,44.96107401304632,26.80887044444447,-0.5668226967255275
2016-08-09,AAPL,26.80887044444447,26.86606584171588,27.018445344228265,26.63189950649909,123243834,-0.0017612280350952,25.494602902833943,28.046681498454124,0.0233841237485938,44.7332409270259,27.949837357207542,0.5665076444546381
2016-08-10,AAPL,27.949837357207542,27.9707301821632,28.14160971799348,27.705996072035774,108553038,0.0425593057017257,26.00536232920967,27.98391602542305,0.0211680706150179,51.16211639422883,28.04116039201985,0.8498448565602302
2016-08-11,AAPL,28.04116039201985,28.054933278061327,28.255363229834792,27.97549908851006,157352773,0.0032673905627846,26.44374028662553,27.995143709769227,0.0219110223063154,51.6469435259373,27.349175481127585,-0.5668233628074328
2016-08-12,AAPL,27.349175481127585,27.266825248242053,27.571569896994536,27.076561702719264,76087524,-0.0246774705903111,26.81390435523772,27.981244085525592,0.0255684250767243,47.77662655545274,26.870617541611,0.283176136513551
2016-08-15,AAPL,26.870617541611,26.73043455953549,26.90101789941405,26.57916653831077,69211838,-0.0174980755762386,27.09246105743705,27.965202832877814,0.0283002947305551,45.25109066245209,25.706840798687203,-0.4251586861908435
2016-08-16,AAPL,25.706840798687203,25.63954858437339,25.904995080676684,25.63217407477032,148312711,-0.0433103832139923,27.083238899937488,27.896389710959284,0.0326284880813007,39.74837276168795,25.021061849692423,-0.8501551061868667
2016-08-17,AAPL,25.021061849692423,25.01748005830365,25.21839836826206,24.9587123095004,79975061,-0.026676904967249,26.82108055211287,27.78343843570577,0.0278843282030442,36.90074942505687,24.75508837849789,-0.2834916343291601
2016-08-18,AAPL,24.75508837849789,24.598719945748503,24.81877000704524,24.55769119244819,65758426,-0.010629983363308,26.5276831141205,27.657090526505318,0.0276626065589112,35.82865617007789,25.379356101756265,-0.0001530736684799
2016-08-19,AAPL,25.379356101756265,25.33791249195616,25.38428310404091,25.24739837492857,138578923,0.025217753768983,26.16047150619889,27.52855039662184,0.0223295461346195,40.21880470880071,26.75783993932982,-0.2834909533460935
2016-08-22,AAPL,26.75783993932982,26.737963169608115,26.86672988195134,26.56613850495575,137537658,0.0543151619783672,25.977140012957456,27.43865432333315,0.0339959057346179,48.58359850686836,25.629872427697173,-0.4251566655933857
2016-08-23,AAPL,25.629872427697173,25.61330836244706,25.74104041405997,25.398892161025625,47546751,-0.0421546550166298,25.731525291038825,27.29489465858077,0.0361540996261708,43.25069930533185,25.964391646437925,-0.8501559481024742
2016-08-24,AAPL,25.964391646437925,25.912847894442784,26.144391448596583,25.84238535784524,115983971,0.013051926796922,25.60206444887124,27.182764640827905,0.0367507431936888,45.17281194540394,25.13737186737854,-0.8501571372151374
2016-08-25,AAPL,25.13737186737854,25.111617588128684,25.261896391301534,24.98580372289346,73464456,-0.0318520761172096,25.52071174439857,27.047919114356496,0.0349345546055393,41.436201980263846,25.528527679651773,-0.2834924091895421
2016-08-26,AAPL,25.528527679651773,25.660553093575896,25.67604109642843,25.489597083560763,104257126,0.0155607282390903,25.593206862964195,26.920089284669917,0.033724805137071,43.80389520158053,25.4342089273214,0.2831773643692334
2016-08-29,AAPL,25.4342089273214,25.48473235161042,25.54291400161889,25.36824081411228,68637534,-0.0036946412857782,25.6902240842247,26.765312972667648,0.0333450996363222,43.3487958908282,24.05959567887909,-0.8501530960202217
2016-08-30,AAPL,24.05959567887909,24.019153848426903,24.21304980600533,24.00785101746207,60258624,-0.0540458424466939,25.50168688095653,26.57567315619329,0.0381844706659056,37.27117396299437,24.7861531617956,-0.000156158208847
2016-08-31,AAPL,24.7861531617956,24.78107092554377,24.79460545205179,24.63696000707602,55883773,0.030198241591995,25.220017341308782,26.39495225293712,0.0323796178951611,41.90727140573308,24.325223278862623,-0.850154758989811
2016-09-01,AAPL,24.325223278862623,24.32315709422809,24.44280847708544,24.218301196537976,59814605,-0.0185962654198165,25.03363889147528,26.20605286158864,0.0296397558102876,39.8929396288648,23.930087278386143,-0.4251574970781803
2016-09-02,AAPL,23.930087278386143,23.87495555672021,23.980585225820413,23.72991855600729,109940350,-0.0162438796942033,24.743023981753595,26.00687206621545,0.0283686758451851,38.19790871358714,23.1562317821016,-0.4251539163291454
2016-09-05,AAPL,23.1562317821016,23.10280130932352,23.237808042008883,22.94572732516015,137223714,-0.0323381811057369,24.460003969571176,25.758496690325348,0.0284280767687152,35.05634299955214,22.695199469678503,-0.0001566544175148
2016-09-06,AAPL,22.695199469678503,22.76400160230916,22.851846700698875,22.668720581092085,41853418,-0.0199096431907132,24.05524279671785,25.549176281395397,0.0258882816552565,33.2992406139136,23.008970387470068,-0.2834902872641881
2016-09-07,AAPL,23.008970387470068,22.979993968535847,23.05240283799481,22.85094760746528,91448487,0.0138254311538779,23.70878014816766,25.38569694281036,0.0280733235623465,35.66275854483989,22.88465183253916,-0.8501558005809784
2016-09-08,AAPL,22.88465183253916,22.809496595500537,23.023114641949167,22.780887501972582,129620972,-0.0054030472827505,23.540931027261955,25.257777966861035,0.0217888445426682,35.13158815819236,23.12149152250597,-0.0001612342894077
2016-09-09,AAPL,23.12149152250597,23.11849911520693,23.23415360056241,23.057782434385764,140233567,0.0103492808935836,23.30312222164915,25.19850583668243,0.0168945187225596,37.05504765032385,23.380369169345805,0.8498443737626076
2016-09-12,AAPL,23.380369169345805,23.38864650412703,23.406507464703846,23.27211576342133,127920067,0.011196407748516,23.16814306314675,25.165367429908034,0.018012995673099,39.17797629538096,24.311525167854622,0.5665069783727328
2016-09-13,AAPL,24.311525167854622,24.167646822668964,24.368749981235727,24.16007607750384,84330886,0.0398264027297594,23.22263419021368,25.143334445832892,0.0239343312210142,46.20582374673315,24.07341836996827,-0.0001622334122657
2016-09-14,AAPL,24.07341836996827,24.07047565761191,24.235823886471582,24.036273524498423,117961597,-0.0097939884989685,23.353660845623203,25.12051415813709,0.0195859229446514,44.780910537848165,23.05783078403868,-0.0001602351665496
2016-09-15,AAPL,23.05783078403868,23.117871987389112,23.27042352370848,23.00051783377664,48206192,-0.0421870949244392,23.405465319103225,25.058417830064528,0.0253945111574629,39.22466745114931,23.823010469142627,-0.850154758989811
2016-09-16,AAPL,23.823010469142627,23.85525939626844,23.953950649383103,23.79989766148614,89142119,0.0331852415897522,23.521756759342164,24.99347164899648,0.0277708755553125,44.78355037628455,23.592713303884693,-0.4251576647162437
2016-09-19,AAPL,23.592713303884693,23.750534054522287,23.91364132970029,23.39679863407971,104420228,-0.0096670051652889,23.62290839810581,24.88468974964381,0.0280899657163731,43.49411227443288,24.4057446035546,-0.0001564472913742
2016-09-20,AAPL,24.4057446035546,24.497347379043784,24.52272713886862,24.3377667223946,41721923,0.034461118956421,23.8063731239699,24.80458555494748,0.030290176610431,49.06936345918515,24.70166206425773,0.8498411081731319
2016-09-21,AAPL,24.70166206425773,24.809035300156133,24.83590776380188,24.587732845999923,136213200,0.0121249101598821,23.995129251814458,24.69631304518249,0.0303077894747087,50.96571392521391,24.61458032700079,0.8498448565602302
2016-09-22,AAPL,24.61458032700079,24.821349147577,24.94372775592221,24.4290952200177,66432672,-0.0035253391869101,24.0384228459782,24.582093709681853,0.0270399463400587,50.37133400746706,24.877665977853976,-0.8501558005809784
2016-09-23,AAPL,24.877665977853976,24.93424945257232,25.07114850499772,24.76578215228639,55084864,0.0106882037945856,24.15331536139044,24.49971005957273,0.0266455400956074,52.18559406811506,26.333827100762896,0.8498378425836562
2016-09-26,AAPL,26.333827100762896,26.346709888745853,26.54227520461012,26.23502826965325,111046513,0.0585328673600324,24.62131483520819,24.4818170448778,0.0239705923621197,60.74039354216288,28.0511327601106,-0.4251566655933857
2016-09-27,AAPL,28.0511327601106,28.133076314845333,28.16948957192793,27.864116886180373,73694498,0.0652129161772294,25.225332305346463,24.559960110258576,0.0294668948890715,68.00968986734009,28.12384876921544,0.8498378425836562
2016-09-28,AAPL,28.12384876921544,28.07666512657833,28.25778368369999,28.01899900403818,157525669,0.0025922664060198,25.87263737182229,24.663386340909344,0.0274279201685593,68.27753299202529,28.27401810079832,-0.8501557901501654
2016-09-29,AAPL,28.27401810079832,28.283152275638148,28.41977760413712,28.23690674153129,153613951,0.0053395725746916,26.42524787142853,24.78068399831936,0.028083025762549,68.85743200493616,29.216175710223,0.2831776489814122
2016-09-30,AAPL,29.216175710223,29.15940333632537,29.276460263236224,29.015128579183912,138873319,0.0333223812075751,27.07017839228072,24.90857798526825,0.0280380853044735,72.28107726326017,28.486092903089062,0.8498448565602302
2016-10-03,AAPL,28.486092903089062,28.520103978331257,28.61356814427276,28.4088337665829,76223323,-0.0249889928913069,27.623251617436186,24.966186417393555,0.0324520120973774,66.20711299625054,28.788046958002106,-0.8501558005809784
2016-10-04,AAPL,28.788046958002106,28.731745389687312,28.901588485685792,28.590008805793648,145049695,0.0106000516090536,28.18187747174306,25.071458901737053,0.0324569365470608,67.42629407918487,28.777236063404885,-0.2834903513391812
2016-10-05,AAPL,28.777236063404885,28.71793235260728,28.838891323845782,28.70585426476317,70616698,-0.0003755341448828,28.53093589497763,25.165220382302618,0.0286762055085594,67.33262981045613,29.05417340289549,-0.8501571372151374
2016-10-06,AAPL,29.05417340289549,29.09021277716155,29.193631850902133,28.884069950741576,68752444,0.0096234863862683,28.674227415375476,25.29578043348652,0.0172668564679731,68.5383077131619,28.37596887117039,0.8498453259468078
2016-10-07,AAPL,28.37596887117039,28.36424578450001,28.43448039066956,28.17203377916801,156804466,-0.0233427577622122,28.71024457279761,25.39069513987047,0.0204064549698706,62.45872084735369,27.11004008831231,-0.0001575306057929
2016-10-10,AAPL,27.11004008831231,26.95327456253126,27.350057834429943,26.69492237968251,120899306,-0.0446127069213219,28.54396199958532,25.44655617857017,0.0266117947910669,53.00706833101869,25.4926817653838,0.8498453259468078
2016-10-11,AAPL,25.4926817653838,25.38136361722457,25.539485425123942,25.352553298649344,50311864,-0.0596590162780978,28.01203429317972,25.494325714787,0.0270992716869971,43.87248830811502,24.62886312010806,-0.0001602351665496
2016-10-12,AAPL,24.62886312010806,24.54409551196659,24.650133749663794,24.50074909331341,146387355,-0.0338849656236915,27.461001467039576,25.48908271339741,0.0276322075641416,39.91605854786393,24.28533222144977,-0.8501559481024742
2016-10-13,AAPL,24.28533222144977,24.221002423203224,24.29089881170561,24.073356756546048,59282846,-0.0139483051646753,26.81775650467496,25.487753011483644,0.0244397949861759,38.43173328296614,24.074567539005407,-0.8501530960202217
2016-10-14,AAPL,24.074567539005407,24.104498726311228,24.11316184384118,23.95303717631824,121751280,-0.0086786822812418,26.14594671547503,25.492569020170954,0.0232911665445332,37.5101244051516,25.552464901992906,-0.0001575306057929
2016-10-17,AAPL,25.552464901992906,25.569248183609343,25.60293017356852,25.54577565764935,92598101,0.0613883244462447,25.64570264391752,25.572443457500665,0.0390061453788094,47.091226932223975,26.475125897585453,-0.0001530736684799
2016-10-18,AAPL,26.475125897585453,26.559736114030965,26.71660894037844,26.455176863645075,42098539,0.0361084928256993,25.3741536476911,25.698441005097564,0.0437182873551702,52.03556059838943,25.683810915131463,-0.850154758989811
2016-10-19,AAPL,25.683810915131463,25.74181537416247,25.744542529191165,25.562449249171355,134520775,-0.0298889979037326,25.17040662295098,25.787602356019608,0.0420437358147625,47.90111209235714,25.981935384668915,-0.0001575306057929
2016-10-20,AAPL,25.981935384668915,26.06548572470744,26.114454053105177,25.885025650238475,122395992,0.0116074857630186,25.24029999713457,25.8908451410906,0.0352251486702598,49.528156605953015,25.661238564138927,-0.2834886198242505
2016-10-21,AAPL,25.661238564138927,25.70807516357057,25.71850256384131,25.559878264284748,146123072,-0.0123430689739618,25.387782203424692,25.9755033758117,0.0322567783601204,47.798857135330586,25.44592253825484,-0.0001575306057929
2016-10-24,AAPL,25.44592253825484,25.461928988625885,25.531732118850684,25.29377081853656,113416606,-0.0083907105787554,25.553580820111133,26.04435515477533,0.031738983836799,46.621863650807,25.60033216966717,-0.8501552797853946
2016-10-25,AAPL,25.60033216966717,25.684763478988767,25.693348057490084,25.55772486197608,130676286,0.0060681482929216,25.771547195919958,26.08731538816909,0.0309967099161292,47.618005736474046,26.088571083574152,-0.0001561403274535
2016-10-26,AAPL,26.088571083574152,26.160529581491527,26.29722210985685,26.0524752669945,148722820,0.0190715851134728,25.848133793288703,26.154487145289284,0.0219263827591899,50.74787056787447,25.837133818931388,-0.0001560017466545
2016-10-27,AAPL,25.837133818931388,25.866285497951907,25.996308668462724,25.721203862092853,157141003,-0.009637831977738,25.756992067766696,26.247130579785708,0.0166598023997704,49.12013069106244,26.666070129205263,-0.4251576647162437
2016-10-28,AAPL,26.666070129205263,26.76775360414812,26.932741566475084,26.46699763680681,42021537,0.0320831372428196,25.89731481263438,26.34189923512113,0.0166781091435696,54.32190350739327,25.788491786374017,-0.8501571372151374
2016-10-31,AAPL,25.788491786374017,25.607008763900904,25.84380692411176,25.54160734788711,81503053,-0.0329099240562673,25.869680012877968,26.415091851204107,0.0216923098618652,48.65106637581614,25.803725740385502,0.8498453259468078
2016-11-01,AAPL,25.803725740385502,25.7812406441359,25.99220347024152,25.6333894163946,114340786,0.0005907268303118,25.89003532377033,26.461691222431803,0.0210943391988103,48.75108210853512,27.85427067903344,-0.850154758989811
2016-11-02,AAPL,27.85427067903344,27.82871796782944,28.02305196303413,27.79146000822792,53152550,0.0794670102790087,26.234085058167278,26.56677817625766,0.0356817794843379,60.034962043995336,28.06000900415352,0.8498448520898819
2016-11-03,AAPL,28.06000900415352,28.15704187991672,28.16890353835029,28.024014046730787,53961544,0.0073862398872626,26.5854674630939,26.681625798829412,0.035639271596253,60.96365780854656,29.328528446366764,-0.0001551002264023
2016-11-04,AAPL,29.328528446366764,29.46678855497241,29.552610570272453,29.1529947491713,87381825,0.0452073783021764,27.048318514921416,26.829987881113176,0.0376078384528018,66.18174197387347,29.42421202789241,-0.0001575306057929
2016-11-07,AAPL,29.42421202789241,29.29620087208978,29.58872459053144,29.27092368618348,149243528,0.0032624746823088,27.5607582590587,26.93300071201749,0.0363540986250314,66.5450105562093,29.96133932056426,-0.0001530736684799
2016-11-08,AAPL,29.96133932056426,30.08818069619244,30.17999788079285,29.954149284216985,78601710,0.018254602439742,28.031511000681416,26.996674264032613,0.0359166573414309,68.58504512511904,29.92189568959989,-0.8501571372151374
2016-11-09,AAPL,29.92189568959989,29.816740107612805,30.018794247966493,29.619940512433907,152236864,-0.0013164842379825,28.621997272570827,27.056609161378763,0.0300598060719354,68.25588962924172,29.78372918528248,-0.850154758989811
2016-11-10,AAPL,29.78372918528248,29.68176024783478,29.91705638301776,29.604993906587016,136357530,-0.0046175718861768,29.190569193270395,27.1069328641949,0.0307302950586913,67.04213723608567,29.13124465603197,0.2831757461031278
2016-11-11,AAPL,29.13124465603197,29.110769553690247,29.14385714447094,29.020597022298983,76363386,-0.0219074154613563,29.372994047127325,27.1041018290552,0.0209733694608183,61.48194627858339,29.508970355128653,0.8498453259468078
2016-11-14,AAPL,29.508970355128653,29.480800519069746,29.77552953418773,29.26030031832933,67725220,0.012966342617924,29.579988525838058,27.138197744123183,0.0211133722202019,63.37561163998953,28.80736705992016,-0.0001612342894077
2016-11-15,AAPL,28.80736705992016,28.67268536409217,28.850964385691054,28.627725059839992,139325024,-0.0237759327677306,29.50553689920283,27.13884174752046,0.0160122149361527,57.70116814320751,29.378466326075475,0.5665123696128528
2016-11-16,AAPL,29.378466326075475,29.4357435805564,29.44220234610862,29.220986223222944,130723390,0.0198247644419364,29.499001798943272,27.158882756276142,0.0180859801947374,60.77952278424633,30.32527776728793,-0.2834893559416135
2016-11-17,AAPL,30.32527776728793,30.38708696902474,30.388627029662672,30.23456683975657,115633069,0.0322280758533706,29.55099300561808,27.20125290175589,0.0209858003300327,65.28962294844762,30.66445246176721,0.8498448565602302
2016-11-18,AAPL,30.66445246176721,30.76141728702208,30.867885214788945,30.636668391234817,157374085,0.0111845535952568,29.65707254449913,27.27753568810912,0.0211958777330742,66.7640589353817,30.424056780676004,-0.2834923004110654
2016-11-21,AAPL,30.424056780676004,30.38449437198086,30.654636566394643,30.20522144202293,52058654,-0.0078395556350121,29.74854791526963,27.388002911187908,0.0214401893123302,64.66734340111033,30.83216501478655,-0.0001575306057929
2016-11-22,AAPL,30.83216501478655,30.82850375238726,31.00300084178909,30.76209515367043,86294258,0.0134139979113423,29.991536537948857,27.565985686168,0.0184886034306327,66.58583864215778,30.57674547930949,0.4248410701751709
2016-11-23,AAPL,30.57674547930949,30.573954388278835,30.75593744447246,30.403690468679343,112332179,-0.0082841907259696,30.14407584140326,27.764248431474712,0.0193180644368008,64.23501682419268,31.39750018268036,-0.8501559481024742
2016-11-24,AAPL,31.39750018268036,31.556496694225967,31.72175420585053,31.11296931840869,48612539,0.026842448092661,30.51409485894043,28.001320696849064,0.0157945056716619,68.12886745617467,29.82975977052871,-0.8501564688980578
2016-11-25,AAPL,29.82975977052871,29.576125247538243,29.942140978909453,29.36349401906309,157126844,-0.049932013791864,30.578565351005174,28.193160437899845,0.0278183677658078,55.662746159938,29.548859270536404,-0.2834884544213613
2016-11-28,AAPL,29.548859270536404,29.464029428842363,29.63622785665818,29.39104092222664,108616284,-0.009416787200205,30.467648422897817,28.32637358351796,0.0246813449991454,53.7644733927536,27.903310377562747,-0.0001568734645843
2016-11-29,AAPL,27.903310377562747,27.903774201131263,27.914597150408635,27.848148208521863,76971285,-0.0556890835584458,30.07319955372575,28.373979732850536,0.0303676325120165,44.245212390244696,26.678364514332767,-0.0001575306057929
2016-11-30,AAPL,26.678364514332767,26.59148079903381,26.829951107099223,26.44268097004236,68696465,-0.0438996608880847,29.53810065853386,28.40713151949058,0.0323432959405127,38.74572269980583,27.84247191544937,-0.8501558989286423
2016-12-01,AAPL,27.84247191544937,27.82089508357184,27.970790522166048,27.70375617504457,40136893,0.0436348862574087,29.11100164434284,28.46914940384993,0.0386575042338072,45.65844355291441,28.652056501347985,-0.0001530736684799
2016-12-02,AAPL,28.652056501347985,28.641219531173466,28.741587241125213,28.501977615149137,111117137,0.0290773243251218,28.83604607606262,28.56884333509023,0.0419852875223953,49.89351193947325,28.01897710450124,-0.4251596853137016
2016-12-05,AAPL,28.01897710450124,27.963694028428627,28.15203666861361,27.75005067774481,157215001,-0.0220954260933053,28.35339992203703,28.65461182063178,0.0390978258134922,46.82062757693827,26.73574771332552,-0.0001622334122657
2016-12-06,AAPL,26.73574771332552,26.74091858815641,26.913696842614563,26.67533350624109,44347210,-0.0457985809542479,27.911398199579438,28.69245900542039,0.0385175888476504,41.27196752666319,24.316239286158154,-0.2834907328089078
2016-12-07,AAPL,24.316239286158154,24.36206197059431,24.40085017037759,24.295659464894367,89678010,-0.0904971296524257,27.16388105895397,28.633381278839853,0.0476968769739051,33.26681465453356,23.877358781509024,-0.0001566544175148
2016-12-08,AAPL,23.877358781509024,23.860434525480912,23.9811104021194,23.76911629714694,119450781,-0.0180488643611498,26.588745116660583,28.568055444259112,0.0459428539362438,32.052368085797454,25.92123239509092,-0.0001584582030773
2016-12-09,AAPL,25.92123239509092,25.885990297032613,26.0919003060102,25.744275092315515,91711932,0.085598814855716,26.48058338534032,28.54322751978863,0.0593449094294738,42.56755362311592,26.3319642345841,0.8498378425836562
2016-12-12,AAPL,26.3319642345841,26.318869487014062,26.48197652664226,26.271158111028623,118111560,0.0158453823966704,26.264796573788136,28.5613432680623,0.0566034725649635,44.42870686906438,25.837668940651643,0.283177996178468
2016-12-13,AAPL,25.837668940651643,25.837092527063373,25.83906161710549,25.743317200317424,125513454,-0.0187716833248335,25.862741207974373,28.56247470807117,0.0544300321335844,42.63796069459853,26.26115623538926,-0.5668225879470508
2016-12-14,AAPL,26.26115623538926,26.124047823375005,26.30153449753669,25.936758579739056,155872122,0.0163903057861123,25.61162394095837,28.50937089328303,0.0553408704959834,44.694683822205086,24.931422406057813,-0.5668212408820789
2016-12-15,AAPL,24.931422406057813,24.9659439931334,25.05285064703093,24.866846487185043,112526246,-0.0506350069818903,25.353863182777275,28.405084673346508,0.0559200824158091,39.86169266045074,24.689475826802887,-0.0001530736684799
2016-12-16,AAPL,24.689475826802887,24.656070874946032,24.84817532118052,24.610857619891792,125178873,-0.0097044835755595,25.407182688583664,28.25044958602771,0.0430542912632158,39.03460904494069,24.781601326173856,-0.8501558005809784
2016-12-19,AAPL,24.781601326173856,24.875389904022715,25.04252935339154,24.656045231930484,76238393,0.0037313671629657,25.536360194964352,28.095695895970422,0.0420590252099641,39.54893998908927,24.7221646375499,-0.8501559481024742
2016-12-20,AAPL,24.7221646375499,24.766001001553185,24.904781466932192,24.53882384344494,58100332,-0.0023984200149802,25.365064801029924,27.92105673986995,0.0232864322271954,39.3184694969898,25.359706386836127,0.8498453259468078
2016-12-21,AAPL,25.359706386836127,25.44872400822846,25.487400061698068,25.185721294392067,51997345,0.0257882656568786,25.22617082278021,27.76898376311116,0.0251089671724028,43.14568254669733,25.64780205978829,-0.5668220038215319
2016-12-22,AAPL,25.64780205978829,25.570011984239603,25.680187577950544,25.54411794504404,53122475,0.0113603709978957,25.19904698265688,27.631119525594684,0.0249540263477822,44.83874523380032,26.1967815772341,0.2831763555606206
2016-12-23,AAPL,26.1967815772341,26.16759417307443,26.318011249592995,25.999002078270216,139283502,0.0214045443802968,25.189850602920423,27.53330408963476,0.0255928840547309,48.01552659833312,25.65522732559411,-0.566823489467303
2016-12-26,AAPL,25.65522732559411,25.55960066077911,25.691942950228423,25.425877640749604,44874882,-0.0206725490321534,25.29325130571133,27.40484598865027,0.0166786085363833,45.24721149961795,26.384960064094752,-0.8501571372151374
2016-12-27,AAPL,26.384960064094752,26.3291407384393,26.49106161309592,26.194491740370783,98005261,0.0284438227437824,25.535463339610164,27.32409908878942,0.0175802732521373,49.47440210716507,27.75728456024907,-0.0001557134091854
2016-12-28,AAPL,27.75728456024907,27.861549699951617,28.00826960345156,27.70226474481325,113604192,0.0520116192262805,25.96056094447805,27.270059696595208,0.0233787422679589,56.30630969383667,26.92713917471448,-0.0001559056341647
2016-12-29,AAPL,26.92713917471448,27.04730077215287,27.116937326051747,26.9231746730592,120696915,-0.0299072981628553,26.27555730693013,27.15678841017609,0.0287842981540005,51.74797791903884,26.18772331305616,-0.5668220038215319
2016-12-30,AAPL,26.18772331305616,26.09752232190361,26.26372544963188,25.99559958353955,47922093,-0.027459874473136,26.39384543924728,27.007564105219057,0.0316241115580184,48.01906808344131,27.33624583016045,-0.0001558110117912
2017-01-02,AAPL,27.33624583016045,27.29866305716167,27.345648922891524,27.224310791024937,92480558,0.0438572877594016,26.635051692157585,26.90463707353521,0.0349222939375696,53.610736504769854,27.178655429400504,-0.0001565560698509
2017-01-03,AAPL,27.178655429400504,27.17244274165505,27.221672018257287,27.123375963613952,42126685,-0.0057648881905384,26.77531938532422,26.782853420689005,0.0349103262869162,52.771904397271015,28.42214617187556,-0.0001622334122657
2017-01-04,AAPL,28.42214617187556,28.47207867932734,28.608024630011403,28.24162156998333,55931545,0.0457524746102748,27.170593506221568,26.711033443774543,0.0355415418112464,58.3144163468523,28.031969646783505,0.4248434215784072
2017-01-05,AAPL,28.031969646783505,27.883976803108848,28.12929066861312,27.84266867178257,143126233,-0.0137279050896637,27.405880589462814,26.598849092577986,0.0364988377712325,56.0901042921881,29.36623461120817,-0.0001541197299957
2017-01-06,AAPL,29.36623461120817,29.225012381780324,29.41067591252298,28.962733249425995,153177208,0.0475979740716423,27.63573059674269,26.58339825393396,0.0356656545556624,61.498441053590525,29.502962393631663,-0.850154758989811
2017-01-09,AAPL,29.502962393631663,29.546298658760488,29.57350222817859,29.37338279197224,130215431,0.0046559521243934,28.00370534230229,26.581868358037138,0.0316039501028359,62.01475707289363,29.75584673197474,-0.8501530960202217
2017-01-10,AAPL,29.75584673197474,29.58186085318045,29.77553771007572,29.40820538518388,80002118,0.0085714897022566,28.513437259290654,26.643619569850863,0.0262987323617724,63.00297767446933,31.24218897019746,-0.000158978998661
2017-01-11,AAPL,31.24218897019746,31.200312183215505,31.400325849290727,31.132274891759465,153618609,0.0499512667749273,29.0714291364388,26.795747051713025,0.0273499343900242,68.2339640391799,30.898768308705755,0.5665123696128528
2017-01-12,AAPL,30.898768308705755,30.913793620417948,31.04336213452736,30.764695049194085,73087717,-0.0109922087027672,29.60287383348241,26.897623598154905,0.028214863693099,65.91500338882017,30.01815472669481,0.8498443737626076
2017-01-13,AAPL,30.01815472669481,30.05558730289503,30.156983508640348,29.909314485164582,68030896,-0.0284999574485572,29.83087505559944,26.943160205666462,0.0302878528664683,60.2596109972761,29.612030233125022,-0.0001583322882651
2017-01-16,AAPL,29.612030233125022,29.599440551535547,29.723444065937628,29.39364514224564,131792799,-0.0135292957634276,30.05659799650537,26.99626197662059,0.0302639470278466,57.79674745387453,30.040310544818933,0.4248456500470638
2017-01-17,AAPL,30.040310544818933,30.00734820854681,30.07850797573584,29.96262520978712,78690680,0.0144630512775454,30.152894558449766,27.106414071003705,0.0252618986751604,59.66876188142872,28.65130821597871,-0.4251530848443508
2017-01-18,AAPL,28.65130821597871,28.72390239601462,28.83061020005796,28.60770250386497,102396823,-0.0462379483982993,30.03122967592792,27.25091636866439,0.0314463317529386,51.66459962046729,29.240014168412195,-0.2834920903046926
2017-01-19,AAPL,29.240014168412195,29.265032444395743,29.27983001209154,29.00573178861292,119377449,0.0205472625541462,29.957539309704696,27.42967154822783,0.0325355212426932,54.453324535188266,28.76609697890317,0.8498453259468078
2017-01-20,AAPL,28.76609697890317,28.71026055022112,28.9574579896699,28.69001273730888,59931530,-0.0162078303649042,29.60381188237694,27.52450036768824,0.0231781864980483,51.85940440947902,29.81238224902421,-0.8501558005809784
2017-01-23,AAPL,29.81238224902421,29.815756077270503,29.82852891711945,29.67267797109332,151095158,0.0363721665434269,29.44861387385101,27.640514301502908,0.0294216193861047,56.75697393231791,27.682806716586253,-0.5668228084842364
2017-01-24,AAPL,27.682806716586253,27.714628298568176,27.82205635012012,27.667444683949324,59960348,-0.0714325851134443,29.114992729549787,27.70201889403406,0.0383295194103857,46.40814943266841,26.990316890994443,-0.8501558005809784
2017-01-25,AAPL,26.990316890994443,27.129444193916488,27.129590821712387,26.97054827893335,159120323,-0.0250151595060952,28.74046225210256,27.7263242492209,0.0387067873365536,43.622735658166725,25.557754091906137,0.2831797262032826
2017-01-26,AAPL,25.557754091906137,25.618044092758662,25.764479074014453,25.446524153385628,90008518,-0.0530769166169476,28.10009704454359,27.747201972082514,0.0392786951376752,38.47768809873829,24.872849799880555,-0.5668240437904993
2017-01-27,AAPL,24.872849799880555,24.963478270635225,24.997725615072586,24.75921396256208,70393626,-0.026798297282408,27.560317270815283,27.75331443785177,0.0379567575346764,36.27484787561771,25.088381254182146,0.2831788678963979
2017-01-30,AAPL,25.088381254182146,25.04242380071718,25.25342775724202,24.9401702247777,104707561,0.0086653301103689,26.967226854496705,27.763540435452047,0.0360939593512654,37.48769207681035,24.95264208783969,-0.0001530736684799
2017-01-31,AAPL,24.95264208783969,24.91340284249466,24.95946036327636,24.839968194006715,40098899,-0.0054104393969152,26.422447584344777,27.77122301712837,0.0365640531662476,37.00995180055556,24.762586658973543,-0.5668239171306292
2017-02-01,AAPL,24.762586658973543,24.74510080656408,24.94452281418902,24.58054904202524,60466120,-0.0076166454917719,25.701048214337536,27.75131902619962,0.0281726879959777,36.31217708967381,24.650049351457174,0.424841546267271
2017-02-02,AAPL,24.650049351457174,24.639432132981725,24.75823783360208,24.47595788636377,102324360,-0.0045446507291914,25.26779716217624,27.718060602588583,0.0203884601013269,35.8807973779484,24.81306850412033,0.2831779231627782
2017-02-03,AAPL,24.81306850412033,24.73803192712485,24.86080082848596,24.685321486001783,123277044,0.0066133398087302,24.95676167833708,27.67193683348479,0.0215930312555668,37.04746579258152,24.08700991206748,0.4248410701751709
2017-02-06,AAPL,24.08700991206748,24.17848757950016,24.217240396293874,24.025088054699417,155530876,-0.0292611368050785,24.74665536693156,27.61966291970057,0.0148025699486176,34.07376560617331,24.614844243973977,-0.8501544483006
2017-02-07,AAPL,24.614844243973977,24.68007493290225,24.739396541632235,24.561265823940207,140484450,0.0219136511270356,24.70979743037348,27.56065905902988,0.0160722807944825,37.97173949282149,25.1197295481836,-0.4251566655933857
2017-02-08,AAPL,25.1197295481836,25.09669391256932,25.252455592614496,24.97440357517721,150600407,0.0205114157621868,24.71427575808797,27.47274055862769,0.0178331234620174,41.53274880918587,25.42105322268068,-0.000155472010374
2017-02-09,AAPL,25.42105322268068,25.469992104367105,25.631965590674977,25.355656325221,135837917,0.0119954983559473,24.78119163449383,27.422537693559903,0.0181130318200559,43.613332289462384,25.852866170649555,-0.0001584582030773
2017-02-10,AAPL,25.852866170649555,25.87015391734162,25.914605321579035,25.68124938757733,133183394,0.0169864302704663,24.936945850447547,27.41137578881301,0.0181415092197308,46.54879814819322,26.089287542499225,0.4248410701751709
2017-02-13,AAPL,26.089287542499225,26.14562694002619,26.22364335701692,25.99086699499841,81501165,0.0091448805052831,25.14255130631069,27.36981051255764,0.0175021575386744,48.14065278003885,27.68203844664152,-0.8501545518636703
2017-02-14,AAPL,27.68203844664152,27.570398962208927,27.73151385845498,27.44377800565462,148600118,0.0610499961544643,25.552404155242293,27.386589946465676,0.0264492657611402,57.3549177637688,27.620170535305665,-0.850154758989811
2017-02-15,AAPL,27.620170535305665,27.60810098425946,27.64102226211036,27.46715185918975,155591681,-0.0022349478148117,26.057141387133463,27.35985742524668,0.0198928324977,56.9317713874749,27.38141391667775,-0.0001547165215015
2017-02-16,AAPL,27.38141391667775,27.37664638581064,27.530119131114866,27.258395508262105,101627477,-0.0086442847383119,26.452365626091144,27.33817223424315,0.0225545864091212,55.2380841292004,26.797582474630605,-0.8501571372151374
2017-02-17,AAPL,26.797582474630605,26.84771877642759,26.90675018251519,26.716482468279324,54441590,-0.0213221802140589,26.69205890129785,27.252550496357237,0.0262573828989545,51.225008824427285,26.01300231290293,-0.0001622334122657
2017-02-20,AAPL,26.01300231290293,25.963959666583733,26.060903367532006,25.90721934085862,45115933,-0.0292780202270276,26.776623057043896,27.136218493666277,0.0299901558745663,46.35154808471011,25.085476247435697,-0.0001575306057929
2017-02-21,AAPL,25.085476247435697,24.897340389038085,25.28116143773936,24.78076400817317,99276401,-0.0356562481450732,26.6669959251562,26.980539477514977,0.0325831466737892,41.34383259127332,24.43486263202981,-0.8501571372151374
2017-02-22,AAPL,24.43486263202981,24.355569079997743,24.57555401716436,24.306232902649462,116181007,-0.025935868587402,26.43064950937485,26.753628599576054,0.0329473597825597,38.22425268293896,24.39261661238655,-0.0001530736684799
2017-02-23,AAPL,24.39261661238655,24.38814925205534,24.528465407618125,24.24004412124965,106551655,-0.0017289239673433,25.960732104481288,26.536756876365413,0.0136232666923445,38.02362712566434,24.64359899663506,-0.0001561269164085
2017-02-24,AAPL,24.64359899663506,24.648322008341605,24.654300654289,24.58428460759842,147551868,0.0102892768019426,25.535507598956915,26.357605018696752,0.0165257694227382,40.03721763997036,24.69007566974172,0.4248456500470638
2017-02-27,AAPL,24.69007566974172,24.814791275410904,24.95259850432696,24.670633671073617,104381662,0.0018859531480368,25.151030706537483,26.19353986658398,0.0177454097006486,40.423227544418616,24.169638061021185,-0.8501558005809784
2017-02-28,AAPL,24.169638061021185,24.211892372677347,24.31913405641857,24.124861998164988,119320772,-0.021078817889503,24.77561007602185,25.99785078379072,0.0177301284989725,37.511197050869846,24.80657363746737,-0.4251574970781803
2017-03-01,AAPL,24.80657363746737,24.81264109809369,24.931785685272803,24.680150188326635,130946893,0.0263527147091782,24.6032631223882,25.86969296450701,0.0219644789782222,42.929783085619256,25.348431515586224,-0.0001563191413879
2017-03-02,AAPL,25.348431515586224,25.34596831140264,25.35030339667185,25.18393475431536,147383835,0.0218433180671289,24.640828160695417,25.739973542746142,0.0199235311472543,47.12996350748509,25.242504184944305,-0.0001541197299957
2017-03-03,AAPL,25.242504184944305,25.3261212458804,25.51410734924724,25.17956137162052,113152867,-0.0041788514834453,24.756205525397487,25.62252044961418,0.0162612588920792,46.41086986205609,24.791991156152967,-0.0001537710428237
2017-03-06,AAPL,24.791991156152967,24.748101116819846,24.909804990885483,24.69083158509321,106899294,-0.017847398399563,24.81325903164983,25.45517407985181,0.0183427658858335,43.379382751948455,25.18831366651461,-0.0001597166061401
2017-03-07,AAPL,25.18831366651461,25.1777131303708,25.31807621833398,25.11377806369533,49255531,0.015985908831017,24.8910754130612,25.37202431151609,0.0188665659478099,46.67897715087288,25.331731990055665,-0.8501548990607262
2017-03-08,AAPL,25.331731990055665,25.24895360575366,25.441532424471923,25.08685126347539,117082155,0.0056938437975591,24.98274060167748,25.316738148151455,0.0188745535511638,47.86303331612971,24.348831350089164,-0.2834883814056714
2017-03-09,AAPL,24.348831350089164,24.452477462333075,24.59457398187017,24.198079829117425,61582198,-0.0388011621294728,25.008339642972903,25.276440723424223,0.0234143535587412,41.12318350487679,24.31151658697995,-0.2834886198242505
2017-03-10,AAPL,24.31151658697995,24.340143320231807,24.486374803106045,24.27993170654988,84248694,-0.0015325073541601,24.937617207188985,25.257729616327538,0.0206489762487059,40.88778735021618,24.49923649536128,-0.0001622334122657
2017-03-13,AAPL,24.49923649536128,24.44723515369694,24.674237613236848,24.330610049205944,103868682,0.0077214396604885,24.816303632871136,25.23809145770018,0.0184222620412184,42.66582332935811,23.911267222820463,-0.0001538850367069
2017-03-14,AAPL,23.911267222820463,23.90305692981033,23.95945088024773,23.733843673119296,49916679,-0.0239994937251266,24.6261269239963,25.203378962199533,0.0197990831836024,38.7357202221627,24.04712108457216,0.2831736197074254
2017-03-15,AAPL,24.04712108457216,24.08388798541316,24.12991338417244,23.87221775011063,123345712,0.0056815835181684,24.519716913770477,25.17953010971949,0.0197547385396627,40.10846963072701,23.120500631527925,-0.8501564688980578
2017-03-16,AAPL,23.120500631527925,23.103110391188128,23.269321200400384,23.001010712995235,73663840,-0.0385335296389689,24.224315051629517,25.128545152388515,0.0211759488424847,34.440046748042334,24.016387705474465,-0.4251574970781803
2017-03-17,AAPL,24.016387705474465,23.97787954446976,24.13643119775333,23.80266513220748,101700943,0.0387486018674214,24.03640872526077,25.101989125766984,0.0282683904087992,42.849744701560525,24.90665112929314,0.4248434215784072
2017-03-20,AAPL,24.90665112929314,24.857763829973475,25.04121933607934,24.72669358113201,82029593,0.0370689978333313,24.116097265147054,25.129310499674503,0.0286944419745355,49.74808092527622,24.732268189030563,-0.8501571372151374
2017-03-21,AAPL,24.732268189030563,24.757418078824244,24.922295136768547,24.68539216175696,87253697,-0.0070014607486705,24.17620463686857,25.133224631176397,0.0289307546559878,48.5128362302248,25.003613796372104,-0.0001530736684799
2017-03-22,AAPL,25.003613796372104,24.976755843625536,25.13131256383369,24.9636801912199,46136147,0.0109713191393374,24.248258537012976,25.12935410611601,0.0290485010463603,50.56955389443,23.34896474379331,-0.425158017873764
2017-03-23,AAPL,23.34896474379331,23.31718042373972,23.513039387931528,23.240214532131667,63444516,-0.066176396182334,24.167929611437668,25.060284490153094,0.0384891681248911,40.06057210922925,22.55301499913125,-0.283490148683389
2017-03-24,AAPL,22.55301499913125,22.46261833672666,22.619227896017097,22.449756685407326,134305707,-0.0340892948957679,23.954485884946106,24.95028945110249,0.0399451694401561,36.166998244686994,22.35933868237504,0.8498378425836562
2017-03-27,AAPL,22.35933868237504,22.36454665821324,22.55159322531809,22.27332387078508,54624312,-0.008587602001935,23.845748463638557,24.825957822431683,0.0377257834542214,35.26874896291757,21.65573128159982,0.8498443737626076
2017-03-28,AAPL,21.65573128159982,21.64395770332261,21.674154516167523,21.502137964268723,99663308,-0.0314681668706885,23.50851183165646,24.62508091693029,0.033518007236104,32.14526035660025,22.14158579242096,-0.2834883814056714
2017-03-29,AAPL,22.14158579242096,22.120220378901617,22.261653631912058,21.96032773157205,56804547,0.0224353777068684,23.11350249781757,24.4424614255008,0.0300673705180408,36.33793458975019,23.537814420828383,-0.5668230439225833
2017-03-30,AAPL,23.537814420828383,23.55185030278548,23.720716547628825,23.53135028757281,104654695,0.0630591070349328,22.942866245217267,24.314341442305825,0.0426825395086675,46.55750497668989,22.686497005344453,0.5665110404292742
2017-03-31,AAPL,22.686497005344453,22.7374056586251,22.79131723676946,22.67166180983924,117241684,-0.0361680740727825,22.611849560784744,24.177305259996285,0.0432250762920447,42.11795588438059,22.095992199289416,0.8498453259468078
2017-04-03,AAPL,22.095992199289416,22.14249755487528,22.1982886348705,21.981645065593547,96274976,-0.026028910762024,22.432853482998475,24.046738256209167,0.0372427842127727,39.31736199075328,22.27161858892616,-0.8501558005809784
2017-04-04,AAPL,22.27161858892616,22.308549063991965,22.37167052554214,22.168290718869635,132580681,0.0079483368772366,22.39265399582632,23.952943000925515,0.0355469445020729,40.58281477763776,23.43179036466988,0.8498378425836562
2017-04-05,AAPL,23.43179036466988,23.414872358121883,23.55339595303004,23.38268383554727,71841449,0.0520919380471331,22.545861379011296,23.919507258680188,0.0405135196268015,48.25881641969267,22.54035361826589,-0.0001552373170852
2017-04-06,AAPL,22.54035361826589,22.50201258928664,22.631997591533977,22.323211489354343,106947506,-0.0380439024304385,22.672235998535022,23.85776515887617,0.0416261918752917,43.59818930431685,22.73205909379436,-0.4251553133130074
2017-04-07,AAPL,22.73205909379436,22.660868037651923,22.749227456711072,22.62643945940045,73164815,0.0085049897075757,22.75658932730265,23.794047162114804,0.0410649488946978,44.83209745291552,24.09411991975185,-0.5668230439225833
2017-04-10,AAPL,24.09411991975185,24.051245167694905,24.28392430182691,24.03460286582513,101075637,0.0599180575915943,22.83606154143457,23.774181970448478,0.0403287331108785,52.74263437828437,22.836206763444043,-0.8501571372151374
2017-04-11,AAPL,22.836206763444043,22.837552964350422,22.87974867273332,22.6816899299386,47620094,-0.0522083047854593,22.857448649734515,23.72973426052924,0.0433370577927496,46.15967636664832,21.88713279403706,0.4248413115739822
2017-04-12,AAPL,21.88713279403706,21.835504147760915,22.001048110101426,21.70579537532637,72289048,-0.0415600532627095,22.82761159184132,23.63241956574823,0.0453466940614164,41.90950994732351,21.58491975003367,-0.0001581490039825
2017-04-13,AAPL,21.58491975003367,21.59113990695148,21.71474701553049,21.50295013820366,124911881,-0.0138077950569078,22.729511757713823,23.506969173563142,0.0454183874740897,40.62672795989417,21.22362379220836,-0.8501558005809784
2017-04-14,AAPL,21.22362379220836,21.16215232424933,21.230797377195763,21.04021108549655,133364061,-0.0167383507564231,22.41405939021932,23.37300649380528,0.0382384393320794,39.0864432510866,21.80479149480223,-0.0001551926136016
2017-04-17,AAPL,21.80479149480223,21.696138749359164,21.82214816037592,21.53086714630031,72624744,0.0273830571199262,22.308979086867367,23.273433171760253,0.039200359009908,42.84049835697984,21.98623618144825,0.4248436629772186
2017-04-18,AAPL,21.98623618144825,22.040283150953822,22.18276185279128,21.98122401550809,70983087,0.0083213217924726,22.20243295653221,23.166697255591377,0.0391905974777642,44.00086561476928,20.78259944726645,-0.850154758989811
2017-04-19,AAPL,20.78259944726645,20.753020741744173,20.919319295456106,20.62387906559193,75827361,-0.0547450106625079,21.72935860332001,23.01505950416507,0.0311021209195413,38.42786433342067,21.146018851295374,-0.0001622334122657
2017-04-20,AAPL,21.146018851295374,21.09291906306465,21.151001485336703,21.06053288499352,73508960,0.0174867155069344,21.48790318729877,22.908299087538605,0.0303996358495829,40.863330744612895,20.76191991466364,-0.2834909533460935
2017-04-21,AAPL,20.76191991466364,20.69378881442413,20.908655512059475,20.60618751031341,159220014,-0.0181641253293503,21.327158490245427,22.7899791984614,0.0275732773147565,39.10287041989976,21.637435020659453,-0.8501558005809784
2017-04-24,AAPL,21.637435020659453,21.664895260903343,21.76594295151904,21.553189774916685,118133008,0.0421692747874178,21.334660671763395,22.694585815971337,0.0329281307398003,44.92706557496931,21.209190789054013,0.8498453259468078
2017-04-25,AAPL,21.209190789054013,21.29667282896361,21.30905717877873,21.144966425886004,86297506,-0.0197918205737672,21.33259881416992,22.60451660151245,0.0332183850157067,42.7722327662258,20.787152947493773,-0.2834884588917096
2017-04-26,AAPL,20.787152947493773,20.76201667350016,20.884012658528267,20.73493216371092,95438282,-0.0198988186658235,21.187221878840138,22.49585099694317,0.0315791495241606,40.70042695990799,21.15799441174393,0.8498413495719432
2017-04-27,AAPL,21.15799441174393,21.144311745714468,21.229371787579463,21.029580917659565,101283664,0.0178399353286553,21.068901626025237,22.430434122950377,0.032508683451308,43.29936899635906,21.68284693969527,-0.0001538850367069
2017-04-28,AAPL,21.68284693969527,21.75255502717533,21.794436980475748,21.605279699592952,106358511,0.0248063459011038,21.19750841065792,22.35264943075774,0.0253411384922303,46.84981948365149,21.99983462301368,0.2831741293271382
2017-05-01,AAPL,21.99983462301368,21.880346104744188,22.15513986281354,21.723360948802444,86376772,0.0146192833533354,21.319482092331963,22.255755547215085,0.0251535874764552,48.92977072395565,20.88519642047441,-0.2834907968839009
2017-05-02,AAPL,20.88519642047441,21.00843173429592,21.04713901137462,20.838081828573497,156931010,-0.0506657537040419,21.3370930217335,22.12751982159655,0.0323226262046696,42.61462596194995,21.25591097372533,-0.0001575306057929
2017-05-03,AAPL,21.25591097372533,21.411765709036647,21.46540437136576,21.097625785693303,74822933,0.0177501109296485,21.2825895864572,22.00259639417499,0.0282355746616379,45.15019596417185,20.580446143133216,-0.8501544483006
2017-05-04,AAPL,20.580446143133216,20.413353241825103,20.61974659822496,20.33490805490321,91277665,-0.0317777408565111,21.19276892275423,21.91031244081965,0.029800829111453,41.54796210134523,20.74323715398303,-0.425159016996622
2017-05-05,AAPL,20.74323715398303,20.73716955618093,20.89456138231609,20.66113332994748,40702088,0.0079099845415222,21.186495237966984,21.849986512648048,0.0291598640518307,42.73379375716336,19.85160201126453,0.8498453259468078
2017-05-08,AAPL,19.85160201126453,19.80878526023297,19.95306532971445,19.70762174794364,98992293,-0.0429843778046616,20.99986775218421,21.766395290277693,0.0319140639264852,38.16661070505633,20.142919040243616,-0.0001602351665496
2017-05-09,AAPL,20.142919040243616,20.126919211207188,20.266644282880268,20.01915250660336,142586361,0.0146747365181802,20.779878052262543,21.71596821556582,0.0303361681127134,40.4075574376378,19.64837019405213,0.2831776817639669
2017-05-10,AAPL,19.64837019405213,19.623708439857705,19.67693658211825,19.563584696278586,159671558,-0.0245519949319867,20.443954562410894,21.63286102895353,0.0285856881227198,37.89661419607016,18.88325243980688,0.8498448498547078
2017-05-11,AAPL,18.88325243980688,18.929238395737567,19.04871627405698,18.81861533576493,96778441,-0.0389405200883717,20.15796256517268,21.47770896291948,0.0264571128691495,34.34117528327128,19.32355910089803,0.5665096650520961
2017-05-12,AAPL,19.32355910089803,19.317033347147195,19.40996335547525,19.229969668868684,56734452,0.0233173105371911,19.88191229762592,21.365611032771263,0.0276279743832578,37.94906143724504,19.47934782934742,-0.8501530960202217
2017-05-15,AAPL,19.47934782934742,19.426116193950435,19.533495285764648,19.32346895861718,126386836,0.0080621135907696,19.724612538513664,21.278389553773195,0.0272625825718925,39.22161002149185,19.12037309205365,0.283175187309583
2017-05-16,AAPL,19.12037309205365,19.11049635847902,19.125700278875893,19.04656566499115,116867466,-0.0184284782241499,19.49277481538089,21.17334803721078,0.026590275307242,37.32225383109019,20.000509076110173,-0.8501557901501654
2017-05-17,AAPL,20.000509076110173,20.031396916520983,20.152199076927573,19.888746958264672,155038802,0.0460313185218286,19.514047253215985,21.05897199425879,0.0299636965158675,44.42796969812672,19.73363980346194,0.8498443737626076
2017-05-18,AAPL,19.73363980346194,19.66356241253256,19.76716209253497,19.60797896504072,40339760,-0.0133431239991285,19.45557879081861,20.96541486709866,0.0297737427572465,42.841990154537264,19.76118010124462,-0.0001545593142509
2017-05-19,AAPL,19.76118010124462,19.663585539995204,19.8499735511804,19.59991521302061,148093857,0.0013956015239442,19.471694491846105,20.866385567347,0.0281489402332384,43.06785746763658,19.930138118452174,0.8498448565602302
2017-05-22,AAPL,19.930138118452174,20.04928503621777,20.155518082779345,19.81297915382749,121004752,0.0085499963231909,19.62124958879543,20.727586173970348,0.0219046965761448,44.516414702226754,19.575059442867,-0.000156158208847
2017-05-23,AAPL,19.575059442867,19.537332821538065,19.575639556142093,19.40867135931179,136021854,-0.0178161673278334,19.657178209076708,20.618881263284443,0.0225985233832906,42.092521164134624,19.857232552263888,0.8498378425836562
2017-05-24,AAPL,19.857232552263888,19.849050201654865,20.053747857370126,19.79752997353614,54236884,0.0144149298866989,19.71116174092192,20.551217921892007,0.0230034644900555,44.67076360891691,19.557538639958054,0.5665091554323832
2017-05-25,AAPL,19.557538639958054,19.53419894289736,19.673922747309344,19.50104820435029,94862064,-0.0150924310080493,19.77361396205112,20.48363855155615,0.0225155853809925,42.50611460372247,19.332663431136485,-0.0001612342894077
2017-05-26,AAPL,19.332663431136485,19.364451416477777,19.42420529330507,19.310936146148617,94955806,-0.0114981344514449,19.678207441340597,20.42060653952042,0.0127737999505372,40.90440943029039,20.11344494804621,-0.000158978998661
2017-05-29,AAPL,20.11344494804621,20.220415685613844,20.31613206312484,20.0164479027747,72112009,0.0403866502766623,19.73246531913835,20.36422832129522,0.0205435368458278,48.20254930698875,19.51429250793691,-0.0001549616456031
2017-05-30,AAPL,19.51429250793691,19.548243503805185,19.60621900807608,19.4596622038528,141613849,-0.0297886533936346,19.697195662951533,20.28183019884484,0.0240136909028413,43.73864456912624,18.1694337374198,-0.0001583322882651
2017-05-31,AAPL,18.1694337374198,18.086670232607496,18.293358340380426,18.02199285637952,62565562,-0.0689166040721243,19.445666465661198,20.194724675183288,0.0342516039141538,35.73838821957909,19.121526686919736,-0.0001551926136016
2017-06-01,AAPL,19.121526686919736,19.04212702777713,19.14220419389055,19.010710919544792,48579501,0.0524008047393962,19.380876071954443,20.127241603037437,0.0419022658875302,43.60307388170889,20.76740657347661,-0.0001622334122657
2017-06-02,AAPL,20.76740657347661,20.742550182383475,20.83551874977784,20.60656443368214,68119026,0.0860747111621977,19.510900932127687,20.12742449166453,0.053809424402344,54.06824368670717,20.4920841374759,0.5665068219105402
2017-06-05,AAPL,20.4920841374759,20.475594165596,20.55154790501312,20.39705521329533,158753618,-0.0132574298589763,19.644407431773093,20.089246128891748,0.0536844760008839,52.319280152045145,19.21919724882808,-0.8501530960202217
2017-06-06,AAPL,19.21919724882808,19.11991368552122,19.29448751981944,19.020375184113835,53613613,-0.0621160288093861,19.62819797715761,20.022913010884217,0.0597962312891288,45.06188543501562,19.023135898964807,-0.000157456099987
2017-06-07,AAPL,19.023135898964807,19.06989519998099,19.15352818384813,19.0022440993269,109700299,-0.0102013287716909,19.47243954157455,19.96411244259992,0.0571985837408091,44.04835786847991,18.848651174746244,0.4248388037085532
2017-06-08,AAPL,18.848651174746244,18.78722414296785,18.87520451282094,18.767188196118017,61972164,-0.0091722376975742,19.377347922547308,19.8871343347,0.0563263136470952,43.11887008845011,18.738780662220726,0.4248438976705074
2017-06-09,AAPL,18.738780662220726,18.822728613526404,18.982339009866347,18.72777133204241,87399215,-0.0058290915093555,19.458683197518877,19.78899879211751,0.048658403107807,42.510568021100056,18.087555521940853,-0.0001553021371364
2017-06-12,AAPL,18.087555521940853,18.186347901501897,18.188945848595672,18.025953605654976,106221318,-0.0347528023310934,19.310973031093315,19.65858948874841,0.0456916857368785,38.9987107162746,18.43731287081554,-0.0001602351665496
2017-06-13,AAPL,18.43731287081554,18.423581486658264,18.4390158495568,18.343633085752984,42341231,0.0193369053352963,18.97810250214173,19.57699337042645,0.0255473024914465,41.78052792837661,18.757136350039875,0.2831757893164952
2017-06-14,AAPL,18.757136350039875,18.78183795905066,18.837631812673703,18.720595247616213,68944146,0.0173465342517773,18.730252818222304,19.49370088297027,0.0286401914429612,44.28264841743494,17.897525055583944,0.424842545390129
2017-06-15,AAPL,17.897525055583944,17.831378636760718,17.99543123171679,17.776193445519684,110418769,-0.0458284931353129,18.541442504901717,19.404270180051963,0.0242310947371951,39.383398448986405,18.313698274009216,-0.2834888016184171
2017-06-16,AAPL,18.313698274009216,18.34796373420056,18.36873434867668,18.312974519943563,41740115,0.023253115563899,18.4400942727652,19.323285550719504,0.0272645114951576,42.68928926042391,19.56883824277762,-0.4251551054418087
2017-06-19,AAPL,19.56883824277762,19.539591101933727,19.66307889522354,19.4775371294768,99386855,0.0685355819446746,18.542978139626825,19.31386009176994,0.0387339135405386,51.31331156067195,19.689045622951408,-0.0001590505242348
2017-06-20,AAPL,19.689045622951408,19.624825745402497,19.829179954863623,19.601720262442687,112432079,0.0061427959433491,18.678730276874067,19.2987309778602,0.0383868531301907,52.05739115633288,19.48226223063017,-0.0001590505242348
2017-06-21,AAPL,19.48226223063017,19.465351530289247,19.493880180847885,19.449494047611896,65838040,-0.0105024588942083,18.87797409240111,19.29319404574613,0.0348459820849065,50.624095953942735,19.401968450400283,-0.8501544430851936
2017-06-22,AAPL,19.401968450400283,19.37485916590553,19.580445196719698,19.374042206006447,59461302,-0.0041213786817656,19.015782032341782,19.31048457943258,0.0350585215663014,50.04787398306436,19.78532029989448,-0.5668225879470508
2017-06-23,AAPL,19.78532029989448,19.766020151083627,19.85015172559016,19.631932660525184,98853704,0.019758399797124,19.162665453749582,19.32587661939913,0.0351792554250055,52.809635693901846,18.761591776872084,-0.5668212408820789
2017-06-26,AAPL,18.761591776872084,18.815044296838103,18.89826549097462,18.640949360620816,126236371,-0.0517418220936183,19.28610355679075,19.30195141764995,0.0367290853091518,45.56472689192857,18.867655099872028,0.8498448565602302
2017-06-27,AAPL,18.867655099872028,18.823204361456543,18.88457461732296,18.72822364945397,41534711,0.0056532155832689,19.36524024619973,19.29352748457723,0.036053758220992,46.38539577193594,18.64712534794461,-0.8501558005809784
2017-06-28,AAPL,18.64712534794461,18.74418492201966,18.87266602970229,18.62970408886264,80533681,-0.0116882437568468,19.23356697550929,19.248414693638377,0.0227021278089539,44.87066075071798,19.74287758447661,0.4248410701751709
2017-06-29,AAPL,19.74287758447661,19.6643961141076,19.906167968340498,19.472119336084795,159937313,0.0587625285981563,19.24125725572718,19.2487226196722,0.0336926191911794,53.070915466735855,19.64186027921791,-0.2834894677003224
2017-06-30,AAPL,19.64186027921791,19.73705044636769,19.75051626376395,19.517084347165977,80282863,-0.0051166454751321,19.264056976954,19.244745292271308,0.0334501426032551,52.298586010184856,20.69385596621043,0.2831781273086866
2017-07-03,AAPL,20.69385596621043,20.630749393016853,20.71311958736901,20.55908511006278,79853732,0.0535588621463511,19.44861233635545,19.27020255386325,0.0385143489780805,58.99159967798687,19.98590300772775,-0.850154758989811
2017-07-04,AAPL,19.98590300772775,19.985842256626142,20.035290801634066,19.96688665534762,128521638,-0.0342107802257176,19.47726700890306,19.283897339358607,0.0414946863770724,53.54660425893712,20.374763431280755,-0.000156158208847
2017-07-05,AAPL,20.374763431280755,20.34480054173961,20.37643809049564,20.24367693279692,97626657,0.0194567352499732,19.707720102390017,19.301148368659167,0.0341527760991227,55.95158529249049,20.5911501934684,-0.000158978998661
2017-07-06,AAPL,20.5911501934684,20.569916887364087,20.73935025609871,20.425411577204468,86954693,0.0106203324969866,19.953933687189497,19.33560208710952,0.0340419878726136,57.27707628888246,20.047317000574203,-0.2834893604119619
2017-07-07,AAPL,20.047317000574203,20.09551218821797,20.16860575742968,19.952197601859016,134173380,-0.0264110157900118,20.15396106613658,19.35942387275744,0.0362111974016747,52.96345041389292,20.166970263730363,0.5665098751584688
2017-07-10,AAPL,20.166970263730363,20.257711150991742,20.338755132217205,20.083710285418093,43693505,0.0059685424814068,20.2145457346014,19.36120804994691,0.0294625776464842,53.78808047381944,20.938009074640416,-0.0001622334122657
2017-07-11,AAPL,20.938009074640416,21.01279072586825,21.17842679024236,20.83250356513773,125533401,0.0382327538954496,20.399709848233183,19.408665268837023,0.0318323149146233,58.80054747233677,20.736959873361133,-0.0001557134091854
2017-07-12,AAPL,20.736959873361133,20.711773404806387,20.885555446815303,20.53712293162024,85678839,-0.0096021164458652,20.405867549254715,19.49424947336841,0.0256466193007421,57.06250980774695,19.701116823403968,0.4248388037085532
2017-07-13,AAPL,19.701116823403968,19.712006924389712,19.8498939588736,19.688734513243148,146627084,-0.0499515385226654,20.365183808637035,19.513569144584547,0.02959197979377,49.02261167281585,19.6981202075756,-0.0001577258110046
2017-07-14,AAPL,19.6981202075756,19.651903815673982,19.75906688324219,19.625055866946507,126992659,-0.000152103855595,20.26852049096487,19.47792626572118,0.0281518734044837,49.00110232101607,19.169483464190225,-0.8501530960202217
2017-07-17,AAPL,19.169483464190225,19.112460942227784,19.21866144240133,18.99044812170352,152959088,-0.0268369132594726,20.06542524392513,19.433839576611657,0.0283644096942261,45.230800543654254,18.97670122698336,0.2831781273086866
2017-07-18,AAPL,18.97670122698336,18.91144219757066,19.01597499516042,18.89190707269491,55451235,-0.0100567257102673,19.912480133412156,19.425756375883505,0.0274283356741036,43.90410952432831,18.93754210008177,-0.0001575306057929
2017-07-19,AAPL,18.93754210008177,18.91268241131312,18.97734467802105,18.86867786906928,62701339,-0.002063537093892,19.73684753860521,19.422903249254063,0.0269352699249239,43.62420257311227,18.01510859121211,0.4248388037085532
2017-07-20,AAPL,18.01510859121211,18.028598608855244,18.07404097611744,17.980489675734713,148375738,-0.0487092519184778,19.31929032668688,19.395118496469596,0.0211460610786155,37.55101198156996,17.155743135424675,-0.5668255026141802
2017-07-21,AAPL,17.155743135424675,17.05734730601535,17.173155595698532,17.02706973629727,86847981,-0.0477024854685936,18.8076879355531,19.342350578909723,0.0225633107160593,32.94889393767963,17.423851556249623,0.8498448565602302
2017-07-24,AAPL,17.423851556249623,17.421428576151072,17.465484395957507,17.418420051645988,137867874,0.0156279106482617,18.482364325959622,19.32022711338669,0.0247133881560998,35.600657435539304,17.150918084846946,-0.8501530960202217
2017-07-25,AAPL,17.150918084846946,17.228921753024103,17.275511881438195,17.091865160033965,99967283,-0.0156643593135284,18.11847830842696,19.27734728718773,0.0236082881575577,34.12125977778348,15.860076984994723,-0.0001598820090293
2017-07-26,AAPL,15.860076984994723,15.913457772772222,15.945985331976097,15.817887055959863,45402913,-0.0752636735518372,17.64570595425617,19.180778641686224,0.0318328673707445,28.160881505074823,16.27583743423958,0.4248423106968402
2017-07-27,AAPL,16.27583743423958,16.24726435154362,16.29915471937818,16.169478913981425,48864717,0.0262142768687825,17.25986826957849,19.12672238764141,0.0373790875751386,32.264973993637355,16.42637593349011,0.8498448565602302
2017-07-28,AAPL,16.42637593349011,16.35753925487255,16.478625563638385,16.314930797142875,126033388,0.0092492014533052,16.90113024577968,19.063811642957443,0.0385640868501104,33.740987049828504,16.065347945342456,-0.425158017873764
2017-07-31,AAPL,16.065347945342456,16.087509946949968,16.1627818338869,15.917990096324496,51680484,-0.0219785538581026,16.622593010655443,18.947028633042937,0.0364511045906406,31.94321942789088,15.417980457757375,-0.8501558005809784
2017-08-01,AAPL,15.417980457757375,15.310790267335513,15.520131061547614,15.22697717789072,40586012,-0.0402958896245232,16.374341199560117,18.804659794203136,0.0354594862936925,28.96321296907577,15.842365497108029,-0.0001575306057929
2017-08-02,AAPL,15.842365497108029,15.895127898893822,15.988323226768664,15.716416045729842,66343574,0.0275253325500959,16.148414619682747,18.68332990308573,0.0373821361007579,33.35271114265612,16.026655116963923,-0.0001541197299957
2017-08-03,AAPL,16.026655116963923,16.01638583938951,16.047933677137486,15.97964284317992,149690617,0.0116327085048968,15.987805624270887,18.570819458637853,0.0384526467093683,35.22454595639063,17.279376949162266,-0.000155472010374
2017-08-04,AAPL,17.279376949162266,17.374308134801403,17.379537521771358,17.279050315750972,115180035,0.0781648961093797,16.190562762009105,18.487288013613448,0.0381049452520514,46.27119738855,17.527542393642616,-0.0001530736684799
2017-08-07,AAPL,17.527542393642616,17.43673401136022,17.560803487685742,17.35119817090101,126180333,0.0143619440220834,16.369377756209538,18.446153034172468,0.0376772212116954,48.15735793631299,17.756578879503824,-0.0001568734645843
2017-08-08,AAPL,17.756578879503824,17.80548828711629,17.82703853193333,17.64310913176967,118259776,0.0130672333129988,16.559406748497214,18.409117160160196,0.0376712826568036,49.90523889360545,17.669276634906574,-0.0001554176211357
2017-08-09,AAPL,17.669276634906574,17.663948879580804,17.722153188310806,17.65610622250492,107859900,-0.0049166140161166,16.788539418434944,18.37652220305892,0.0356188548540005,49.22398822083394,18.13254824484576,0.5665099824468295
2017-08-10,AAPL,18.13254824484576,18.11453987564556,18.26948502961644,18.027097806120384,70763672,0.0262190478711488,17.17633481659043,18.32284455840456,0.0263064802091711,52.89842826132995,18.49680191221311,-0.0001549512147903
2017-08-11,AAPL,18.49680191221311,18.420788742532807,18.52064617795872,18.333743034503406,91468116,0.0200883881542073,17.555540018748296,18.28467594617107,0.0262774402753998,55.61795196005734,19.235510893687334,-0.8501530960202217
2017-08-14,AAPL,19.235510893687334,19.269889439735667,19.3235183806893,19.211001042343128,105376808,0.0399371191290351,18.01394798685164,18.23606444375363,0.0264748048340342,60.587791324160825,18.93072599659309,0.2831766908367474
2017-08-15,AAPL,18.93072599659309,18.96912531129488,19.097661332384224,18.83278377427109,158562972,-0.0158449078258829,18.249854993627476,18.200891876715808,0.0187304016379666,57.716106422842095,18.683810995410973,0.283176672955354
2017-08-16,AAPL,18.683810995410973,18.783869966774727,18.87019588444427,18.64257950201109,147904630,-0.013043081455331,18.415036222451526,18.144526795520157,0.0211700918045873,55.42423581870198,18.418628426418024,0.849845091253519
2017-08-17,AAPL,18.418628426418024,18.474329136098373,18.481215360247347,18.416049439311287,128381407,-0.0141931733872753,18.509614729153554,18.072109403285136,0.0228173322752148,52.99050089392755,18.87343694902985,0.8498453259468078
2017-08-18,AAPL,18.87343694902985,18.839810410893747,18.898318179004004,18.70640814863865,137594126,0.0246928550857505,18.681637631171164,18.032980068233663,0.0233114426795827,56.51713208974318,19.75932358284535,-0.0001570105552673
2017-08-21,AAPL,19.75932358284535,19.69981664597812,19.8725007043226,19.640315260663726,136875154,0.0469382781847285,18.914034108028243,18.01939184553749,0.026811946776353,62.42943157696925,19.487389298051447,-0.5668208638827006
2017-08-22,AAPL,19.487389298051447,19.407384322103148,19.505265389701385,19.271934065193804,120128178,-0.0137623276249189,19.05554659171944,17.97103785298453,0.0282610300984932,59.74406538783717,19.242629784221187,-0.4251596853137016
2017-08-23,AAPL,19.242629784221187,19.32767591623791,19.427641679298304,19.128843964206887,139046198,-0.0125598924559244,19.05656357608142,17.921226850013195,0.0251064795032612,57.35279321932711,19.434453037539825,-0.0001568242907524
2017-08-24,AAPL,19.434453037539825,19.38908286279137,19.543519464103163,19.25229582070256,48794804,0.009968661013056,19.12852458193095,17.912338057151057,0.0242167406272966,58.746406810309495,19.30021434320513,-0.0001622334122657
2017-08-25,AAPL,19.30021434320513,19.385920604450217,19.42337696874185,19.238414312452747,42624991,-0.0069072535293582,19.216582203044403,17.89907452833871,0.0235999785889382,57.334427249925255,19.854333345659384,0.4248401559889316
2017-08-28,AAPL,19.854333345659384,19.885608211648663,20.02585961195749,19.77163248997074,93313226,0.0287105102876403,19.42168290579317,17.921902857721015,0.0233904900602875,61.45300815173759,18.583908480650265,0.5665069783727328
2017-08-29,AAPL,18.583908480650265,18.6023011355274,18.629130271047856,18.53941482088188,46562126,-0.0639872839289698,19.38032169602465,17.908809766176578,0.0355829645909824,49.62522980812994,18.11962168243892,0.8498453259468078
2017-08-30,AAPL,18.11962168243892,18.10294066924916,18.160401094817114,18.013412622165337,80728974,-0.0249832697300875,19.146078567395165,17.88154575225515,0.0289842866786349,46.13082447082191,17.69130404649107,0.8498401805758475
2017-08-31,AAPL,17.69130404649107,17.72636854262868,17.773169127143888,17.618344643649564,63803798,-0.023638332160266,18.8894949600294,17.870752267431115,0.029326599395628,43.114627544138166,16.468540045395034,-0.5668211023012797
2017-09-01,AAPL,16.468540045395034,16.467775702763102,16.594156786777308,16.375903580370363,154921857,-0.0691166687250824,18.49319642591137,17.84784549776346,0.0360867003265501,35.89847303721604,15.966178013455872,0.8498378425836562
2017-09-04,AAPL,15.966178013455872,15.948493238046296,15.993176599016726,15.903635109535164,118626111,-0.0305043452883143,17.997728565327954,17.799256379670336,0.0333581825621339,33.42338599440798,15.5029003671718,-0.2834923004110654
2017-09-05,AAPL,15.5029003671718,15.535270645759246,15.549615251264388,15.48837399126828,45036376,-0.0290161894658592,17.455255140180334,17.744322455747827,0.0321406167108753,31.281431038268707,15.407729089187294,0.2831765343745549
2017-09-06,AAPL,15.407729089187294,15.40107423942146,15.518400070226129,15.297965823696648,114873903,-0.0061389337304932,16.820025960684323,17.72924419255425,0.0228100764379117,30.844128863506626,15.970577285756807,0.8498443737626076
2017-09-07,AAPL,15.970577285756807,15.93232768390554,15.99318615912279,15.816715207911724,127895959,0.0365302500655015,16.4466929328424,17.71906885427149,0.0316838848924204,36.4980787009122,15.851699013919871,0.4248410701751709
2017-09-08,AAPL,15.851699013919871,15.880223834435148,15.966079173335125,15.817426378612248,79019626,-0.007443580135513,16.12270398019682,17.69991295695248,0.0320065324648994,35.831752588679166,15.351975300625323,0.8498413495719432
2017-09-11,AAPL,15.351975300625323,15.34902838201091,15.443645985030344,15.25173517023526,145930552,-0.0315249307254524,15.788514159358858,17.676133868795247,0.0323554673805808,33.09642076861316,15.330460430146251,-0.0001622334122657
2017-09-12,AAPL,15.330460430146251,15.352946076913716,15.416017568689591,15.276623268266915,156759851,-0.0014014398836477,15.62593135718046,17.67321653454154,0.0241722050078801,32.97969089677436,15.840715191048552,-0.8501558005809784
2017-09-13,AAPL,15.840715191048552,15.819146796790038,15.94462025002104,15.713909505787068,157680633,0.0332837205527709,15.608008096836558,17.673161524339555,0.0269827834913223,38.518056014763694,15.373785698973313,-0.0001622334122657
2017-09-14,AAPL,15.373785698973313,15.318019383506629,15.469448548177834,15.26661273397098,51172797,-0.0294765410806133,15.589563144236774,17.65139921040654,0.027063411345389,35.61746136176994,14.948895919827995,0.8498443737626076
2017-09-15,AAPL,14.948895919827995,15.026708240064488,15.04093491150092,14.8799496958563,93883036,-0.0276372903502676,15.524015548614017,17.573716509428728,0.0289158826729009,33.16967474216227,15.218572347219611,-0.0001538850367069
2017-09-18,AAPL,15.218572347219611,15.289184000162834,15.417446335374889,15.211152757457644,133206414,0.0180398892893434,15.416586271680131,17.496750841214627,0.0252082249348895,36.168143022502456,15.120442388297004,0.8498453259468078
2017-09-19,AAPL,15.120442388297004,15.160532047068218,15.300620088489955,15.094427881441543,93135881,-0.0064480397164544,15.312121039448297,17.408879624841067,0.0252054431168032,35.54322078687201,15.4270990978093,-0.0001575306057929
2017-09-20,AAPL,15.4270990978093,15.409150716185923,15.538215261894486,15.312265177225242,97705254,0.0202809350174597,15.322853010474574,17.33414037360449,0.0242022267269337,39.08529340516537,15.426901725951534,0.8498443737626076
2017-09-21,AAPL,15.426901725951534,15.413002798376056,15.512622720290262,15.3604417447546,79399892,-1.279384131225303e-05,15.336630338446758,17.243952156308016,0.0241854376809135,39.08380471905774,15.755493214151304,0.8498413495719432
2017-09-22,AAPL,15.755493214151304,15.820830966231975,15.893494657611257,15.750613849175116,90260103,0.0212999015639676,15.32445577031858,17.152575199705957,0.0218421230381206,42.97775023763607,15.288814232101842,-0.0001581713557243
2017-09-25,AAPL,15.288814232101842,15.272585306959524,15.345757305589578,15.254785369346104,123346215,-0.0296200808001554,15.31231698933694,17.021018644319774,0.0218738338571127,39.15006510585442,15.289434128708717,-0.0001538850367069
2017-09-26,AAPL,15.289434128708717,15.26041985715737,15.291063195889894,15.215529762124367,43067799,4.0545760937593656e-05,15.360965304891328,16.899642248723627,0.0183935433713131,39.15781655709205,15.202404411338822,-0.4251566655933857
2017-09-27,AAPL,15.202404411338822,15.287791817414693,15.346229121849596,15.118409479457815,135924349,-0.0056921477039153,15.358655599765502,16.78359536258789,0.0173988869426438,38.41788867541615,14.690713930115766,0.4248461261391639
2017-09-28,AAPL,14.690713930115766,14.688612672571445,14.755874525322266,14.650642077497894,127335956,-0.0336585231768605,15.297265820025329,16.65933154604448,0.0216051476472473,34.31255525727968,14.044266208520089,-0.0001602351665496
2017-09-29,AAPL,14.044266208520089,14.118774916770704,14.187852217025034,13.96611995846999,56638115,-0.0440038329430994,15.099718264412584,16.49835918802749,0.0232120329581075,29.957170854428227,14.341045526215357,0.5665068219105402
2017-10-02,AAPL,14.341045526215357,14.280882320051266,14.377073826256396,14.187805563009812,132589061,0.0211317069392507,14.944595950164556,16.317749919473155,0.0263601183844741,34.093244553854746,14.197341840661824,-0.0001622334122657
2017-10-03,AAPL,14.197341840661824,14.219412384414488,14.275719850549969,14.156583814523149,102568212,-0.0100204469256333,14.722002896808917,16.141415004226836,0.022527086646085,33.074792302272314,13.782166047870948,0.4248434215784072
2017-10-04,AAPL,13.782166047870948,13.867798060714726,13.928130003989544,13.706278245540243,78274899,-0.0292432060487403,14.506767441918791,15.959399546348497,0.0224854676900517,30.2621119889795,13.748323681869916,0.8498448565602302
2017-10-05,AAPL,13.748323681869916,13.749550750471956,13.803825882453287,13.732245287536823,94652501,-0.0024555186669122,14.286608806656105,15.769861901159498,0.0222349879464349,30.03787572874185,14.212082560528414,0.8498448565602302
2017-10-06,AAPL,14.212082560528414,14.200826399607031,14.31805762192854,14.155084702271331,102035544,0.0337320308562463,14.14513425654033,15.600257508403608,0.0289268823964517,36.93418633398132,13.293155022709604,0.4248438976705074
2017-10-09,AAPL,13.293155022709604,13.246585700903498,13.375911692287907,13.235140482536767,65264264,-0.064658190233919,13.945482984053736,15.381551564305282,0.0350229748935615,30.51547709726468,12.694425153777717,-0.8501552797853946
2017-10-10,AAPL,12.694425153777717,12.735644322463433,12.735746606851242,12.690207050546404,112773054,-0.0450404639010856,13.752648547661968,15.185235453409527,0.035174599726994,27.198799590802796,12.332861444324058,-0.0001622334122657
2017-10-11,AAPL,12.332861444324058,12.304367795511286,12.335123773224884,12.298096944887265,115506998,-0.0284820860396393,13.465765107391784,14.992343445472368,0.0318010958783387,25.4031976711683,12.924607864099595,0.8498446911573411
2017-10-12,AAPL,12.924607864099595,12.920931773742767,12.979146103527626,12.912655677191088,84117429,0.0479812752658368,13.283945967882897,14.833453572725984,0.0412539577234968,33.17841578256578,13.04871445444978,-0.8501530960202217
2017-10-13,AAPL,13.04871445444978,13.00038845122264,13.095579099835431,12.905473961086994,95263513,0.0096023486093463,13.179167168822726,14.71945938636114,0.0412539662519124,34.71532254214216,13.376035462493974,-0.2834884112079938
2017-10-16,AAPL,13.376035462493974,13.43851069464078,13.521321251241885,13.322403820730027,113869840,0.0250845406409037,13.125983137483306,14.633121301329078,0.0430392763127827,38.71866454440032,12.906918018740043,0.8498448565602302
2017-10-17,AAPL,12.906918018740043,12.951636048819797,12.973513712590282,12.787121520301778,100429625,-0.0350714862463786,12.939531060084969,14.546588556381352,0.0410324973955803,35.37093506382189,12.458439082232378,0.8498443737626076
2017-10-18,AAPL,12.458439082232378,12.45725859221038,12.459695989669854,12.408352771466388,92095247,-0.0347471747985461,12.820285925731076,14.448278889482856,0.0359976888259953,32.47967709983115,12.64439550781962,-0.425156144797802
2017-10-19,AAPL,12.64439550781962,12.600614960970148,12.684904440811096,12.534988618457838,154743598,0.0149261415783976,12.81313883345135,14.337406163551616,0.0329012790825078,34.857389284544226,12.672870400123289,-0.0001552373170852
2017-10-20,AAPL,12.672870400123289,12.731263453068353,12.796835414622931,12.656435723936053,145368382,0.002251977351235,12.861711541422668,14.231445209758398,0.0304413922193935,35.23349576228236,12.894826606949122,-0.0001530736684799
2017-10-23,AAPL,12.894826606949122,12.88067072843836,13.001088862180833,12.821556064510498,85554764,0.0175142804919454,12.857457076115455,14.149540253302524,0.0248106097239775,38.22735737538301,12.82602742392456,-0.0001530736684799
2017-10-24,AAPL,12.82602742392456,12.78350126113242,12.915203437496103,12.744617546451655,126221587,-0.0053354097051205,12.825644643183283,14.066059153095134,0.0244809713713745,37.64645121960749,12.938711039978712,-0.0001530736684799
2017-10-25,AAPL,12.938711039978712,12.87031243263354,12.98557627535552,12.780136382348642,137221201,0.0087855430469423,12.763169725681104,13.969325681392808,0.0221144719086528,39.2741260697625,13.004433041893552,-0.850154758989811
2017-10-26,AAPL,13.004433041893552,12.97923181097822,13.076466580891806,12.896465792453412,53259997,0.0050794860254448,12.77710044327446,13.890347259490149,0.0176218160143681,40.25373321210565,13.305617813845767,-0.8501530960202217
2017-10-27,AAPL,13.305617813845767,13.247553237098266,13.311649997324144,13.230528180143986,111015567,0.0231601616911674,12.89812597636209,13.835571322624071,0.0097719355347454,44.659562513873766,13.626153422723046,0.5665060515205065
2017-10-30,AAPL,13.626153422723046,13.60069346590306,13.676679855566254,13.54594156222815,135952382,0.0240902461923813,13.038377107062578,13.78249069180752,0.0111406750672982,48.97228003449772,13.0038432645915,-0.5668226967255275
2017-10-31,AAPL,13.0038432645915,13.032883788084892,13.153031951234327,12.92088774999388,46887331,-0.0456702738348577,13.085658944843752,13.711937387684005,0.0242614167692715,42.1108081031489,12.160071169084176,-0.4251539163291454
2017-11-01,AAPL,12.160071169084176,12.1463764909517,12.196941067613263,12.09405210031808,80500675,-0.0648863630804327,12.980693882291616,13.6030364567265,0.034437288540529,34.95882136122529,12.555438585641596,-0.850153650343418
2017-11-02,AAPL,12.555438585641596,12.568836244884938,12.641256198370096,12.546060452358848,135736349,0.0325135775161089,12.94203833396548,13.50732101871617,0.0377092646229544,40.09300131737025,13.042242005121397,-0.5668239350120227
2017-11-03,AAPL,13.042242005121397,13.01394028808046,13.070482362732228,12.930248064360882,152268210,0.038772314974047,12.956828471843004,13.416879311748508,0.0407729696647957,45.76930098783633,12.627949947675718,0.8498448565602302
2017-11-06,AAPL,12.627949947675718,12.630418802800271,12.638529041515088,12.566598639388529,159088689,-0.0317654017831439,12.903045172669028,13.328183835600967,0.0426250902428172,42.112227888179056,11.899539695575193,-0.8501553446054458
2017-11-07,AAPL,11.899539695575193,11.96811320232622,12.01603511127671,11.868013251270558,112404553,-0.0576823835316669,12.702176870058947,13.215187354496518,0.0451095130281178,36.578261160029705,11.943443867231816,-0.8501553446054458
2017-11-08,AAPL,11.943443867231816,11.930957495497536,12.039555129780783,11.87644728967828,45111519,0.0036895689060096,12.461789790703056,13.106555336359618,0.0427651978909084,37.114665303641935,12.312682664553332,0.2831748445828755
2017-11-09,AAPL,12.312682664553332,12.3268827375703,12.363900304137363,12.29884885478293,43309355,0.0309156053669381,12.363052562126176,13.02728762750754,0.0442363038846646,41.58906101704425,13.054262228409128,-0.8501539275050163
2017-11-10,AAPL,13.054262228409128,12.992951819549866,13.146721066754498,12.885410374368131,137337270,0.0602289187547007,12.49079414202974,12.99428749483717,0.0421383232641932,49.37926094994997,13.285455695510814,-0.0001575306057929
2017-11-13,AAPL,13.285455695510814,13.346041603136348,13.363697448126787,13.274025349127058,128123524,0.0177101902088772,12.595082300582488,12.95910116714702,0.041237786402807,51.54877117020162,13.129805681405552,-0.4251576647162437
2017-11-14,AAPL,13.129805681405552,13.111008790481778,13.226696858220974,13.08392898259942,63261017,-0.0117158204936739,12.607591397194508,12.923516628505146,0.0395086842868004,49.995239324024205,12.762545958725282,-0.0001622334122657
2017-11-15,AAPL,12.762545958725282,12.80276841068964,12.84654100119108,12.739090762712417,55688124,-0.0279714514892162,12.626819398773018,12.889529292200288,0.0389969771597488,46.438980652867166,12.772362294883331,-0.5668230439225833
2017-11-16,AAPL,12.772362294883331,12.76764238478826,12.79459889341368,12.662722470719382,57489903,0.000769151875323,12.751508341531322,12.8569972459674,0.0290299084531446,46.54842315569677,12.658307125553335,0.4248401559889316
2017-11-17,AAPL,12.658307125553335,12.68153180385559,12.7669535093335,12.574959003539776,145272097,-0.0089298413791226,12.853631664148685,12.805204731468232,0.0299033309995436,45.387968534193135,12.274128652439268,-0.000155472010374
2017-11-20,AAPL,12.274128652439268,12.298836931016186,12.383953773681917,12.273292166692046,131759720,-0.0303499092969964,12.848123948132386,12.771237185792556,0.0312577380565337,41.62381120098293,13.083299421161332,0.2831756969292958
2017-11-21,AAPL,13.083299421161332,13.06554118386516,13.130633308358275,13.048684203442267,153799636,0.0659249052731132,12.85227211852556,12.784199661372009,0.0331074861426769,50.86646841416346,13.86339092633842,0.4248388037085532
2017-11-22,AAPL,13.86339092633842,13.908803503660277,13.929339130671057,13.795067041905847,53632749,0.0596249829699184,12.934834294358073,12.835217310772489,0.0397953697289634,57.80286780688056,14.40080965189693,-0.0001602351665496
2017-11-23,AAPL,14.40080965189693,14.368019662231823,14.417295318516413,14.317696244611314,123430702,0.0387653156730574,13.116406290142558,12.884424037032398,0.0404567709716818,61.80352488271674,13.971285913928128,-0.8501530960202217
2017-11-24,AAPL,13.971285913928128,14.003892138158829,14.111733231777157,13.968332786636276,150842742,-0.0298263603471922,13.289083426600106,12.915176419015012,0.0407820815942731,57.14066128326489,14.380269840154924,-0.0001622334122657
2017-11-27,AAPL,14.380269840154924,14.36343606788541,14.456589896299796,14.251260429298728,103944733,0.0292731770537366,13.518784504496049,12.948650898270376,0.0406974208156731,60.2183586743659,14.694531540664476,0.8498401805758475
2017-11-28,AAPL,14.694531540664476,14.709941311568867,14.825270015220118,14.672978646809083,132884991,0.0218536720105224,13.80967370665478,13.00823801566786,0.0389557199825499,62.44968909970129,14.915713566356748,-0.8501558005809784
2017-11-29,AAPL,14.915713566356748,14.895040700478416,15.003873423054712,14.830471735278486,112247560,0.0150519957087567,14.187042980071569,13.090147165138667,0.0318908415002457,63.980974720334416,15.537373336301894,-0.2834918548663457
2017-11-30,AAPL,15.537373336301894,15.539702822432478,15.63306564073064,15.509423695851826,40841271,0.0416781783304913,14.537624967948789,13.186579759421411,0.0282822044950241,67.93842231074335,15.869996468840904,-0.0001602351665496
2017-12-01,AAPL,15.869996468840904,15.8188303130881,15.889595493755516,15.72987956742018,91462620,0.021407938480944,14.824282902592,13.293150628378664,0.0238752967813582,69.84736485849756,16.261773211099452,-0.8501558005809784
2017-12-04,AAPL,16.261773211099452,16.27385035772495,16.326653384033584,16.17924283558754,71363433,0.0246866307139865,15.090134839620932,13.405382181850344,0.0225627490876925,71.96467486666918,16.60582531662442,-0.0001541197299957
2017-12-05,AAPL,16.60582531662442,16.608026643029795,16.68301752828612,16.561174134387883,50029933,0.0211571088256312,15.466497611434688,13.53137544494034,0.0084955976305945,73.71054152390967,16.79450459904672,0.8498378425836562
2017-12-06,AAPL,16.79450459904672,16.767289765002538,16.805918533954475,16.69459890132064,111472469,0.0113622345667705,15.811388291276373,13.659901896909272,0.0096220849237901,74.64312120269432,15.885339313617164,0.4248423106968402
2017-12-07,AAPL,15.885339313617164,15.882716899863617,15.907352850940653,15.749265763568586,151461219,-0.0541346891221288,15.981503687412472,13.755932105966728,0.0305409911692939,63.0388944234856,15.934784154660049,-0.850154758989811
2017-12-08,AAPL,15.934784154660049,15.941190151870527,16.03028799330545,15.820273544593602,46467663,0.003112608428861,16.127085200027228,13.843570983993867,0.0306493619015191,63.37239589269694,15.663919507908846,0.8498378425836562
2017-12-11,AAPL,15.663919507908846,15.634955806097414,15.774429869879896,15.582175570563836,79502384,-0.0169983254321013,16.145163224542507,13.911496520166729,0.0284535217235868,60.16948318633238,15.056044650218334,0.5665099824468295
2017-12-12,AAPL,15.056044650218334,15.05022886562248,15.130593923135386,15.000394049520564,120356785,-0.0388073277179182,16.02888439331071,13.979903233020956,0.030467463933218,53.61984822320756,15.88659701088742,-0.8501530960202217
2017-12-13,AAPL,15.88659701088742,15.838672615511882,15.891586033444652,15.716460807404989,77541732,0.0551640473952128,15.97528779328042,14.104120761081068,0.0371991093561336,60.02293312779876,16.812274308604483,-0.0001530736684799
2017-12-14,AAPL,16.812274308604483,16.930585630521787,17.08152753951345,16.80692793584407,53981018,0.058267815132635,16.00478050642043,14.246015285179826,0.0433135901353134,65.70566045265127,17.599091417272728,-0.0001530736684799
2017-12-15,AAPL,17.599091417272728,17.655009995640956,17.67839556034604,17.595267509660243,62958973,0.0468001588735411,16.119721480452718,14.397910265584873,0.0464690556406897,69.65425515278756,17.758486731279827,0.8498448565602302
2017-12-18,AAPL,17.758486731279827,17.773035945433573,17.806852271458105,17.728562515905786,42957466,0.0090570194919641,16.387313968690243,14.568928158371676,0.0378000120956379,70.39783903728551,18.57571823789232,-0.0001575306057929
2017-12-19,AAPL,18.57571823789232,18.64103675634372,18.809095892822608,18.43305767736014,159088989,0.0460192086735082,16.764590266294853,14.79146744311558,0.0387056723773511,73.92561127485288,18.59063989483097,-0.0001596473157405
2017-12-20,AAPL,18.59063989483097,18.48025318466603,18.70596010713309,18.457337722681665,98979443,0.0008032882899899,17.1826931787123,15.01304064403555,0.0361569435729159,73.98656936972574,18.72090387997999,-0.4251530848443508
2017-12-21,AAPL,18.72090387997999,18.5772576503967,18.85938606301435,18.535076269008723,153107732,0.0070069661876048,17.706244497249678,15.226648017883106,0.025054307774391,74.54602400014612,18.0895812024266,0.8498411081731319
2017-12-22,AAPL,18.0895812024266,18.067912178171813,18.22764116957228,17.96024160743384,122280024,-0.0337228737245172,18.02095652461242,15.394491983683688,0.0326551388070602,67.02283847651225,18.32795686023756,-0.0001557134091854
2017-12-25,AAPL,18.32795686023756,18.252158067778524,18.418087515219923,18.226678480947484,81931884,0.0131775111398919,18.237482603417146,15.562575355841243,0.0277353778218949,68.32276772114815,18.37017251410639,-0.5668239171306292
2017-12-26,AAPL,18.37017251410639,18.35713306120067,18.409814438053186,18.31490502285765,153088882,0.0023033475138967,18.34763704582195,15.737254250264607,0.0233844385486306,68.55914033304836,17.657795958138017,0.8498453259468078
2017-12-27,AAPL,17.657795958138017,17.6686902871292,17.710362122143312,17.598272511259214,71200645,-0.038778980187657,18.33325264965884,15.900429250245033,0.0288272123033661,60.37243101241081,17.636686393223417,0.849841584265232
2017-12-28,AAPL,17.636686393223417,17.685385578800446,17.82028913992303,17.604200702927272,61676597,-0.001195481302686,18.19910524327756,16.062573386856368,0.0204458477670881,60.143246523333794,17.601059143554313,-0.0001561403274535
2017-12-29,AAPL,17.601059143554313,17.540955188429695,17.724960061832174,17.398081255272047,136644343,-0.0020200648168691,18.057736564523758,16.2273317874564,0.0202888781970187,59.73111590128312,18.57228608524132,-0.0001573488116264
2018-01-01,AAPL,18.57228608524132,18.594552251536733,18.652250040670285,18.546053193983745,106400545,0.0551800283020285,18.036505450989655,16.4372703685498,0.031269491172932,66.47538542583123,19.09737998470496,-0.8501545518636703
2018-01-02,AAPL,19.09737998470496,19.098204401018933,19.153250201111007,18.972039636847924,110581957,0.0282729814226216,18.180476705600853,16.637739720667923,0.0290669136885923,69.45403933938378,19.111760892554177,-0.4251574970781803
2018-01-03,AAPL,19.111760892554177,19.13168543707231,19.170779730833704,19.05002569864353,156134565,0.000753030408398,18.292448710217517,16.81268538620845,0.0290869580404827,69.53387693669312,19.26265226150609,0.8498448565602302
2018-01-04,AAPL,19.26265226150609,19.232615702478142,19.32212751408752,19.20906785313252,73620372,0.007895210169289,18.4199458169889,16.974746806528756,0.0290337402268603,70.40784007285444,19.29548842745304,-0.4251573339104652
2018-01-05,AAPL,19.29548842745304,19.37555323170747,19.49817937093407,19.278606762264392,148146007,0.0017046544526251,18.653901884033903,17.15222022364625,0.021382004847336,70.60545303137303,19.19083770133492,-0.0001561403274535
2018-01-08,AAPL,19.19083770133492,19.18487844831682,19.19279190579943,19.091826756028706,149299595,-0.0054235852340085,18.875923499478404,17.312572485685585,0.021901327565263,69.02344076315333,18.61987106590056,-0.0001602351665496
2018-01-09,AAPL,18.61987106590056,18.71897619864772,18.77442586902012,18.574916452560345,131134161,-0.0297520433615384,19.02146805981358,17.443417136526786,0.0268748049713328,60.99356559810163,18.54674002272308,0.8498453259468078
2018-01-10,AAPL,18.54674002272308,18.502762624092817,18.690833646761742,18.46690849506446,58866639,-0.0039275805357968,19.017818622310976,17.564451351739002,0.0172972128009333,60.03027298892528,18.168498474981835,-0.8501564688980578
2018-01-11,AAPL,18.168498474981835,18.208986647161304,18.28930168588852,18.02656689741077,50790914,-0.0203939639676746,18.885121263779094,17.65215552302833,0.0133336878786672,55.17648930905536,17.54509555413975,-0.0001605093479156
2018-01-12,AAPL,17.54509555413975,17.541954886560735,17.618709835777434,17.466226868942297,54445361,-0.0343122972820519,18.661311929719893,17.707992159204956,0.016204300544207,48.25169389780911,17.812862733169222,-0.8501530960202217
2018-01-15,AAPL,17.812862733169222,17.795348641129454,17.849338323684115,17.686890882048495,124255328,0.0152616540732544,18.45419913995749,17.75969514327395,0.0178677718156675,51.091016336998806,18.02091318835308,0.8498443737626076
2018-01-16,AAPL,18.02091318835308,18.05509788792777,18.067937773743424,17.99242363575016,87999206,0.0116797877073655,18.27211696294321,17.80686473899824,0.0193814619080907,53.23790038655733,17.13750647277709,-0.000157456099987
2018-01-17,AAPL,17.13750647277709,17.122125210468806,17.168767214659923,17.096576743486164,158470526,-0.0490211958929437,17.97878393029209,17.818298134789252,0.0242316386751037,44.33821139038756,17.08243269934021,-0.0001596473157405
2018-01-18,AAPL,17.08243269934021,16.94601416818031,17.095326938937482,16.861054418622633,40753561,-0.0032136398328639,17.759149877926323,17.858201247646686,0.0237527529623003,43.84611088681472,17.587680894892607,0.5665098215142885
2018-01-19,AAPL,17.587680894892607,17.426074653372023,17.60559830421149,17.387909743199792,84795103,0.029577063433823,17.6221414310934,17.91329780565444,0.0285411558159833,49.39508801276723,18.14694238298999,0.8498453259468078
2018-01-22,AAPL,18.14694238298999,18.21621409787853,18.234445640178738,18.126322436821845,71695488,0.0317984782325559,17.619061989380278,17.996065234823806,0.0312131724763393,54.72792513825893,18.71247281474128,0.2831765343745549
2018-01-23,AAPL,18.71247281474128,18.781536348585817,18.82668431785209,18.698319052172163,145788280,0.0311639514699395,17.785830169466212,18.117946173641243,0.0288498209587904,59.38850902287158,18.741694545163053,-0.2834869687755902
2018-01-24,AAPL,18.741694545163053,18.847810447714977,18.84926693693786,18.7316109801172,54542353,0.0015616177888981,17.918520428322473,18.21311609145043,0.0288669410819277,59.61982877583469,18.29390147328187,-0.8501571372151374
2018-01-25,AAPL,18.29390147328187,18.29293949314065,18.42201870765764,18.19138240055548,88977020,-0.0238928806998804,17.95751875474087,18.262503663606346,0.0310851044429728,54.49718691406246,17.73064117119801,-0.2834884588917096
2018-01-26,AAPL,17.73064117119801,17.661883439679126,17.74951365219116,17.61887619013705,144001054,-0.0307895121719388,18.04225228308672,18.266888655403854,0.0264622670615945,48.815498003718034,17.91958446024036,-0.2834903513391812
2018-01-29,AAPL,17.91958446024036,17.897028155920747,17.974448164047566,17.75692674234804,156558880,0.0106563145245572,18.161845391786738,18.27225857970253,0.0262481164797329,50.67327119770461,18.1263577089242,0.8498378425836562
2018-01-30,AAPL,18.1263577089242,18.12697896348046,18.22857932478259,18.10520411059924,149960799,0.0115389533246501,18.23879922236268,18.2572798954036,0.0245075449074679,52.69672361377658,18.819737858862048,-0.5668243909875551
2018-01-31,AAPL,18.819737858862048,18.762881272677348,18.83235730728929,18.720908799971177,118430964,0.0382525911201938,18.33491286177297,18.26491649420463,0.0257902053092068,58.80008073557104,19.447189625689138,-0.8501549974083901
2018-02-01,AAPL,19.447189625689138,19.543370061438512,19.606782775053848,19.39802965070356,51580057,0.0333400906820615,18.43987240619409,18.289126019061605,0.0261615794808213,63.40190157026429,19.3783919595084,-0.0001622334122657
2018-02-02,AAPL,19.3783919595084,19.50858585329695,19.61930871691064,19.3128386632354,89327818,-0.0035376662389232,18.530829179672,18.332086377631,0.0263697451976256,62.57657997760517,18.69465882427812,-0.0001563817262649
2018-02-05,AAPL,18.69465882427812,18.721482707845283,18.809291125650507,18.557397983351606,97485488,-0.0352832751375322,18.588080229814324,18.34430977643235,0.0287037691273292,54.92442050555076,18.52555217905621,-0.850154758989811
2018-02-06,AAPL,18.52555217905621,18.524948408337256,18.551704147288213,18.4211616304792,101685633,-0.0090457197861402,18.70163894522264,18.349489098597346,0.0253624538286377,53.191907578200016,18.65126449528089,-0.2834912528594335
2018-02-07,AAPL,18.65126449528089,18.57880618039635,18.781955945075488,18.577037056734927,45967450,0.0067858876760933,18.806164664514142,18.382604716502104,0.0253003854171339,54.34483703493244,18.55054064974671,-0.4251551054418087
2018-02-08,AAPL,18.55054064974671,18.63660220430508,18.723042540396584,18.498619303062952,121044048,-0.0054003762350625,18.86676222748879,18.413066525052884,0.02549248318415,53.21388059744295,18.25719079707365,0.8498448565602302
2018-02-09,AAPL,18.25719079707365,18.261370241088013,18.30345564999784,18.16098590547665,87409086,-0.0158135473359944,18.786398361519016,18.4349375801702,0.0210409317817211,49.953334607555696,18.39515485958888,-0.0001602351665496
2018-02-12,AAPL,18.39515485958888,18.379197187922948,18.40324766417102,18.37916260936157,53045984,0.0075566971966654,18.63610768064755,18.42903320598178,0.0146833148040269,51.45970776849405,18.14672502087041,-0.4251566655933857
2018-02-13,AAPL,18.14672502087041,18.17292022249344,18.17394512735805,18.07718257218669,149845745,-0.0135051778913931,18.460155260842125,18.397344707187298,0.0146821542579036,48.62172192181399,17.841532524677053,0.8498453259468078
2018-02-14,AAPL,17.841532524677053,17.810182550793435,17.954949729296548,17.774528015553173,82826055,-0.0168180482066244,18.33828007518483,18.35500376159139,0.0101979893474705,45.31541157793702,18.0030087694693,-0.0001575306057929
2018-02-15,AAPL,18.0030087694693,18.010941354558486,18.067882569507027,17.929915923538378,67864263,0.0090505815332233,18.263631016672413,18.313015645190163,0.0116646121570671,47.35521406908574,17.81347431263349,-0.850154758989811
2018-02-16,AAPL,17.81347431263349,17.736388274050395,17.837469810661386,17.663183454281253,99086704,-0.0105279322619248,18.143946704865645,18.26361517469618,0.0107944528850721,45.22292520797338,17.938940075898234,-0.2834883024295171
2018-02-19,AAPL,17.938940075898234,17.997443651734063,18.07985857730326,17.876677349586625,154068133,0.0070433067161841,18.05657519431586,18.22188525384829,0.0119656626065929,46.92656270726975,18.07778128253821,-0.8501551166176795
2018-02-20,AAPL,18.07778128253821,18.072118722642813,18.18225142298036,17.970925428517383,138961186,0.0077396549658201,18.030945263667935,18.20381559440288,0.0116319535811308,48.82338961578214,17.548114009570728,-0.0001559056341647
2018-02-21,AAPL,17.548114009570728,17.60911831842111,17.610364468537643,17.469287825392538,51990765,-0.029299351767194,17.90993942795106,18.17052806063113,0.0148294947313511,42.5724089538848,17.328135428328554,-0.56682065675656
2018-02-22,AAPL,17.328135428328554,17.317679483541028,17.337821554405103,17.161761196186845,122407657,-0.0125357392322729,17.792998057587937,18.142515959076025,0.0147588004338107,40.2665808790855,18.019506261632458,-0.000158978998661
2018-02-23,AAPL,18.019506261632458,18.01214350711666,18.0930600131386,17.88396875600351,119777385,0.0398987436451834,17.818422877152994,18.158329649325783,0.0219518472739505,49.520560920665545,17.45358621676622,-0.0001622334122657
2018-02-26,AAPL,17.45358621676622,17.390108356495872,17.52937687418723,17.350740067730275,146316950,-0.0314059684349514,17.739933941052556,18.14635376544568,0.0248103539562416,43.5703671384145,16.44395851725376,-0.0001559056341647
2018-02-27,AAPL,16.44395851725376,16.481438753696274,16.540812685218345,16.382406767637807,155882266,-0.0578464326456069,17.54428882742688,18.09378860974237,0.0321858763494348,35.39850030112301,15.562119440075024,-0.8501530960202217
2018-02-28,AAPL,15.562119440075024,15.521229662150333,15.663555337197495,15.477170033857371,129500490,-0.0536269339437622,17.20474302230928,18.0412757086523,0.0346206560998835,30.090070972816505,15.582377733752972,-0.8501558005809784
2018-03-01,AAPL,15.582377733752972,15.559638882280955,15.586855849775509,15.475472177959428,118498428,0.0013017695793915,16.848256801054244,17.99127387646606,0.0338508329181813,30.348481363674185,15.603145733279714,-0.4251566655933857
2018-03-02,AAPL,15.603145733279714,15.60319475147088,15.64978827897332,15.577448016270225,82436470,0.0013327875810478,16.57040419015553,17.925122704412296,0.0344978025178372,30.63156157796557,15.555535821589752,-0.8501530960202217
2018-03-05,AAPL,15.555535821589752,15.561192942985222,15.599972139588472,15.452181519223812,147880474,-0.0030513021222646,16.31717567490713,17.83874248569896,0.0348467998531838,30.32726326743017,16.114809035350312,-0.5668231422702471
2018-03-06,AAPL,16.114809035350312,16.032328756188097,16.155256502645607,15.963305464446126,153167028,0.0359533236382856,16.045076071152533,17.75215369305259,0.0338323039823263,38.10570099525335,14.907128899963451,-0.5668246115247408
2018-03-07,AAPL,14.907128899963451,14.89680694160036,14.95337651545329,14.83879348268214,158923656,-0.0749422554581706,15.681296454466423,17.6243348382126,0.0406032694279819,30.25168666086762,15.098955410565342,0.8498425140976905
2018-03-08,AAPL,15.098955410565342,15.13497684740265,15.230374903745451,15.036593558043885,154558161,0.0128681057156727,15.48915315351094,17.517836636122055,0.0388268614049386,32.62704279424527,15.849921734147024,-0.0001575306057929
2018-03-09,AAPL,15.849921734147024,15.83193184943826,15.88333988277878,15.773639118947482,117021212,0.0497363097751915,15.530267766949796,17.455145988220355,0.039757955371082,41.085884573959554,15.301254679653786,-0.4251596853137016
2018-03-12,AAPL,15.301254679653786,15.290938646236317,15.389292521715028,15.211983604221182,154755507,-0.0346163888816681,15.490107330649913,17.36786832886747,0.0422976378117845,37.39204822077938,15.123220235067103,-0.425158017873764
2018-03-13,AAPL,15.123220235067103,15.130588542490312,15.145148749011735,15.058102849312004,133871661,-0.0116352840544126,15.421546545190967,17.267763746405567,0.0424204992893636,36.253084713112585,14.776209951152223,-0.5668231422702471
2018-03-14,AAPL,14.776209951152223,14.770626297761666,14.857534346761584,14.739567602219868,68823219,-0.0229455286983288,15.310214277985606,17.132979482815237,0.0430341531083946,34.07445950172381,14.374460799814583,-0.850154758989811
2018-03-15,AAPL,14.374460799814583,14.330021485736568,14.409937730951242,14.274932578427798,43838223,-0.0271889173655327,15.0615931014805,16.963888521952754,0.0390860997106639,31.699341936417497,14.233991406791796,-0.5668241555492083
2018-03-16,AAPL,14.233991406791796,14.23243935555596,14.296064328500083,14.19161543438296,157681056,-0.0097721504116939,14.96543060245598,16.79240850352887,0.0290493865030702,30.888630661785754,14.87968989447782,0.2831756328543027
2018-03-19,AAPL,14.87968989447782,14.924064395984145,14.934947350734678,14.81534847402144,91277245,0.0453631359773005,14.93410695730062,16.665242872535522,0.034662533051905,38.655156253678456,15.77048179174207,-0.0001622334122657
2018-03-20,AAPL,15.77048179174207,15.720749138333192,15.865294080469528,15.666272500280956,144817232,0.0598662944981696,14.922758394099912,16.573407192958385,0.0372750312462882,47.43185347897252,15.605816940375009,-0.000158978998661
2018-03-21,AAPL,15.605816940375009,15.588284652930604,15.702114575265854,15.569191204337107,74591842,-0.0104413329625278,14.966267288488655,16.47189227446152,0.0345693022392068,46.118335539638,16.58872189570019,-0.0001559056341647
2018-03-22,AAPL,16.58872189570019,16.519963402314747,16.67397860844886,16.444163210289325,83275019,0.0629832426639729,15.1756246685791,16.406498315993307,0.0402299880156988,54.26070302580398,16.6147965899435,-0.8501530960202217
2018-03-23,AAPL,16.6147965899435,16.661719198806022,16.75899058022799,16.565003596395478,138902240,0.0015718326226246,15.43827990269214,16.3517518424223,0.0374505780122892,54.4573198443601,17.58043876077148,-0.8501530960202217
2018-03-26,AAPL,17.58043876077148,17.575567667373374,17.60100224453759,17.498263665383536,103046194,0.058119409744231,15.896276754257409,16.324594639128385,0.0342328814662062,61.1224908216929,17.533610148423417,-0.0001553021371364
2018-03-27,AAPL,17.533610148423417,17.488888941651485,17.609630013841752,17.387376116903702,121309361,-0.0026636771121181,16.367650860204783,16.30415747671349,0.0329492159294408,60.65886593037333,17.61438388496711,-0.0001530736684799
2018-03-28,AAPL,17.61438388496711,17.619259490068007,17.654814466734763,17.541366672192236,78422023,0.004606794371492,16.758321430274684,16.29658585538982,0.0335193440126786,61.20547856702446,17.823844626655195,-0.4251566655933857
2018-03-29,AAPL,17.823844626655195,17.75948627698648,17.946646113580773,17.655845269812858,113729706,0.0118914600167676,17.051658978119413,16.29061371729602,0.0298762234813921,62.65454306683628,19.663130822371567,0.8498443737626076
2018-03-30,AAPL,19.663130822371567,19.60216554885324,19.694140886310656,19.568321256418137,98431001,0.1031924500152878,17.631275246976067,16.352268934287288,0.0407380149347992,72.40257988349747,20.234620429976136,-0.8501539275050163
2018-04-02,AAPL,20.234620429976136,20.14598468671524,20.265493190220507,20.13048955570848,151787042,0.0290640189889985,18.15211789472977,16.42879161275655,0.0387168811608876,74.6193742906103,19.77458118735164,-0.425159016996622
2018-04-03,AAPL,19.77458118735164,19.71129584942545,19.87626867338913,19.612204898264384,50664136,-0.0227352543733897,18.60351569435951,16.485351609583667,0.0425306384489195,69.76152409371568,20.42210127353916,-0.0001549512147903
2018-04-04,AAPL,20.42210127353916,20.505260330347635,20.516675107344515,20.39180064507272,128394783,0.0327450720727118,19.009467481897747,16.58115118504928,0.0403550626610965,72.4774859467153,20.188677341475422,-0.8501571372151374
2018-04-05,AAPL,20.188677341475422,20.14427527314527,20.290409503291656,20.128355661508213,154460952,-0.0114299664337764,19.388762795190893,16.676502582154175,0.0413818314757254,70.03541491006926,19.879845371942952,-0.0001588828861713
2018-04-06,AAPL,19.879845371942952,19.90765082198343,19.94958458286013,19.85932048737738,145938537,-0.0152972859147145,19.71240015047315,16.738513885831193,0.0433374323551133,66.8271539113579,20.47220370164226,-0.8501571372151374
2018-04-09,AAPL,20.47220370164226,20.420840902566333,20.60699443596317,20.35704864599818,52091764,0.0297969284275883,20.09073716118559,16.839134468660394,0.0434310420821206,69.69474282024146,20.500719154139134,-0.0001553021371364
2018-04-10,AAPL,20.500719154139134,20.547432118169084,20.726143752703425,20.29769943696776,159827140,0.0013928863210064,20.210392637152385,16.974359823223235,0.0238660249965169,69.82994717500586,20.687067379856664,-0.2834934224685033
2018-04-11,AAPL,20.687067379856664,20.62338749738509,20.81215012564312,20.59112013111056,81642105,0.0090898384742716,20.275027915706747,17.14519142121596,0.0217826142507011,70.74839006691009,20.70416978097078,-0.0001612342894077
2018-04-12,AAPL,20.70416978097078,20.706606326000383,20.740479109018768,20.656623764914222,140075834,0.0008267194571409,20.40782628622377,17.31591782278989,0.0186759880600568,70.83613814810977,20.92049282445325,-0.8501530960202217
2018-04-13,AAPL,20.92049282445325,20.923809850799884,20.93031319365237,20.79870322086387,115632839,0.0104482838853694,20.479025079211493,17.493162725829002,0.0150491765382469,71.98104503543279,21.190857943608847,-0.8501539275050163
2018-04-16,AAPL,21.190857943608847,21.33884252022262,21.345738606341733,21.041957159610995,156764650,0.012923458420615,20.622193736659124,17.681006796562976,0.0137704925857245,73.38724637947547,20.042460255457947,-0.0001578480005264
2018-04-17,AAPL,20.042460255457947,20.08036607679308,20.092738663030683,20.01057956385968,80977144,-0.0541930718995384,20.645424434304125,17.811928503899896,0.0263662202764387,59.68511974143987,20.45858913351161,-0.0001600638031959
2018-04-18,AAPL,20.45858913351161,20.42219919463729,20.530432964389416,20.313104436951416,112942617,0.0207623651363031,20.643479495999745,17.996977178351504,0.0249304787921625,62.422972196811706,19.870360678636064,-0.2834908147652943
2018-04-19,AAPL,19.870360678636064,19.91119718860685,19.955348241787384,19.852747068405584,121904353,-0.0287521515309192,20.55342828521359,18.156024020620524,0.0271872253219929,56.57418489143367,19.02748503571331,-0.8501552797853946
2018-04-20,AAPL,19.02748503571331,19.149537283936013,19.18567691597629,18.914277072764307,58532330,-0.0424187389728153,20.31634509319312,18.261942797339405,0.0298533719576294,49.4276789329296,19.0006596441794,-0.8501571372151374
2018-04-23,AAPL,19.0006596441794,18.90776716208191,19.03132291193916,18.9059483714493,133050234,-0.0014098232889716,20.072986502222918,18.38525629615692,0.0297112601142485,49.21460188076877,19.05656499115532,-0.0001538850367069
2018-04-24,AAPL,19.05656499115532,19.00840054976104,19.17806602935619,18.95631782893628,139420699,0.0029422845323712,19.80671109746607,18.51636778802653,0.0288985842064707,49.70125062933513,18.67795839474289,-0.0001575306057929
2018-04-25,AAPL,18.67795839474289,18.66468410648409,18.697630723588603,18.623733090305283,55154220,-0.0198675152939761,19.44772544762808,18.646426069479556,0.0265841533365046,46.454673855276255,19.14869174792262,-0.0001602351665496
2018-04-26,AAPL,19.14869174792262,19.124731666242933,19.19205017630557,19.02458980947976,61521244,0.025202612792639,19.32004423226589,18.805567101083152,0.0252547523920698,50.76129310389952,18.410982913970663,0.4248378045856952
2018-04-27,AAPL,18.410982913970663,18.39260378030828,18.49264315087491,18.38982284558279,99378878,-0.0385252864092915,19.02752905804575,18.944800151322447,0.0246314017735852,44.69444459657529,18.193496155450283,-0.5668239171306292
2018-04-30,AAPL,18.193496155450283,18.122310521320628,18.193553109435204,18.06340847698621,61849203,-0.0118128814488956,18.78797698330493,19.055260360021528,0.0238389438749279,43.0604828358134,17.88621311286719,-0.8501552797853946
2018-05-01,AAPL,17.88621311286719,17.961547484391875,18.095856130543165,17.784604547610698,49203739,-0.0168897192687751,18.62493813718405,19.12578473739237,0.0201207092864493,40.79141454439857,17.8686812688866,0.8498448565602302
2018-05-02,AAPL,17.8686812688866,17.792420850036933,17.880610101956307,17.78679882622943,46277683,-0.0009801875819077,18.46322694071365,19.201213548342757,0.0201470174159063,40.65976866765836,18.02060498954213,-0.0001569032669067
2018-05-03,AAPL,18.02060498954213,18.00978112167397,18.118762072337724,17.880711556055253,74353530,0.0085022346288117,18.315232654768916,19.248942984804152,0.0207759155523875,42.3947051261737,17.517431838094595,-0.2834893604119619
2018-05-04,AAPL,17.517431838094595,17.57239263641068,17.645207635397195,17.475609556845868,98902220,-0.0279221009360972,18.149443146676298,19.279030826409187,0.0217576253506785,38.391181701560576,17.894252973063207,0.2831758191188176
2018-05-07,AAPL,17.894252973063207,17.892632566654036,17.990475611265854,17.872977363566207,45283732,0.0215112088604878,17.970237607410667,19.289491300152243,0.0208172211196911,42.7513054895572,17.93399275192536,-0.850154758989811
2018-05-08,AAPL,17.93399275192536,17.881299408253824,18.03269258089289,17.84713648784196,56504034,0.0022208123983702,17.902096155689907,19.302837386935646,0.0166002543254599,43.20778326449496,17.008585346175543,-0.000158941745758
2018-05-09,AAPL,17.008585346175543,16.939768151158308,17.10091031418,16.89910011015447,113396450,-0.0516007460553069,17.732823182936375,19.28264410230926,0.0247047149887239,36.007643068762086,16.061038420901912,0.2831771825750669
2018-05-10,AAPL,16.061038420901912,16.049956343129377,16.10629729439171,16.028642958468662,78231638,-0.0557099197839338,17.472083941227048,19.22388389545081,0.0303926493032053,30.418239353614865,16.06138444044194,0.8498448565602302
2018-05-11,AAPL,16.06138444044194,16.024907611772225,16.137672076005703,15.94520536565104,140852118,2.154403289256201e-05,17.21389868002067,19.10382568271983,0.0304711195966986,30.422486764425315,15.961966360167056,0.2831759800513585
2018-05-14,AAPL,15.961966360167056,15.971794035512527,16.04092000635199,15.899611530647745,43646625,-0.0061898823631015,16.9198074472528,18.961403880392854,0.0290799277841816,29.85852885471733,15.919938223034562,-0.2834897031386693
2018-05-15,AAPL,15.919938223034562,15.853005175951452,15.994690953332132,15.79600559652974,153839073,-0.0026330175232905,16.691594073672796,18.83291578158229,0.029040179322915,29.608649696441475,15.91351130181385,-0.8501552797853946
2018-05-16,AAPL,15.91351130181385,15.95232606197707,16.01902060097445,15.857834730889792,122035923,-0.000403702648256,16.40863097778003,18.682629449191445,0.0256592591210866,29.56789950802909,16.02092032629064,-0.8501530960202217
2018-05-17,AAPL,16.02092032629064,16.026473955403716,16.049534619989913,15.933225005192604,138649113,0.0067495490115085,16.135334916975072,18.543704215351955,0.0262550597307623,31.27036200896885,16.45231795506916,-0.8501558005809784
2018-05-18,AAPL,16.45231795506916,16.461687701227152,16.494857319412944,16.413634150819107,97362857,0.0269271440087364,16.055868146817016,18.42945330145616,0.0251005616512417,37.77595404881141,15.955683030708029,-0.2834876661499341
2018-05-21,AAPL,15.955683030708029,16.024663123597563,16.060990998134866,15.89257552115769,40077805,-0.0301863193817082,16.04081737678932,18.278902612425014,0.0169439608923774,33.808492209931615,15.43911555817538,-0.2834902872641881
2018-05-22,AAPL,15.43911555817538,15.418838032304745,15.44038916961099,15.29634902630815,146228518,-0.0323751400387229,15.951921822179813,18.11018249255956,0.0206877775222423,30.249771559301223,14.964357553948018,0.8498453259468078
2018-05-23,AAPL,14.964357553948018,14.93177341233218,15.00736951474349,14.908944946646631,108162908,-0.0307503368595467,15.809406278434237,17.919425498362603,0.0228092153645985,27.3956073731366,15.097750402711146,-0.0001559056341647
2018-05-24,AAPL,15.097750402711146,15.072940407089751,15.09803352154402,15.009546111401724,44454552,0.0089140377916148,15.691950875530887,17.73254485242062,0.0237409829447077,29.41090594270153,15.656848482448938,-0.8501539275050163
2018-05-25,AAPL,15.656848482448938,15.647805404465323,15.721068763720377,15.540057880270288,59999215,0.0370318799042665,15.655284758478755,17.557090041020476,0.0291536845572448,37.27031259012517,15.465446340182016,-0.0001559056341647
2018-05-28,AAPL,15.465446340182016,15.46122590208431,15.570075499904274,15.382490437293942,64724882,-0.0122248192208974,15.575931331891812,17.36624298757291,0.0290914331129477,35.80075108641117,14.384000621716432,0.2831726928551991
2018-05-29,AAPL,14.384000621716432,14.348154351437218,14.458277045401122,14.219077333116529,85089629,-0.0699265766197638,15.280457427127136,17.177627666448195,0.0341529650072271,28.873424766019863,13.650282359272037,0.849845091253519
2018-05-30,AAPL,13.650282359272037,13.567435304449694,13.742938765610951,13.526012197165551,93085485,-0.0510093319473758,14.951114474064852,16.950684107306877,0.0361865338497035,25.29698036161345,13.298070426467282,-0.8501571372151374
2018-05-31,AAPL,13.298070426467282,13.27569260639347,13.298071933842774,13.211099133095791,91350273,-0.0258025382577901,14.645250883820838,16.73160776556792,0.0359410705992109,23.77459128854009,13.069386972119611,0.8498448565602302
2018-06-01,AAPL,13.069386972119611,13.083495074745226,13.0902163113908,13.034217465228302,144179050,-0.017196739603102,14.374540800702494,16.53300449678146,0.0356632378432156,22.81456202359017,12.907505089420482,-0.0001602351665496
2018-06-04,AAPL,12.907505089420482,12.91278135376481,12.984184499136784,12.90712485616348,153152890,-0.0123863409235999,14.061648613089544,16.329899344956164,0.0337833430001445,22.13322148641565,12.92814469611197,-0.0001602351665496
2018-06-05,AAPL,12.92814469611197,12.9746687373823,13.074532162898628,12.804101122998755,121449194,0.001599039206144,13.671833786469977,16.12561866845472,0.0250527607818765,22.45121258120598,12.811957125020722,-0.4251551054418087
2018-06-06,AAPL,12.811957125020722,12.887117954300178,12.961079316926424,12.787218193876704,116048647,-0.0089871805910549,13.292763898589792,15.930085292797312,0.025392270276576,21.90880667166435,13.223729274456195,-0.5668226967255275
2018-06-07,AAPL,13.223729274456195,13.253852947124354,13.318909862262531,13.128245346390983,143684262,0.0321396758838128,13.127010848981186,15.732586543681766,0.0254326626706231,28.50150899064002,12.962819063124268,-0.8501530960202217
2018-06-08,AAPL,12.962819063124268,13.016583157939984,13.095089317797465,12.89034471210653,72118606,-0.0197304562061715,13.028801806674362,15.550981081986883,0.0193998570513199,26.94903809933406,12.637101912581308,-0.8501530960202217
2018-06-11,AAPL,12.637101912581308,12.666171327207136,12.742666442588256,12.543608879074991,106978588,-0.0251270305445778,12.93437773326208,15.36576794055792,0.019293257393805,25.11021371349422,12.825557235352274,-0.0001561090350151
2018-06-12,AAPL,12.825557235352274,12.891348467673025,12.951700584797424,12.74497392954174,117135380,0.0149128592991201,12.899544913723888,15.197079411307422,0.0202838622906044,28.164357176504183,12.257135971571444,-0.0001575306057929
2018-06-13,AAPL,12.257135971571444,12.3251944655484,12.393679859670558,12.204442800468302,74262438,-0.0443194204626087,12.806635039745457,15.010027901396915,0.0257336853296857,24.869875848840607,12.40903608624562,-0.8501558005809784
2018-06-14,AAPL,12.40903608624562,12.444445215030145,12.451107468482116,12.319057385409655,154223857,0.0123927902102487,12.732476666907404,14.822975604620366,0.0266471048319823,27.31665397018521,12.45245967465456,-0.2834916984041531
2018-06-15,AAPL,12.45245967465456,12.478848185519546,12.486244339585834,12.362762328934274,68262201,0.0034993522548516,12.68111988828367,14.654143199172363,0.0267947264188665,28.038151886907613,12.403416707738034,-0.283489649494489
2018-06-18,AAPL,12.403416707738034,12.395779967286916,12.437078961380791,12.34695192890359,47099094,-0.0039384160397121,12.5639323787525,14.471115323661524,0.0217330281188516,27.70366955905085,12.99077823693,0.4248461261391639
2018-06-19,AAPL,12.99077823693,12.98916722658024,13.054424991507604,12.910157988422272,78805863,0.0473548170662954,12.567926546439034,14.306341506495013,0.0295480722324534,37.34415359646079,12.757336316803404,-0.4251544371247291
2018-06-20,AAPL,12.757336316803404,12.744406603434186,12.832926255081848,12.725150646172075,137918520,-0.0179698179638668,12.585102889899334,14.164633205515944,0.0286152517296962,35.327841651457945,13.566480090699429,-0.0001530736684799
2018-06-21,AAPL,13.566480090699429,13.591764683530997,13.632695527700893,13.56513093037628,84947928,0.063425761757982,12.690949012091783,14.081481261175862,0.0369951020384729,46.17572121563202,13.477404916906556,-0.0001530736684799
2018-06-22,AAPL,13.477404916906556,13.448279650364784,13.501658530455549,13.425641762246135,66027706,-0.0065658279227446,12.865273147139655,13.995348610391348,0.0300973424744021,45.27538378657776,12.969635534441087,-0.425158017873764
2018-06-25,AAPL,12.969635534441087,12.962199800773448,13.067931821735923,12.907485982412966,144667772,-0.0376756048806179,12.945358782596154,13.895604249533816,0.035934214047925,40.43536048824399,13.002873927409333,0.2831776817639669
2018-06-26,AAPL,13.002873927409333,12.91100199612552,13.02855858579513,12.88750986989795,58372954,0.0025627854290877,13.023989390132549,13.798368773012974,0.0359506206082858,40.88088482106952,12.593110072536035,-0.0001530736684799
2018-06-27,AAPL,12.593110072536035,12.658207254665273,12.730971011073787,12.547543189673169,59051227,-0.0315133298346865,13.051088442246549,13.687688732037048,0.0387200512194526,37.18801328360168,12.313187269727818,-0.0001537710428237
2018-06-28,AAPL,12.313187269727818,12.305043035257018,12.328380572365296,12.248609093255766,147864030,-0.022228250304799,12.954289732646236,13.56409763015162,0.034023087854431,34.87065425820482,12.46766625631237,0.849845091253519
2018-06-29,AAPL,12.46766625631237,12.484706330849225,12.516349195548454,12.409939623563892,78559276,0.0125458163837353,12.912908295433231,13.431275906859728,0.0343572003415842,37.19654701180089,12.682256752832982,-0.0001575306057929
2018-07-02,AAPL,12.682256752832982,12.737720828292565,12.775701525783306,12.597619852292926,40221934,0.0172117613761089,12.786590675738026,13.322161697597226,0.0215793727337229,40.38161657708693,12.454398459444514,0.849844615161419
2018-07-03,AAPL,12.454398459444514,12.46561838181846,12.498705746426223,12.347647751547024,92022375,-0.0179666992893492,12.640446896100594,13.22267112763953,0.021761014919057,38.168137567998166,12.829549884705466,-0.0001598820090293
2018-07-04,AAPL,12.829549884705466,12.885140723435471,12.88556271845425,12.717581311325295,128930288,0.0301220027994579,12.620434660424072,13.151510871998113,0.0229683376449437,43.64521577302064,13.286642281872297,-0.8501530960202217
2018-07-05,AAPL,13.286642281872297,13.237146703518505,13.31379105849831,13.165654858161254,130840580,0.0356280930566197,12.660972996775929,13.091140601303485,0.0269549308340672,49.51329201179078,13.88330556825572,-0.8501571372151374
2018-07-06,AAPL,13.88330556825572,13.983156103522424,14.021542498076668,13.859913118167288,50467409,0.0449070031182734,12.845286639021596,13.032022504163708,0.0259133761660265,55.959796313037046,14.118474569008995,0.8498453259468078
2018-07-09,AAPL,14.118474569008995,14.164519582082216,14.199032406751249,14.014652566966175,73758212,0.0169389775077046,13.103184824633193,12.98712344512461,0.0203354230758855,58.223970456461565,14.727343434621064,0.8498378425836562
2018-07-10,AAPL,14.727343434621064,14.73658642548375,14.84432730842787,14.703360898175616,114159435,0.0431256834891056,13.425995850105863,12.998568205554765,0.02172623398573,63.46163831529218,13.892399572235586,0.8498451694846153
2018-07-11,AAPL,13.892399572235586,13.951792886768487,13.957977672163778,13.8726277735766,119227383,-0.0566934468590371,13.598873395734804,13.006638779320214,0.0377685402199018,53.54724551235892,13.755943654190046,0.8498448565602302
2018-07-12,AAPL,13.755943654190046,13.707716627258074,13.794317216554669,13.676385332359102,114507628,-0.0098223433134079,13.784808423555594,13.021901220244306,0.0367410867054891,52.11429403929187,13.388217646229108,0.8498448520898819
2018-07-13,AAPL,13.388217646229108,13.37662552979039,13.393146715542091,13.301260816061586,80548618,-0.0267321542749217,13.86461810377326,13.03252890938129,0.039024935284628,48.358643997873024,13.444314680875111,-0.0001602351665496
2018-07-16,AAPL,13.444314680875111,13.50256555129675,13.597411668976102,13.374863004643442,143533125,0.0041900300793065,13.887142732202234,13.050422562429778,0.0369007769322277,48.96289108292456,13.213878990241808,0.8498378425836562
2018-07-17,AAPL,13.213878990241808,13.139865668348271,13.309946184228531,13.138249653462442,49363130,-0.0171400101904118,13.79151036391453,13.05994703890077,0.0320917526753132,46.5532020108668,13.151906653790933,0.5665051500002543
2018-07-18,AAPL,13.151906653790933,13.17401991880988,13.301478505484608,13.050939950112234,138712779,-0.0046899427864172,13.653429233169094,13.07127868985978,0.0304478537232351,45.89897309950923,13.92270000854917,-0.0001622334122657
2018-07-19,AAPL,13.92270000854917,13.944927995624846,14.05662606583468,13.901220999955363,152782784,0.0586069666587893,13.53848017230168,13.094577714329544,0.0351256588424612,54.469497456439264,13.85474879873198,-0.8501558005809784
2018-07-20,AAPL,13.85474879873198,13.936598185792128,13.965678690638232,13.827448037260394,122219721,-0.004880605757178,13.533101490372593,13.124308705516468,0.0276977253021143,53.662418467087534,14.036362103722029,-0.2834907968839009
2018-07-23,AAPL,14.036362103722029,13.969705297326216,14.117365259622328,13.931980214859124,91540755,0.0131083794898301,13.573161268877165,13.170950711887826,0.0277076547717598,55.5577863099461,13.944090579984795,-0.5668240437904993
2018-07-24,AAPL,13.944090579984795,14.011425103763614,14.039103718840526,13.914074197188969,85665710,-0.006573749170575,13.652571687985118,13.208235156708913,0.0249915471898886,54.34160775207359,13.980932975923478,0.8498448565602302
2018-07-25,AAPL,13.980932975923478,13.957467207037611,14.09463943241157,13.860126949618522,92291545,0.0026421512200707,13.729231444420597,13.265695056853978,0.0250179806524771,54.76737189920307,13.988957915519467,-0.5668247098724047
2018-07-26,AAPL,13.988957915519467,13.970198325951827,14.029899696335008,13.966117197795509,59968689,0.0005739917078357,13.839957005174552,13.318359117829774,0.0231273351940724,54.86609753713583,14.172502694615314,0.283176598449548
2018-07-27,AAPL,14.172502694615314,14.120546113214257,14.219280678315158,14.096090109009076,66641512,0.0131206899187408,13.985756439578031,13.375693885161798,0.022416245381494,57.16872699378593,14.647901710034178,0.2831766908367474
2018-07-30,AAPL,14.647901710034178,14.600097460874547,14.776978295823348,14.596945739329785,116281951,0.0335437590426062,14.08935668264732,13.450510051905004,0.0139290369557204,62.50454194121839,15.358179922587034,-0.5668225879470508
2018-07-31,AAPL,15.358179922587034,15.37677202903198,15.463181367611996,15.2778057105804,106022555,0.0484900995796755,14.304132557483756,13.529423441426902,0.0195738742470872,68.76536116408386,15.505256551639963,0.4248388037085532
2018-08-01,AAPL,15.505256551639963,15.45351557651218,15.618710589660653,15.33802953930777,99636375,0.0095764361268242,14.513974621472032,13.621020782588122,0.0196756130939469,69.88663489566312,15.779466910069129,0.8498443737626076
2018-08-02,AAPL,15.779466910069129,15.814510786509883,15.823521355553344,15.690084050498957,96977629,0.0176849933128107,14.77617124005551,13.694787009900445,0.0173475641543288,71.9112063942992,15.26876774329588,0.8498443737626076
2018-08-03,AAPL,15.26876774329588,15.23839971951726,15.297297592676731,15.169209863457086,49353071,-0.0323647921494333,14.960147635394424,13.754499104113425,0.0255852421665867,63.36645872764186,15.235473427896682,-0.8501530960202217
2018-08-06,AAPL,15.235473427896682,15.18002999494824,15.266180966715654,15.087346729532896,144118775,-0.0021805502551976,15.13822128001974,13.830027033895275,0.0258272859774475,62.84220239148155,15.659052988636248,-0.8501557901501654
2018-08-07,AAPL,15.659052988636248,15.634258014464038,15.699695414940267,15.609839731733468,154667426,0.0278021922156994,15.350585607737017,13.918566335936172,0.026469217868055,66.625328671858,16.06361347129731,-0.0001575306057929
2018-08-08,AAPL,16.06361347129731,16.079839673841448,16.137801616278896,16.055471345601305,69430565,0.0258355650852353,15.55283014506032,14.034249782561549,0.0257014149248091,69.78905118471371,16.169497952831183,0.8498443737626076
2018-08-09,AAPL,16.169497952831183,16.156043963828168,16.210014521846723,16.0851548200841,77730342,0.0065915730432053,15.668732720809484,14.162793471998327,0.0205755892384167,70.575241753804,16.591925035676553,-0.425159016996622
2018-08-10,AAPL,16.591925035676553,16.59362787083307,16.702429863581642,16.556089192105095,115644813,0.0261249349904153,15.823971075671857,14.3002687646438,0.0217618857330084,73.53428442918309,16.83524004411108,0.849844615161419
2018-08-13,AAPL,16.83524004411108,16.870402503332617,16.895301564676394,16.78492961459949,40256891,0.0146646641611112,15.97479580910642,14.438701541019736,0.0216118720057841,75.08826009523032,17.430988404829893,-0.0001622334122657
2018-08-14,AAPL,17.430988404829893,17.48759143214672,17.58232479316634,17.3689270351367,52253831,0.035386983444124,16.28368447503985,14.604587872532584,0.0133208287178696,78.42811307203338,17.58574525189572,-0.8501558005809784
2018-08-15,AAPL,17.58574525189572,17.569385480593734,17.697756334114796,17.527457767381108,148202836,0.0088782599971752,16.619437592754,14.76312771810559,0.0107792857509877,79.20793010191264,17.41391217481497,0.424841546267271
2018-08-16,AAPL,17.41391217481497,17.35936020340422,17.48851914666921,17.299258646009086,60704452,-0.0097711569580609,16.8701317622081,14.90070338120368,0.0151528487962724,75.92594675117066,17.587767543903176,-0.0001575306057929
2018-08-17,AAPL,17.587767543903176,17.591782539923166,17.64732585719996,17.528147709498263,109246105,0.0099837054042137,17.087868058294653,15.024185447058596,0.0145016490398607,76.96587975734303,16.206391219939274,0.8498453259468078
2018-08-20,AAPL,16.206391219939274,16.22927381389899,16.251315657770025,16.193128035235322,145881497,-0.0785418797761378,17.09313852502438,15.09378266875627,0.0378288727379992,56.19473762158879,16.402531111213595,-0.8501530960202217
2018-08-21,AAPL,16.402531111213595,16.330652334385167,16.420513882336632,16.214637659820628,127967280,0.0121026259709813,17.0660822501011,15.149622257976024,0.036626398970386,57.93079874377073,14.709884964463106,-0.0001576267182827
2018-08-22,AAPL,14.709884964463106,14.67058272767097,14.815990409202495,14.570594169286489,72634604,-0.1031942043135837,16.762460095865677,15.176871771050276,0.0520462140645405,42.33721487474698,13.904423610818464,0.849845091253519
2018-08-23,AAPL,13.904423610818464,13.874423973048009,13.957632481512526,13.86973872866558,58319948,-0.0547564685645411,16.258665125292616,15.181821102937889,0.0476351233401645,37.20504033652944,14.123443243489636,0.8498443737626076
2018-08-24,AAPL,14.123443243489636,14.114637748828248,14.128982997502304,14.100789853115884,126146422,0.0157517951697589,15.764050552663177,15.206328622846572,0.0486483897026969,39.35771171002092,14.354661790047947,0.4248378045856952
2018-08-27,AAPL,14.354661790047947,14.32188863715598,14.44353560980041,14.31317013214268,88552680,0.0163712589467086,15.327014783410744,15.236673526485667,0.0513674515697816,41.63253711405771,13.82503064975158,-0.28348801334699
2018-08-28,AAPL,13.82503064975158,13.85435522883684,13.916652851556483,13.819300785370777,156109756,-0.036896107204947,14.789480941389083,15.257045248469328,0.0488839377647816,38.10634988528182,13.510018791768388,-0.2834881742795308
2018-08-29,AAPL,13.510018791768388,13.444962652623405,13.583053686838255,13.439853324766071,117407347,-0.0227856173316225,14.404284880221818,15.26898231973524,0.0445247757757467,36.14541240237018,14.134921512209804,-0.2834907968839009
2018-08-30,AAPL,14.134921512209804,14.067933912821164,14.19103236603403,14.047815393734693,41323554,0.0462547632296534,14.080340651792705,15.276056369857262,0.0506839873599108,42.46998367430229,13.915452183671276,0.8498378425836562
2018-08-31,AAPL,13.915452183671276,13.901513542297526,14.03967983461338,13.791272211631757,70115764,-0.0155267454685864,13.966850254536729,15.278079816021906,0.0351077441185229,40.93644336046513,14.97975328176834,-0.0001622334122657
2018-09-03,AAPL,14.97975328176834,14.971859574760543,14.999915432152964,14.888165989895064,129334538,0.0764834001834264,14.120468778958138,15.309526188623447,0.0402504077895675,50.307331993010216,14.984767430856229,0.8498448498547078
2018-09-04,AAPL,14.984767430856229,14.919374930467733,15.003845995166111,14.838670472820665,124179873,0.0003347284159873,14.24351509143908,15.34421541698583,0.0403928011596387,50.34730082521587,15.19402894750517,0.8498378425836562
2018-09-05,AAPL,15.19402894750517,15.166372069068014,15.292684675642482,15.098258004070937,129023871,0.0139649492469289,14.36342468536154,15.384651949371888,0.0403315590611601,52.07961343440076,16.019261190692163,0.8498378425836562
2018-09-06,AAPL,16.019261190692163,15.999987913711715,16.1387424261424,15.903046958931814,68033790,0.0543129308255327,14.676886191210198,15.452328725210975,0.0377462625483118,58.26361681573712,16.095503337909822,-0.0001573488116264
2018-09-07,AAPL,16.095503337909822,16.076512352652557,16.16367214966484,15.975631749571404,69915397,0.0047594047134931,15.04624112637326,15.516428746654126,0.0335145406308696,58.792703873588295,15.588238903159388,-0.2834927563865979
2018-09-10,AAPL,15.588238903159388,15.595341597698823,15.612492639265623,15.46698058415003,65095339,-0.0315159100092056,15.253857896508912,15.5477733197583,0.0381699161230542,53.89714718190493,15.53904941700922,0.8498453259468078
2018-09-11,AAPL,15.53904941700922,15.508208496074298,15.58467855609639,15.398724944120769,123493901,-0.0031555512111247,15.485800358414334,15.553802302905709,0.0367996017608253,53.43251761494783,15.527764278232866,-0.8501558005809784
2018-09-12,AAPL,15.527764278232866,15.5966067593579,15.680688591683303,15.445655074390986,137710300,-0.0007262438308486,15.564087643623552,15.554552560458802,0.0257080042250781,53.31895327492848,14.894711827444846,-0.000158978998661
2018-09-13,AAPL,14.894711827444846,14.916526829709806,15.025335239824583,14.79129382405888,73828809,-0.0407690662638049,15.551222557421925,15.525060724371324,0.0311769716800804,47.25195837099773,14.78161506732416,-0.8501571372151374
2018-09-14,AAPL,14.78161506732416,14.745823743190902,14.823953895192048,14.67806855609398,98562804,-0.0075930814527269,15.492306288824638,15.508822301838936,0.0305750113422361,46.23967536900023,14.453796642530817,0.849841584265232
2018-09-17,AAPL,14.453796642530817,14.457894792247364,14.464287883589837,14.431555410697133,69608415,-0.02217744294519,15.26866849623016,15.482766408993406,0.0172025987137017,43.34131680467942,14.875621748362535,0.2831780840953191
2018-09-18,AAPL,14.875621748362535,14.881156163274271,14.976519640268902,14.863511275945118,91031923,0.0291843808422267,15.094399697723404,15.456652034317615,0.0231858555273928,47.86939434142135,14.897450981425674,-0.8501530960202217
2018-09-19,AAPL,14.897450981425674,14.95173974229292,15.02204708606434,14.857610606138076,131722786,0.0014674501296418,14.995715708904305,15.417779951321895,0.0216113205880537,48.10054806123793,14.77743950965242,-0.0001568242907524
2018-09-20,AAPL,14.77743950965242,14.750823164574513,14.832879787016337,14.738835185483412,63813821,-0.0080558393461328,14.886914293567616,15.371378003215938,0.021573605502093,46.87007328323958,14.73708013298685,0.8498378425836562
2018-09-21,AAPL,14.73708013298685,14.7710051286192,14.847582996106144,14.714845533779007,108365188,-0.0027311481558903,14.77395941567533,15.309549839792943,0.0214903105884357,46.439824517673976,14.83828510332517,0.4248401559889316
2018-09-24,AAPL,14.83828510332517,14.8401482492587,14.981695076861868,14.83486746564426,46872033,0.0068673692091683,14.765898455086802,15.242984675100082,0.0159246824753867,47.73543198006452,15.106503132583375,0.4248423106968402
2018-09-25,AAPL,15.106503132583375,15.174100195342946,15.203983844661048,15.0698855374303,61338938,0.0180760800449979,14.81231103583812,15.165501832691865,0.016925407756829,51.110756797969,14.69037776772167,0.4248434215784072
2018-09-26,AAPL,14.69037776772167,14.747268817010855,14.808601083450853,14.58654795805613,122133526,-0.0275461078721892,14.846108339436814,15.068989583219398,0.018331947058381,46.13292617546322,14.263729821131824,0.2831766908367474
2018-09-27,AAPL,14.263729821131824,14.272158799875015,14.35329987567452,14.213404316507436,108175296,-0.0290426804086205,14.758695206975284,14.963983504763291,0.0173731033309682,41.65362037807447,14.734646799716163,-0.425156144797802
2018-09-28,AAPL,14.734646799716163,14.723052874369037,14.808138400699695,14.690812205494248,113374648,0.033014995691146,14.735437466731067,14.86887947995706,0.0228248657770762,47.69083817384185,14.562649622612437,-0.8501558005809784
2018-10-01,AAPL,14.562649622612437,14.584782195690655,14.686052808233825,14.515639858295282,67053230,-0.0116729759078473,14.704753197153924,14.814088093379498,0.0230420167032851,45.825771470644426,13.979639029483453,-0.8501551166176795
2018-10-02,AAPL,13.979639029483453,13.972071150757158,14.056363247152232,13.93385681292425,64744275,-0.0400346508525277,14.59654732522487,14.733325023988494,0.02721275751902,40.10104300576327,14.1716612879223,-0.4251551054418087
2018-10-03,AAPL,14.1716612879223,14.243099517419145,14.293997683979082,14.104128764615778,91060273,0.0137358524089117,14.50131535159589,14.715384234770465,0.0279188195310499,42.64256929860901,14.372591745906446,-0.0001602351665496
2018-10-04,AAPL,14.372591745906446,14.375975201100168,14.390752563947355,14.296375483563535,55480190,0.0141783277134479,14.3964708677849,14.730989839273398,0.0273875377533224,45.25990700534258,13.748950359430076,0.2831784745057423
2018-10-05,AAPL,13.748950359430076,13.732218878175816,13.840420408290804,13.728662245082456,146584967,-0.0433910179529029,14.261981238028955,14.71850674313808,0.029928116103985,39.27018271149344,13.84968707766404,-0.4251584962010383
2018-10-08,AAPL,13.84968707766404,13.830590502309148,13.86299214718922,13.779093068245889,72152492,0.0073268660952632,14.202832274676416,14.70167425272528,0.0290179582629455,40.63680345037796,14.159359748086471,0.2831754719217618
2018-10-09,AAPL,14.159359748086471,14.107832326372296,14.162344694694678,14.103765537941356,126310746,0.0223595427597675,14.120648410157887,14.712818556003112,0.0269699548432745,44.75263300720332,14.322430236216718,-0.8501549974083901
2018-10-10,AAPL,14.322430236216718,14.346344074070055,14.414943461566011,14.22731510600292,58816831,0.0115167981484674,14.0863313549585,14.739898937484725,0.0274841602300343,46.84269993336779,14.59454909296953,-0.0001530736684799
2018-10-11,AAPL,14.59454909296953,14.558646011708408,14.671351477499908,14.43309285448534,118132001,0.0189994890716738,14.174175649742226,14.755219856843382,0.0224868725782494,50.22657327598344,14.0164867229836,0.8498453259468078
2018-10-12,AAPL,14.0164867229836,14.06266326417357,14.19636827063378,13.895036165522322,64463216,-0.0396081006890711,14.152007854750982,14.75858767482046,0.0279560553280068,43.84186639517459,14.16097859680836,0.4248436629772186
2018-10-15,AAPL,14.16097859680836,14.106050919928022,14.237046388919,14.084083381574873,73778013,0.0103087083575534,14.121777404879824,14.731295185321793,0.0276370021247378,45.69993262611727,14.04140046550684,-0.0001553021371364
2018-10-16,AAPL,14.04140046550684,14.046760409929377,14.165747810235336,13.93726845578334,89444259,-0.0084441997058359,14.163555991462225,14.699849619810148,0.0212977549511941,44.39094383967613,13.852306148603144,-0.0001596473157405
2018-10-17,AAPL,13.852306148603144,13.900105903529452,13.931823748292786,13.779687176461572,54949799,-0.0134669128886546,14.163930144453522,14.655125526513412,0.0220639356939165,42.32631393770692,14.208319940514984,-0.0001547165215015
2018-10-18,AAPL,14.208319940514984,14.11658049585936,14.266709428606942,14.017408710274976,54956292,0.0257006875312051,14.170924457657597,14.594760818174173,0.0226505895678028,47.29637109124316,14.8343235147482,0.2831787114342053
2018-10-19,AAPL,14.8343235147482,14.924142326794048,15.038565082142847,14.803835019802156,130353878,0.0440589441154242,14.24405206887638,14.552721490735454,0.0279553684840462,54.6902160358978,15.651820155675187,-0.0001590982079505
2018-10-22,AAPL,15.651820155675187,15.63185069341094,15.711881779460768,15.566976195130628,81474554,0.055108454397279,14.395090792120044,14.554840865819312,0.033643543835685,62.15665018030819,16.30395397756587,-0.0001563817262649
2018-10-23,AAPL,16.30395397756587,16.310855215417526,16.43766437375089,16.269160067777932,108146846,0.0416650469660697,14.721871828488942,14.580337684504537,0.0267846028015797,66.8495956583457,16.254624781798164,-0.4251553133130074
2018-10-24,AAPL,16.254624781798164,16.282490860026016,16.358793646877444,16.251098322277453,117580639,-0.0030255970935384,15.020964140630342,14.604566367956712,0.0282023322207616,66.18103398205807,16.43709829447779,-0.4251584962010383
2018-10-25,AAPL,16.43709829447779,16.472904658487334,16.504222308030272,16.344945428340786,114731220,0.0112259443161035,15.36320668762619,14.655979250191145,0.0257419739537487,67.47677089909735,16.827169879164778,0.849845091253519
2018-10-26,AAPL,16.827169879164778,16.840995953833588,16.91629523871978,16.7711949331536,115294760,0.0237311706542533,15.788187220563568,14.72416441058583,0.0201911287001705,70.11291547326603,16.89533848835867,-0.0001622334122657
2018-10-29,AAPL,16.89533848835867,16.94589193879304,16.97551796532666,16.861629193155142,157013598,0.0040511036427046,16.172047013112667,14.805549138780092,0.0222210126456302,70.56198021839194,16.967207955213382,-0.0001622334122657
2018-10-30,AAPL,16.967207955213382,16.9936294974022,16.99404228457603,16.85168935135275,115692458,0.0042538044978637,16.476744790321977,14.875268679008451,0.0216952160162218,71.05575880353574,17.381383980890615,-0.0001598820090293
2018-10-31,AAPL,17.381383980890615,17.473203634609444,17.49813888915649,17.328988339925154,81798510,0.0244103818831296,16.723825336781324,14.958066445657284,0.0155461260024002,73.78475423307711,17.35854745401734,-0.2834888016184171
2018-11-01,AAPL,17.35854745401734,17.385747996334885,17.41261041400525,17.22021060091401,74157500,-0.0013138497428272,16.874481547702963,15.044103377136114,0.0112356180537282,73.3739712483015,17.011142019459484,-0.8501558005809784
2018-11-02,AAPL,17.011142019459484,17.111404100995102,17.170866851583085,16.88395802056656,136089703,-0.0200135083582385,16.982555438797437,15.119905440018536,0.0153568248506969,67.24099633649274,16.81924187559206,-0.0001572206616401
2018-11-05,AAPL,16.81924187559206,16.864708264480864,16.99678331543355,16.69004818495277,90604408,-0.0112808501420954,17.037147378956618,15.185937332427434,0.0165422966463741,64.05597612731654,17.12815411645811,0.283177996178468
2018-11-06,AAPL,17.12815411645811,17.035366617108192,17.18915758882428,16.913733050995955,107074820,0.0183665972075912,17.080145127141382,15.25332569855659,0.0155374568769118,66.78354563008003,17.136446082075338,-0.8501530960202217
2018-11-07,AAPL,17.136446082075338,17.270681142864206,17.380204592575627,17.122719827731263,137793573,0.0004841132068784,17.114589069100905,15.334861309035048,0.0155419215781617,66.85624955223093,17.303859569383242,-0.2834893857439359
2018-11-08,AAPL,17.303859569383242,17.274044459990463,17.381887790519794,17.26491202957677,68231193,0.0097694403207102,17.162682156839455,15.436198967310094,0.0158051555161608,68.3619279259593,17.628283869022873,-0.0001622334122657
2018-11-09,AAPL,17.628283869022873,17.707375492338656,17.708198875900393,17.529335729076486,66688302,0.018748666928253,17.197953569429778,15.532653536286984,0.0146225849737019,71.10167717544336,17.456446845597863,-0.0001547165215015
2018-11-12,AAPL,17.456446845597863,17.457850000544738,17.482665445916478,17.438276428631408,46346599,-0.00974780215146,17.211939196798422,15.629113443719833,0.0152840897326408,67.75487969871901,17.823274744346158,-0.0001554176211357
2018-11-13,AAPL,17.823274744346158,17.880011053915556,18.01109983623525,17.76820487561318,48684929,0.0210138925746392,17.327958157496518,15.757234634215257,0.0137115390157604,70.90350227530362,18.01470242812678,-0.4251573339104652
2018-11-14,AAPL,18.01470242812678,17.977494200004912,18.09111723681833,17.900353714006677,113921307,0.010740320537411,17.49873823643005,15.885336005555406,0.011172273808292,72.41714338758746,17.432662965184196,-0.2834913512070974
2018-11-15,AAPL,17.432662965184196,17.465388146350147,17.564639983839186,17.410037639312005,100426415,-0.0323091355666153,17.54223950053378,15.98733837953133,0.018677410040272,61.87705601843889,18.14748855117901,0.8498443737626076
2018-11-16,AAPL,18.14748855117901,18.13370423360757,18.19679813813704,18.09788354572621,75713936,0.0410049564672037,17.68667413897716,16.133956319256292,0.0235343438656308,68.03112685413282,17.898202707218996,-0.8501558005809784
2018-11-19,AAPL,17.898202707218996,17.98298666051869,18.082258045329223,17.833610391032778,65381573,-0.0137366580095633,17.771580301525123,16.26890684024146,0.024950743172099,64.14243344741264,17.087530551440956,-0.4251596853137016
2018-11-20,AAPL,17.087530551440956,17.110017818579006,17.211104352340353,17.04027608909672,123457401,-0.0452934950530572,17.694329827584852,16.366512533686606,0.0302842154846666,53.443853698673394,16.579561741135336,0.2831785505016644
2018-11-21,AAPL,16.579561741135336,16.6261142975582,16.739350143085833,16.501041039165635,50240699,-0.0297274558647553,17.569060526947347,16.441750250517227,0.0318139603001774,48.03712948410242,16.092565056612003,-0.8501571372151374
2018-11-22,AAPL,16.092565056612003,15.988088413086937,16.094949369025933,15.978240242607166,124087259,-0.0293733146947456,17.32181628584247,16.491684115971978,0.0300993577878457,43.49414844250518,16.124117476046198,-0.8501571372151374
2018-11-23,AAPL,16.124117476046198,16.11997812422124,16.243143210405783,16.058885301303498,148584737,0.0019606830435792,17.05173272125953,16.5619384744074,0.0290566498997369,43.86456662955891,16.00228302772052,-0.0001581713557243
2018-11-26,AAPL,16.00228302772052,16.02199231810561,16.071470929761286,15.980264758600958,94655256,-0.0075560382456077,16.847392730193288,16.623315288771135,0.0281410401733534,42.70056231575818,15.854635459850748,-0.4251596853137016
2018-11-27,AAPL,15.854635459850748,15.86527145832572,15.975857818895726,15.774568492474645,99371718,-0.0092266564473334,16.519842288574964,16.683756455249267,0.0163685014593402,41.27124327744973,16.142078051050483,-0.8501539275050163
2018-11-28,AAPL,16.142078051050483,16.188623275339975,16.241602511381583,16.13077504866264,51427625,0.0181298770272981,16.26896733769375,16.760082185330845,0.0216525422680943,45.12247463130874,16.30460698247725,-0.4251574970781803
2018-11-29,AAPL,16.30460698247725,16.28670920774669,16.39327172166749,16.25567583825634,115185622,0.010068649830137,16.157121113556077,16.82995842006292,0.0183665460190426,47.22966091479103,16.455947996779397,0.4248436629772186
2018-11-30,AAPL,16.455947996779397,16.458356510969484,16.49552155012346,16.37281387388277,83828637,0.0092821013388912,16.139462007219514,16.88401256946396,0.015909364792228,49.18625292902504,16.650022441823833,-0.5668203095595042
2018-12-03,AAPL,16.650022441823833,16.70902479823301,16.816669702746967,16.619466780138126,96232593,0.0117935742797934,16.21909877653549,16.917285979002248,0.0102617441027566,51.66139916764018,16.940401395036947,-0.4251553133130074
2018-12-04,AAPL,16.940401395036947,16.824595675918484,16.970946267526358,16.739321397333576,42756127,0.0174401538633184,16.335710764962737,16.93850089291795,0.011146991805089,55.17927108188778,15.995528389215734,0.5665118912855784
2018-12-05,AAPL,15.995528389215734,16.023809307256197,16.087547613055083,15.960170627061457,145284472,-0.055776305636892,16.33474581660491,16.929864346498537,0.0263159772964901,43.96674941635575,15.834036924793631,-0.0001602351665496
2018-12-06,AAPL,15.834036924793631,15.818176690803403,15.897198233619902,15.79167665398737,80005195,-0.0100960381234408,16.33180316873961,16.909762300842395,0.0263701216324268,42.38161655864586,14.882934112665865,-0.8501571372151374
2018-12-07,AAPL,14.882934112665865,14.842200201053297,14.98725482520487,14.80017036461381,133846226,-0.0600669820744504,16.151925463256095,16.8449544419591,0.0331585244345326,34.49397552830662,14.905070954293556,-0.0001566544175148
2018-12-10,AAPL,14.905070954293556,14.920119600919827,14.973443405012144,14.805471452588115,157578179,0.0014873976771054,15.951991744944136,16.778612190823598,0.032397489215786,34.798135814372145,14.909005090128543,0.4248434215784072
2018-12-11,AAPL,14.909005090128543,14.96390532302456,15.050673277397609,14.858347853460302,102395384,0.0002639461326316,15.730999901136872,16.710005428654103,0.031565945889534,34.85602719160896,15.368277936296716,-0.0001602351665496
2018-12-12,AAPL,15.368277936296716,15.41618748995083,15.46836101127263,15.34207146624274,44014109,0.0308050633420378,15.547893543204427,16.642901893834306,0.0347669886565086,41.3975077709819,15.913252635617155,0.2831765343745549
2018-12-13,AAPL,15.913252635617155,15.906802372231612,15.97701868314533,15.85490140589283,159009660,0.0354610127158958,15.401158006144458,16.594725399887633,0.0377500723872457,48.06213908819295,16.015119386963566,-0.5668235982457797
2018-12-14,AAPL,16.015119386963566,16.057194675223624,16.13942740354461,15.968078443063876,64971562,0.0064013783780703,15.403956720108434,16.561524645471103,0.0315094693653168,49.22453677462067,15.791098970854906,-0.5668239171306292
2018-12-17,AAPL,15.791098970854906,15.832222209148249,15.923480116733504,15.68945314652566,68848052,-0.0139880578280929,15.397822726688617,16.527253215313195,0.0317631448100686,46.74676085434394,16.01927730680898,-0.0001602351665496
2018-12-18,AAPL,16.01927730680898,16.015078432976946,16.122652571726043,15.890715984519412,124996942,0.0144498072221075,15.56015746870906,16.490290654991558,0.0175743370282968,49.53324917562044,15.786073928373275,-0.5668197552363078
2018-12-19,AAPL,15.786073928373275,15.753250865877265,15.870135827304548,15.671388464018932,79827671,-0.0145576716083554,15.686015036434735,16.445278249868156,0.0198719020230851,46.83591168269827,15.791765412061595,-0.425156144797802
2018-12-20,AAPL,15.791765412061595,15.761671011657873,15.818708300384236,15.698697420354872,50195231,0.0003605382639244,15.812123653853742,16.39487511129077,0.0198653391638888,46.91189373975253,16.235584664490496,-0.8501559481024742
2018-12-21,AAPL,16.235584664490496,16.276393781436422,16.38654632166556,16.17998732807561,121925044,0.0281044734928697,15.93602461502428,16.348451804473022,0.0193783798531787,52.60080275646159,15.989811983418871,-0.5668221424023311
2018-12-24,AAPL,15.989811983418871,15.987790224537973,15.998665964056144,15.876040529799983,71460730,-0.015137901476943,15.94696166471024,16.299563975733722,0.0166932189816241,49.44119708377209,16.360769162614833,-0.8501552797853946
2018-12-25,AAPL,16.360769162614833,16.3094201252177,16.393569213800877,16.237022990810228,143394032,0.0231995960665851,15.996340204088996,16.250813789676013,0.0187166595858636,53.938512318713485,16.68222659964177,0.8498448565602302
2018-12-26,AAPL,16.68222659964177,16.597904808807932,16.79088302060117,16.573489839508504,58477201,0.0196480638429568,16.123644151058546,16.20639792872651,0.0178655476116516,57.46908873717387,16.246224179080368,-0.0001622334122657
2018-12-27,AAPL,16.246224179080368,16.28676653983027,16.346472315821753,16.113216229699276,148745323,-0.02613574500725,16.1560651328116,16.166849969189716,0.0216185846678123,51.68275573253448,16.70951453602964,-0.8501558005809784
2018-12-28,AAPL,16.70951453602964,16.682105330045207,16.79226437564021,16.52245514844365,126828587,0.0285168019253256,16.287985219619653,16.11891750201807,0.0221730838940408,56.67459700873809,17.055514604873622,-0.8501530960202217
2018-12-31,AAPL,17.055514604873622,17.072419404449207,17.21751682924709,16.99148505218792,68733218,0.0207067696729263,16.4685208185928,16.09082789860656,0.0222821995905281,59.9984587015414,17.11245063227435,-0.8501548990607262
2019-01-01,AAPL,17.11245063227435,17.176093902011477,17.21470888144371,17.05527899638623,109472006,0.0033382767227942,16.593787385419063,16.091658567967674,0.0210987877783958,60.53500602671456,16.755577432120592,-0.0001539319753646
2019-01-02,AAPL,16.755577432120592,16.68978207584644,16.758494211999867,16.588277873076432,152606762,-0.0208545934081871,16.70318244951931,16.09752575766718,0.0222128518554813,55.5091786594683,16.359922589146695,-0.0001622334122657
2019-01-03,AAPL,16.359922589146695,16.357707256993493,16.371783286909707,16.26943044794432,47737433,-0.0236133218671069,16.703061510452436,16.106437675418338,0.0235031218905871,50.503010031556975,16.117783472928746,0.4248410701751709
2019-01-04,AAPL,16.117783472928746,16.10952983906219,16.152453675382805,16.038838311479946,138384132,-0.0148007495083495,16.62242677806486,16.10622654198109,0.022337092595048,47.66956364331031,16.374069450631954,-0.4251539163291454
2019-01-07,AAPL,16.374069450631954,16.392723259288697,16.487067662178845,16.331075245953347,95216108,0.0159008202420427,16.64069038828651,16.118619422744803,0.0212345945248123,50.81495973769028,15.944918259139776,-0.4251574970781803
2019-01-08,AAPL,15.944918259139776,16.004193173794203,16.12387935126657,15.89842216134145,153898949,-0.0262091957522272,16.53146234873082,16.12162884938777,0.0195579122225844,45.8457200396917,16.151530911573907,-0.0001556545495987
2019-01-09,AAPL,16.151530911573907,16.087112865334003,16.235808914956785,16.038438017767778,65020351,0.0129578997569146,16.402321821116576,16.121943944738554,0.0179110042602055,48.458980164369066,15.600650628409122,0.8498443737626076
2019-01-10,AAPL,15.600650628409122,15.62731828458875,15.65284898491827,15.58883527387497,126336110,-0.0341070011369655,16.18635039199297,16.09847873293628,0.0196070886130047,42.56167542508756,15.515250800017736,0.8498443737626076
2019-01-11,AAPL,15.515250800017736,15.56326385024336,15.616169753480056,15.4362967848312,156123831,-0.0054741196649754,16.009160873121132,16.06712215971089,0.0194361098334268,41.71416068030285,15.569791001203315,-0.4251586861908435
2019-01-14,AAPL,15.569791001203315,15.56108544540364,15.571253163038564,15.550825192502137,81259549,0.0035152639095925,15.896284931986363,16.03111444502354,0.0191494615048947,42.50162080424009,16.671032236611353,-0.2834885676701864
2019-01-15,AAPL,16.671032236611353,16.664158086863313,16.7616557167649,16.61121500118592,52950153,0.070729352457135,15.975320469655308,16.022135473076023,0.0344408250771964,55.55769255860885,16.010727606333788,-0.0001602351665496
2019-01-16,AAPL,16.010727606333788,16.03082664292537,16.093016422254212,15.926200260535884,87049133,-0.0396079031523595,15.923414491898429,16.022642113646626,0.0378254088565051,48.45330147245434,16.747199454424006,-0.2834911887844404
2019-01-17,AAPL,16.747199454424006,16.76452361556014,16.7677704616004,16.687003218484662,111766621,0.0459986495428772,16.038026091224747,16.053080864634303,0.0400916908081187,55.31649689677121,16.831864942048774,-0.0001541197299957
2019-01-18,AAPL,16.831864942048774,16.861271183356333,16.974165924277752,16.79113473033512,115609948,0.0050555012409791,16.13521666700687,16.118045225613734,0.0400307006408188,56.04111162816506,17.049681786964996,-0.2834888567527135
2019-01-21,AAPL,17.049681786964996,17.07839075007008,17.200007944716898,16.89862081070765,97821668,0.0129407433856054,16.342221118229137,16.18953225336945,0.0357838124577994,57.93123203502194,17.117005845845366,-0.0001588828861713
2019-01-22,AAPL,17.117005845845366,17.066580568758322,17.154565713979206,17.05116006088312,151918717,0.0039486988508983,16.571043267633087,16.263132278560008,0.0351307739789309,58.524832765784254,17.348177519402306,-0.0001552790403365
2019-01-23,AAPL,17.348177519402306,17.39971547638341,17.48874041868981,17.224197408445143,109370139,0.0135053803006703,16.825098484518655,16.329128931330196,0.034804241828611,60.58158870242298,17.277986334757173,-0.0001576267182827
2019-01-24,AAPL,17.277986334757173,17.338465325353017,17.405704520093938,17.27104694525025,116885439,-0.0040460264236188,16.9118062128252,16.374620054634864,0.025455759196465,59.6149100122208,18.014162806654046,-0.0001622334122657
2019-01-25,AAPL,18.014162806654046,18.024219189281457,18.04882142873417,17.943107283570328,154779142,0.0426077702362772,17.19801124144238,16.44125483529121,0.0194985739128632,65.78199840831616,17.782607115619562,-0.5668216566244761
2019-01-28,AAPL,17.782607115619562,17.70289718526129,17.805632767129406,17.627631525127725,152713107,-0.0128540911681419,17.345926621613174,16.5076384401167,0.0175769746580482,62.546647692165806,18.382519851275664,-0.0001622334122657
2019-01-29,AAPL,18.382519851275664,18.37619190562048,18.463016444125422,18.33259330840722,80953825,0.0337359270075285,17.56744875150273,16.586413191598925,0.0197804279898978,67.06599900718017,18.04489825668073,-0.2834900041421255
2019-01-30,AAPL,18.04489825668073,18.05542235949041,18.170314428304547,17.97910432021135,74333641,-0.0183664479802807,17.709622532890695,16.66170733587584,0.0230254645748161,62.495525954240506,18.020273936403623,0.8498443737626076
2019-01-31,AAPL,18.020273936403623,17.95839590690585,18.116072959676053,17.924483548538536,129851964,-0.0013646139715968,17.83866083154187,16.735990953353905,0.0232813395574598,62.162783721211525,17.4826924787284,0.5665098751584688
2019-02-01,AAPL,17.4826924787284,17.463803929682193,17.546455536427437,17.399903716991226,103019404,-0.0298320358265602,17.857877254302743,16.777561213828502,0.0269268314599212,55.247127240689736,17.722181411733903,-0.0001622334122657
2019-02-04,AAPL,17.722181411733903,17.64725011184653,17.8191119299154,17.62708123083181,93695977,0.0136986298475989,17.921333693870846,16.835306861439005,0.0271616541581459,57.51473106975758,18.48178528806888,0.2831778099139531
2019-02-05,AAPL,18.48178528806888,18.51545682159681,18.588616505825232,18.349590499816767,123799286,0.0428617594351019,17.988136905501538,16.906007398954138,0.0272220105513009,63.78296950951884,18.44698826129997,0.5665118912855784
2019-02-06,AAPL,18.44698826129997,18.456172388537667,18.465170509655177,18.35001919739151,119291393,-0.0018827741057769,18.0830484977416,16.96483278767608,0.0263943081057603,63.32207459090424,18.34980669617439,-0.0001557134091854
2019-02-07,AAPL,18.34980669617439,18.25920728735992,18.398992666207768,18.19942401223305,149652015,-0.0052681534648915,18.078375189869984,17.034952204912546,0.0233994897846524,61.97515629738925,17.786161999083095,-0.5668243909875552
2019-02-08,AAPL,17.786161999083095,17.804915631978343,17.904934723522967,17.780088453030746,83878905,-0.0307166558440533,18.04141286735604,17.070840453680997,0.0253938033153874,54.70683782429509,17.676144577484486,-0.0001541197299957
2019-02-11,AAPL,17.676144577484486,17.67314799651251,17.787057821660976,17.604284323875124,130491445,-0.0061855627765158,17.99225153036759,17.09152811943469,0.0254457832343386,53.39063705300152,16.90300131009713,-0.4251566655933857
2019-02-12,AAPL,16.90300131009713,16.929188163990986,17.03594245168675,16.838129707580464,67254664,-0.0437393609221871,17.909438506277407,17.084546475362117,0.0283185383209046,45.16666297300596,16.463838071560986,-0.0001530736684799
2019-02-13,AAPL,16.463838071560986,16.444499691793645,16.485973243750273,16.40602206853748,152442457,-0.0259813763531928,17.729675171966992,17.07482183001013,0.0280475938118419,41.27729901376315,16.580871770844936,-0.0001591801643371
2019-02-14,AAPL,16.580871770844936,16.541004089332855,16.64317659345118,16.457564028571515,50033963,0.0071085307554203,17.458116098077856,17.082186802733403,0.0183775698958873,42.693529308378366,17.23322617644952,-0.5668242643276851
2019-02-15,AAPL,17.23322617644952,17.193373757065576,17.31179880558448,17.18305846865213,130029646,0.0393437941394405,17.284721514527792,17.119368226184097,0.0276417822158936,49.94072171308891,18.73398879599328,-0.0001538850367069
2019-02-18,AAPL,18.73398879599328,18.703742571571816,18.759370476826685,18.67851038488369,52210150,0.0870854130374418,17.339604671644775,17.198032204362807,0.0459143872804135,61.883224907504605,18.39629885601035,0.4248423844575881
2019-02-19,AAPL,18.39629885601035,18.39733779231845,18.42791362395716,18.284087419266715,145619078,-0.0180255226828763,17.426767079777242,17.27974489092516,0.0445525700497995,58.50127687604613,19.252296112758746,-0.0001566544175148
2019-02-20,AAPL,19.252296112758746,19.260841733324984,19.362350267404736,19.23318654460201,155131638,0.046530949700718,17.65193158481642,17.383103730964656,0.046624231753397,63.88864562135867,19.41085400680177,-0.2834877615173657
2019-02-21,AAPL,19.41085400680177,19.399747899688787,19.52452052775876,19.358204995154026,138154500,0.0082357913629818,18.010196255774225,17.51011051024441,0.0396667404355724,64.80019951319079,19.32674391473938,0.8498448565602302
2019-02-22,AAPL,19.32674391473938,19.302199749186705,19.40535280791292,19.22314535520592,134614794,-0.004333147425297,18.41918280479971,17.63716028073513,0.0361132155949698,63.87902529177978,19.59253238590648,-0.8501530960202217
2019-02-25,AAPL,19.59253238590648,19.57187774617974,19.64433761234364,19.430456086196045,97379863,0.0137523667897516,18.84942003552279,17.771251660225236,0.035689101623932,65.5458125039018,19.637142445777883,0.8498453259468078
2019-02-26,AAPL,19.637142445777883,19.784876092261303,19.87183340262799,19.628307328897083,69395109,0.0022768909599197,19.19283664542684,17.870122000530788,0.0358958233441854,65.83080719405558,19.70916392510664,-0.8501530960202217
2019-02-27,AAPL,19.70916392510664,19.66359288005039,19.712222584178736,19.646809410701174,158280401,0.0036676150579251,19.33214737815732,17.993403211156547,0.0199857030020721,66.31524943716569,19.485750006986944,-0.2834895213445027
2019-02-28,AAPL,19.485750006986944,19.45313249777866,19.501085340757378,19.400484738314635,103497668,-0.0113355350317573,19.487783256868266,18.08468822957531,0.0186822394894095,63.31638872503705,18.729424491040696,-0.0001602351665496
2019-03-01,AAPL,18.729424491040696,18.91450046646225,18.985725619175188,18.64795446656605,137982629,-0.0388142881682795,19.41308731090854,18.147940214541716,0.0174580845149759,54.355172154527104,17.907495763666567,-0.850154758989811
2019-03-04,AAPL,17.907495763666567,17.930113645457347,17.966776051536183,17.853772155860263,125707926,-0.0438843557508829,19.198321847603516,18.176534013765096,0.0219972376390023,46.63124852545708,18.271182007661167,-0.0001575946807861
2019-03-05,AAPL,18.271182007661167,18.19554037391983,18.392460110232008,18.11427509622185,124139091,0.0203091626430815,19.04752728944948,18.21500655249229,0.0250469544278005,50.01584463888969,18.12717847275967,-0.850154758989811
2019-03-06,AAPL,18.12717847275967,18.173005096789293,18.2541217188304,17.99711362052188,82304548,-0.0078814569764077,18.838191016142797,18.240973250937536,0.0232245417701824,48.69889290479035,17.817886003474936,-0.000158978998661
2019-03-07,AAPL,17.817886003474936,17.76924109591539,17.83041215715797,17.626905761231082,91218478,-0.017062361345949,18.578297238670945,18.25896990656146,0.022548895794138,45.9032204772869,17.82947216640987,-0.8501545518636703
2019-03-08,AAPL,17.82947216640987,17.87809642696277,17.880229683341234,17.787639931429553,92798566,0.0006502546336122,18.30976984457141,18.252813551886657,0.0221904114729687,46.02821441514073,18.24766925994735,-0.8501544483006
2019-03-11,AAPL,18.24766925994735,18.236120550246508,18.356542768705875,18.211635757895177,112297158,0.0234553827300254,18.132901166422894,18.26831562336425,0.026386744643505,50.47614540580045,18.349953328433983,-0.0001563191413879
2019-03-12,AAPL,18.349953328433983,18.32574262849748,18.37205608302238,18.29170907387532,126205830,0.0056053223581347,18.07869100033622,18.267230072602857,0.0231768673017361,51.528327547811706,18.02019166955329,-0.0001538850367069
2019-03-13,AAPL,18.02019166955329,18.107184053051903,18.14070601732985,17.993746322739348,63855992,-0.0179707083161738,18.094790415462896,18.26640651969861,0.016650498730683,47.98843619556512,18.662750030946555,-0.0001584582030773
2019-03-14,AAPL,18.662750030946555,18.694461851532164,18.742954662307035,18.61763971122173,67294517,0.0356576873973499,18.150728704503667,18.28782238951671,0.020238697364265,54.54165422057967,19.539606068297697,-0.0001584582030773
2019-03-15,AAPL,19.539606068297697,19.59664155924681,19.642713395961582,19.387365339281114,45807606,0.046984288805087,18.35250407529481,18.356386175835684,0.0252355911754887,61.64381515264686,19.83688365718601,0.8498378425836562
2019-03-18,AAPL,19.83688365718601,19.86276601043459,19.973969824151165,19.77428907591456,120256142,0.0152141034905837,18.64093231153925,18.42687625068409,0.0219829435633386,63.71366365647467,20.42236807477719,-0.850154758989811
2019-03-19,AAPL,20.42236807477719,20.395138245816025,20.48454676914552,20.37608585942147,65210580,0.0295149393276337,19.01134601273458,18.491562343574365,0.0213983513532173,67.44033380899762,21.198453207858947,-0.0001553021371364
2019-03-20,AAPL,21.198453207858947,21.237332512072733,21.2531322149731,21.12436258696972,125418492,0.0380017209679159,19.432886576721955,18.583277841793,0.0224930622828812,71.60347998718895,21.94352804501186,-0.000158978998661
2019-03-21,AAPL,21.94352804501186,22.023131400657352,22.152922313727544,21.77946714003714,40369312,0.0351476039240772,19.94625439337593,18.703068553420916,0.0216925550248518,74.9190682852829,22.368354731788145,-0.0001588828861713
2019-03-22,AAPL,22.368354731788145,22.377396336847948,22.46763025312828,22.32848159505545,143978131,0.0193599992628741,20.56742054512377,18.855808311177743,0.0110236307509477,76.59696144277446,22.787864023744746,0.2831728493173917
2019-03-25,AAPL,22.787864023744746,22.91103078380644,23.024447757897924,22.64343169500931,122831648,0.0187545886582543,21.156722544094944,19.026198959386424,0.0117648683028155,78.15135044097482,23.157481690482104,-0.0001563817262649
2019-03-26,AAPL,23.157481690482104,23.216567115990514,23.21735418657886,22.993101440270703,121992099,0.016219934714031,21.673561918692712,19.23468163873259,0.0094424720214928,79.44663789495792,22.418210615613425,0.8498453259468078
2019-03-27,AAPL,22.418210615613425,22.43246742395627,22.56070670121056,22.336046924110025,124871783,-0.0319236385350365,22.04232291275377,19.43316072353434,0.0235391097106666,70.45040425456637,22.90803058743908,-0.0001584582030773
2019-03-28,AAPL,22.90803058743908,22.925313770873736,22.985654366257894,22.775861163446617,83036483,0.0218492001981867,22.39741755741976,19.64406601742081,0.0230808008815773,72.65947446625393,21.9980093343982,0.8498451694846153
2019-03-29,AAPL,21.9980093343982,22.007066165330368,22.09303590440734,21.92282075729201,159486723,-0.0397249885609922,22.51163986121108,19.802892122685765,0.0290820848402797,63.20553500665255,21.47503346661771,-0.850154758989811
2019-04-01,AAPL,21.47503346661771,21.39442228223156,21.52640682390273,21.349156300423854,129588512,-0.0237737815195266,22.44471206429763,19.894260278373245,0.0276180158886731,58.49516189472563,22.362789254873142,0.8498378425836562
2019-04-02,AAPL,22.362789254873142,22.35674645827537,22.560450564873733,22.27220312894001,61721853,0.0413389711189704,22.44391699616692,20.026476625002008,0.031523621628116,63.47168861788413,22.967333684969915,0.8498448498547078
2019-04-03,AAPL,22.967333684969915,22.982573876416225,23.01996965951349,22.95189696018582,150688289,0.0270334985142801,22.46955551919908,20.150311210742377,0.0324685345392471,66.42408627194723,24.070488344896702,0.4248456500470638
2019-04-04,AAPL,24.070488344896702,24.04044222871091,24.27742893452432,23.880178903701065,128749638,0.0480314639504151,22.599985041258314,20.305632355345544,0.0367977546111117,71.0260740797128,23.87212028183488,-0.8501558005809784
2019-04-05,AAPL,23.87212028183488,23.89630348105567,24.029608414229973,23.751706839954544,77306001,-0.008241131638855,22.80768642214709,20.457144900915395,0.0336732135730456,69.1896260646386,23.03535008295963,-0.8501558005809784
2019-04-08,AAPL,23.03535008295963,23.036822559458788,23.10260423568,22.98731860665085,153756090,-0.0350521943168985,22.825874921507168,20.57190549081717,0.036908408893591,61.91702079878514,22.869974848048965,-0.8501559481024742
2019-04-09,AAPL,22.869974848048965,22.92305779031767,22.98702675194127,22.75077562807704,69803747,-0.007179193470691,22.95044142345728,20.67966657089287,0.0326755592828685,60.56214576657689,22.951599786455752,-0.8501554533839225
2019-04-10,AAPL,22.951599786455752,22.997258256406745,23.06163325181996,22.912378876997685,117349640,0.0035690873710667,23.161379469148425,20.78774776627117,0.0300487054955414,61.015583133014175,23.01573216622186,-0.0001602351665496
2019-04-11,AAPL,23.01573216622186,23.02727363211513,23.177542805089807,22.996372396979403,120415228,0.0027942444257831,23.254657027912533,20.905413838245668,0.0266758219761876,61.39118665401794,23.80925942762376,-0.0001602351665496
2019-04-12,AAPL,23.80925942762376,23.71160244835836,23.908663798038365,23.604997749192293,155576867,0.0344776023491657,23.374932134005935,21.074741669465105,0.0278500032260285,65.78394871438677,23.562451367781883,-0.0001612342894077
2019-04-15,AAPL,23.562451367781883,23.68903282011195,23.793302883717093,23.53678338894008,108412118,-0.0103660536184309,23.30235542298953,21.26324018960228,0.0208474232940835,63.36898747805396,23.818298345815048,0.424842545390129
2019-04-16,AAPL,23.818298345815048,23.80815953940539,23.8263270054142,23.63336516050022,159332918,0.0108582495954983,23.294666574986703,21.448144067540746,0.0212708320666582,64.81110767336182,23.15098393543825,-0.2834893559416135
2019-04-17,AAPL,23.15098393543825,23.14536613246798,23.274301379841383,23.10583985784472,74119052,-0.0280168801602926,23.31118569676936,21.61560424963003,0.0194324205062826,58.35774687547015,23.46920525380984,-0.0001530736684799
2019-04-18,AAPL,23.46920525380984,23.44508917750433,23.481246143664983,23.32748788871973,136194928,0.0137454770500908,23.396790040449485,21.803981557974524,0.0195953737490741,60.38354233518454,23.480721784153992,-0.2834900220235188
2019-04-19,AAPL,23.480721784153992,23.446317009517355,23.489391674275925,23.37830054854028,69445782,0.0004907081522194,23.47237889726352,21.992356545232663,0.0196376443680404,60.45851301344187,22.994910487198457,-0.0001539319753646
2019-04-22,AAPL,22.994910487198457,23.10142691700089,23.1635226466485,22.91158184935933,159914309,-0.020689794011502,23.46940437168875,22.150597919474365,0.0216649416644142,55.67236518182492,22.850036428366767,0.8498453259468078
2019-04-23,AAPL,22.850036428366767,22.945049918003225,23.022413980317207,22.727991980032776,131646224,-0.0063002662659783,23.33237251465204,22.300600689472127,0.0154675792272638,54.292067591616245,22.741402718573728,-0.0001549512147903
2019-04-24,AAPL,22.741402718573728,22.77172110664244,22.97199720252669,22.62725629013252,115098935,-0.004754202914888,23.21507985047944,22.457974391106134,0.0153335498937289,53.226407075056045,22.581669538023608,0.4248401559889316
2019-04-25,AAPL,22.581669538023608,22.574386939135685,22.75206686696741,22.53104187446872,47964766,-0.0070238930521053,23.03841859222352,22.58860504134204,0.0136585739190235,51.62193563512014,23.706331782531024,0.8498448565602302
2019-04-26,AAPL,23.706331782531024,23.750362831626827,23.78377973293102,23.562539290729653,99646683,0.0498042114474166,23.11775399895106,22.72749589848316,0.0227965493935128,60.622413935642925,23.64958607963285,-0.0001539319753646
2019-04-29,AAPL,23.64958607963285,23.654821883851167,23.73637407052742,23.575031486061484,57283378,-0.0023936939472005,23.143522688354345,22.854585979231384,0.0224135835177363,60.01570891480978,23.499042471080703,-0.0001622334122657
2019-04-30,AAPL,23.499042471080703,23.48563230177076,23.659353096974307,23.46451546429844,150116350,-0.0063655916871119,23.14613992934388,22.9571417924415,0.0226040849210046,58.34738720282986,22.194453392711026,-0.0001541197299957
2019-05-01,AAPL,22.194453392711026,22.216965621061043,22.31110706935948,22.12015344580276,85495337,-0.0555166909449685,23.03178891584567,22.99034179860324,0.0304660608139296,46.32861116483248,21.636185525071845,-0.850154758989811
2019-05-02,AAPL,21.636185525071845,21.60755061249564,21.66522417423052,21.51203288211885,139714700,-0.0251534857723743,22.858381643946394,22.980097047938568,0.031453606934512,42.31203235957738,21.47959050051457,0.8498425140976905
2019-05-03,AAPL,21.47959050051457,21.49584609978069,21.57463898681773,21.35825734822256,148731771,-0.0072376447491548,22.678122755652232,22.950471573562783,0.0314335352509671,41.23218257452148,21.069739974116743,-0.0001622334122657
2019-05-06,AAPL,21.069739974116743,21.08264861951711,21.20361594001935,20.90825178106437,53213448,-0.0190809283067108,22.46213281795125,22.89320077190852,0.0317194716937472,38.46524010667841,21.92997040389508,-0.5668241555492083
2019-05-07,AAPL,21.92997040389508,21.96963751119996,22.16231496701104,21.82278366183981,131110568,0.040827766779993,22.208366906717547,22.85228372902228,0.0289901115546466,46.56972150961983,21.83268528245812,-0.2834927563865979
2019-05-08,AAPL,21.83268528245812,21.792133015440207,21.97707582557576,21.743325082864526,76326717,-0.0044361720351285,21.948809649978298,22.832766217917104,0.0289026885734314,45.83450779601772,22.66730580336918,0.8498378425836562
2019-05-09,AAPL,22.66730580336918,22.715596436987408,22.71850169018401,22.620365431117825,53052381,0.0382280287611553,21.829990126019503,22.82474205844811,0.0344711339243222,52.72941259382184,22.71756659905173,-0.8501530960202217
2019-05-10,AAPL,22.71756659905173,22.655799023949964,22.86535798150081,22.63465974027773,71277414,0.0022173255224304,21.90472058406818,22.848727300603223,0.0261729407261014,53.11644833195421,22.75097624014541,-0.2834885676701864
2019-05-13,AAPL,22.75097624014541,22.711896889284606,22.80491085840944,22.553677025711472,105994121,0.0014706522790639,22.06397640050726,22.891258726387484,0.0230412322443902,53.38964138274648,22.70343015037642,-0.8501551166176795
2019-05-14,AAPL,22.70343015037642,22.66740491097112,22.837441544329216,22.650937674954783,142631399,-0.0020898483329735,22.23881063620181,22.902613422904256,0.0225725613973103,52.917064398675,22.714883827101666,-0.8501551166176795
2019-05-15,AAPL,22.714883827101666,22.64182923270334,22.76867119507508,22.55694795221937,122998591,0.0005044910240163,22.473831186628228,22.894198427641985,0.0196586252664883,53.02493367451039,23.79789118931741,-0.4251574970781803
2019-05-16,AAPL,23.79789118931741,23.87040305083273,23.9065964472002,23.68965508703613,67989442,0.0476783139398486,22.74067701311713,22.88511185578934,0.0214794929060079,61.91092403980886,22.30889466333852,-0.566823489467303
2019-05-17,AAPL,22.30889466333852,22.244039194494825,22.40730618491817,22.078844056076186,75519919,-0.0625684231486563,22.80870692467148,22.833004335172795,0.0355167860602523,48.364806259410734,21.02846338533349,-0.0001563817262649
2019-05-20,AAPL,21.02846338533349,20.98437197550179,21.066867712863736,20.97314107354069,76485372,-0.0573955499511696,22.57458657923781,22.766108111918587,0.0382760023121236,40.216004455437535,20.68551587513178,0.8498401805758475
2019-05-21,AAPL,20.68551587513178,20.763422143506883,20.80634952610404,20.648579237458552,128325597,-0.0163087289792607,22.28429361867781,22.69329281282135,0.0379272365039561,38.35215783831668,20.70303011328347,-0.8501558005809784
2019-05-22,AAPL,20.70303011328347,20.66759174070769,20.77458848962041,20.554054074689965,102254638,0.0008466909047575,21.991729886268967,22.618340490382277,0.0378891705658627,38.508894945577055,21.14331596251449,-0.5668217952052753
2019-05-23,AAPL,21.14331596251449,21.13138208180076,21.26372350842784,21.041589982804368,42868931,0.0212667347157322,21.76885643086012,22.55592661692536,0.0399575947719123,42.468806544491606,21.452521237108595,0.8498443737626076
2019-05-24,AAPL,21.452521237108595,21.3873895162044,21.604092731712807,21.30430379102736,49134338,0.0146242564384084,21.588518918003963,22.47736867724152,0.0408879628752942,45.14070685333776,21.21876206738032,-0.4251544371247291
2019-05-27,AAPL,21.21876206738032,21.27178464784517,21.32679261906988,21.1153392095025,49074859,-0.010896582604189,21.22007190058438,22.399245700561472,0.0329607442173827,43.49605790865391,21.86824035071534,0.8498401805758475
2019-05-28,AAPL,21.86824035071534,21.92379024582024,21.937794873516445,21.67903539770916,155347557,0.0306086793033728,21.15712128449536,22.33424376739148,0.0295527190308871,49.050327014896666,22.552086981616373,-0.8501557901501654
2019-05-29,AAPL,22.552086981616373,22.60208129852988,22.67439187682477,22.512790780355463,100560613,0.031271223469915,21.37478179825005,22.314280535597412,0.019312432053437,54.15977170470494,22.68520452276978,0.5665076444546381
2019-05-30,AAPL,22.68520452276978,22.721786445038784,22.81663998211897,22.488081878045268,98927533,0.0059026706158911,21.66045160505548,22.28814717789608,0.0157216336744414,55.10362572493456,23.34174696296289,-0.425159016996622
2019-05-31,AAPL,23.34174696296289,23.34690005818884,23.378466742207447,23.32432820352093,131329693,0.0289414379991206,22.03741115500969,22.28351468385638,0.0155757581385581,59.52958962784631,23.539466232906094,0.849844615161419
2019-06-03,AAPL,23.539466232906094,23.502435592371963,23.74993119901704,23.27282090701806,62852046,0.0084706286233386,22.3797183364942,22.30166654204664,0.0157940798524406,60.7834155396193,23.168539118167672,0.424842545390129
2019-06-04,AAPL,23.168539118167672,23.11189417338288,23.35855239627117,23.07973886684572,43787206,-0.0157576688897005,22.624863748074063,22.31228329837333,0.0197686312629412,57.20292806431309,23.6492014737396,-0.5668233628074328
2019-06-05,AAPL,23.6492014737396,23.74071718079303,23.74847273711617,23.60929957316397,72498488,0.0207463385205419,22.972069377553964,22.342543256878866,0.0173366561119765,60.45378732955587,23.73429217020827,-0.2834887286027273
2019-06-06,AAPL,23.73429217020827,23.78874843432282,23.90699872472981,23.71993802200663,65019408,0.0035980367693664,23.2386482089101,22.380964011285013,0.0164595873098178,61.0182972375134,23.74468668508907,0.8498448565602302
2019-06-07,AAPL,23.74468668508907,23.695299810132106,23.841275608112493,23.57508259205911,135770049,0.0004379534391107,23.40901959512048,22.38224250803695,0.0144031687767202,61.09136394007803,24.739090885382097,-0.0001590982079505
2019-06-10,AAPL,24.739090885382097,24.74204709058469,24.796114249011847,24.5355436375718,138207535,0.0418790196510565,23.702431932636525,22.418559334895257,0.0193253905367877,67.38886227708059,23.08216832226332,-0.4251586861908435
2019-06-11,AAPL,23.08216832226332,23.06138640098632,23.2176092565762,22.998059016376672,116080777,-0.0669758873030302,23.66534926967945,22.40466352993468,0.0341442304078516,52.22189832022116,22.12169584442596,0.4248461261391639
2019-06-12,AAPL,22.12169584442596,22.046822042185816,22.14335769222144,21.991993204108137,149198472,-0.0416110161067909,23.462810642753716,22.40223827832518,0.0369405253061798,45.78857920602103,21.333189780713457,-0.0001538850367069
2019-06-13,AAPL,21.333189780713457,21.34455939231026,21.3560779715914,21.28689077772726,95755122,-0.0356440152354406,23.20061788026025,22.392138420179897,0.0383526739488535,41.29133790339099,21.10053336183383,0.8498448565602302
2019-06-14,AAPL,21.10053336183383,21.0742320113637,21.27572556269218,21.04692957159612,68848678,-0.0109058430207171,22.836522435702285,22.37950318222387,0.0357525537790755,40.04166644425906,20.94408017383093,-0.8501558005809784
2019-06-17,AAPL,20.94408017383093,20.884230160908697,21.05246710920521,20.75011214086728,79792164,-0.007414655607042,22.43792072193409,22.375314522214342,0.0350012185217918,39.18287587594898,20.019065144711483,0.8498378425836562
2019-06-18,AAPL,20.019065144711483,19.9302325918344,20.06343273693712,19.919593759279465,56997927,-0.044165941948371,21.90568907330873,22.31161768024156,0.035318717642042,34.47496710736596,19.425144719865983,-0.2834895213445027
2019-06-19,AAPL,19.425144719865983,19.3340133919512,19.49409392355969,19.18574178982827,148082123,-0.0296677402542144,21.146553906806425,22.231366328155158,0.020452800995222,31.830493386471403,18.91886108266401,-0.8501530960202217
2019-06-20,AAPL,18.91886108266401,18.89778020472703,19.07803400275264,18.74242249937947,112502279,-0.0260633135301278,20.551795729720805,22.106418170798317,0.0143031894991121,29.73649885611209,20.43323614687434,-0.425159016996622
2019-06-21,AAPL,20.43323614687434,20.42801984999753,20.52278544395512,20.403844945032343,132707744,0.0800457838129591,20.310587201499143,22.0302738223924,0.0419988986530387,42.0226248262242,21.686962148853983,-0.8501571372151374
2019-06-24,AAPL,21.686962148853983,21.630014302237427,21.83149192176812,21.54502076932332,73790471,0.061357192417679,20.361126111233503,21.99480668601602,0.0479222520083332,49.84211221534829,21.396524156219662,0.8498443737626076
2019-06-25,AAPL,21.396524156219662,21.43829484186948,21.550740141064097,21.268024747674826,126173444,-0.0133922856802546,20.403410510431485,21.951243152877463,0.0480542356412349,48.2196331106401,21.148768633429107,0.2831785505016644
2019-06-26,AAPL,21.148768633429107,21.14460994748844,21.19609696592885,21.027357857586377,79661612,-0.0115792416086674,20.43265171894551,21.899039313088377,0.0482295048401288,46.81951652692545,20.3807481589848,0.8498378425836562
2019-06-27,AAPL,20.3807481589848,20.416020221680583,20.532538129799946,20.26102860753333,93520060,-0.0363151390871203,20.48432072098456,21.785134545410624,0.0470439094483186,42.68217843133985,19.15280362056124,-0.0001561403274535
2019-06-28,AAPL,19.15280362056124,19.1422938572276,19.246126001642267,19.139120331628565,118218808,-0.0602502189244816,20.445414849655304,21.679931510651382,0.0518140147215844,37.04553462708063,19.08497451942244,-0.0001588828861713
2019-07-01,AAPL,19.08497451942244,19.03990815938729,19.22862662950272,19.02717162785394,157739218,-0.0035414711330296,20.469145340620795,21.615148548454343,0.0506767772027566,36.75677702176073,18.476196795039044,-0.4251539163291454
2019-07-02,AAPL,18.476196795039044,18.48252217114543,18.54005664664572,18.35135471695924,106983820,-0.0318982728409645,20.18956829035861,21.541504579117923,0.0381901021945193,34.181543543758934,18.431978982691376,-0.5668226967255275
2019-07-03,AAPL,18.431978982691376,18.362158212488872,18.439759952717854,18.30608427546596,125208435,-0.0023932312931166,19.72457069519252,21.46580287476485,0.0210937847686267,33.995240271243446,17.516589373823596,-0.5668247098724047
2019-07-04,AAPL,17.516589373823596,17.54493674299884,17.572476670403752,17.408961643130834,111363297,-0.0496631213461875,19.17029429770737,21.344911988475157,0.0227934735456804,30.311948847034728,17.090933745528798,-0.0001576267182827
2019-07-05,AAPL,17.090933745528798,17.042883480534226,17.16505815543155,16.9540162772218,90834966,-0.0243001430935458,18.590603599435894,21.19952573875583,0.0217542747685185,28.751956543615464,17.180913599985946,0.849841584265232
2019-07-08,AAPL,17.180913599985946,17.22824182109515,17.35180899803043,17.11360861432681,151908199,0.005264771123502,18.13348437672178,21.06493078984268,0.0250890600812123,29.577033581195124,17.3894467439317,-0.0001544862985611
2019-07-09,AAPL,17.3894467439317,17.371790069408345,17.468491329385735,17.356799564131155,155266245,0.0121374886575253,17.881576251488983,20.91563766961656,0.0223414388614689,31.555260559779768,17.6254637062994,-0.0001588828861713
2019-07-10,AAPL,17.6254637062994,17.68164664408474,17.768872712213142,17.56767562127044,77251713,0.013572425037045,17.673074706757124,20.751416893772664,0.0244479858080537,33.82112535744807,16.927535306120877,-0.000155472010374
2019-07-11,AAPL,16.927535306120877,16.87052557513998,16.94150834336377,16.72692648832393,147486999,-0.0395977326786063,17.451837351197387,20.559494586551036,0.0256847283235428,30.59556795399361,17.395120336838918,-0.0001622334122657
2019-07-12,AAPL,17.395120336838918,17.359750680324396,17.397872520259334,17.307045003812654,94146710,0.0276227473322099,17.303714687504176,20.36127369901357,0.0297646206389221,35.06382198773228,16.970001734127848,0.8498378425836562
2019-07-15,AAPL,16.970001734127848,16.98939513425368,17.11435378160644,16.959992564395208,128795823,-0.0244389572753207,17.225630738976214,20.14229154905429,0.0250055191712518,32.98462158199104,17.317204688825775,-0.0001602351665496
2019-07-16,AAPL,17.317204688825775,17.378013902089418,17.45020186169161,17.191175001915322,102050730,0.0204598066716561,17.25795515944721,19.94724706807623,0.024744962815525,36.3065470050087,17.318392015200665,0.4248458914458751
2019-07-17,AAPL,17.318392015200665,17.404980974431336,17.531004138910227,17.208797366341607,132039534,6.856339670435752e-05,17.27759493304931,19.73622008612493,0.0247137233759307,36.31817225524462,16.617275269812087,-0.2834903513391812
2019-07-18,AAPL,16.617275269812087,16.619337448598312,16.6415282730851,16.543547333902698,144588689,-0.0404839401240713,17.167284722460796,19.498986189445063,0.0286017829855688,32.5411829061878,16.46218234061994,-0.0001538850367069
2019-07-19,AAPL,16.46218234061994,16.55294225162901,16.609779080647947,16.346519226977005,90835299,-0.009333234641295,17.001101670220873,19.256236044629414,0.0272526246511028,31.754475812928877,16.652756406807164,-0.0001559719443321
2019-07-22,AAPL,16.652756406807164,16.638285267243372,16.74820381843812,16.595589951983705,124086530,0.0115764764503298,16.961847541747485,18.98669156201025,0.0245248398446449,33.87007903132823,16.968354710218737,-0.8501530960202217
2019-07-23,AAPL,16.968354710218737,17.024287546499814,17.04410542099201,16.854583558096888,100882060,0.0189517156020229,16.900881023658886,18.782897774942104,0.0229427673897755,37.33460158699617,16.903918538413134,0.8498443737626076
2019-07-24,AAPL,16.903918538413134,16.85613888595001,16.912450925871973,16.73721293244093,135887766,-0.003797431919949,16.891440567128214,18.608971864741672,0.0210211603248374,36.9094316957142,17.684158591936367,0.2831788678963979
2019-07-25,AAPL,17.684158591936367,17.706451269147713,17.778505419245153,17.653224511022728,62985680,0.0461573481764114,16.94386255328687,18.48733749178244,0.0267322404792573,45.0671107709589,18.234631898829512,-0.8501571372151374
2019-07-26,AAPL,18.234631898829512,18.10653216696931,18.33183135486868,18.045870336810403,127487803,0.0311280462698491,17.07475396523385,18.39180744301563,0.0286166341299809,49.98104663005087,18.10073833091107,0.4248423844575881
2019-07-29,AAPL,18.10073833091107,18.039833454662364,18.26203803994947,17.993115140888875,111447549,-0.0073428171548138,17.286677259676562,18.297029381584967,0.0210488672946904,48.83671572986079,18.516472786003863,-0.4251573339104652
2019-07-30,AAPL,18.516472786003863,18.54239641069843,18.704895646239265,18.39827519584512,94170081,0.022967817527246,17.580147323302835,18.246942969628044,0.0189016687421919,52.4750993265532,19.620437123350246,-0.8501571372151374
2019-07-31,AAPL,19.620437123350246,19.54318525141672,19.71464770995729,19.462815096898773,84389985,0.0596206604845843,18.004101711380418,18.25345271641085,0.0244683278792892,60.50662462085748,20.856067374273707,-0.2834869687755902
2019-08-01,AAPL,20.856067374273707,20.882780843817823,20.88667995244861,20.74972077180429,124200129,0.0629766932895159,18.559489234816844,18.31802625946451,0.0283224419874743,67.19006854013213,20.057693066687072,0.283176672955354
2019-08-02,AAPL,20.057693066687072,20.112237442982256,20.172656367166304,19.936218005532165,81692599,-0.0382801941161468,19.010028453141693,18.3055081567916,0.0369230447372987,60.11163294968679,19.471278909192105,0.8498443737626076
2019-08-05,AAPL,19.471278909192105,19.441994873306424,19.609054220492872,19.36938273824086,43948414,-0.0292363710794296,19.2653313556068,18.231652048802875,0.0406402334266213,55.48770025965206,20.4414027191086,-0.0001569852232932
2019-08-06,AAPL,20.4414027191086,20.38198244636018,20.524382745671264,20.232015556225186,153787384,0.0498233225686326,19.58058432993238,18.199814667565835,0.0424839243510691,60.85261837286482,19.74647522887041,0.4248438976705074
2019-08-07,AAPL,19.74647522887041,19.71838468607889,19.865812510106803,19.63675954294528,93744418,-0.0339960764820005,19.81568960106943,18.153071554080547,0.0460931834782975,55.67597869881862,18.906350400371565,-0.0001552373170852
2019-08-08,AAPL,18.906350400371565,18.85157044198909,18.98126700493582,18.792074087414623,59774011,-0.0425455590813764,19.87138640312196,18.10392496212677,0.050289376646226,50.124510892853415,18.60785344002096,-0.4251596853137016
2019-08-09,AAPL,18.60785344002096,18.60220333885985,18.62027726342513,18.59742537519577,67082703,-0.0157881851351247,19.72673159121777,18.085759956108763,0.0440974228449956,48.28242524466955,18.87569912168077,-0.8501544483006
2019-08-12,AAPL,18.87569912168077,18.88148021743637,18.95881650636154,18.77585421047025,139596830,0.01439422782016,19.44382184084736,18.078784109517372,0.0339568597100347,50.05609036849328,18.82047034165576,-0.8501558005809784
2019-08-13,AAPL,18.82047034165576,18.80319257831779,18.9415225760015,18.69136731303148,79794195,-0.0029259197060189,19.26707573727145,18.0902598944046,0.0322722921014406,49.67776885149127,18.443740688294856,0.8498443737626076
2019-08-14,AAPL,18.443740688294856,18.536385031230022,18.54423344850296,18.428747899169952,73776228,-0.0200170158620892,19.12028456285756,18.09065195125805,0.0314683637631588,47.064713695056376,18.063665842090423,-0.0001541197299957
2019-08-15,AAPL,18.063665842090423,18.02468063147738,18.104122757298377,17.93125162120879,98478207,-0.0206072538444245,18.78060786614068,18.10888783353361,0.0189200947446124,44.52040608241863,17.672482966781914,0.4248410701751709
2019-08-16,AAPL,17.672482966781914,17.74625320426133,17.85110869553117,17.604196553205192,43438675,-0.0216557856377639,18.48432325727089,18.128272807575375,0.0176429368166762,42.003565308651766,17.201533789833935,-0.850154758989811
2019-08-19,AAPL,17.201533789833935,17.147801054113764,17.220277143380667,17.10912065267383,107230150,-0.0266487271671558,18.24077802719409,18.12896014723698,0.0143021072813275,39.13514700786223,18.478615138612785,0.5665093163649241
2019-08-20,AAPL,18.478615138612785,18.48264962472981,18.54007173098928,18.342789516447645,44855569,0.0742422951570518,18.222315412707207,18.165265760393016,0.0358948956717779,49.255089092164326,18.666657050489547,-0.5668233628074328
2019-08-21,AAPL,18.666657050489547,18.732910919237383,18.859099666861205,18.603852436703704,140272124,0.0101761907191753,18.19245225967989,18.199972205199355,0.0356384674752469,50.55862432814771,19.212457387050858,-0.000155472010374
2019-08-22,AAPL,19.212457387050858,19.277665840282463,19.41272185306073,19.104165628083745,91501299,0.0292393188070596,18.248450409022045,18.276136274563683,0.0373887637088684,54.233493384789874,18.921210672275794,0.283177021642526
2019-08-23,AAPL,18.921210672275794,18.89735530761857,19.01449931465729,18.786182459437008,66186411,-0.0151592640601697,18.316660406733607,18.327005952411582,0.0369209674761089,52.01189319300155,18.81771373532621,-0.2834907968839009
2019-08-26,AAPL,18.81771373532621,18.84904916461256,18.99450678905397,18.80968638270678,94535308,-0.0054698897835979,18.42438153433872,18.388596352451525,0.0356452706431923,51.209112865216575,18.41395470377414,-0.0001575306057929
2019-08-27,AAPL,18.41395470377414,18.43722142148045,18.596182980829266,18.341316584530485,61068708,-0.0214563276512224,18.530306068194754,18.425154686283136,0.0356191859295066,48.0906933834003,16.97444825049229,-0.0001547165215015
2019-08-28,AAPL,16.97444825049229,16.946952741555982,17.02854573052671,16.921496835903774,78430135,-0.0781747580266833,18.49786527686023,18.413689894126197,0.0470736538708918,38.97738560366345,16.232546620140845,-0.0001622334122657
2019-08-29,AAPL,16.232546620140845,16.26254192835213,16.278863171748565,16.212223716781462,55687803,-0.0437069658703003,18.17699834564996,18.400865605803816,0.0353176550542641,35.2679131205888,15.292074080589389,0.2831733589371045
2019-08-30,AAPL,15.292074080589389,15.37751818539802,15.479449291851186,15.2057003405173,120253552,-0.057937461173501,17.694915064235648,18.36186199713613,0.0357083738419226,31.212686941071127,14.169722076959562,-0.000157456099987
2019-09-02,AAPL,14.169722076959562,14.189773678941924,14.211160951460778,14.168718420198951,157135910,-0.0733943608770805,16.974524305651176,18.27909418614121,0.0289476852230186,27.194065402231487,13.58918430976192,0.5665099824468295
2019-09-03,AAPL,13.58918430976192,13.612273273422522,13.721880064122628,13.4631580269937,98241133,-0.0409703001967565,16.21280625386348,18.16645517279265,0.0264691438987001,25.374258192710485,14.248397288042964,0.8498453259468078
2019-09-04,AAPL,14.248397288042964,14.277128681548584,14.350465673436023,14.199011157636432,51831710,0.0485101212298291,15.560046761394444,18.07793779778031,0.0429402262916606,31.019199461253976,14.231506685212556,0.5665122086803118
2019-09-05,AAPL,14.231506685212556,14.169130990149013,14.286519721714752,14.127419797231433,48893567,-0.0011854387892863,14.96255418731422,17.96284940088952,0.0448936533292257,30.954589437740623,14.887704014007094,0.8498378425836562
2019-09-06,AAPL,14.887704014007094,14.90825908015101,14.968358737366286,14.788329823118406,139859246,0.0461087742365584,14.664447867816332,17.851285138062106,0.0494412180447005,36.48924479099732,15.108685586523912,-0.850154758989811
2019-09-09,AAPL,15.108685586523912,15.062599884323944,15.172640203139643,15.004183183795377,81768543,0.0148432271563774,14.503896291585344,17.751550046582533,0.0492229902005705,38.28341619046885,15.525010365667017,-0.0001622334122657
2019-09-10,AAPL,15.525010365667017,15.497536363060302,15.65374156016422,15.412016719431191,75530814,0.0275553274809321,14.53717290373929,17.65183463257131,0.0455699755988048,41.62902008178148,15.062853461818808,-0.850154758989811
2019-09-11,AAPL,15.062853461818808,15.160548498547886,15.18305766870106,14.9897857250064,52235528,-0.0297685407586104,14.664763101576323,17.499915177186928,0.0351655660062008,39.09540724100167,15.33883188914405,-0.0001575306057929
2019-09-12,AAPL,15.33883188914405,15.327177677380458,15.455110005160932,15.218008751667307,119648410,0.0183217892960845,14.914712755773772,17.316007327682605,0.0273004450421978,41.38939268945858,15.72314426015774,0.5665051500002543
2019-09-13,AAPL,15.72314426015774,15.688230667499386,15.727400826840876,15.670609828958762,47549883,0.0250548655719791,15.125390894647312,17.17152236746496,0.0241570401305905,44.523019968569486,15.431444848112635,-0.8501551061868667
2019-09-16,AAPL,15.431444848112635,15.484802891610272,15.602495913632476,15.418951389444716,148498039,-0.0185522314887276,15.296810632204464,17.036861232095642,0.0267764752465913,42.65872403879738,15.72344123751268,-0.0001622334122657
2019-09-17,AAPL,15.72344123751268,15.67873900651368,15.853277998983952,15.53844906303453,64996794,0.0189221678380788,15.416201664133837,16.87959584937578,0.0226473159611758,45.13529019761509,16.021039703679104,-0.0001593977212906
2019-09-18,AAPL,16.021039703679104,15.99953534405936,16.061901558135133,15.99861412444083,48285808,0.0189270568491342,15.546537966584577,16.755414665202736,0.0229025267359872,47.61841805541562,15.74751478701679,-0.283492520948251
2019-09-19,AAPL,15.74751478701679,15.80652318947214,15.815614674384742,15.659396683905872,124069055,-0.0170728568008917,15.578324312491686,16.650120144757576,0.0229700577790011,45.576682035524406,15.202633427615728,-0.2834885676701864
2019-09-20,AAPL,15.202633427615728,15.204583966469633,15.306792245784454,15.125016353793026,82501463,-0.034601101619558,15.598292879034105,16.536612811010738,0.0241361947962096,41.73748304690252,14.64352355030194,-0.5668240437904993
2019-09-23,AAPL,14.64352355030194,14.574921700982763,14.724817409714342,14.521628453822588,123520197,-0.0367771728481041,15.498963116342372,16.395540291964775,0.0266197664041924,38.183214027700856,14.690359767934028,-0.8501571372151374
2019-09-24,AAPL,14.690359767934028,14.714333977367282,14.75250763289653,14.601148565769977,44773951,0.0031984253974941,15.351422474596127,16.257869939507383,0.0234183880323651,38.65449092366741,14.84821547719136,-0.0001557134091854
2019-09-25,AAPL,14.84821547719136,14.830555044653416,14.903164175434748,14.725395379035652,143366695,0.0107455305214443,15.268103993035949,16.138019099137267,0.0241222068877352,40.30630570167314,14.494495938996376,-0.8501558005809784
2019-09-26,AAPL,14.494495938996376,14.561454052350888,14.63742787013723,14.490095406598394,77170430,-0.0238223602518659,15.09254037896219,16.019046769034134,0.0223309751436303,37.84710126622519,14.512211618166717,-0.425156144797802
2019-09-27,AAPL,14.512211618166717,14.485820278374003,14.534641606720378,14.414045136615451,130770315,0.0012222349259265,14.876993509603276,15.91370439074696,0.0190999821519358,38.05096483681155,14.76943355548032,-0.8501571372151374
2019-09-30,AAPL,14.76943355548032,14.81601159199254,14.877903956485552,14.69890132228869,152279943,0.0177245167091972,14.737267619383784,15.832634382935172,0.0223755949951867,41.07318492712683,15.050890734252706,0.4248458914458751
2019-10-01,AAPL,15.050890734252706,15.131068245439195,15.185266473052176,15.01238588610658,104259482,0.0190567348243324,14.715590091760491,15.718376902789837,0.0212676555617854,44.27663447640958,15.76828281904374,-0.000155472010374
2019-10-02,AAPL,15.76828281904374,15.72802907879571,15.786651067567606,15.63399915544519,80085928,0.0476644271397439,14.876269987295036,15.62176442840831,0.0216922865553829,51.51211088524984,16.402458048080845,-0.4251566655933857
2019-10-03,AAPL,16.402458048080845,16.392950542678857,16.523756602005,16.326279998798352,77513450,0.0402184078199812,15.12085545588744,15.528097783775976,0.0239207140509158,56.846483643274766,15.906656079791755,0.566510138909022
2019-10-04,AAPL,15.906656079791755,15.925201265530946,15.960222152404096,15.888915021380454,122362189,-0.0302272968378115,15.272061256258922,15.427612630693174,0.0297551355944539,52.02738581452992,16.772131672647713,0.4248438976705074
2019-10-07,AAPL,16.772131672647713,16.728993125095243,16.92235303968326,16.591635758923545,40697379,0.0544096501813151,15.597437789637684,15.359426561937225,0.0295101659035079,58.62165295004634,16.495325295478064,-0.0001575306057929
2019-10-08,AAPL,16.495325295478064,16.508701104693074,16.56599347317614,16.400371479290953,57626749,-0.0165039472961608,15.880739743539309,15.295472248327354,0.0321743657907525,55.97164502776473,17.058211639933646,0.8498448565602302
2019-10-09,AAPL,17.058211639933646,17.04670142633447,17.129196852002064,17.032971687670578,117656497,0.0341239917596465,16.20770804131835,15.298264361308732,0.0326672811576656,59.93766315867871,17.102101475311663,-0.0001596473157405
2019-10-10,AAPL,17.102101475311663,17.08952796387857,17.154807495520863,16.995935829120864,43081553,0.0025729447086511,16.500738147183917,15.32724952314776,0.0334366944765419,60.23841881572641,16.891131554133437,-0.000156158208847
2019-10-11,AAPL,16.891131554133437,16.893611428621277,16.94031121476342,16.866070791530653,74765582,-0.0123359062909771,16.66114510933959,15.380551438932562,0.0325098867178393,57.98503723897911,15.986749849514034,0.283177520831426
2019-10-14,AAPL,15.986749849514034,15.990167723057189,16.093295341910512,15.985902325205336,117721731,-0.0535418069370309,16.601758223830043,15.441119031351043,0.0371268008260901,49.44601100730702,15.906438285470456,-0.850154758989811
2019-10-15,AAPL,15.906438285470456,15.914258563488906,16.015214832853705,15.86760350124345,70012012,-0.0050236329960475,16.601727110355576,15.518360830541328,0.035227916601108,48.759320488740286,15.162323796091425,0.4248423106968402
2019-10-16,AAPL,15.162323796091425,15.135084999249084,15.275657686779462,15.00985365156167,151687795,-0.0467807108055569,16.371754556561818,15.548825047476278,0.0297721553563954,42.82496969572837,15.641194763547349,0.2831771825750668
2019-10-17,AAPL,15.641194763547349,15.61514411634404,15.68870141585071,15.599215772348868,156979064,0.0315829535034311,16.249735909143144,15.59581465008744,0.0342842719816061,47.27247416710287,16.421558176972226,0.8498448565602302
2019-10-18,AAPL,16.421558176972226,16.415715998005364,16.44996621548523,16.401517382391646,44031575,0.0498915476229193,16.15878541443437,15.646943122186276,0.0377805694066321,53.60586317718568,16.008212156126827,-0.0001552373170852
2019-10-21,AAPL,16.008212156126827,16.006062686677296,16.020561082131152,15.900998247858546,60908823,-0.0251709378848731,16.00251551169368,15.67692734117304,0.038328858919251,50.168455469428885,16.171949374345207,-0.0001557134091854
2019-10-22,AAPL,16.171949374345207,16.150658226419463,16.276549334685566,16.095929746080753,148891340,0.0102283263503422,15.899775200295364,15.698491974795646,0.0389230440548643,51.49530257876006,15.809946424418836,-0.850154758989811
2019-10-23,AAPL,15.809946424418836,15.82531082957721,15.86998290286723,15.793973495961174,43892168,-0.0223846205269875,15.874517568138904,15.72339507354898,0.0339882613328636,48.42530332986842,15.505111306550916,-0.4251573339104652
2019-10-24,AAPL,15.505111306550916,15.420697057826676,15.576496587228752,15.38845455829207,98398723,-0.0192812239639911,15.81718514257897,15.728937720795876,0.0346831094263519,45.94152066086018,15.892903749344898,-0.8501553446054458
2019-10-25,AAPL,15.892903749344898,15.858076059509946,15.95314238988834,15.756091549784903,153926847,0.0250106197322259,15.921553707329466,15.734596370435446,0.0299105028486452,49.49072806104663,15.880091399152318,0.8498443737626076
2019-10-28,AAPL,15.880091399152318,15.866755560756516,15.939064353859436,15.78150208189018,110625728,-0.0008061679850737,15.955681798130176,15.749551255470102,0.0279365095623111,49.37538480971102,16.751760862547005,0.8498453259468078
2019-10-29,AAPL,16.751760862547005,16.70873655189521,16.83696709799644,16.61393334053262,76720806,0.0548907082135066,16.002853610355142,15.78382857630458,0.0293767665649992,56.75903972685355,16.50619824374302,0.2831797262032826
2019-10-30,AAPL,16.50619824374302,16.586873839975265,16.664809164872015,16.493680481144413,40763020,-0.0146589138192035,16.0739944800146,15.800000527640044,0.0279163950236471,54.35392565141491,17.03368006369947,-0.2834888016184171
2019-10-31,AAPL,17.03368006369947,17.034643923687042,17.14593401199299,16.98123186982092,87210406,0.0319565906193088,16.197098864208066,15.84287270352947,0.029777653095275,58.428876080486,17.09245127671686,-0.8501571372151374
2019-11-01,AAPL,17.09245127671686,17.101515558053695,17.12294531262395,16.969475677183723,105027776,0.0034502945222412,16.380313843107782,15.90586663183284,0.0268693567928214,58.86945649479905,17.519334450130433,0.4248423106968402
2019-11-04,AAPL,17.519334450130433,17.49393680896217,17.585930906172713,17.463073235859824,49712188,0.0249749533582153,16.668060006476285,16.001726995160457,0.0233997169236847,62.01820498057417,17.288951284406252,-0.5668217952052753
2019-11-05,AAPL,17.288951284406252,17.288132881449307,17.29891526860373,17.26147583129968,103388847,-0.013150223621792,16.867495368627907,16.088346712376197,0.025773196370291,59.37632417223494,17.27004895390845,-0.2834902872641881
2019-11-06,AAPL,17.27004895390845,17.207086493448706,17.39830344387862,17.14647950956704,88487825,-0.0010933185123178,17.066060733593073,16.169074494933433,0.025797897804452,59.15367297336691,17.21837873095149,-0.8501571372151374
2019-11-07,AAPL,17.21837873095149,17.20960680882413,17.313741387847553,17.158022490402626,79099601,-0.0029918978860373,17.132720429079423,16.259870587998602,0.0179763808903868,58.50781757343093,16.815749677239516,-0.0001602351665496
2019-11-08,AAPL,16.815749677239516,16.768480179697328,16.859530391924906,16.74952468864361,156666554,-0.0233836797298582,17.17694206243607,16.336655189967697,0.019710205315199,53.597106511262645,17.147751465706598,-0.4251574970781803
2019-11-11,AAPL,17.147751465706598,17.13348092252531,17.245320160704175,17.017461195743312,147242326,0.0197435020644041,17.193237977008515,16.415932453641904,0.0170645243222172,56.81577059362424,17.4798671353777,0.849844615161419
2019-11-12,AAPL,17.4798671353777,17.34562613100784,17.54248692801491,17.27913965081618,123282366,0.0193678844911702,17.24858309967435,16.496898333679404,0.0184384917069235,59.81833380933297,17.788732358595496,-0.5668203095595042
2019-11-13,AAPL,17.788732358595496,17.72853511707158,17.82269715885455,17.637865877805208,110904067,0.0176697695025771,17.28706851516936,16.564246651664465,0.0171740954067581,62.43424747590534,18.59929277091076,-0.0001530736684799
2019-11-14,AAPL,18.59929277091076,18.68097675828864,18.76601899527238,18.57749555219295,96858981,0.0455659456770454,17.474260156098573,16.637474475758793,0.0220203564584402,68.27192669169979,19.422194781980902,0.4248413115739822
2019-11-15,AAPL,19.422194781980902,19.47057922246996,19.48090037416795,19.33330441092429,48441397,0.0442437258881778,17.781709560108922,16.7546590991651,0.0245021179967099,72.87969035149676,19.21034903070618,-0.0001576267182827
2019-11-18,AAPL,19.21034903070618,19.28636664879067,19.4502263979446,19.109002579421336,76896597,-0.0109074053500516,18.06627674578817,16.83593301110038,0.0257392943322066,70.0589292350809,19.43360315131428,-0.0001588828861713
2019-11-19,AAPL,19.43360315131428,19.514508424632545,19.609025507942427,19.313099378518675,41251717,0.0116215546240854,18.44025581351313,16.933875606294922,0.0194298480436827,71.31878754413394,19.08691399028362,-0.0001547165215015
2019-11-20,AAPL,19.08691399028362,19.12544974952833,19.23407445317404,19.0280071634932,83925275,-0.0178396748318498,18.71727903130985,17.001499017973256,0.0244047309443861,66.63010994774879,19.107662799258485,0.4248458914458751
2019-11-21,AAPL,19.107662799258485,19.081703012860785,19.21141436818433,18.98891765984665,96836358,0.0010870698629137,18.9498212690071,17.068351062104814,0.0249163861132839,66.77090988480194,18.78939788408079,0.8498443737626076
2019-11-22,AAPL,18.78939788408079,18.73092992187572,18.922809602735533,18.679663231123502,113347377,-0.0166564021210405,19.09277348693357,17.13162660643639,0.0271374636362193,62.42026562228867,19.68784835786868,-0.0001530736684799
2019-11-25,AAPL,19.68784835786868,19.75557915956057,19.811716198028787,19.61259120348897,82594941,0.0478168847842164,19.24828142792756,17.254996556714882,0.0276628356335225,68.63355569292551,19.90848322685634,-0.0001585140824317
2019-11-26,AAPL,19.90848322685634,19.91233957816159,19.928938995310816,19.778782999008985,70534007,0.0112066521936349,19.31775120576691,17.388398054761076,0.0229634438465402,69.94760511775124,19.790225074984946,0.849841584265232
2019-11-27,AAPL,19.790225074984946,19.93829689361998,20.00554344217779,19.67764378584144,125201283,-0.0059400884800638,19.400590640663875,17.542661430724195,0.0225068147007277,68.29608510055348,20.48696854232453,-0.8501571372151374
2019-11-28,AAPL,20.48696854232453,20.464529290076328,20.642718490360885,20.34595018655702,58233703,0.0352064448332261,19.5510714108082,17.7041872233501,0.0253423896763285,72.42679539529979,19.237646322575284,-0.0001576535403728
2019-11-29,AAPL,19.237646322575284,19.351507940631908,19.462078014401005,19.135593173305427,55049999,-0.0609813119578057,19.572604601135577,17.798056828203535,0.035740902466831,57.86770227243776,18.09302480601747,-0.0001547165215015
2019-12-02,AAPL,18.09302480601747,18.08451429274216,18.176507661475384,17.983902234350488,123547440,-0.0594990414817329,19.427656316386862,17.86755058319989,0.0425876636840179,48.28994384101007,18.565517572892887,0.424841546267271
2019-12-03,AAPL,18.565517572892887,18.63993087402482,18.670455594407724,18.53441883887353,110304077,0.026114636548681,19.395673414788597,17.94733618981815,0.0440120795132952,51.83389031197114,18.6087031161668,0.4248388037085532
2019-12-04,AAPL,18.6087031161668,18.70342281462024,18.72954744967457,18.582391977930545,144336373,0.0023261157737379,19.24150980883118,18.04062807954308,0.0386581934212717,52.15663696711525,18.761157462594447,-0.000158978998661
2019-12-05,AAPL,18.761157462594447,18.7035822885576,18.87209519893169,18.63416815696584,128672016,0.0081926368256795,19.07760612822233,18.1491629514112,0.0384329753630641,53.34514769213914,18.02696116192717,0.5665099824468295
2019-12-06,AAPL,18.02696116192717,18.000732037364294,18.048590099900377,17.849008668361147,148184668,-0.0391338488646609,18.8257112834998,18.220298198497275,0.040173981262439,47.25675859357044,18.021211103705262,0.8498448565602302
2019-12-09,AAPL,18.021211103705262,17.9653644936291,18.0939911718667,17.904294418716344,119726469,-0.0003189699123582,18.473460220839904,18.291668855315702,0.0350549254326632,47.21131231942441,19.150398921460283,-0.0001563817262649
2019-12-10,AAPL,19.150398921460283,19.079737138656093,19.21101995920736,19.026704189435296,140970223,0.0626588197239892,18.4609963063949,18.37162345727948,0.0403160664869213,56.1330665527066,19.66017317434066,-0.2834894677003224
2019-12-11,AAPL,19.66017317434066,19.69951712374121,19.744150356959533,19.58077306258597,60299549,0.0266195109026743,18.684874644726783,18.476755954966062,0.0312327629995748,59.46386337104221,19.77301458055852,0.8498378425836562
2019-12-12,AAPL,19.77301458055852,19.76135077366285,19.86338291778878,19.752759847404256,103671961,0.0057395937063835,18.85737421725045,18.56806710552804,0.0306808597316294,60.18453582869713,19.51627586860658,-0.8501530960202217
2019-12-13,AAPL,19.51627586860658,19.5193418554354,19.64205041269704,19.493614876656324,153343705,-0.0129842979129934,18.98702746759899,18.648861258591023,0.0317979627799134,57.67224463469904,19.29201262138482,-0.2834913512070974
2019-12-16,AAPL,19.29201262138482,19.32420553862206,19.428431902643865,19.272052795999983,134659716,-0.0114910881938549,19.06286391885476,18.707950530966173,0.0325622082393857,55.4931510690926,18.10898397056257,-0.4251576647162437
2019-12-17,AAPL,18.10898397056257,18.008077805365932,18.16285799104444,18.004984349250098,88368853,-0.0613221997123766,19.074581462945527,18.73528495383805,0.0381171457716121,45.686536644206825,18.262942605079346,-0.0001569032669067
2019-12-18,AAPL,18.262942605079346,18.33344300610865,18.39165521232157,18.16754783836249,151162687,0.0085017820307891,19.1091145345704,18.76838140887708,0.0382015071917082,46.99920663247072,18.750860437503427,-0.2834888016184171
2019-12-19,AAPL,18.750860437503427,18.731222989694427,18.91438056016637,18.67258716562236,77501370,0.0267162769425985,19.05203760829085,18.819464132428813,0.0303897023965608,51.03785307929169,17.871159235722065,-0.0001591622829437
2019-12-20,AAPL,17.871159235722065,17.899703121285313,17.996048470387517,17.84307155130185,42803510,-0.0469152444877611,18.79646418848819,18.854644451044894,0.0313005751853399,44.4598425670848,17.50929459082209,-0.0001563817262649
2019-12-23,AAPL,17.50929459082209,17.541899322697162,17.607013595981588,17.442134381267223,135588762,-0.0202485266975102,18.473075618525844,18.866695888548744,0.0302148812137205,42.05851319331808,16.89237157203278,0.2831728493173917
2019-12-24,AAPL,16.89237157203278,16.96183958659504,17.057616201829465,16.84700428568654,89451786,-0.0352340304510432,18.098232147586724,18.84711270310392,0.0309064602408141,38.26409841922831,16.39051801144887,-0.0001597166061401
2019-12-25,AAPL,16.39051801144887,16.385362010739595,16.422661944624366,16.332092208405285,44116394,-0.0297088871413878,17.68373291759588,18.800505558199028,0.0308375860863539,35.46139333997823,16.42495200642723,0.8498453259468078
2019-12-26,AAPL,16.42495200642723,16.320310076395735,16.434703383651673,16.272034462737516,64495057,0.0021008484877846,17.443156922719403,18.72802753271624,0.026589531977863,35.80881460459565,15.4055951774023,0.8498411081731319
2019-12-27,AAPL,15.4055951774023,15.40823543206125,15.49972750741887,15.405168963953797,48636223,-0.0620614799133687,17.03496443305125,18.594140879230288,0.0299973489989639,30.5635838620407,15.71982769816139,-0.4251566655933857
2019-12-30,AAPL,15.71982769816139,15.72929292984581,15.79788654398481,15.642077093319518,159612254,0.0203972983283386,16.60195975600239,18.477790168145464,0.0282757354951964,33.78354164531612,16.10929211400578,-0.000158978998661
2019-12-31,AAPL,16.10929211400578,16.059308483099866,16.12843466721829,16.046457102504615,141724566,0.0247753616211672,16.350264452900063,18.366979800235185,0.0316016442564171,37.64319309048361,15.987537595032313,0.8498448565602302
2020-01-01,AAPL,15.987537595032313,15.994611632180296,16.02398093733692,15.965943551390875,151547921,-0.0075580303660649,16.132870596358664,18.263667253726805,0.0315663547814098,36.91870608783857,14.803667204399428,0.8498413495719432
2020-01-02,AAPL,14.803667204399428,14.787634014112404,14.910041639342548,14.767183279076482,61842272,-0.0740495766528011,15.83448425812533,18.12020073389817,0.0388098536772477,30.72631502788101,14.332624102316496,-0.0001561403274535
2020-01-03,AAPL,14.332624102316496,14.274888539465596,14.419113158413683,14.2297142377173,136262314,-0.0318193522982566,15.540499413963564,17.971641607839356,0.0389238693436117,28.66605956066193,14.932270381577526,-0.0001551002264023
2020-01-06,AAPL,14.932270381577526,14.962350763605796,15.053992772436375,14.909191373626626,107648172,0.0418378571139748,15.327259181842177,17.813122341962988,0.0448451075604257,34.67134293198387,13.621301489757812,-0.425158017873764
2020-01-07,AAPL,13.621301489757812,13.598265479044596,13.627630337796148,13.567837322089591,75505576,-0.0877943446186926,15.07236008360725,17.603549617393035,0.050295150459058,28.93601849416397,13.46162492295004,-0.0001530736684799
2020-01-08,AAPL,13.46162492295004,13.445213349254216,13.563790177552756,13.41956487058623,120265184,-0.0117225631433116,14.749759687148485,17.39259627899187,0.0477902951030339,28.32149708666516,12.932043014730636,0.5665094728271166
2020-01-09,AAPL,12.932043014730636,12.914096746078172,13.0189275203541,12.908139368414608,154252271,-0.0393401176492851,14.295866958680609,17.140765428072076,0.043530554967509,26.32468129549413,13.301504782190426,-0.0001622334122657
2020-01-10,AAPL,13.301504782190426,13.350805955607814,13.408786472158257,13.209359274756029,95262189,0.0285694817933208,13.91214798541748,16.94289404339258,0.0485014531605937,30.031046588709074,13.002370000585126,0.8498448565602302
2020-01-13,AAPL,13.002370000585126,13.000773979361982,13.035432814345478,12.968118086744408,43510052,-0.022488792546676,13.654819813444009,16.77320554987817,0.0434453013284582,28.769117837236465,13.187112319818066,-0.8501571372151374
2020-01-14,AAPL,13.187112319818066,13.190241614472113,13.24621956518948,13.179471521386638,141091077,0.0142083573398255,13.49117527308709,16.593925374775676,0.0443960996675175,30.70574387327224,13.443390599897182,0.849844615161419
2020-01-15,AAPL,13.443390599897182,13.425619668089624,13.54835469630467,13.35993305054713,62564764,0.019433995393667,13.278478161418471,16.421748290900023,0.0406006849840284,33.41041128629213,14.287017904168446,0.8498443737626076
2020-01-16,AAPL,14.287017904168446,14.30685686389885,14.417987020459403,14.269591044290037,61908477,0.0627540573192686,13.373580506334276,16.272610305619153,0.0345133285746943,41.5044122303528,14.194898126187962,0.8498378425836562
2020-01-17,AAPL,14.194898126187962,14.252358422900713,14.371821465480544,14.100372447407166,114024850,-0.006447796076017,13.478333821082549,16.144874871094512,0.034082533389121,40.91952194499444,14.37812259898068,-0.4251596853137016
2020-01-20,AAPL,14.37812259898068,14.406067665763372,14.485198852364736,14.370471355500229,135870768,0.0129077694791406,13.684916618832556,16.023438587603696,0.0269334006655178,42.650629597137865,13.706890675642706,-0.0001605093479156
2020-01-21,AAPL,13.706890675642706,13.735135106685888,13.770851903132492,13.655228179415683,135160805,-0.046684253713733,13.742828889325738,15.841988312743108,0.0347584478897708,38.23114900002563,14.26261291269872,-0.0001622334122657
2020-01-22,AAPL,14.26261291269872,14.28855219298626,14.340658389015765,14.163845143079064,144154520,0.0405432749269343,13.922863591056252,15.662069637355044,0.0346716106432648,43.45520996389179,13.911500681894276,-0.0001602351665496
2020-01-23,AAPL,13.911500681894276,13.853896942473469,13.986405148909665,13.839310097183764,146035702,-0.0246176652871108,14.026347642781422,15.466685840732904,0.0375819161430986,41.09062807235156,13.661144638800277,-0.5668231422702471
2020-01-24,AAPL,13.661144638800277,13.62523828055842,13.6913625857856,13.602305859241914,55396260,-0.0179963361839055,14.057455362624724,15.27151479973936,0.0383830136854774,39.44256269678678,13.656669861664282,0.424842545390129
2020-01-27,AAPL,13.656669861664282,13.648271526183724,13.676199565693848,13.597595278689758,76061033,-0.0003275550661607,13.967405642266986,15.083670041082009,0.0279935707327829,39.412135661391645,13.000027867521336,-0.4251544371247291
2020-01-28,AAPL,13.000027867521336,12.971719109180004,13.087641807177317,12.853279843407458,126415248,-0.0480821459985797,13.796709891028897,14.913371504313966,0.032190861805221,35.12952389645089,13.102260097411502,0.8498448565602302
2020-01-29,AAPL,13.102260097411502,13.060416574466467,13.147002001426502,13.021573278608914,86896552,0.0078640008261503,13.614443819376158,14.741348754058372,0.0315903112583501,36.29024671805624,13.516975084952271,-0.8501571372151374
2020-01-30,AAPL,13.516975084952271,13.441056626420272,13.601511956409947,13.373904514180127,125918516,0.0316521717976503,13.587313020706096,14.566885908973337,0.0314435570807588,40.90924260049647,13.649316575368037,-0.0001552373170852
2020-01-31,AAPL,13.649316575368037,13.59417896484389,13.663650239274284,13.578984037966976,94579288,0.0097907623254476,13.49969925823028,14.426157820294865,0.0263085742065007,42.34573736624004,12.992297925875656,-0.0001578480005264
2020-02-03,AAPL,12.992297925875656,12.982299356475869,13.03537796230297,12.899988653508752,94168419,-0.0481356444379095,13.368384578799052,14.275591264796653,0.0302889723330026,37.47502204100566,12.946002322518936,0.2831783180435498
2020-02-04,AAPL,12.946002322518936,12.943305940800691,12.969255677039992,12.92139157072446,43236858,-0.0035633114034828,13.26622139075886,14.14404562314619,0.030090450242105,37.15075898360822,13.255355550887844,-0.8501530960202217
2020-02-05,AAPL,13.255355550887844,13.223818921567087,13.316457179687712,13.17012271570882,112999251,0.0238956567952102,13.208890774933652,14.039540207794156,0.032329752560734,40.834776394099954,12.506348843949327,0.2831787114342053
2020-02-06,AAPL,12.506348843949327,12.509310042676525,12.572576496113117,12.49896169211267,143676310,-0.0565059687809239,13.138365200137653,13.908920102378223,0.0343467673418603,35.42102294740333,12.085129443128862,0.8498453259468078
2020-02-07,AAPL,12.085129443128862,12.069400636007378,12.132710741712485,12.014623091939685,138240811,-0.0336804455142201,12.993060820954415,13.79823791123578,0.0353286883062927,32.78835961904099,12.43857774713588,0.4248436629772186
2020-02-10,AAPL,12.43857774713588,12.479273300202449,12.538540593920274,12.409143674160342,80553809,0.0292465468136111,12.83900405840922,13.68886291286826,0.0348538827717021,37.018451295911554,12.552923486864415,-0.0001575306057929
2020-02-11,AAPL,12.552923486864415,12.546836859316487,12.564428896717738,12.48743198023204,121209093,0.0091928307281645,12.682376474337277,13.57031729196355,0.0347943215234863,38.369831063754376,12.72328691721838,0.8498448520898819
2020-02-12,AAPL,12.72328691721838,12.749865769998562,12.8357901914996,12.63175012281818,63913414,0.0135716138580972,12.64394633024338,13.461508936036417,0.0315952835553468,40.42098596921268,13.490822828718152,-0.2834900041421255
2020-02-13,AAPL,13.490822828718152,13.499047391308578,13.594290041276382,13.409418105647896,116025608,0.0603252851636213,12.72177783112898,13.417747456847042,0.0394939076332273,48.70411850990748,13.702191432034338,-0.0001553021371364
2020-02-14,AAPL,13.702191432034338,13.64455709469124,13.79377130331052,13.527728596800614,89103647,0.0156675842533668,12.785611528435624,13.396733034504305,0.0390120900457556,50.735366783620506,13.99824120936602,-0.8501530960202217
2020-02-17,AAPL,13.99824120936602,13.99443404433131,14.017486232152306,13.95481143149167,151203833,0.0216060167309841,12.998739009209435,13.36559872876392,0.0279580499254167,53.51207121586568,15.258833993483178,-0.0001622334122657
2020-02-18,AAPL,15.258833993483178,15.202271444453167,15.334733714774458,15.120589415967626,125267604,0.0900536549744344,13.452125373545767,13.420183145554766,0.0299433792175833,63.05959613211678,15.15584267852658,0.8498448565602302
2020-02-19,AAPL,15.15584267852658,15.15092669128372,15.19436913892201,15.148520235325217,48797090,-0.0067496189420884,13.840306078030151,13.47665707074065,0.0337875155865509,61.9403268985859,14.770584867696371,-0.0001602351665496
2020-02-20,AAPL,14.770584867696371,14.737566813776048,14.774215424962891,14.628675307356506,144509869,-0.0254197552060934,14.157114846720432,13.53794179917284,0.039273009297079,57.80700363318204,14.984268238830849,0.8498425140976905
2020-02-21,AAPL,14.984268238830849,15.001438548484009,15.020169034918023,14.920131960980637,126897742,0.0144668185483844,14.480112178379354,13.594033914394188,0.0392342571355073,59.42432237195632,15.203247269085765,0.5665074879924455
2020-02-24,AAPL,15.203247269085765,15.14202283434008,15.217774812282522,15.082359180447735,65845175,0.0146139288729125,14.724744241289011,13.667396490010876,0.035896836304385,61.07113241076282,14.957669130147028,-0.000154672563076
2020-02-25,AAPL,14.957669130147028,14.958328845261445,14.987285705316287,14.89348207657618,73906100,-0.0161530056436096,14.904098198162256,13.726415050355175,0.038148440567171,58.21746801575541,14.487340209380982,0.849841584265232
2020-02-26,AAPL,14.487340209380982,14.512218547238213,14.602546828113695,14.401281809250252,60713556,-0.0314439981706844,14.973969483878678,13.7612133706713,0.0413369821232053,53.0999680599417,15.58793679003498,-0.0001575693488121
2020-02-27,AAPL,15.58793679003498,15.630379417130891,15.6693783023342,15.476936673548726,77223354,0.0759695406297789,15.020984169100364,13.80457733353352,0.0366157243633444,61.60523111247047,15.763337912297745,-0.425159016996622
2020-02-28,AAPL,15.763337912297745,15.727200408530107,15.872668284498491,15.610524386975914,153253956,0.011252362940995,15.107769202496245,13.85685865973718,0.0363982238068186,62.7641803697075,15.400077329178506,0.8498378425836562
2020-03-02,AAPL,15.400077329178506,15.40089742821248,15.502687858910267,15.345303714732369,148266968,-0.0230446486106119,15.197696696993692,13.89092381741044,0.0360640547933576,58.80523981644311,15.86749554965938,-0.5668234894673029
2020-03-03,AAPL,15.86749554965938,15.876261403478855,15.962443502275953,15.811796971147093,106107162,0.0303516800915835,15.323872027112056,13.96294397987766,0.0371311887365416,62.1164716245637,15.818102312277556,-0.0001538850367069
2020-03-04,AAPL,15.818102312277556,15.891520117617018,15.946195415973472,15.711599027688097,83464275,-0.0031128565454605,15.411708461853738,14.014793626530292,0.0372721968812121,61.55342242010021,15.699166806419552,0.2831742604573568
2020-03-05,AAPL,15.699166806419552,15.629399863262314,15.806370923889569,15.538763498436053,83892642,-0.0075189490818813,15.517636701321242,14.0743824973478,0.0365425991110224,60.13981004680644,15.979978908968064,-0.0001552373170852
2020-03-06,AAPL,15.979978908968064,15.936300710605634,15.98998358640814,15.880279810829668,154833931,0.0178870704420877,15.730870801262256,14.15167697302006,0.032291473370833,62.33898190574575,15.36745104637552,0.4248461261391639
2020-03-09,AAPL,15.36745104637552,15.496743366581072,15.5438174837757,15.30167678089064,63918334,-0.0383309556340396,15.699372837882333,14.208703012510432,0.0238465589333918,55.186637048523295,15.542948131467249,-0.000156158208847
2020-03-10,AAPL,15.542948131467249,15.530213920709132,15.606016418846645,15.450577506722048,130902105,0.0114200516768927,15.667888583477977,14.293467021308633,0.0238619215431075,56.71884027455904,16.48600172859581,0.849842831492424
2020-03-11,AAPL,16.48600172859581,16.392476946939322,16.59697323727033,16.297259271743908,159429738,0.0606740490383104,15.82302064053759,14.406258409014775,0.0312536564469647,63.86795862975683,16.73828482986123,-0.0001538850367069
2020-03-12,AAPL,16.73828482986123,16.709032159180115,16.86641724247533,16.6219781771077,142634626,0.0153028675732711,15.947419109137854,14.513635400511738,0.0301336309844724,65.50927531917964,16.54888424310204,-0.000154361128807
2020-03-13,AAPL,16.54888424310204,16.411418955824526,16.689045235746136,16.26678181607526,126302114,-0.0113154118647387,16.051816527827064,14.610287656102876,0.0307921664620605,63.1885892843528,16.298630941614277,-0.2834893604119619
2020-03-16,AAPL,16.298630941614277,16.310410974949818,16.383535039451115,16.208548929335457,147976762,-0.0151220648964339,16.13745426142631,14.720498756627494,0.0315102056304268,60.15625175632624,16.102200054345914,-0.425159016996622
2020-03-17,AAPL,16.102200054345914,16.141318002978796,16.20185069838716,16.05174154840455,66146236,-0.0120519869412362,16.154914425051718,14.825705347688393,0.0316258939806721,57.81113212883968,15.985846626927342,-0.0001576535403728
2020-03-18,AAPL,15.985846626927342,15.94212554216442,16.08418306021647,15.922106633949696,158048582,-0.0072259335386389,16.243256650844835,14.91672171688971,0.0269317721977035,56.40837681679484,15.81438268721972,-0.8501564688980578
2020-03-19,AAPL,15.81438268721972,15.792050062480175,15.9237014829263,15.719863439841784,50951133,-0.010725984285299,16.282033015952333,15.02698951166539,0.027477945788522,54.31675777468837,16.250195793120806,-0.425159016996622
2020-03-20,AAPL,16.250195793120806,16.29522447573043,16.357498015241244,16.16974441601534,41660691,0.0275580219930611,16.24834645374162,15.16582505666512,0.0165151539468119,58.52620379669135,15.448204126500134,0.2831772317488988
2020-03-23,AAPL,15.448204126500134,15.367091069201235,15.59171248784587,15.29088913381265,63913881,-0.0493527386888581,16.064049210404317,15.266145935977262,0.0223232001530012,49.48905488546615,15.86545730909232,0.4248388037085532
2020-03-24,AAPL,15.86545730909232,15.802555314148089,15.991513217922291,15.674228531208229,113071572,0.0270098180458675,15.966416791260071,15.376563730051526,0.0265778787649391,53.51108211293073,15.688906657172712,-0.5668212110797565
2020-03-25,AAPL,15.688906657172712,15.67817002379365,15.737562830153916,15.669303660083678,69729112,-0.0111279901032811,15.879313322054136,15.475417721383335,0.0263840957851621,51.63747361043204,15.874288290362374,0.2831779663761457
2020-03-26,AAPL,15.874288290362374,15.838459950059882,15.882889535779936,15.802780300834772,116021359,0.0118160963820195,15.846754498627917,15.554866570104812,0.0268782503183751,53.4793600773644,15.357883116618869,0.8498425140976905
2020-03-27,AAPL,15.357883116618869,15.34434359622914,15.387093241441198,15.231690032850098,53330277,-0.0325309181928507,15.757045425726703,15.610056292924297,0.0293317205373734,47.99576520651487,15.990653958564936,-0.8501530960202217
2020-03-30,AAPL,15.990653958564936,15.93002937642197,16.08800815238261,15.8122344342618,123648558,0.0412016966883503,15.78222703591888,15.676470051230924,0.0339450963538345,54.19367394371501,16.619766111324903,-0.2834893559416135
2020-03-31,AAPL,16.619766111324903,16.630451631356458,16.642501171984794,16.57359422703696,67558164,0.0393424905816939,15.835022795662322,15.721834455158984,0.0356676669813514,59.3773834880819,17.130224281117027,-0.8501558005809784
2020-04-01,AAPL,17.130224281117027,17.122555092459137,17.191306100862246,17.09750817182756,102816179,0.0307139201823238,16.07531138917902,15.787647175245333,0.0277547471371061,63.03288926827699,16.34499771470617,0.5665094728271166
2020-04-02,AAPL,16.34499771470617,16.371927266825704,16.447524132482055,16.292463239517293,54013564,-0.0458386623271726,16.14381716140957,15.840127603478994,0.0352387012889018,54.85542467318248,16.7902285036473,-0.000157456099987
2020-04-03,AAPL,16.7902285036473,16.800322763862543,16.8998820979403,16.73852270126022,156428871,0.0272395748664153,16.30114885376308,15.900326278972871,0.0353326819740933,58.16919615731155,17.015155359996005,-0.0001530736684799
2020-04-06,AAPL,17.015155359996005,17.02570595108067,17.15579355423324,16.935367343251983,85327804,0.0133962951308164,16.464129863710745,15.960723215336548,0.0353491928529588,59.77557379441351,16.185188323635355,-0.5668235982457797
2020-04-07,AAPL,16.185188323635355,16.11496205291457,16.27531109875957,16.082610652633793,112565848,-0.0487781050951769,16.582316321855956,16.00164052178616,0.0389915151721786,51.86149001742322,16.179010596778184,0.8498443737626076
2020-04-08,AAPL,16.179010596778184,16.202919528580022,16.25803611687329,16.136746188095618,98343431,-0.0003816901437068,16.609224413029278,16.0580295346994,0.0361894981383794,51.806508875114304,16.371151122216776,-0.2834920903046926
2020-04-09,AAPL,16.371151122216776,16.354901130621162,16.389927923313103,16.268364026353634,111435997,0.0118759131956347,16.57370798601383,16.08413667910546,0.0328295341625954,53.45914808356072,16.660652555320517,-0.0001598820090293
2020-04-10,AAPL,16.660652555320517,16.652325645760353,16.766750416580848,16.553809857536088,94634196,0.0176836332975307,16.506626310900042,16.114047167206216,0.0310052445679114,55.91229513575407,16.75779993437207,0.5665074879924455
2020-04-13,AAPL,16.75779993437207,16.810499748465727,16.830210463965297,16.685812436602767,48778930,0.0058309468208992,16.565598056566603,16.15930458737934,0.0247841900522186,56.73638972969503,16.911177282420862,0.424841546267271
2020-04-14,AAPL,16.911177282420862,16.87467777570226,16.972470776138575,16.833479632003954,139505208,0.009152594532066,16.582876453534254,16.194093978471386,0.0228013759862391,58.06901920536509,17.667872645370707,-0.0001557134091854
2020-04-15,AAPL,17.667872645370707,17.73949030327761,17.864263238346076,17.62506481298064,117096534,0.044745280018821,16.676121780016352,16.255752989574493,0.0280566814524954,63.966162776665975,18.34142588776704,-0.0001622334122657
2020-04-16,AAPL,18.34142588776704,18.420907097717524,18.498877707950392,18.29161815027601,70479446,0.0381230528381024,16.984155717749452,16.343828292286073,0.0169408248488499,68.24698498347811,16.805204078554592,0.8498448565602302
2020-04-17,AAPL,16.805204078554592,16.843156166845795,16.921203655205165,16.690207337842963,50083729,-0.0837569455402617,17.073611929431795,16.371335797938958,0.0423674532180789,52.830975002066,16.638028501306145,0.8498378425836562
2020-04-20,AAPL,16.638028501306145,16.58908171031058,16.7400848407771,16.529549938437764,146451258,-0.0099478457070201,17.111737269301702,16.41368837976998,0.0426850690804697,51.46848450449988,16.556854056852686,0.4248410701751709
2020-04-21,AAPL,16.556854056852686,16.448259642272703,16.65283403631785,16.37820016417918,79905828,-0.0048788499458988,17.096908912377728,16.447485243949494,0.0422516062985302,50.78362773204468,15.67702087475802,-0.2834900220235188
2020-04-22,AAPL,15.67702087475802,15.727759627171832,15.770987218297304,15.625061666786005,148974738,-0.0531401182297982,16.942511903861437,16.420519215488234,0.0465330243110643,43.95637555312495,15.731100881632235,0.8498448565602302
2020-04-23,AAPL,15.731100881632235,15.736357510541756,15.796269996847451,15.62558212222571,131904439,0.0034496354445308,16.77392956089163,16.386946417213935,0.0462207331831003,44.45071106679733,16.368650522946677,0.4248458914458751
2020-04-24,AAPL,16.368650522946677,16.332056892035297,16.394843711614257,16.277114371417593,155175965,0.0405279736053851,16.58832640054534,16.38093862654209,0.0454187230947304,50.04490291410544,15.817368564708072,-0.2834893559416135
2020-04-27,AAPL,15.817368564708072,15.873056569082609,15.964471035671062,15.752803115935638,119187909,-0.0336791330150142,16.22774678296549,16.364896547311883,0.0406063623759029,45.75414733835901,15.995561217986534,-0.5668224493662516
2020-04-28,AAPL,15.995561217986534,15.954217864520592,16.037823385864908,15.83378726599816,61717988,0.0112656319886259,16.112083517170053,16.361341919433237,0.0304265467511346,47.32620767273176,15.54622940072518,0.8498448565602302
2020-04-29,AAPL,15.54622940072518,15.526447355887235,15.61118989290063,15.505849688319492,44252019,-0.0280910317017257,15.95611221708706,16.346688011893164,0.0315098636609741,43.87344691595542,15.225611531000784,-0.4251566655933857
2020-04-30,AAPL,15.225611531000784,15.249586861351151,15.353423713976657,15.145109155044576,69490137,-0.0206235133587724,15.76593471339393,16.327062306685868,0.0317095768576445,41.54437830923865,15.955392485637434,-0.425158017873764
2020-05-01,AAPL,15.955392485637434,15.902088574882836,15.957838562580612,15.846413472267832,92711815,0.0479311424142634,15.8057020863767,16.317235529769754,0.0325723650000678,48.27521020850507,15.686526221532912,-0.0001598820090293
2020-05-04,AAPL,15.686526221532912,15.681374096054986,15.74789418809184,15.574095575478298,114859873,-0.0168511219229829,15.799334277791086,16.32517959960418,0.033415246746247,46.16612393796263,15.924504119397612,-0.2834893604119619
2020-05-05,AAPL,15.924504119397612,15.976536028113063,15.99919302475248,15.830270236156093,147506184,0.0151708475480076,15.73588479156979,16.327147826614357,0.0294356150463423,48.31836736581845,15.02463901336259,-0.2834923004110654
2020-05-06,AAPL,15.02463901336259,15.03415460150684,15.072279347673549,15.023198502127151,56906995,-0.0565082026597549,15.62263771280615,16.305005571820686,0.0342074786036657,41.55337227457408,15.964016216139882,-0.8501544483006
2020-05-07,AAPL,15.964016216139882,16.023758018948364,16.027785945759646,15.866608554792244,116194729,0.0625224474239833,15.618131283970913,16.307996502679934,0.0430627007407601,49.50175558098604,16.294419304865208,0.2831779231627782
2020-05-08,AAPL,16.294419304865208,16.34983348130421,16.373624521991804,16.195699233313515,50274559,0.0206967397334063,15.725015555990918,16.33921437562148,0.0415854506928498,51.97558740236618,16.203169171748414,-0.0001575306057929
2020-05-11,AAPL,16.203169171748414,16.203545328373636,16.33025325784424,16.131127737942556,97773519,-0.0056000849990124,15.864666647526292,16.34629821606093,0.0402600485401161,51.22916399230031,16.51278161720953,0.2831741963823636
2020-05-12,AAPL,16.51278161720953,16.397023317078467,16.644897061017303,16.365780946248943,48843665,0.0191081412641764,15.944293666322308,16.342732066257085,0.0370337880192144,53.660828716459655,15.79364314981773,-0.8501571372151374
2020-05-13,AAPL,15.79364314981773,15.741250630710972,15.86595262735462,15.726251616780091,84866404,-0.0435504134955868,15.959596084648709,16.29817936188044,0.0408938439603942,47.71055727896172,16.417326495791716,-0.4251566655933857
2020-05-14,AAPL,16.417326495791716,16.45492221183689,16.541961283305593,16.32793415829312,112737956,0.0394895173999916,16.02999928127644,16.30059032124996,0.0431979125444291,52.61773237057261,16.250841400109692,-0.0001559056341647
2020-05-15,AAPL,16.250841400109692,16.17526273022564,16.370327679502164,16.10760976245778,128672325,-0.0101408165163006,16.20517105081174,16.28261075113204,0.0349281806531022,51.23548959879881,16.151249664655765,-0.0001622334122657
2020-05-18,AAPL,16.151249664655765,16.135420183970183,16.24632446314498,16.04404994560198,102940472,-0.0061284048623633,16.231918686314007,16.2538138946207,0.0270610116167131,50.38284603163401,15.910289135477448,-0.4251574970781803
2020-05-19,AAPL,15.910289135477448,15.926445108769087,15.988118360600842,15.879129355737822,71066279,-0.0149190021937198,16.177042947830042,16.244650588348765,0.0262931797650255,48.28896585506458,15.632488656204428,-0.0001552373170852
2020-05-20,AAPL,15.632488656204428,15.701407797897373,15.704824633561802,15.570752428926044,149562039,-0.0174604293427684,16.095517159895188,16.22643319032964,0.0268567954563543,45.91956438162273,15.9766825486587,0.2831778099139531
2020-05-21,AAPL,15.9766825486587,15.949121827210265,16.046028666127576,15.924796481682632,152024066,0.0220178565309665,16.018931578673637,16.213284237877705,0.027307247700299,49.24267162232918,16.108963174477026,-0.0001602351665496
2020-05-22,AAPL,16.108963174477026,16.07786541505048,16.26691632569764,15.97578534963654,156108824,0.0082796053195306,16.06397729648211,16.19489459184959,0.0212789563048741,50.50152106943801,16.434667561364805,-0.8501558005809784
2020-05-25,AAPL,16.434667561364805,16.432081775152742,16.46848492800891,16.425746298448246,135032260,0.0202188299371013,16.06645459156398,16.18412351274935,0.0164796712301989,53.555865193444674,16.436908613023633,0.5665073270599047
2020-05-26,AAPL,16.436908613023633,16.454212386271312,16.510753324979152,16.38912187920473,133346129,0.0001363612406797,16.093035621980256,16.16831455710277,0.0158434380507988,53.5770913519776,16.69182481361151,-0.8501558005809784
2020-05-27,AAPL,16.69182481361151,16.684100830548658,16.734637184523066,16.663636937684892,49295248,0.0155087678948278,16.17026064325965,16.135779629377467,0.01616112011498,56.038282961126725,16.49690403640847,-0.425159016996622
2020-05-28,AAPL,16.49690403640847,16.548833074188497,16.612733127432328,16.397742863729306,108707728,-0.0116776193962981,16.25406277196408,16.074295567665512,0.0155354124186783,53.6941335077329,17.59440171231638,0.4248456500470638
2020-05-29,AAPL,17.59440171231638,17.55222033944371,17.68336419462176,17.513161683960398,88876375,0.066527493491248,16.534336065694358,16.100602155457576,0.0247419740649388,63.06308956171383,16.785344026994547,0.424841546267271
2020-06-01,AAPL,16.785344026994547,16.79139485481066,16.847942518715843,16.670048411147185,71075549,-0.045983813405572,16.649859134028052,16.10551267298052,0.0341400234959713,54.33541165976951,17.463228887774616,0.2831763555606206
2020-06-02,AAPL,17.463228887774616,17.486553442162986,17.60381318637009,17.448950349833016,48161783,0.0403855208263757,16.843325664499137,16.135725167344585,0.0363367728864487,59.40483861014255,18.24000383704743,0.2831765164931615
2020-06-03,AAPL,18.24000383704743,18.21810309308224,18.33048522302392,18.15437056548981,65598938,0.0444806028864801,17.101230846739515,16.22115793275423,0.038335760955141,64.296080856653,17.75573632153516,0.2831783135732015
2020-06-04,AAPL,17.75573632153516,17.800465326195553,17.80475234953512,17.66367900807942,149823298,-0.0265497485548039,17.289634805098302,16.288645780750997,0.0413418211161373,59.4841336830738,19.076816660879786,0.8498453259468078
2020-06-05,AAPL,19.076816660879786,19.08534162522384,19.17913533167232,19.074283854976606,149041518,0.0744030163222431,17.630347926136626,16.378917985348767,0.0477200524084214,66.78671989181481,19.72938387372952,0.8498453259468078
2020-06-08,AAPL,19.72938387372952,19.7760741934053,19.9087774532972,19.72320495766979,129136257,0.0342073431039431,18.092130760039637,16.50931849564948,0.0457165843254128,69.69261987742543,20.38833052011309,0.8498448565602302
2020-06-09,AAPL,20.38833052011309,20.400202896243723,20.473931873183904,20.344329535572896,52188058,0.0333992511170602,18.491263446867737,16.6557441390537,0.0425192180028997,72.32565100791061,20.41559981264389,0.5665069783727328
2020-06-10,AAPL,20.41559981264389,20.43865338794129,20.52978075793697,20.303881818696706,122385415,0.0013374951178026,19.00987141624621,16.81805648611766,0.0324754174504019,72.43238802146112,20.280233265632152,-0.4251576647162437
2020-06-11,AAPL,20.280233265632152,20.241758108599647,20.434074031252816,20.06451458137069,55214911,-0.00663054469396,19.412300613083005,16.986543877272037,0.0344820754925154,70.96910238486142,20.15385919013615,0.8498448565602302
2020-06-12,AAPL,20.15385919013615,20.11572173775351,20.2300220780417,20.099444492586752,121924221,-0.0062313916137326,19.685708520667102,17.126492767421993,0.0343212980841182,69.55635521284457,20.408198723605057,0.8498411081731319
2020-06-15,AAPL,20.408198723605057,20.483161903641665,20.50300664847921,20.32069163242952,74221900,0.0126198923525966,20.064631720962808,17.283881850824397,0.0292680891744933,70.81553413639999,21.312013413978896,-0.8501530960202217
2020-06-16,AAPL,21.312013413978896,21.352645435333915,21.41142794226941,21.181876813972284,54701434,0.0442868428818485,20.38394554283411,17.463465493977104,0.0210833171248358,74.80373621234321,21.441694464474462,-0.0001567646861076
2020-06-17,AAPL,21.441694464474462,21.37589214484864,21.49833421003126,21.2329113485632,152024698,0.0060848802962232,20.62856134151196,17.6773673423475,0.0197011153810688,75.32477297924606,20.86063129005947,0.4248378045856952
2020-06-18,AAPL,20.86063129005947,20.87195006570621,20.97098221980105,20.78557878970804,108251865,-0.0270996853992917,20.696032880075727,17.840587844811488,0.0219535994729805,68.49047489264132,21.40385075787107,-0.8501553446054458
2020-06-19,AAPL,21.40385075787107,21.251426912723627,21.4310220043978,21.104563971729508,150733198,0.026040413650878,20.83721158653675,18.010902226578352,0.0234837388670924,71.12784980532703,22.026905534353386,-0.4251544371247291
2020-06-22,AAPL,22.026905534353386,21.98897915704885,22.15833551130768,21.886697652503365,42435971,0.0291094711662196,21.08673619635407,18.20502677199852,0.0239052140822861,73.83315892812564,22.485021946149963,-0.850154758989811
2020-06-23,AAPL,22.485021946149963,22.54984813134893,22.619433880610035,22.35983381703047,128738657,0.0207980377035754,21.419759447213185,18.404101449629863,0.0225947956052213,75.6405012572344,23.0142592045064,-0.0001575306057929
2020-06-24,AAPL,23.0142592045064,23.005618805455704,23.18126518641708,22.95340426322902,97583118,0.0235373245186916,21.792053801627663,18.644788651452817,0.0227009809508055,77.5680909805618,22.83331775279143,-0.2834884544213613
2020-06-25,AAPL,22.83331775279143,22.841394765152124,22.941284589914225,22.667251312772144,96271624,-0.0078621453815701,22.0093829928866,18.858655026686144,0.0209485151729128,75.37210657740859,22.21318356881882,0.8498413495719432
2020-06-26,AAPL,22.21318356881882,22.01217327779133,22.34017705289582,21.876064136831857,144791485,-0.0271591798741904,22.11959572207865,19.05739976564312,0.0253193434702939,68.24149224304256,21.64636331979465,-0.425159016996622
2020-06-29,AAPL,21.64636331979465,21.62089072679961,21.80649007256697,21.459053847052285,45653887,-0.0255172900934304,22.231843154897955,19.24057022081441,0.0249863412752498,62.42796342471361,20.60723041755864,-0.8501544483006
2020-06-30,AAPL,20.60723041755864,20.62814297853944,20.659847966797305,20.55519999911829,153300834,-0.048004964477602,22.11804024913904,19.39713493021712,0.0300360326987417,53.43987792476619,20.768414681411816,0.2831790288289388
2020-07-01,AAPL,20.768414681411816,20.797404680649823,20.90020516278159,20.64164455317912,43397361,0.0078217334686487,21.93825584157596,19.568332464390696,0.0269214336455056,54.533373394204894,20.723765430608854,-0.0001549512147903
2020-07-02,AAPL,20.723765430608854,20.78359633267636,20.82587466922143,20.70500099303946,83534603,-0.0021498632171922,21.686647767927237,19.7265685604557,0.0240683582431452,54.15396289905944,20.461514957187216,-0.0001530736684799
2020-07-03,AAPL,20.461514957187216,20.448608380788887,20.573558039277906,20.356379489040627,56576119,-0.0126545764233702,21.321970018310203,19.87165361987937,0.0185937502212653,51.87120375427826,18.75878578553844,-0.850154758989811
2020-07-06,AAPL,18.75878578553844,18.749463279829,18.847710814693645,18.701603824771297,102776797,-0.0832161829273879,20.73989402298835,19.94912422735183,0.0306568644621906,40.0629274279302,18.03662997710681,-0.0001530736684799
2020-07-07,AAPL,18.03662997710681,17.964549249625847,18.08646771222498,17.85293874099697,111491763,-0.0384969377382813,20.143243509886627,20.002448272821265,0.0309482355208305,36.289695342937485,18.706518886056195,0.424841546267271
2020-07-08,AAPL,18.706518886056195,18.69504122795075,18.738034062054727,18.64289001245429,117047547,0.0371404696886086,19.72326573363828,20.06960474190276,0.0398629687562914,41.768494944915474,18.31518715760465,0.5665105665723483
2020-07-09,AAPL,18.31518715760465,18.2458692074611,18.38824354229737,18.244332979352222,135771925,-0.0209195377737138,19.395830982216285,20.130214179275963,0.0379532601606635,39.6247682036565,18.53626179630707,-0.8501559481024742
2020-07-10,AAPL,18.53626179630707,18.43350398338821,18.6300105688522,18.40642608774485,130116426,0.0120705639969738,19.07695199862989,20.16160951540899,0.0384299771896258,41.45288788047977,17.745853644614588,-0.0001576267182827
2020-07-13,AAPL,17.745853644614588,17.688081341774176,17.858273472346088,17.682096309411378,153815891,-0.0426411840951638,18.651536029202138,20.193626502662987,0.0391334144098731,37.12470151441116,18.593758820428985,0.849841584265232
2020-07-14,AAPL,18.593758820428985,18.677915190364168,18.68182572496304,18.54369762302319,93953216,0.0477804670766972,18.384713723950963,20.23131083375147,0.0471832156150176,43.89257257920546,18.51374070271264,-0.8501558005809784
2020-07-15,AAPL,18.51374070271264,18.498713402925542,18.562494965973272,18.363222867518544,61043449,-0.0043034933651193,18.349707283547275,20.24043539594031,0.0354776372447387,43.41760538742442,18.69344132780097,-0.4251576647162437
2020-07-16,AAPL,18.69344132780097,18.70577212155594,18.778196722964747,18.56703953206853,58682401,0.0097063380099085,18.443537476503582,20.2716922294825,0.0315205778626863,44.86065129649444,20.11425032163012,-0.8501558005809784
2020-07-17,AAPL,20.11425032163012,20.083264545222665,20.224961963349028,19.93411077802033,73063345,0.0760057481613143,18.64464196729986,20.306273351507517,0.0402320982393187,54.69816614436131,21.14969629183844,-0.2834907328089078
2020-07-20,AAPL,21.14969629183844,21.03608746106909,21.18108377123473,20.86664675235439,112350988,0.0514782283033856,19.04957184361897,20.35361709877781,0.0399335426229846,60.26236017503144,20.94239665209008,-0.0001622334122657
2020-07-21,AAPL,20.94239665209008,21.001210009210595,21.062214372292857,20.874722631977907,46492034,-0.0098015421539814,19.39330539444512,20.372085969843717,0.0416095691233865,58.70769349873133,20.54753627714092,0.5665069783727328
2020-07-22,AAPL,20.54753627714092,20.413636316901457,20.71269527545348,20.319265287344564,154579818,-0.0188545934598058,19.793545770520307,20.37648385199361,0.0364533902540721,55.75702489946405,20.339944755665908,0.5665091554323832
2020-07-23,AAPL,20.339944755665908,20.306091398475537,20.41771161525381,20.22311824335802,158685659,-0.0101029884398334,20.04300090412558,20.378474234994734,0.0361190934553229,54.21429473577157,20.68100049234708,-0.0001584582030773
2020-07-24,AAPL,20.68100049234708,20.677612021213832,20.829524970623137,20.655016591562827,59777037,0.0167677808754209,20.35260944550193,20.396045611735097,0.0352610751305211,56.35109609468604,20.62090360499536,0.849845091253519
2020-07-27,AAPL,20.62090360499536,20.63516231915271,20.720883249383625,20.515137160254028,133709809,-0.002905898453702,20.62796119938684,20.403135774448117,0.0359784350671644,55.85642257447272,20.38037029155949,-0.0001605093479156
2020-07-28,AAPL,20.38037029155949,20.335953132921908,20.470721354067862,20.1960145383762,111554460,-0.0116645379874429,20.665978337948182,20.372081003700792,0.0244864679576183,53.81999988950194,21.314700855466544,0.8498401805758475
2020-07-29,AAPL,21.314700855466544,21.197174057880986,21.40672254975913,21.106773693841408,97685695,0.0458446314046612,20.689550418466485,20.367847883400536,0.0226153358877962,59.93101253579474,21.24791832169884,-0.850154758989811
2020-07-30,AAPL,21.24791832169884,21.19685362716803,21.29193405767594,21.070258668771864,128154837,-0.003133167770946,20.73319637126773,20.380757451121845,0.0222052111162566,59.326707078272456,22.78805779827308,0.4248423106968402
2020-07-31,AAPL,22.78805779827308,22.736869577376687,22.838830816822227,22.71270457404565,109067842,0.0724842524926978,21.053270874286618,20.426897685801915,0.0322717549454724,67.47256097536797,22.863067712058008,-0.0001622334122657
2020-08-03,AAPL,22.863067712058008,22.81004184527556,23.017127689148605,22.691476941273976,78841767,0.0032916325932179,21.41371701091406,20.454769758392064,0.0308796799911655,67.81068984165742,24.174230194718337,0.8498448565602302
2020-08-04,AAPL,24.174230194718337,24.244581453704463,24.38838337102877,24.139786902242136,107460929,0.0573484931756913,21.912749825538526,20.511076700011014,0.0343862504535194,73.07874394635226,24.46193667754485,-0.0001602351665496
2020-08-05,AAPL,24.46193667754485,24.372875454613258,24.64082077008615,24.16027046713796,56291233,0.0119013710264648,22.461468835902732,20.55933261577896,0.0329497200269052,74.08112427189896,25.224341320136496,-0.8501558005809784
2020-08-06,AAPL,25.224341320136496,25.247117331982643,25.27388754667469,25.176531441146125,70523290,0.0311669780132946,23.153464697128022,20.63903340135713,0.0286724131757579,76.57065727596893,24.66370364609161,-0.0001575306057929
2020-08-07,AAPL,24.66370364609161,24.6754162197336,24.68043107938194,24.582072667480265,156756544,-0.0222260580337664,23.63189366721732,20.720717403932888,0.0339617001622825,71.15804212996511,24.02017113820444,0.4248434215784072
2020-08-10,AAPL,24.02017113820444,24.089382024198724,24.120249064977525,23.93442771462196,62246883,-0.0260922899951057,24.027929783860973,20.79984433121321,0.0376508083673754,65.43983522485365,24.37961630185749,-0.000154361128807
2020-08-11,AAPL,24.37961630185749,24.36987919000601,24.553123921319155,24.32013402764249,111786455,0.0149643048579843,24.255295284373037,20.92559052735651,0.0291671526421663,67.0333550257738,25.14942752902043,0.8498453259468078
2020-08-12,AAPL,25.14942752902043,25.20911700179693,25.383458142677405,25.07217449472615,75637085,0.0315760189837068,24.581918115367664,21.071624288943465,0.0300214042110497,70.20220756532132,25.19111851071086,0.8498453259468078
2020-08-13,AAPL,25.19111851071086,25.178103256984883,25.31882950565464,25.13278910585414,95772589,0.0016577308426732,24.727187874795167,21.2205360582802,0.0232667387783293,70.36832911907176,24.23477363395041,-0.2834875096877416
2020-08-14,AAPL,24.23477363395041,24.266355847600604,24.49987826857265,24.09735212049882,69658425,-0.0379635734059934,24.69473601142453,21.34631134750564,0.0282969591392603,61.85027101306631,23.2463672317941,-0.8501558005809784
2020-08-17,AAPL,23.2463672317941,23.141553470468395,23.275694897873137,22.95887781963788,108253558,-0.0407846352140733,24.41216828451848,21.49589739571416,0.027732478835564,54.506526435552566,22.23467308594388,-0.2834911887844403
2020-08-18,AAPL,22.23467308594388,22.058689334335448,22.34407546464458,21.996742460913254,106903370,-0.0435205267026206,24.06516391878309,21.635832166008733,0.0301936945863999,48.19831575509394,21.01856464055001,-0.0001575306057929
2020-08-19,AAPL,21.01856464055001,21.042371119389543,21.070435057664312,20.94074523084993,114114829,-0.0546942354714742,23.63636299054674,21.712900357825188,0.0337767409893956,41.9181948363969,21.10295969331592,-0.0001575306057929
2020-08-20,AAPL,21.10295969331592,21.13025741370365,21.191228154042456,20.93146950549454,76984336,0.0040152624220155,23.16826918932652,21.80582610901557,0.0321907345933125,42.47833531399926,21.887799492072524,-0.4251566655933857
2020-08-21,AAPL,21.887799492072524,21.91902259125065,22.060414481457897,21.819745761199744,109463697,0.0371909822206215,22.702322326905385,21.917544032207743,0.0337224460676553,47.54468394782008,21.887057254304217,-0.5668230439225833
2020-08-24,AAPL,21.887057254304217,21.852589570288973,22.0091682815826,21.735684624803007,127473374,-3.391102740024632e-05,22.230313575990152,22.055584152530734,0.0335540631402626,47.54041939645734,20.3939048507783,-0.000156158208847
2020-08-25,AAPL,20.3939048507783,20.48504861237529,20.50558726960157,20.303842235550256,126393379,-0.0682207930548672,21.681618035536992,22.115589020209043,0.0379987057168691,39.80543367668992,20.274514558770694,-0.5668228084842364
2020-08-26,AAPL,20.274514558770694,20.246543160359447,20.32235885797604,20.162136768251788,108152767,-0.0058542144273585,21.257067653676508,22.17428148207765,0.0376766237179211,39.25545471097035,20.176849743772824,-0.2834883024295171
2020-08-27,AAPL,20.176849743772824,20.202325781993533,20.28886675252041,20.15396071440171,75897896,-0.0048171222405727,20.963092890509213,22.223728429276708,0.0362451253528968,38.78338811840267,21.55702606949699,-0.0001575306057929
2020-08-28,AAPL,21.55702606949699,21.59548183530984,21.60698921609104,21.533584935286164,103871651,0.0684039551887991,21.040015951787357,22.271820954205605,0.0421415161640446,48.2536889488516,20.56361103446205,-0.2834902872641881
2020-08-31,AAPL,20.56361103446205,20.669641546805217,20.758643043287105,20.46467330624503,104434624,-0.0460831207343862,20.962966143379656,22.252284778959726,0.0462666797376092,43.08690158616553,20.30673941570669,-0.5668217952052753
2020-09-01,AAPL,20.30673941570669,20.2874259020783,20.39329509108344,20.16490843200945,154155252,-0.0124915618334187,20.737100418184536,22.23109620441361,0.0427946580738567,41.839387484211485,21.47754016534766,-0.425159016996622
2020-09-02,AAPL,21.47754016534766,21.43545323470989,21.5222042269323,21.414668060107093,85244172,0.0576557725823467,20.678597976905028,22.2620963340205,0.0499598949704095,49.07656816894172,21.811770385362443,-0.8501552797853946
2020-09-03,AAPL,21.811770385362443,21.71373877597617,21.853610355011533,21.583833222113828,78689144,0.0155618482117443,20.881150196131337,22.31115718834372,0.040485208467317,50.952864787923616,22.228686342994514,-0.8501551166176795
2020-09-04,AAPL,22.228686342994514,22.33220758083545,22.37394916712536,22.163293205074822,129985954,0.0191142649251367,21.1603175938776,22.362746716698634,0.0399166188461968,53.26601651046541,22.32060300065526,-0.0001537710428237
2020-09-07,AAPL,22.32060300065526,22.34882143732439,22.511439040922493,22.246694638704483,116232383,0.0041350467698562,21.466568059146518,22.41940336322063,0.0393562384126895,53.78352523836309,22.56436456190097,-0.0001622334122657
2020-09-08,AAPL,22.56436456190097,22.59503366978762,22.66565843660402,22.401918557725647,91252014,0.0109209218603347,21.61047355806137,22.492203172232013,0.0316422271757415,55.200346973338576,23.127063229879138,0.8498443737626076
2020-09-09,AAPL,23.127063229879138,23.34330387805293,23.43617712064846,22.984834701302336,40006075,0.0249374923204468,21.976681014549523,22.5526152513791,0.0215814316156338,58.37277109615042,22.56103506332316,-0.28348801334699
2020-09-10,AAPL,22.56103506332316,22.58303510073231,22.649402714816425,22.44552920054373,124589317,-0.0244747100368842,22.298723249923302,22.596385809433244,0.0245875628504874,54.213912245758486,23.19457311089887,0.4248378045856952
2020-09-11,AAPL,23.19457311089887,23.103952743765426,23.33399207650841,23.04903847175174,128430837,0.0280810718922039,22.544013670716332,22.609936319854103,0.0176919227273265,57.834971338418974,22.232824841794844,0.2831779231627782
2020-09-14,AAPL,22.232824841794844,22.219758372188743,22.25447236891097,22.18306655680701,151640177,-0.0414643660181057,22.60416430734954,22.58892822417867,0.0263500260380468,51.2134267656141,22.47435607090633,-0.425158017873764
2020-09-15,AAPL,22.47435607090633,22.40863325006197,22.48472040514661,22.36934394579833,100305271,0.0108637220339828,22.639259982765516,22.532265753384934,0.0256871433401735,52.67871110703622,22.60884320542592,0.424841546267271
2020-09-16,AAPL,22.60884320542592,22.5819928260366,22.751731411010027,22.432127339264124,101813428,0.0059840261538652,22.6804371548756,22.470495970980966,0.0257239523983032,53.51588995526605,22.19705477186968,-0.850154758989811
2020-09-17,AAPL,22.19705477186968,22.170245861480893,22.34864100028257,22.102534749518355,65006194,-0.0182136003073969,22.627964327728275,22.369586419372077,0.0264106584966805,50.56604778586651,22.19067953133793,-0.8501571372151374
2020-09-18,AAPL,22.19067953133793,22.15160012092019,22.23374688733264,22.038721725142462,95160838,-0.0002872111006289,22.494195227936675,22.287152282213626,0.0236976815080465,50.519619439834464,21.795306560295785,-0.2834918548663457
2020-09-21,AAPL,21.795306560295785,21.70420550230784,21.8477770180695,21.675357815128265,40181266,-0.017817073626961,22.38480544178991,22.212990129616667,0.0229373877885926,47.60063339823061,21.12763810849883,-0.0001622334122657
2020-09-22,AAPL,21.12763810849883,21.22857550310909,21.37136328006013,21.05626310673127,100086808,-0.0306335884723566,22.08952901287561,22.10459085650471,0.0194207310953912,43.07446787904372,20.91488049753133,-0.0001602351665496
2020-09-23,AAPL,20.91488049753133,20.933631610940385,20.94910617117739,20.86265512185813,124833275,-0.0100701086356601,21.9012512494094,21.9634392887884,0.0148640991050835,41.71333190038764,20.256187638897625,-0.4251544371247291
2020-09-24,AAPL,20.256187638897625,20.242486027370987,20.28508299158536,20.1630304511796,134308732,-0.0314939814603031,21.584370044836728,21.798941593061297,0.0142299713685499,37.73742348882804,20.459724720946188,-0.2834892039497693
2020-09-25,AAPL,20.459724720946188,20.50622790523639,20.57049062408137,20.37455503151696,119524084,0.0100481435933044,21.277353118482484,21.673106629294487,0.0152578217952069,39.65155958912463,19.789706269077595,0.8498448565602302
2020-09-28,AAPL,19.789706269077595,19.81767311808433,19.857226762702066,19.650765321101268,136648345,-0.0327481655304308,20.933446189512185,21.557884597203937,0.0168247133933101,35.75476465685732,20.221208239156898,-0.8501571372151374
2020-09-29,AAPL,20.221208239156898,20.237932638306045,20.35071867978173,20.064822625546807,119848853,0.021804364562679,20.652093147772035,21.49076910231104,0.0216691365206084,39.854281706875234,19.531847943523424,-0.0001567125320434
2020-09-30,AAPL,19.531847943523424,19.57198577812009,19.65577950208609,19.44741542388525,133581465,-0.034090954777795,20.328741916804557,21.44121187907682,0.0230994784743981,35.91173925443681,19.20899040610068,0.4248413115739822
2020-10-01,AAPL,19.20899040610068,19.2167086597244,19.291143156614247,19.18725013836046,92494578,-0.0165297998610419,20.05464938789053,21.37807956950298,0.0221353106902011,34.205100475173964,18.860781639716645,0.4248456500470638
2020-10-02,AAPL,18.860781639716645,18.89870434136836,18.999675195803427,18.708956527971512,112262530,-0.0181273850953376,19.76120669391701,21.277178974424448,0.0221490179127923,32.41583087825008,19.62808012659745,-0.4251574970781803
2020-10-05,AAPL,19.62808012659745,19.67242657235532,19.72945385445781,19.510638245879004,116715679,0.0406822209989983,19.6714770493027,21.201879736834226,0.0287172591179854,39.87895641776814,19.83391981212492,-0.8501539975404739
2020-10-06,AAPL,19.83391981212492,19.84360186315263,19.94741828075719,19.71285732306161,108706423,0.010487000470746,19.582076348042516,21.183213568879115,0.0287538453309365,41.73767247066233,19.716598854145,-0.283490148683389
2020-10-07,AAPL,19.716598854145,19.703562564691225,19.722245333967784,19.639314213854128,108560174,-0.0059151675055273,19.571632431623573,21.16461637872492,0.0259456531256783,40.96038486595025,20.01532957496708,-0.8501559481024742
2020-10-08,AAPL,20.01532957496708,20.107223824097787,20.1448227628738,19.99481641136709,133823228,0.0151512298359346,19.54222119388217,21.159232373098064,0.0251119344376775,43.828889118012086,18.831691324332933,-0.0001576662063598
2020-10-09,AAPL,18.831691324332933,18.804692241491622,18.93345069932217,18.692529427175856,68667405,-0.0591365855955978,19.4421988197121,21.068387881592592,0.0315417329957503,36.3027062023552,18.81442470338149,0.8498443737626076
2020-10-12,AAPL,18.81442470338149,18.836511724193443,18.87469072515085,18.76942747548029,78024719,-0.0009168916723444,19.385832290752216,21.010081670556577,0.031120756875945,36.20503728982829,19.97524135739492,-0.8501530960202217
2020-10-13,AAPL,19.97524135739492,20.00004511860802,20.011170395226383,19.92642995040533,102252164,0.0616982274140327,19.545040821849117,20.99903173527952,0.0382626611688484,46.605543544187135,20.065501753055027,0.5665068219105402
2020-10-14,AAPL,20.065501753055027,20.02880850059548,20.13458652777917,19.950559119335505,117447953,0.0045186135198658,19.607529625628764,20.95196378820309,0.0355993027770592,47.32465101270892,20.11492717826163,-0.0001541197299957
2020-10-15,AAPL,20.11492717826163,20.066179312901102,20.25337228897234,19.957393432396497,101751135,0.002463204051156,19.64767353507687,20.895402347966403,0.0354732293209651,47.73970761758814,20.45217623759036,-0.5668212110797565
2020-10-16,AAPL,20.45217623759036,20.43046510591178,20.469291706014687,20.383669702197817,63928450,0.0167661088871946,19.752756018426204,20.83618534445293,0.0356065662557978,50.60000898501632,21.006390701207675,0.4248423844575881
2020-10-19,AAPL,21.006390701207675,20.975371602625096,21.116597329630064,20.87044401023481,138834746,0.0270980680578476,19.89433617931772,20.79237826780468,0.0364072553944332,54.962421976718495,19.809244079939617,-0.850154758989811
2020-10-20,AAPL,19.809244079939617,19.722590687351847,19.92990344894984,19.62180615144768,105497652,-0.0569896389292251,20.033986572975817,20.700540918405967,0.0357555488840718,45.595872874274846,18.814602390064906,0.8498378425836562
2020-10-21,AAPL,18.814602390064906,18.77782952725486,18.926692842603373,18.688047418285983,92018682,-0.0502109866414318,20.034011956787733,20.556792223745493,0.0420583863750546,39.5632074097745,18.948195773788456,-0.0001576267182827
2020-10-22,AAPL,18.948195773788456,18.963329109485468,19.00595379899196,18.93877615250372,145368259,0.0071005159159831,19.887291159129667,20.43636424742767,0.032951240634756,40.69810136163409,18.539339601320105,-0.8501558005809784
2020-10-23,AAPL,18.539339601320105,18.60974887538804,18.70686569890413,18.426394643192022,92330252,-0.0215775780105635,19.669267994596105,20.28118979710837,0.0329022564246893,38.32608014685737,19.31560018485488,-0.0001575306057929
2020-10-26,AAPL,19.31560018485488,19.34772538898336,19.37463981388948,19.26392867102588,158128536,0.041870994341109,19.55507842410943,20.18394897521038,0.0384469485602529,44.893150403217845,19.1326818326504,-0.0001622334122657
2020-10-27,AAPL,19.1326818326504,18.98347363323945,19.265555723939563,18.9175438325057,85914397,-0.0094699802467388,19.36657922340372,20.07255983393518,0.0372151985662573,43.71199996031535,18.029255355134563,0.8498448498547078
2020-10-28,AAPL,18.029255355134563,18.06394204043523,18.18472490536437,17.951308353693197,147335664,-0.0576723371646107,18.941274173964704,19.919906905592136,0.0373476274761303,37.33129086315912,17.318131456975312,-0.850154758989811
2020-10-29,AAPL,17.318131456975312,17.28913301897205,17.327160958672952,17.2288986442102,102022317,-0.0394427769839496,18.58540094211266,19.757276128428988,0.0350469050671799,33.89715068875957,15.846516077009554,-0.0001576267182827
2020-10-30,AAPL,15.846516077009554,15.868055299072688,15.949490343537986,15.777785960866916,69074318,-0.0849754134054125,18.16138861167618,19.545804013284712,0.0420543833882108,28.130141372110216,15.725985924865933,-0.0001622334122657
2020-11-02,AAPL,15.725985924865933,15.72531905220376,15.79206612264163,15.723503050657008,85186929,-0.0076060978676876,17.701072918972965,19.343493325437045,0.0406164062751154,27.714253067588672,15.633248323822206,0.8498443737626076
2020-11-03,AAPL,15.633248323822206,15.624211323299578,15.680113022217077,15.533773227168137,149235171,-0.0058970929699924,17.28591702218755,19.16034699928116,0.0412988899950334,27.37885167800094,15.42379286391332,0.2831746344765027
2020-11-04,AAPL,15.42379286391332,15.41906227583918,15.480508731818452,15.405245953404966,153361853,-0.0133980766869618,16.729944547767328,18.977310744827225,0.0306771742050329,26.59596667964675,15.97559527222758,-0.8501545518636703
2020-11-05,AAPL,15.97559527222758,15.974520547208048,16.069268562465982,15.820148922021692,56555998,0.0357760515317409,16.278932181992637,18.83462433260489,0.0395147077951619,32.104081669941564,16.614769152396622,-0.0001612342894077
2020-11-06,AAPL,16.614769152396622,16.681780087172463,16.775911646865787,16.53317358002344,158454042,0.0400093936581005,16.076862724458646,18.70645914698657,0.0430393474547972,37.91555181363809,16.529073664002727,-0.0001591622829437
2020-11-09,AAPL,16.529073664002727,16.528098769960994,16.622853356635478,16.52116491268112,117725460,-0.0051577898921053,15.96414018260542,18.59777139348408,0.0411443984433734,37.452692495303545,15.446198361454808,0.849842357635498
2020-11-10,AAPL,15.446198361454808,15.496500580779738,15.531564788550767,15.373944158501027,61998805,-0.0655133690223803,15.906951937526172,18.438604397560677,0.035127406882989,32.11720034676355,15.772423225205886,0.2831746344765027
2020-11-11,AAPL,15.772423225205886,15.8168970045298,15.892847344076715,15.732531205780043,110386190,0.0211200747340623,15.913585837574734,18.313290240283425,0.0361772132968544,35.11603232034662,16.06939083460272,0.8498426750302315
2020-11-12,AAPL,16.06939083460272,16.101547881428534,16.203496486045513,15.927826803586852,91072401,0.0188282805474211,15.97589191054338,18.20863692123349,0.0365971696828012,37.80938928622266,16.23818977781747,0.2831787114342053
2020-11-13,AAPL,16.23818977781747,16.151155411431812,16.31885195801732,16.06084984442434,54938722,0.0105043772319775,16.092234326815404,18.12121719250352,0.035751658061926,39.35048348076057,16.76082141929212,0.4248401559889316
2020-11-16,AAPL,16.76082141929212,16.816968460914744,16.895464473407678,16.680094081623697,158070595,0.0321853389217436,16.204409490681766,18.02564190226001,0.0353086906530752,43.97923686872291,16.15445502354119,0.5665082285801569
2020-11-17,AAPL,16.15445502354119,16.132263585957187,16.19927115550268,16.08300565763854,112409035,-0.0361776061317011,16.138650329416702,17.902993075973882,0.0353329081220739,40.15053021061662,17.243103077740024,0.4248423106968402
2020-11-18,AAPL,17.243103077740024,17.280127155589394,17.367284581313033,17.12925237155901,51645872,0.0673899585354254,16.240654531379175,17.82054321676038,0.0442629366260188,48.773147930106745,16.7059927171223,-0.0001622334122657
2020-11-19,AAPL,16.7059927171223,16.65725133783447,16.742208758261302,16.576687272424234,81006266,-0.0311492866565941,16.420625153617387,17.710231988165557,0.0360329366574882,45.30508857850005,17.136100967978006,-0.0001530736684799
2020-11-20,AAPL,17.136100967978006,17.075178322596283,17.157990217880336,17.021107831988175,140774538,0.0257457463401669,16.61543625972769,17.653712309620392,0.0362736470844111,48.465219616395885,16.209696692991912,0.4248413115739822
2020-11-23,AAPL,16.209696692991912,16.30580667890635,16.36884658161924,16.163736603765965,93065562,-0.054061555584742,16.63547995378329,17.566888042607406,0.0438224862693006,42.73758150477635,15.712394045539703,-0.0001598432660102
2020-11-24,AAPL,15.712394045539703,15.667284560416496,15.748725558660258,15.623218387441202,99368073,-0.0306793308271592,16.560366277743608,17.424793132212237,0.0452417913722976,40.00446139920051,16.546795637469764,-0.8501544483006
2020-11-25,AAPL,16.546795637469764,16.603688814475174,16.607301195569686,16.470117898179737,57096786,0.0531046758063531,16.5297911660547,17.30750292835939,0.0485840778283923,46.21909998036718,16.405539487681867,-0.0001575306057929
2020-11-26,AAPL,16.405539487681867,16.41136773546028,16.416821418868125,16.343375740383284,53318963,-0.0085367676547611,16.565660375217654,17.183856672006733,0.0463022839354752,45.36243656921207,16.8821081186241,-0.0001572221517562
2020-11-27,AAPL,16.8821081186241,16.860830581879984,16.958720810812615,16.767333114951064,157351025,0.0290492507911772,16.51408966677252,17.064854401374525,0.0391467646611135,48.80973501038631,17.023364098537236,-0.0001530736684799
2020-11-30,AAPL,17.023364098537236,17.021074683276982,17.127900346046733,16.961610666633327,154298965,0.0083672002880554,16.559428435546085,16.932086847952174,0.0370991194726726,49.82033979163724,16.971772794592425,0.8498443737626076
2020-12-01,AAPL,16.971772794592425,16.905527154054155,17.045071786100586,16.81165120481656,51437401,-0.0030306174294447,16.535952982205288,16.837504471773936,0.0357657316115322,49.43645962211884,17.73337433161426,0.4248423844575881
2020-12-02,AAPL,17.73337433161426,17.73264259692733,17.758870264987017,17.64988347660113,105907764,0.0448746012711469,16.753621216294196,16.80146353649225,0.0303629537403466,54.95440402685899,17.605000408784875,-0.0001596473157405
2020-12-03,AAPL,17.605000408784875,17.547815477778638,17.69409690131288,17.464759316047907,121724825,-0.0072391142502714,17.023993553900645,16.756690357658794,0.0256265071863457,53.8869308320025,16.645150126158402,0.8498453259468078
2020-12-04,AAPL,16.645150126158402,16.625403462189958,16.684490198999665,16.562956710901204,145676922,-0.0545214575597231,17.03804419514188,16.69355070848674,0.0316837952252597,46.59844566069663,16.220882284512488,0.8498453259468078
2020-12-07,AAPL,16.220882284512488,16.26590981042767,16.41042927306524,16.097219587081874,107159676,-0.0254889765745737,17.011664594689112,16.590393445141995,0.0331721457934702,43.77974867643736,16.520892416552307,-0.0001560017466545
2020-12-08,AAPL,16.520892416552307,16.533490787014404,16.626432014908392,16.46692849780489,144292833,0.0184953029544061,16.960062351536,16.503333797938723,0.0317819709319032,46.25541530394617,16.739025991093044,-0.0001530736684799
2020-12-09,AAPL,16.739025991093044,16.66459571958107,16.767808737007666,16.578899840618817,54507625,0.0132034982760489,16.919442621901116,16.46032615247067,0.0321122141313828,48.04677647482282,15.935490688067372,-0.0001541689038276
2020-12-10,AAPL,15.935490688067372,15.97619733141968,16.032648550678577,15.83386002015015,41756149,-0.048003707232024,16.771402320968964,16.414238126840406,0.0365542354756001,42.43569136231869,15.572454597367164,-0.8501552797853946
2020-12-11,AAPL,15.572454597367164,15.572122915207215,15.613256120556605,15.478559595726676,95787533,-0.0227816072819176,16.46269950179081,16.405102744185662,0.028090134148487,40.15407933867041,15.289730123805066,-0.0001622334122657
2020-12-14,AAPL,15.289730123805066,15.264860524511825,15.402071986518052,15.21548192249664,71780884,-0.0181554212789227,16.131946603936548,16.3905608841503,0.0276902193167055,38.42153822889392,15.11874131634935,-0.0001530736684799
2020-12-15,AAPL,15.11874131634935,15.152607734006892,15.166868977229171,15.02354509659897,130618040,-0.011183245621157,15.913888202535258,16.37341065056787,0.0230367717100466,37.3713159448945,14.486307886467015,-0.0001530736684799
2020-12-16,AAPL,14.486307886467015,14.479041257303503,14.584217188925049,14.455394029103294,80430589,-0.0418310900788032,15.666091859957332,16.34216115131966,0.0251914519867497,33.70193245084198,14.204590979766175,-0.0001602351665496
2020-12-17,AAPL,14.204590979766175,14.154917752103316,14.280651873198671,14.149152242921174,88842297,-0.0194471157805514,15.33519165470217,16.283127674904282,0.0201777700120705,32.18591784040068,13.886454093304096,0.8498411081731319
2020-12-18,AAPL,13.886454093304096,13.963432667497717,14.06998458234507,13.788559058299777,104183685,-0.0223967650258463,14.927681383589462,16.192183839601196,0.0134268356767835,30.5164852271393,14.233793785324284,-0.0001576535403728
2020-12-21,AAPL,14.233793785324284,14.233055587632728,14.35377252959555,14.12473760280435,155374714,0.0250128427089009,14.684581826054735,16.115674510311916,0.0203130707537625,34.51041396918296,14.606124607891603,-0.8501530960202217
2020-12-22,AAPL,14.606124607891603,14.602558440577884,14.631630795892235,14.60001302156607,48623921,0.026158227959661,14.546534684701085,16.087672051859805,0.0253241235484937,38.585604980258026,14.545264770066886,0.8498378425836562
2020-12-23,AAPL,14.545264770066886,14.527587684119252,14.611000384297176,14.408003820491013,106309065,-0.0041667341241108,14.440182491309915,16.046766770021843,0.0250160793753937,38.16752801319669,14.377197819236228,-0.4251566655933857
2020-12-24,AAPL,14.377197819236228,14.428091621804535,14.520970184141763,14.328470378199018,86676027,-0.0115547536251473,14.33424770600804,15.99036033617629,0.0250272302993694,36.97604568288609,14.443948210573222,-0.5668221424023311
2020-12-25,AAPL,14.443948210573222,14.42120425660788,14.48708706247558,14.317723478244517,44320694,0.0046427956390557,14.3281963237375,15.930552283934816,0.019839740802547,37.80646037872752,14.104732383245876,-0.5668250570694605
2020-12-28,AAPL,14.104732383245876,14.039357800907748,14.111633542716485,13.949314161008942,137756574,-0.0234849794794358,14.313930809948886,15.842015982733274,0.0205373480225333,35.263597356307145,13.638315835085328,-0.283487827082475
2020-12-29,AAPL,13.638315835085328,13.610547774175863,13.674521735812135,13.49873319716877,149678219,-0.0330680891694602,14.278482487346205,15.758144676451414,0.0226886894326692,32.06961026712352,13.263304891350716,0.4248458914458751
2020-12-30,AAPL,13.263304891350716,13.316097139494511,13.347895065147188,13.15376627402232,60782933,-0.0274968660551089,14.139841216778551,15.625484736905102,0.0207293811387633,29.73741738620868,13.016207739194536,0.2831756328543027
2020-12-31,AAPL,13.016207739194536,13.04870135443451,13.13678048666923,12.917607172854728,131168740,-0.0186301343579394,13.912710235536112,15.50249190430751,0.0133660617386042,28.278164753770668,12.5731940178914,0.4248456500470638
2021-01-01,AAPL,12.5731940178914,12.563574934055923,12.616171764507998,12.505285495185664,124153176,-0.034035544774622,13.630985842368188,15.35039500597129,0.0136302711677478,25.83079735668737,12.64056429553667,-0.0001602351665496
2021-01-04,AAPL,12.64056429553667,12.69264045527292,12.757394644904544,12.619035385377936,124640379,0.0053582468821689,13.382895338982536,15.231423926056117,0.0166487711692221,26.86735880123581,12.92420200632784,0.2831779231627782
2021-01-05,AAPL,12.92420200632784,12.953201675690911,13.034468849161073,12.891296835972376,95239529,0.0224386905647338,13.165788738376053,15.13848419141572,0.0213856348749778,31.22529148071017,12.331432639964406,-0.0001575306057929
2021-01-06,AAPL,12.331432639964406,12.321570353623832,12.357951249808169,12.254927298817984,78423300,-0.0458650650982712,12.912460203621558,14.997972091498877,0.0242491230214484,27.532750518278974,12.345881568928563,-0.0001575306057929
2021-01-07,AAPL,12.345881568928563,12.339736658661977,12.40551726681818,12.327438999794364,48484614,0.0011717153542509,12.727826737027735,14.862650160873764,0.0243344176565909,27.75700912818621,12.269900190342891,-0.0001575395464897
2021-01-08,AAPL,12.269900190342891,12.282022277448537,12.284176225017594,12.18191824744321,44190198,-0.0061543906898392,12.5859117797409,14.708909896597724,0.0236698174342848,27.278939637149502,12.398414685676238,-0.8501571372151374
2021-01-11,AAPL,12.398414685676238,12.367472447555636,12.407024088384413,12.350497862870403,61284887,0.0104739642001729,12.497655629238286,14.554744916169025,0.0246062111361478,29.490978131901755,12.39873038557706,0.4248410701751709
2021-01-12,AAPL,12.39873038557706,12.39889795685492,12.413720331250737,12.318515278475754,103342624,2.546292480332113e-05,12.472732253193382,14.402310169201844,0.021456384308558,29.496651608066276,11.904775762912209,0.8498443737626076
2021-01-13,AAPL,11.904775762912209,11.915794110188958,11.949915852097732,11.85194434537729,56923687,-0.0398391292740302,12.3676196056756,14.20802355024511,0.0253863229567307,25.974921427370376,11.48067866280372,0.8498443737626076
2021-01-14,AAPL,11.48067866280372,11.422576110902328,11.512989265873488,11.3551770894774,122391900,-0.0356241149396284,12.161401985172157,14.00387949204574,0.0230678229501658,23.392522415141485,11.495284554101769,0.5665122131506602
2021-01-15,AAPL,11.495284554101769,11.48875568116239,11.541606288124278,11.395698155667086,114366141,0.0012722149732637,12.04195225862035,13.832217306310518,0.0197191518890562,23.67396463868741,11.846794741513367,0.8498443737626076
2021-01-18,AAPL,11.846794741513367,11.83602400824385,11.874709821163773,11.787989870220189,81349448,0.0305786416819209,11.970654140418178,13.686414388210547,0.0249005079037165,30.309642833379087,11.108912586531916,0.8498378425836562
2021-01-19,AAPL,11.108912586531916,11.14317473983216,11.149256308550104,11.044932703783214,50478927,-0.0622853836064006,11.804798768445185,13.506015060543202,0.0328683197321306,25.331117359431545,11.232134296439096,0.4248388037085532
2021-01-20,AAPL,11.232134296439096,11.169981382607505,11.28369354924227,11.152728258145927,102089668,0.0110921486641788,11.638187284268447,13.322452004054735,0.0329446139872684,27.473521566403235,11.648736490081744,-0.0001559056341647
2021-01-21,AAPL,11.648736490081744,11.63540430080302,11.650770343868428,11.566571338232636,138765613,0.0370902076709251,11.531045299197688,13.179560197455212,0.0380684184661509,34.33352693710722,11.598788875718242,0.8498448565602302
2021-01-22,AAPL,11.598788875718242,11.582025564384208,11.677293769881237,11.50250671151102,87250589,-0.0042878139106357,11.487332886741408,13.04710467340025,0.0354310242184726,33.91928653495266,11.79673269876582,-0.8501544483006
2021-01-25,AAPL,11.79673269876582,11.830709800365508,11.918687587806614,11.76877711688734,136799095,0.0170659044809384,11.532483463307424,12.93067142589894,0.0328921767623252,37.155330190881465,11.556699680242016,0.8498403370380401
2021-01-26,AAPL,11.556699680242016,11.555189916369253,11.610837191616646,11.55335013878648,74344810,-0.0203474152253121,11.541257052756029,12.811936704695366,0.0342188000021362,34.922002244201565,11.52033066862573,-0.8501558005809784
2021-01-27,AAPL,11.52033066862573,11.58240548131592,11.635869665805687,11.481646835610192,49607439,-0.0031470067253251,11.494619328057794,12.71307079743399,0.0316852741797309,34.58281701031744,10.993710137993322,-0.0001598820090293
2021-01-28,AAPL,10.993710137993322,11.01555068390386,11.074579549263934,10.978436689530072,117998024,-0.0457122756091192,11.478161835409423,12.60604143604156,0.0268084825861745,30.033968320715744,10.250225832513651,-0.850154758989811
2021-01-29,AAPL,10.250225832513651,10.237611197517252,10.297487301539396,10.178297154505769,146583663,-0.0676281524751368,11.33788919770579,12.484833827348544,0.0358049335705138,25.02859670067976,10.564897834207253,-0.0001588828861713
2021-02-01,AAPL,10.564897834207253,10.572493743139924,10.655668070790895,10.5415893971171,146035716,0.0306990311077306,11.183055104009432,12.362537295644644,0.0343852342284234,30.32149346122397,10.24389359656958,-0.0001561403274535
2021-02-02,AAPL,10.24389359656958,10.233012466942446,10.305935312099738,10.17229696003535,155099299,-0.030384036142623,10.989498635559626,12.217129595267243,0.0346542484324611,28.139042730073317,10.100371872768864,0.2831741785009702
2021-02-03,AAPL,10.100371872768864,10.126412533068736,10.158075243572329,10.028262038451311,52931819,-0.0140104660837923,10.747161374702916,12.06896649869064,0.031389912096237,27.196505477719867,9.673617999630604,0.4248401559889316
2021-02-04,AAPL,9.673617999630604,9.634956484295529,9.7286384916069,9.553922150937854,45216171,-0.0422513030721978,10.478149706044144,11.912180504703787,0.0323329496934092,24.56200909967093,9.250888589184084,0.8498443737626076
2021-02-05,AAPL,9.250888589184084,9.22802883005222,9.303151160402336,9.18899405301725,108339499,-0.0436992044199658,10.153943694695338,11.73907851732415,0.0314627479700762,22.261573713150327,9.202428824266706,0.424842545390129
2021-02-08,AAPL,9.202428824266706,9.215009186391018,9.215089634187436,9.181705571373616,154039548,-0.0052383902854518,9.898046364162964,11.57566839869151,0.0319014214341061,22.007117629392653,8.995241676393295,-0.8501558005809784
2021-02-09,AAPL,8.995241676393295,9.028319602871294,9.064538621838048,8.939763071470122,159749568,-0.0225143982996163,9.718762913288629,11.420899260068442,0.0257306890010723,20.90681766088953,9.107031477800144,-0.2834887286027273
2021-02-10,AAPL,9.107031477800144,9.046871285845643,9.150232461100073,9.000446551943757,73535460,0.0124276595814234,9.510496290944754,11.282356812950091,0.0202963995290812,23.13974111125601,9.239919290711828,0.2831757461031277
2021-02-11,AAPL,9.239919290711828,9.2780193000213,9.3420653501888,9.152658697530091,119771432,0.0145917814422427,9.367071390107933,11.156480531334,0.023609016165583,25.82067029344182,9.335240141685874,-0.2834873159726461
2021-02-12,AAPL,9.335240141685874,9.33131555645739,9.360623608105469,9.305349616505069,149632879,0.0103161995224205,9.257766857096076,11.048548735460482,0.0253961190547384,27.76695714911361,9.406611337336916,0.8498448498547078
2021-02-15,AAPL,9.406611337336916,9.353448698611668,9.42593020452826,9.349608507179427,60977889,0.0076453518675259,9.21962304819698,10.940750303520492,0.0218940613517697,29.26349359048636,9.86172619899058,-0.000156158208847
2021-02-16,AAPL,9.86172619899058,9.772919544688785,9.879036933734366,9.678033427533364,157079856,0.0483824456366357,9.30688556388362,10.838667776609247,0.021573427959573,38.0741113912823,9.549189277170598,-0.0001575306057929
2021-02-17,AAPL,9.549189277170598,9.505376086109786,9.597043040933432,9.433463300170413,138094701,-0.0316919082434039,9.356422771441318,10.745926331182789,0.026348112757742,34.86274856677339,9.536850780490845,-0.0001606658101081
2021-02-18,AAPL,9.536850780490845,9.536287013681298,9.61336439891496,9.517852428428162,48171874,-0.0012920988705554,9.433795500598112,10.652291971568198,0.0236584691954084,34.73817891554738,9.870929269498054,-0.0001575306057929
2021-02-19,AAPL,9.870929269498054,9.868977844887423,9.925746466461288,9.82458291671324,141029600,0.0350302732732927,9.542923756554956,10.572326274206704,0.0257167455756773,40.896146129320826,10.262097796497953,0.8498448565602302
2021-02-22,AAPL,10.262097796497953,10.281591690855269,10.305694411553846,10.262051583521766,116995849,0.0396283385606499,9.688949257381546,10.501115711234094,0.0278162077853794,47.18065405643708,9.82492426252456,-0.8501571372151374
2021-02-23,AAPL,9.82492426252456,9.808728252816264,9.846593406142173,9.76185214792504,157400968,-0.0426007959232841,9.758904131787071,10.415322173799012,0.0355527099110532,41.82769357489792,9.732567249864651,0.4248461261391639
2021-02-24,AAPL,9.732567249864651,9.70021501246306,9.785060437683706,9.676068606411928,65125567,-0.0094002773143186,9.805469262148176,10.342915223364091,0.0361495320150587,40.77518245925557,10.154655929784562,-0.0001552373170852
2021-02-25,AAPL,10.154655929784562,10.14207167937664,10.205471983212536,10.115342887258596,159104015,0.0433686887625441,9.847316366547318,10.298714465596788,0.0351938400441712,47.301651602043925,10.322678085113852,0.849845091253519
2021-02-26,AAPL,10.322678085113852,10.32371892963026,10.37127507287969,10.299666997894647,45707883,0.016546316929997,9.957814767682068,10.259627583297192,0.0313932697664747,49.67888771741495,10.3898321728497,-0.8501551166176795
2021-03-01,AAPL,10.3898321728497,10.397025244678636,10.425899787122464,10.369432654689607,49102924,0.0065054908408592,10.079669252304765,10.211062164341737,0.030994910467165,50.63732692272918,10.325186065765728,-0.0001530736684799
2021-03-02,AAPL,10.325186065765728,10.300741248696164,10.333221506088949,10.271229739981324,93725710,-0.0062220549868844,10.144563080343,10.184937946982862,0.0299513508352841,49.65682623226836,10.2113760258437,0.8498378425836562
2021-03-03,AAPL,10.2113760258437,10.238991059516842,10.28826348172627,10.195803352271035,118955632,-0.0110225655205746,10.13731711310668,10.150912671296348,0.0266433508820374,47.89841223861379,10.302799190945418,-0.0001584582030773
2021-03-04,AAPL,10.302799190945418,10.283592812474494,10.35224616987218,10.246239979508651,60030235,0.0089530700730575,10.205584960023945,10.10604809465847,0.0190895560277824,49.44704720453728,10.231557458204843,-0.0001602351665496
2021-03-05,AAPL,10.231557458204843,10.204861768709767,10.26421278243168,10.154836845715478,72765541,-0.0069147938749679,10.276869275501117,10.060473714074693,0.0187546858721968,48.243671176896754,10.223188911992152,-0.283487827082475
2021-03-08,AAPL,10.223188911992152,10.206553999395489,10.312192128343389,10.137668461636368,86784098,-0.0008179151851394,10.28665970153077,10.008022254515568,0.0099824725752359,48.09560134583732,10.249778180554744,0.8498443737626076
2021-03-09,AAPL,10.249778180554744,10.282828800696246,10.32639460935722,10.205058431554184,55069334,0.0026008781400295,10.276245429450896,9.964458204525991,0.007428559486266,48.63503038595449,10.065257884789904,-0.0001530736684799
2021-03-10,AAPL,10.065257884789904,10.061247993154804,10.128734004236488,10.044717754749527,61116725,-0.0180023696624869,10.229877674013784,9.915955778398132,0.0089313966440892,45.12980423142223,10.217445375617084,0.2831779231627782
2021-03-11,AAPL,10.217445375617084,10.196156914276353,10.256801450835477,10.192905843536003,57855450,0.0151200786476775,10.214486146849692,9.890080286318923,0.0115114349881414,48.43102700529308,11.070090588656948,-0.0001538850367069
2021-03-12,AAPL,11.070090588656948,11.100846878733917,11.138372576790651,11.001358201516895,154484675,0.0834499409289348,10.337159655823012,9.917409111523702,0.0332531832578143,62.16523101459455,10.504896554064318,-0.0001622334122657
2021-03-15,AAPL,10.504896554064318,10.57242460932492,10.650501706448972,10.43222818082542,152372468,-0.0510559538845833,10.36603070769714,9.915409068852272,0.0410155295163315,52.23440144316388,10.614383367950804,-0.0001551926136016
2021-03-16,AAPL,10.614383367950804,10.621060323549276,10.719844316140351,10.5136337548377,115427977,0.0104224552162892,10.420720123375135,9.927758727898311,0.0408059421377713,53.77491191926608,10.377072048254997,0.8498378425836562
2021-03-17,AAPL,10.377072048254997,10.415483064592786,10.497032948590896,10.29561177725454,122037908,-0.0223575229449831,10.442703428555545,9.936982067081182,0.0421908253278538,50.01005815913614,10.564136644095772,-0.0001578867435455
2021-03-18,AAPL,10.564136644095772,10.596972451227192,10.663242855594948,10.512844367242284,56450974,0.0180267222749246,10.487611780489974,9.966666021896687,0.0425747749465869,52.814429028379365,10.583155992606128,-0.5668208638827006
2021-03-19,AAPL,10.583155992606128,10.563927252704758,10.631886443826788,10.469684855334595,46055314,0.0018003694150421,10.56159722446372,10.011074935344087,0.0414273711311272,53.10249454813981,10.826452307161867,-0.8501552797853946
2021-03-22,AAPL,10.826452307161867,10.827317368215866,10.84157207081121,10.796084983296929,85239078,0.0229890133647956,10.648598214684409,10.065209051440595,0.0417608808384497,56.74069156176267,11.210939117553746,-0.5668231422702471
2021-03-23,AAPL,11.210939117553746,11.167803528276275,11.252759136836309,11.081932685487104,158107609,0.0355136474519484,10.668719433098232,10.13906563281261,0.0297195329053375,61.78601896047178,11.279931307160153,-0.0001563817262649
2021-03-24,AAPL,11.279931307160153,11.272996103100672,11.36467311244884,11.186715606246182,97347060,0.0061540062686078,10.779438683540494,10.21149562712461,0.0183138123597025,62.628297678829085,11.664133340565606,-0.0001584582030773
2021-03-25,AAPL,11.664133340565606,11.642221436679424,11.698121422449404,11.567778688592211,136937468,0.0340606713767461,10.929402965342607,10.292302762119736,0.020388210972659,66.99148576174056,10.885168186396005,-0.850156344473362
2021-03-26,AAPL,10.885168186396005,10.872011742184622,10.964967032989652,10.82816763937889,84382284,-0.0667829431836577,11.001988127934183,10.34396703027674,0.0351025410900468,53.38306787460314,11.445077499000808,-0.8501530960202217
2021-03-29,AAPL,11.445077499000808,11.419329678750016,11.529897827514777,11.384615147450663,77101516,0.0514378191514361,11.127836821492044,10.411915902332202,0.0388596377017291,59.71726179175149,11.588124350107492,-0.2834921439488728
2021-03-30,AAPL,11.588124350107492,11.578143609565824,11.675314095282191,11.55194849029606,137456350,0.0124985480543204,11.271403729706524,10.469462507369432,0.0385934157752861,61.16894595733129,11.993510004052274,-0.0001563817262649
2021-03-31,AAPL,11.993510004052274,12.01266001819388,12.093244009619085,11.962297330378163,96504003,0.0349828532812579,11.438126257833726,10.550939864932158,0.0393339005597619,65.01655141071609,11.542372812424192,-0.8501544483006
2021-04-01,AAPL,11.542372812424192,11.53823515188909,11.597696220136973,11.45644706826279,127833739,-0.0376151094613382,11.485473928529505,10.617790599329934,0.0426738671612297,58.115315241944174,11.242971653844418,0.8498443737626076
2021-04-02,AAPL,11.242971653844418,11.180088368800764,11.28875380711917,11.114795634080595,127189117,-0.0259393075795905,11.480193978055828,10.663525345474817,0.0442204710720155,54.01737199565847,11.300212834055426,0.4248458914458751
2021-04-05,AAPL,11.300212834055426,11.27491887050577,11.376744971881022,11.255555764559164,127250498,0.0050912856470144,11.428205334268656,10.69812918006006,0.0418339476264115,54.67540706595007,11.29870627485518,0.849845091253519
2021-04-06,AAPL,11.29870627485518,11.247204533858898,11.320492347753325,11.176154883592226,121123850,-0.0001333213119407,11.48728220404854,10.74725524713775,0.0313774626706694,54.653238711311744,11.40111337146454,-0.8501558005809784
2021-04-07,AAPL,11.40111337146454,11.40946104638219,11.427797738371057,11.364016117185434,137131353,0.0090636126046805,11.481001614400505,10.80287345119108,0.0244105329112815,55.960353693544285,11.782135932128968,-0.0001530736684799
2021-04-08,AAPL,11.782135932128968,11.79992639292983,11.886052789096968,11.73226070495276,95569707,0.0334197677235696,11.508717554689284,10.857122784602558,0.0273424155422666,60.52017720746053,11.173522197583027,-0.0001539319753646
2021-04-09,AAPL,11.173522197583027,11.182121839337942,11.228461802488011,11.148619371983406,76381595,-0.0516556368091373,11.391576439479392,10.885484255018197,0.0297907492442993,51.37071508747105,11.523687398075555,-0.4251544371247291
2021-04-12,AAPL,11.523687398075555,11.496465991822795,11.57180843949826,11.44966166584551,101486788,0.031338837861554,11.388907094572444,10.923279429192393,0.0304084513428697,55.53578170601748,11.53129741631351,-0.2834912528594335
2021-04-13,AAPL,11.53129741631351,11.539837054539104,11.54901018606072,11.480599971276876,45184921,0.0006603804819649,11.430096489210886,10.96348314087732,0.02818257904457,55.62473507990486,11.464300375431462,-0.0001549512147903
2021-04-14,AAPL,11.464300375431462,11.44813178231474,11.501369164266716,11.39532585419282,83418014,-0.0058100175950077,11.45353756655032,11.005247285863575,0.0284105183370066,54.58932100819451,10.974516266770292,0.4248410701751709
2021-04-15,AAPL,10.974516266770292,10.937041845629684,11.054539046467529,10.873209592570728,100075989,-0.0427225467426516,11.40722470825248,11.02763785505774,0.0332025829087769,47.61189378165952,11.149635892760871,-0.5668248365322749
2021-04-16,AAPL,11.149635892760871,11.17445263814897,11.21698741856454,11.122047588441347,102446789,0.0159569334751294,11.371299354151956,11.05824046954294,0.0337411300947603,50.06926299986521,10.365639257422307,-0.0001558110117912
2021-04-19,AAPL,10.365639257422307,10.391077399215288,10.42086762692363,10.314802476890216,80829626,-0.0703158957726672,11.168942686336718,11.062988814390614,0.0377786458576071,40.83444340184763,10.587383740355987,-0.000156158208847
2021-04-20,AAPL,10.587383740355987,10.61752270211915,10.667829619957352,10.56559317416726,127057271,0.0213922631713137,11.08520862101857,11.074242333050655,0.036851215857242,43.98155109361304,10.100982699162763,-0.0001576125621795
2021-04-21,AAPL,10.100982699162763,10.082547943110802,10.16573790127966,10.047659780536112,74206144,-0.0459415709415732,10.881965092602456,11.075433160196416,0.0349533757041792,39.072071663227646,10.122553363979776,-0.8501530960202217
2021-04-22,AAPL,10.122553363979776,10.158367837816884,10.250684519332108,10.063583572140566,117709549,0.0021355016100363,10.680715942269064,11.07227009314184,0.0350895937613816,39.3951634406448,10.088599202491928,0.5665093163649241
2021-04-23,AAPL,10.088599202491928,10.07366054197059,10.127611163820388,10.006722754648562,72354690,-0.0033543079761546,10.484187203277704,11.039553713603004,0.0352425624877039,39.04418533761076,10.4628160105476,-0.8501539275050163
2021-04-26,AAPL,10.4628160105476,10.483328402817325,10.536395622773329,10.38322351620959,158393772,0.0370930394343784,10.41108716667446,11.038151028819112,0.0385018396108584,44.87343930999028,10.40888618812823,0.4248410701751709
2021-04-27,AAPL,10.40888618812823,10.39293209288302,10.437563838971474,10.361628487008142,117873627,-0.0051544271030861,10.30526578029837,11.03130112282503,0.0372895224986795,44.21717436423577,10.194930892503372,0.8498378425836562
2021-04-28,AAPL,10.194930892503372,10.188080444461749,10.238490887200104,10.106453642895108,91510914,-0.0205550614886041,10.280878871024235,11.02522975096664,0.0270169128484767,41.61679216227903,10.043164529003247,-0.8501571372151374
2021-04-29,AAPL,10.043164529003247,9.97021566627603,10.059231350710284,9.947481820807829,130716489,-0.0148864533855469,10.203133269402416,11.007864013796892,0.0251870909329003,39.82755852427273,10.43970870168086,0.8498443737626076
2021-04-30,AAPL,10.43970870168086,10.430253043645756,10.48963548127267,10.378406386922604,91096288,0.0394839864997182,10.251522698333574,11.003082437432717,0.0239747952039735,46.321382367227415,10.616805858265618,-0.0001602351665496
2021-05-03,AAPL,10.616805858265618,10.619707111744596,10.6599015671666,10.559243229195742,136388342,0.0169638025011409,10.322130197517266,10.996094222469509,0.0243353925479185,48.970080428094,10.497470542076211,-0.2834909533460935
2021-05-04,AAPL,10.497470542076211,10.484557090739012,10.528459987267752,10.418223259449825,59102438,-0.0112402277843763,10.380540388886448,10.972311936620256,0.0250705965933607,47.27720497818787,10.42758359533538,-0.8501530960202217
2021-05-05,AAPL,10.42758359533538,10.482521989002644,10.505121057059291,10.35592340076115,138423917,-0.0066575034872171,10.375507186713277,10.943900346226096,0.0211640736295734,46.26843815244068,9.961907794686848,0.8498448565602302
2021-05-06,AAPL,9.961907794686848,9.927166654817464,9.97103607240988,9.877913670489349,155423628,-0.0446580740773773,10.311653130507365,10.887159494696805,0.0271086029472015,40.12481795413067,10.083740277117396,-0.850154758989811
2021-05-07,AAPL,10.083740277117396,10.06669125665736,10.093726509001804,10.046914881897198,69111213,0.0122298343792668,10.295768756880792,10.860445231054182,0.0269937204524634,42.28405075803195,9.571339977461378,-0.0001566678285598
2021-05-10,AAPL,9.571339977461378,9.545357447301976,9.638221016180273,9.452016244923673,66871144,-0.0508145078685522,10.228365249517667,10.797987313669536,0.0328077720027756,36.347218604192825,9.800098489375474,-0.2834932019313176
2021-05-11,AAPL,9.800098489375474,9.78352327961488,9.815874972721568,9.71682650413981,154585335,0.0239003642596311,10.136992362045472,10.738386451645136,0.0295427834387962,40.37233600398734,9.842959105820968,-0.0001557134091854
2021-05-12,AAPL,9.842959105820968,9.87341557562017,9.881225884445165,9.81448070715457,88733104,0.0043734883370776,10.026442825981947,10.666701421704092,0.0280729408995492,41.12355844621674,10.580929284240533,0.2831770216425259
2021-05-13,AAPL,10.580929284240533,10.62784613392743,10.699188150677172,10.577557460572033,123444543,0.0749744228829663,10.038365503433996,10.634653304097972,0.0427325306766126,52.27293469585919,10.22160784535656,-0.0001602351665496
2021-05-14,AAPL,10.22160784535656,10.200118163607348,10.242641059948491,10.17555831223689,62824571,-0.0339593460301406,10.008940396294166,10.600607843815045,0.0448385383783208,47.55122058144852,10.192154625247309,-0.5668239350120227
2021-05-17,AAPL,10.192154625247309,10.170047611235344,10.27773312925266,10.090189548386869,91305499,-0.002881466453698,10.041832800659945,10.563672570188103,0.0408128966278276,47.17506316235461,10.78483039192652,0.849844615161419
2021-05-18,AAPL,10.78483039192652,10.747392083276344,10.844170381959245,10.65476906584142,124377142,0.058150193798186,10.141988531346962,10.546543374090485,0.045752511052529,54.905447929267126,11.21096075572282,-0.8501558005809784
2021-05-19,AAPL,11.21096075572282,11.254894898334946,11.317002952215203,11.138725150122696,147381421,0.0395120134773097,10.376220071098595,10.54020495356576,0.0375724904253197,59.49509922681938,10.964568709817325,0.283176136513551
2021-05-20,AAPL,10.964568709817325,11.001442699348251,11.043478979678532,10.934836052259987,92335449,-0.021977781500994,10.542572959733148,10.512952712822038,0.0412954667339286,55.94926148663844,11.04853165302744,-0.0001553021371364
2021-05-21,AAPL,11.04853165302744,11.045018823211976,11.06088593737274,11.04115585447942,49016863,0.0076576603633244,10.714797609334072,10.50878636133685,0.0411480290008588,56.89210609885829,11.053649999533372,0.2831739683945973
2021-05-24,AAPL,11.053649999533372,11.007354023891557,11.127154521343464,10.96243978167985,89637992,0.000463260337814,10.782329140090193,10.493118448052112,0.0324832422980533,56.95259290324729,11.1542495568085,0.2831784745057423
2021-05-25,AAPL,11.1542495568085,11.110525035783583,11.23976119944722,11.071652879722294,117149423,0.0091010261116804,10.915563670297612,10.48055018606861,0.0271350622992274,58.1942201481264,10.925893814284612,-0.000154361128807
2021-05-26,AAPL,10.925893814284612,10.931486652054089,10.965561778383904,10.913910760816906,145011386,-0.0204725330342372,11.020383554445798,10.462603300697053,0.0295436168203043,54.36126001563717,10.90091774873332,-0.0001554176211357
2021-05-27,AAPL,10.90091774873332,10.918882611129057,10.982451793734096,10.892108421547292,140064915,-0.0022859517011447,11.036967462561057,10.460150016762483,0.0207753531786704,53.94277060818377,10.404679661800891,-0.8501539275050163
2021-05-28,AAPL,10.404679661800891,10.340186937307475,10.452021282222288,10.32684535913681,131137581,-0.0455225971217049,10.921784449143638,10.435318142397152,0.019829721289268,46.313948085106574,10.451533398075613,-0.4251584962010383
2021-05-31,AAPL,10.451533398075613,10.441458854292254,10.525118181332155,10.424798049370592,59836283,0.0045031406826234,10.848493690323393,10.438181280418927,0.0197862794517376,47.07501669606655,10.596072935780256,-0.0001549616456031
2021-06-01,AAPL,10.596072935780256,10.647515679612528,10.718258656773695,10.529651067376424,102385006,0.0138295054131727,10.783856730716652,10.438470920266404,0.0206488539923378,49.45549070557967,10.529835064594696,-0.0001559056341647
2021-06-02,AAPL,10.529835064594696,10.522964056382152,10.533318720713766,10.490528426142715,109133228,-0.0062511716922871,10.70902602572541,10.452765999114137,0.0204662312481923,48.38153408991763,10.054894374142116,-0.0001575306057929
2021-06-03,AAPL,10.054894374142116,10.099828835117911,10.176956773736862,10.0165672295916,96230848,-0.0451042858258541,10.5519752853445,10.45051069945288,0.0235074310130815,41.43377950836068,10.35925832910487,-0.0001598820090293
2021-06-04,AAPL,10.35925832910487,10.37942923865694,10.460007667245536,10.309476892566613,150764919,0.0302702289688372,10.471027358890252,10.459532670339978,0.0286170765734302,46.71471265151412,10.477375506558792,-0.4251544371247291
2021-06-07,AAPL,10.477375506558792,10.443294292962632,10.553286799058878,10.34508724034128,155188167,0.0114020882288516,10.41052132429389,10.460017986873684,0.029465732487764,48.6498410589398,10.258746928364369,0.8498448565602302
2021-06-08,AAPL,10.258746928364369,10.249739606169284,10.26823408074697,10.189890337375822,65227427,-0.0208667311825907,10.389673790945816,10.455013344881555,0.0249846591232812,45.3657927712642,10.17801686702858,0.8498448565602302
2021-06-09,AAPL,10.17801686702858,10.174087310636788,10.227844947530327,10.134236454907176,154775459,-0.0078693881328312,10.35060000079624,10.454449544032396,0.0249064638685268,44.17984561577077,9.746827037692444,-0.0001575395464897
2021-06-10,AAPL,9.746827037692444,9.718975141175616,9.790659799149246,9.668620286761051,141580436,-0.042364817721315,10.229279158212266,10.44457162765537,0.0273239770708321,38.40497533760324,9.456147812850514,0.8498453259468078
2021-06-11,AAPL,9.456147812850514,9.428634166702542,9.481787524254935,9.374203764744044,124572504,-0.0298229591761329,10.075895265105956,10.411786264694358,0.0280074102515,35.07636618657949,9.307587595723176,0.4248456500470638
2021-06-14,AAPL,9.307587595723176,9.34966073769606,9.4168216039511,9.255148527596251,85773015,-0.0157104372803321,9.96913715390325,10.368145655942945,0.0247382596181207,33.47929304361189,9.660203552008824,0.8498400196433066
2021-06-15,AAPL,9.660203552008824,9.631879044418971,9.70505628162078,9.592511071087175,131217751,0.0378847851453663,9.86927218574667,10.340236756274033,0.0269123963840761,40.41414944730269,9.4778769318631,-0.4251584962010383
2021-06-16,AAPL,9.4778769318631,9.508540785096349,9.580150063065709,9.430286146461867,110340487,-0.0188739936134998,9.72648667507586,10.308579867491622,0.0253586192239122,38.19676979469932,9.66719691034441,0.8498443737626076
2021-06-17,AAPL,9.66719691034441,9.65453816614242,9.713182455920068,9.622869010110326,147891148,0.019974935298521,9.641979529644434,10.298756171346872,0.0280559472717256,41.76940668611008,9.51549571518806,0.8498446956276894
2021-06-18,AAPL,9.51549571518806,9.51476380238713,9.539269594102526,9.48221901419521,125351937,-0.0156923663149989,9.547333650810076,10.279814685949228,0.0282001246832549,39.7848101316168,9.59010570526516,-0.0001545161008834
2021-06-21,AAPL,9.59010570526516,9.606270147347622,9.688705647698402,9.56721291195874,155717050,0.0078408936654779,9.524944889034748,10.280440210209354,0.0245112899153512,41.26296059012928,9.554188501620782,-0.8501549974083901
2021-06-22,AAPL,9.554188501620782,9.537032274450148,9.59589642923033,9.511086455643891,90307638,-0.0037452354278699,9.538950701716216,10.27224321061753,0.0213680955392815,40.744433931930296,9.801115782174382,-0.8501551061868667
2021-06-23,AAPL,9.801115782174382,9.81781406996365,9.856350326452832,9.769158820910691,49872971,0.0258449245073728,9.609454728352103,10.270848433162646,0.0215072212822531,45.78820887776337,9.654381523286936,-0.0001612342894077
2021-06-24,AAPL,9.654381523286936,9.59511048404686,9.680543441957033,9.557545886299962,99036607,-0.0149711790115075,9.608623009963262,10.239963507797524,0.0181156394292949,43.422876012938175,9.230862090650232,0.8498453259468078
2021-06-25,AAPL,9.230862090650232,9.24303872543832,9.252674308530182,9.195535410630637,159680659,-0.0438681060630502,9.57333517550428,10.206938649307313,0.0239815797222335,37.41512036878287,8.863470610962603,0.2831758191188176
2021-06-28,AAPL,8.863470610962603,8.797831378328352,8.919106360494384,8.789079253212206,118605911,-0.0398003432485198,9.45851713273545,10.162649182164492,0.0248492634594982,33.13268577437586,8.725135546476137,-0.0001576535403728
2021-06-29,AAPL,8.725135546476137,8.719197741159983,8.761354758142216,8.690614638301627,124362665,-0.0156073247781031,9.345608537205177,10.093992687316144,0.0248472099947479,31.66313244968929,8.406864414385495,-0.5668224493662516
2021-06-30,AAPL,8.406864414385495,8.428408929249033,8.4942083500197,8.38037930739471,115039516,-0.0364775000222412,9.17657406707951,10.000522809271567,0.0245808938521887,28.528040351360303,8.516322718638762,0.8498443737626076
2021-07-01,AAPL,8.516322718638762,8.532221721596823,8.591378389194293,8.472990932271529,111129382,0.0130201105736837,9.028307526653506,9.918914609565611,0.0269468305165184,31.056330827688683,8.400866308676967,0.2831787114342053
2021-07-02,AAPL,8.400866308676967,8.368142990134334,8.457159329163362,8.343731182459198,47363099,-0.0135570731378118,8.828271887582448,9.830659098087269,0.0199647800836341,29.856595147585907,9.021556275889994,-0.2834894677003224
2021-07-05,AAPL,9.021556275889994,8.989899696370205,9.041159169531312,8.989256560805732,89580055,0.0738840429554197,8.737868280811455,9.762922640632487,0.0415100030162847,42.67709556815672,8.54440706526731,-0.8501539275050163
2021-07-06,AAPL,8.54440706526731,8.526754182526355,8.589242204935106,8.521472965213222,50373749,-0.0528899001492525,8.639803277185324,9.675927890914446,0.0428931301935233,37.068127701045306,8.60441422748838,-0.0001566544175148
2021-07-07,AAPL,8.60441422748838,8.609221062734756,8.610856320680684,8.564617414105925,80366787,0.0070229755865678,8.60279522240329,9.59854523802124,0.0411228755995482,38.1687285327416,8.305632528263178,-0.425159016996622
2021-07-08,AAPL,8.305632528263178,8.255003057067725,8.348838529238028,8.245148105487141,126378775,-0.034724234715559,8.542866219801441,9.512035730672237,0.0426656207647241,34.89627256685051,8.178973253190588,0.8498453259468078
2021-07-09,AAPL,8.178973253190588,8.178648787371058,8.203370675173295,8.154201749729806,66833417,-0.0152498048332361,8.51031033963074,9.43784551705189,0.0408755834775884,33.58184004601961,8.218848642410572,-0.850154758989811
2021-07-12,AAPL,8.218848642410572,8.226527415068762,8.276507912719111,8.188211452820182,118532206,0.0048753539088086,8.467814043026712,9.363422691863056,0.0404501835682064,34.41934545891576,7.653267226121617,-0.4251566655933857
2021-07-13,AAPL,7.653267226121617,7.646768748581216,7.672417959412113,7.599447649577205,67177142,-0.0688151638868812,8.361014174090235,9.265329168207767,0.0473446669284039,28.86055460063672,7.715257028055853,-0.2834902872641882
2021-07-14,AAPL,7.715257028055853,7.727415986928122,7.746737191794505,7.667126843991709,64084620,0.0080997827597939,8.174399995828214,9.17150990032314,0.0311532855660664,30.191306330853934,8.198162055396487,-0.0001567646861076
2021-07-15,AAPL,8.198162055396487,8.203664436113483,8.26647761406638,8.19620260208855,155199668,0.0625909189524849,8.124936422989524,9.109618823031616,0.0409124455129276,39.6605270207371,8.08053839052373,-0.0001530736684799
2021-07-16,AAPL,8.08053839052373,8.06740781641134,8.11098317554755,8.045565453268964,113189324,-0.0143475652320548,8.050097017708861,9.033661491745582,0.0406473108324631,38.29783832812516,8.151831282553887,-0.8501571372151374
2021-07-19,AAPL,8.151831282553887,8.104480815566154,8.206127173147898,8.054570801449898,63700420,0.0088227898420438,8.028125411178962,8.956143350945418,0.0392230404962099,39.65128883713295,8.42370501314799,-0.0001596473157405
2021-07-20,AAPL,8.42370501314799,8.427076510480132,8.485244160361718,8.407069058445197,56939932,0.0333512460170699,8.063087091172877,8.894975287104872,0.0407588971699018,44.63847671374455,8.383270368363075,0.8498453259468078
2021-07-21,AAPL,8.383270368363075,8.359300702958627,8.414590317165551,8.303424410852896,45939592,-0.0048001021785311,8.08657590916609,8.835150403816021,0.0409251569288618,44.05535726557929,8.23661260083026,-0.4251596853137016
2021-07-22,AAPL,8.23661260083026,8.222321848375664,8.261204281074574,8.19377485548754,99624979,-0.0174940996876677,8.169910962695898,8.78480992258728,0.0285140970296294,41.91655861827152,7.68184839353085,0.2831741785009702
2021-07-23,AAPL,7.68184839353085,7.692890072343034,7.729516368931999,7.675724134901348,52147282,-0.067353441783032,8.165138300620898,8.725666608609961,0.0411888111336186,34.99551469656768,7.845730334537532,-0.2834895213445027
2021-07-26,AAPL,7.845730334537532,7.879090381099223,7.922631491889942,7.833317790673436,110014916,0.0213336598968409,8.114790911926761,8.676938033237105,0.0328697392980462,38.239679272217,7.820458299760404,-0.0001538850367069
2021-07-27,AAPL,7.820458299760404,7.819565356935618,7.889122282732272,7.755055480053501,92052333,-0.0032211194751211,8.077636613246286,8.615613191495491,0.0326549264510771,37.92535135016757,7.579826664134435,-0.425156144797802
2021-07-28,AAPL,7.579826664134435,7.59242581039729,7.609365261540696,7.528673289029967,116282088,-0.0307695056226233,7.995921667757792,8.552344849237869,0.0334437727582148,34.97719260349217,7.613094795952881,-0.0001566037535667
2021-07-29,AAPL,7.613094795952881,7.580103921487903,7.663285147850971,7.521461503859093,64900221,0.0043890359625056,7.88012020815849,8.483874778758151,0.0286573444161185,35.721152808114866,7.480895577224372,-0.8501530960202217
2021-07-30,AAPL,7.480895577224372,7.486405786037882,7.506094169495887,7.458771645212563,57431462,-0.0173647146491313,7.751209523710105,8.416054774159361,0.0283780837350567,34.0537735641677,7.364352102699828,-0.850154758989811
2021-08-02,AAPL,7.364352102699828,7.363028597445537,7.393603246472916,7.326219163742738,52093333,-0.0155788131676855,7.626600881120042,8.341862987407184,0.0283680664277863,32.608712074818314,7.50344214528287,0.2831755359967549
2021-08-03,AAPL,7.50344214528287,7.531112459386714,7.569439936020291,7.492858727030495,51471823,0.0188869354212504,7.601114274227474,8.273504775529254,0.0194133891943233,36.09412799415126,7.21075298564875,-0.0001575306057929
2021-08-04,AAPL,7.21075298564875,7.199061647939819,7.27338595418951,7.171893972970707,48676261,-0.0390073187701091,7.510403224386219,8.1871593489784,0.0200943411827499,32.30752460791125,7.448650711178639,-0.5668221424023311
2021-08-05,AAPL,7.448650711178639,7.443251088551867,7.474895313095786,7.402474979631622,71044979,0.0329920780816326,7.457287854588825,8.11363498857479,0.0263589447842997,38.00086596885668,7.1370282641457,-0.2834900041421255
2021-08-06,AAPL,7.1370282641457,7.159698630480939,7.182185027897347,7.078105300693174,136052099,-0.041836093423641,7.394030940304721,8.043840527691305,0.0283075011359002,33.970438515449715,6.992583850256121,0.4248461261391639
2021-08-09,AAPL,6.992583850256121,6.990653188224991,7.003382436354633,6.971940660147095,112843579,-0.0202387336218387,7.305386519490897,7.981477635667756,0.0280084859488367,32.26235021895134,7.428852334211522,-0.2834932019313176
2021-08-10,AAPL,7.428852334211522,7.404140077560583,7.435904112243365,7.377932593394409,70043839,0.0623901683981122,7.297951770489061,7.938268195258934,0.0392874976279129,41.7835684257483,7.708045161008094,0.8498443737626076
2021-08-11,AAPL,7.708045161008094,7.767049474522648,7.789612613430563,7.694431968526466,151801937,0.0375822286183866,7.347050778818813,7.914974220146354,0.0409539775121567,46.9250370768808,7.735702776825349,-0.850154758989811
2021-08-12,AAPL,7.735702776825349,7.710671757722125,7.800086393817892,7.680899281300704,131327719,0.0035881491661677,7.380230869039167,7.88895355541924,0.0406366185735261,47.42043453110741,7.511034674584978,-0.0001602351665496
2021-08-13,AAPL,7.511034674584978,7.509576780917078,7.533324291458837,7.506222844181902,133494823,-0.029043011181018,7.423128253172915,7.859292500949508,0.0389759921302799,43.84068407051388,7.388491033279822,-0.8501530960202217
2021-08-16,AAPL,7.388491033279822,7.39617554027624,7.417510625500079,7.330758925472359,147827278,-0.0163151478610271,7.414534013473085,7.804856992862502,0.0378268757610082,41.97921598315928,7.408519495239187,-0.4251576647162437
2021-08-17,AAPL,7.408519495239187,7.414467443837959,7.461827480278288,7.407024327082746,129485262,0.0027107648732536,7.453318475057867,7.766994073861565,0.033186651241138,42.40961351136329,7.4200236520181315,0.2831759800513585
2021-08-18,AAPL,7.4200236520181315,7.415799943703484,7.430359071079148,7.383030825561537,154815216,0.0015528280362004,7.514381303881011,7.7275143880125565,0.031304535145054,42.67266442104725,7.402845832345743,-0.0001602351665496
2021-08-19,AAPL,7.402845832345743,7.398742574728942,7.416455768638643,7.384233322147324,79627881,-0.0023150626572081,7.510666089328758,7.697421498148642,0.0206130298033496,42.36152194688115,7.399137116277513,-0.2834913512070974
2021-08-20,AAPL,7.399137116277513,7.39392223700257,7.447275369065841,7.36943365445254,142738936,-0.0005009851822154,7.46653636865296,7.67142696025154,0.0122858576526225,42.28982747273084,7.3569730506371664,-0.850154758989811
2021-08-23,AAPL,7.3569730506371664,7.3323433646653156,7.361637084004584,7.31624821934268,53404885,-0.0056985111882287,7.412432122054649,7.642697773859092,0.0115898148050666,41.43131535692956,7.068154940304908,0.2831759800513585
2021-08-24,AAPL,7.068154940304908,7.113749187994388,7.138781091438463,7.044002076723889,76017387,-0.0392577366186279,7.349163588586068,7.623194030998535,0.0149662205391956,36.0349530459339,6.9663649736501565,-0.5668228084842364
2021-08-25,AAPL,6.9663649736501565,6.961767362579118,6.997437807872345,6.932309359119236,147032728,-0.0144012076014792,7.288859865781829,7.598230962518346,0.0148173774293412,34.3374682869657,7.154343462857258,-0.4251544371247291
2021-08-26,AAPL,7.154343462857258,7.1671554108961,7.178650959615614,7.122347464688535,56007130,0.0269837267955552,7.252549004012983,7.563437009433704,0.0198139096036408,39.96211410547745,6.879635754622822,-0.0001551181077957
2021-08-27,AAPL,6.879635754622822,6.872728885327543,6.896616604013945,6.815909853162446,100102420,-0.0383973329852862,7.17535073295651,7.523406921570341,0.0231500342180651,35.21477890896017,6.843895937523538,-0.850154758989811
2021-08-30,AAPL,6.843895937523538,6.836612040555495,6.856555235569594,6.8176554568490415,80865778,-0.005195015895321,7.095500747981909,7.479809076735996,0.0230052081406374,34.63824679015232,6.685646840561419,-0.4251566655933857
2021-08-31,AAPL,6.685646840561419,6.676512034108275,6.704287440874588,6.644928746677064,52061301,-0.0231226626481088,6.993573565736753,7.421873804316444,0.0228856069921966,32.129932500777755,6.710059269367074,-0.850154758989811
2021-09-01,AAPL,6.710059269367074,6.678860598079713,6.759603873191747,6.629138638825857,68312204,0.0036514684947979,6.901157311269597,7.366100101016578,0.0237191388223494,32.93673122105376,6.638737003860843,0.4248434215784072
2021-09-02,AAPL,6.638737003860843,6.635538039341277,6.658471327579037,6.622267195103359,104196247,-0.0106291558156322,6.839811891777587,7.312837581117597,0.020673396468909,31.749269864582278,6.924247942919704,0.2831756969292958
2021-09-03,AAPL,6.924247942919704,6.915793277180182,6.949481214315355,6.8635517140494935,115683962,0.0430068157381169,6.83379517310181,7.287584232763892,0.0281011944918745,40.93020207502653,7.029760450120762,0.8498411081731319
2021-09-06,AAPL,7.029760450120762,7.054467060103805,7.074984726841046,6.978938494463229,121049229,0.0152381179979188,6.815997599853737,7.260385236616667,0.0264890198057524,43.931861995785646,6.771336295667708,0.2831724574168523
2021-09-07,AAPL,6.771336295667708,6.747026518844018,6.819997789760494,6.704251249446606,55777057,-0.0367614453275736,6.800526248574435,7.22541450314691,0.0261211779682209,38.73951165797752,6.909438878709365,-0.0001567646861076
2021-09-08,AAPL,6.909438878709365,6.897475589267359,6.914787140722416,6.871492827795666,78388003,0.0203951741593479,6.809889525886696,7.203068243632741,0.027356610282323,42.64107583320125,6.756459597624117,-0.4251596853137016
2021-09-09,AAPL,6.756459597624117,6.738248767480633,6.805867720086949,6.697327355802504,52498516,-0.022140622960952,6.82000563403851,7.1745137370217815,0.0272103284640806,39.630153504871664,6.6452243577726335,-0.2834897031386693
2021-09-10,AAPL,6.6452243577726335,6.673982172105978,6.692267435493572,6.6183372462519205,41109871,-0.0164635395571075,6.810743503810733,7.146658029706725,0.0280346821651584,37.55371638386082,6.709301181960523,-0.0001573488116264
2021-09-13,AAPL,6.709301181960523,6.691801812640513,6.756541878749246,6.662304229330507,86865834,0.0096425373678981,6.820824100682116,7.124822999015413,0.0279271420685082,39.519569959939744,6.617316807998528,-0.4251574970781803
2021-09-14,AAPL,6.617316807998528,6.628479556639451,6.648169754297119,6.556447745378724,114592835,-0.0137099783520399,6.776976795693377,7.095285487772602,0.0214775261329584,37.6854971197965,6.791640097986967,0.2831754719217618
2021-09-15,AAPL,6.791640097986967,6.811407060679885,6.816687651318015,6.775639192450289,84496412,0.0263435007037489,6.742959602531406,7.081315058183876,0.0236320446938089,43.07709467787332,6.644043213502874,-0.4251576647162437
2021-09-16,AAPL,6.644043213502874,6.641130672689094,6.66628150738062,6.607239372097095,44811462,-0.0217321416262679,6.724774876507858,7.054494808261351,0.0207358274780999,39.92714880205752,6.528614837360595,-0.8501558005809784
2021-09-17,AAPL,6.528614837360595,6.501648831173651,6.541676602956192,6.472630412688319,66395751,-0.0173732127310205,6.670371442029463,7.034214360701848,0.0185800552352947,37.610873453373095,6.40860566849604,-0.5668221424023311
2021-09-20,AAPL,6.40860566849604,6.382378696040118,6.445161336607043,6.373791966422661,91935194,-0.0183820261807744,6.620678023582594,7.014748421309845,0.01814990088799,35.316887103931734,6.307459189570076,0.2831782405575117
2021-09-21,AAPL,6.307459189570076,6.323727969824157,6.36518252462268,6.266873087823277,82689774,-0.0157829150611011,6.572425856696515,6.977368649821797,0.0180948814833673,33.46429376505682,6.512212130636367,-0.8501571372151374
2021-09-22,AAPL,6.512212130636367,6.48758436365326,6.543058539340991,6.451976756311511,138973027,0.0324620318439583,6.544270277935921,6.937507548809406,0.0230341722536697,40.29227428450664,6.63520092880938,0.8498448565602302
2021-09-23,AAPL,6.63520092880938,6.643004454810848,6.652148099235747,6.608323494723283,111758141,0.0188858709921959,6.546825152337471,6.900824153875541,0.0240234647267576,44.00912284046476,6.975707177105163,-0.0001602351665496
2021-09-24,AAPL,6.975707177105163,6.9781001748233775,7.016501032604451,6.930326476497776,159861715,0.0513181517710095,6.573120449354357,6.882979903959547,0.0296695178933022,52.77440645961773,7.470695284587536,-0.425156144797802
2021-09-27,AAPL,7.470695284587536,7.479147610204157,7.4956027400562,7.451357618142974,61060061,0.0709588425825791,6.691213602366451,6.885720045669803,0.0361448177047511,62.070150964954536,7.234296008935238,0.2831772034366925
2021-09-28,AAPL,7.234296008935238,7.24453076121506,7.307876770110079,7.176335580237514,84436349,-0.0316435440942161,6.792025198305685,6.879912596126338,0.0387445852776703,56.363983742871305,7.253395025302805,-0.8501552797853946
2021-09-29,AAPL,7.253395025302805,7.233078176233904,7.295452081035874,7.195817122003312,50481118,0.0026400656461911,6.912709392135224,6.87435830856916,0.0364353691863442,56.7102390379784,6.9969160912427935,-0.000154361128807
2021-09-30,AAPL,6.9969160912427935,6.976439024803167,7.025352304583277,6.937756157644296,42415231,-0.0353598464119641,7.011203235231327,6.860827317199063,0.0400672988979765,50.8723177419677,6.83135167214764,-0.8501571372151374
2021-10-01,AAPL,6.83135167214764,6.846003428166642,6.8935431495022,6.816385266111938,150877628,-0.0236624845769367,7.056794598304365,6.841901135728066,0.0417143821986035,47.47481342302614,6.700859714155341,-0.000154672563076
2021-10-04,AAPL,6.700859714155341,6.688208264313586,6.738592002686949,6.65964368262472,99148372,-0.0191019236389677,7.066174424782361,6.8200306911786726,0.0424643449292339,44.92800072012295,6.487190157214399,-0.0001593977212906
2021-10-05,AAPL,6.487190157214399,6.433667948529757,6.520070386809519,6.379559515150648,119177105,-0.0318868870645915,6.996386279083679,6.800665198408989,0.0378013989750846,41.045244100899794,6.279799219873074,-0.8501530960202217
2021-10-06,AAPL,6.279799219873074,6.2920213789136925,6.303936752623399,6.277243806334216,73153047,-0.0319693013947934,6.826258269838756,6.777779673283086,0.0132016970233089,37.64462593777506,6.253836401476011,-0.0001557134091854
2021-10-07,AAPL,6.253836401476011,6.2343945757817165,6.28417496979411,6.216320530637717,46184494,-0.0041343389315539,6.686192611630296,6.747762771237046,0.0147041629145079,37.22879125631179,6.0264866263082215,0.8498448565602302
2021-10-08,AAPL,6.0264866263082215,6.034932190670816,6.050103511672597,5.994887424632303,147133001,-0.0363536492758479,6.5109199832024975,6.719324466959892,0.0115196643440113,33.716521523316445,6.189293261506043,-0.5668241555492083
2021-10-11,AAPL,6.189293261506043,6.21515501016541,6.217691803027046,6.145495937799336,119010095,0.0270151823596687,6.3955452932401045,6.697504377759308,0.0222551890494157,38.21199416710728,6.017059454300706,-0.5668220038215319
2021-10-12,AAPL,6.017059454300706,6.017362036406542,6.060772299661886,5.9717575280956,104005979,-0.0278277017953786,6.279217833547684,6.6752181315506185,0.0225123351847561,35.47119700217317,6.572274201770979,-0.850154758989811
2021-10-13,AAPL,6.572274201770979,6.59190754003032,6.594733346432427,6.531995690232644,88518792,0.0922734355023584,6.260848474635632,6.670625295964081,0.0472094043181242,48.33574756252529,6.476868493280305,-0.283489013214906
2021-10-14,AAPL,6.476868493280305,6.479856875334519,6.521300911309438,6.418484864052508,90672937,-0.0145163919766106,6.259373951216477,6.66522967894473,0.0458023906557423,46.61596424349389,6.494767164713792,0.5665098751584688
2021-10-15,AAPL,6.494767164713792,6.525697116343936,6.532299768022366,6.473775487993126,131443387,0.0027634761230765,6.290083657622295,6.650913653004532,0.0435045721414138,46.9969748522461,6.234416211459871,0.2831756328543027
2021-10-18,AAPL,6.234416211459871,6.214551358128444,6.257959320575471,6.18057364313523,67270938,-0.0400862643188216,6.287309344762846,6.6244021783825024,0.0468400132250497,42.27100155713293,6.5904814313843225,-0.0001530736684799
2021-10-19,AAPL,6.5904814313843225,6.590319009356641,6.629360348152482,6.551955371084672,80944704,0.0571128406970879,6.367880031202288,6.61837368290639,0.0479043120174474,49.71811508853012,6.842328791492292,0.283173302312692
2021-10-20,AAPL,6.842328791492292,6.8561467705868,6.860334664212952,6.8112059246283545,76892812,0.0382138031538417,6.461170821200325,6.616136679999155,0.0486003861780791,54.21686651252282,6.913111425636558,0.8498443737626076
2021-10-21,AAPL,6.913111425636558,6.909162412557673,6.949373655292068,6.903615233641939,102611630,0.0103448162608432,6.589178245676875,6.62135840759957,0.0449430939677574,55.42400066402214,6.618454731556465,-0.0001530736684799
2021-10-22,AAPL,6.618454731556465,6.641332459367021,6.671942872945741,6.600117203797747,156117542,-0.0426228764355495,6.595775464217659,6.620466086725697,0.037534910555769,49.56529121740715,6.667397081773179,-0.0001598820090293
2021-10-25,AAPL,6.667397081773179,6.658755344278345,6.723877688494777,6.622778867748699,150734233,0.00739483039498,6.6229938340023535,6.61906928338612,0.0368745942577956,50.50123897791304,6.432606222135055,-0.0001584962010383
2021-10-26,AAPL,6.432606222135055,6.472540571372679,6.480647324404563,6.397185992913141,105376798,-0.0352147707356409,6.614113699348249,6.6129122638573365,0.0398835751463132,46.08304936808292,6.748888995536013,-0.850154758989811
2021-10-27,AAPL,6.748888995536013,6.791856421684823,6.841836801230844,6.714920331058276,64018871,0.0491686825648687,6.687609811359126,6.61148722710897,0.0394560107558996,52.15536823733693,6.934912257226228,0.8498378425836562
2021-10-28,AAPL,6.934912257226228,6.940780690858399,6.9688600035876025,6.886407435704309,152849028,0.0275635385043757,6.736814215050828,6.62118286189975,0.0351812762876471,55.34113055999384,6.959549154678605,-0.4251539163291454
2021-10-29,AAPL,6.959549154678605,6.97108671991144,6.996955847659095,6.908998508984769,77566960,0.0035525896418813,6.7535599812203,6.635547339143684,0.032532552870021,55.76126309843964,6.438481317616137,0.8498448565602302
2021-11-01,AAPL,6.438481317616137,6.4614989804411564,6.484050740262793,6.421954596491405,82759332,-0.074870918428987,6.685755680074526,6.636543194114354,0.043403048649682,45.92144493057253,6.2311859830872045,0.4248461261391639
2021-11-02,AAPL,6.2311859830872045,6.208993039712396,6.249521781144343,6.179694779447995,146271209,-0.0321963090832861,6.630431573150346,6.634000753898258,0.0422315688802533,42.693706905112826,6.379789131615803,0.849844615161419
2021-11-03,AAPL,6.379789131615803,6.3546782813147535,6.40486304837328,6.327812850770237,71598764,0.023848292914373,6.589344723127864,6.629586653930905,0.0436522266318909,45.643279871233,6.646095546538223,-0.5668233628074328
2021-11-04,AAPL,6.646095546538223,6.671146386982149,6.675862161048725,6.636058293894804,95425403,0.0417421970269686,6.619843198042602,6.6299498078552,0.0445873400619241,50.55483433351333,6.901529133319704,0.8498378425836562
2021-11-05,AAPL,6.901529133319704,6.907201951602884,6.928039485955251,6.877514381168478,150012191,0.0384336314446349,6.641648932011701,6.627477206395684,0.0429929014852407,54.77585201283332,6.542862071700439,-0.2834897031386693
2021-11-08,AAPL,6.542862071700439,6.538416093951552,6.583468893821058,6.50425005628364,78146659,-0.0519692164867733,6.585641762650873,6.596549432632782,0.0461260458341775,48.51328744731383,6.6137144793997145,-0.0001584962010383
2021-11-09,AAPL,6.6137144793997145,6.613935178447686,6.6399567608552506,6.571023184017776,114917818,0.0108289624514217,6.536236809039603,6.575863381648264,0.0464932565322844,49.735844860741445,6.846399790925085,-0.0001551926136016
2021-11-10,AAPL,6.846399790925085,6.79739240941249,6.854762001249161,6.77414629920865,44475840,0.0351822432386725,6.594510876655167,6.562296873835673,0.037105528782012,53.629975072340905,6.476955560900431,-0.850154758989811
2021-11-11,AAPL,6.476955560900431,6.47325276997347,6.493097103164187,6.469655186641666,159471891,-0.0539618253836641,6.629620816342771,6.544964856157595,0.0417894461266665,47.356651719378746,6.47778614359782,0.8498448565602302
2021-11-12,AAPL,6.47778614359782,6.463151916399938,6.500568810678392,6.438089022187926,90274364,0.0001282365904133,6.64362038948306,6.533179338539268,0.0410851689995605,47.371556626635495,6.5398264136894175,-0.2834932019313176
2021-11-15,AAPL,6.5398264136894175,6.557838501046942,6.596624161631239,6.491236632457021,120434694,0.0095773878168103,6.628439084790372,6.52781156185707,0.0376758002474035,48.54348647211844,6.478519552498129,-0.8501530960202217
2021-11-16,AAPL,6.478519552498129,6.497858531557424,6.539564441852736,6.452070152632285,100072133,-0.0093743866141398,6.568009144673006,6.527522541699861,0.0332668487649698,47.41976021586387,6.107990229829577,0.424842545390129
2021-11-17,AAPL,6.107990229829577,6.11855730153698,6.148916257969094,6.090401482993783,92077272,-0.0571935176958253,6.505884595834311,6.521795575365078,0.0344421107341031,41.21055254352173,6.045106639529544,-0.0001602351665496
2021-11-18,AAPL,6.045106639529544,6.052278408640089,6.08711081049999,5.9976773937861445,88759944,-0.0102952997522701,6.424654904424286,6.514837916633528,0.0332950308092715,40.24735881150539,5.983782741114318,-0.0001622334122657
2021-11-19,AAPL,5.983782741114318,5.95690334821695,5.988009113130101,5.948380950906992,42132290,-0.0101443865380674,6.301423897308462,6.513414453793732,0.0261726512970131,39.28311201430599,5.958068722613937,-0.8501544483006
2021-11-22,AAPL,5.958068722613937,5.96862599879741,6.0084541513154,5.9444287197663535,73295108,-0.0042972847800274,6.227297206124677,6.505706969163995,0.0213185499441927,38.86266786801787,5.857078767225936,-0.8501548990607262
2021-11-23,AAPL,5.857078767225936,5.868138067254519,5.883875302033018,5.835254206334213,85679122,-0.0169501158999211,6.138624723785837,6.500374279594836,0.0207136843640664,37.17960585461096,5.780062910732887,-0.8501544430851936
2021-11-24,AAPL,5.780062910732887,5.801654786357184,5.815201051978747,5.751846491633402,84295620,-0.0131491925503889,6.030087080506333,6.473967236560233,0.0179860396672335,35.902636423966854,5.7753984678188806,-0.0001564472913742
2021-11-25,AAPL,5.7753984678188806,5.812098984934565,5.821693855440535,5.739413984843295,72824128,-0.0008069882605162,5.92964121126644,6.450584902378186,0.0188876002387437,35.82238835819852,5.85398487696629,-0.000154361128807
2021-11-26,AAPL,5.85398487696629,5.824260203206983,5.85839495841645,5.821210052609301,117093375,0.0136070973432051,5.89335473228597,6.429225492786602,0.0101730544532735,38.32365066166526,5.804260627146926,-0.2834893604119619
2021-11-29,AAPL,5.804260627146926,5.797496164916441,5.843360860902053,5.758297491991005,139496114,-0.0084940858004288,5.858948159088454,6.414886973309504,0.0100686991735709,37.33221413905751,5.738232048733473,-0.5668239171306292
2021-11-30,AAPL,5.738232048733473,5.725454154115343,5.747548958206049,5.697539913454429,146953566,-0.0113758810389443,5.8238694887483335,6.386478660554475,0.0101685852977767,36.000370023997725,5.75571520438264,-0.000155472010374
2021-12-01,AAPL,5.75571520438264,5.7586939111238,5.774042666479287,5.707139346155167,117961098,0.003046784358089,5.794961843286719,6.350258207650821,0.0107278549488698,36.64487159977,5.456431221946781,-0.283487827082475
2021-12-02,AAPL,5.456431221946781,5.45665060089962,5.462814042100582,5.425903493148508,89322350,-0.051997705204033,5.737726479675411,6.301702200861161,0.0207758359362816,30.90699018695338,5.535460344023604,-0.0001557134091854
2021-12-03,AAPL,5.535460344023604,5.531573087925258,5.580687157043111,5.4955021739725485,117539492,0.0144836650298005,5.702783255859799,6.2656023879434,0.0225968630318033,33.85236813743121,5.537584374830699,-0.000155472010374
2021-12-06,AAPL,5.537584374830699,5.554655712396308,5.597626264963611,5.527119905806954,55886075,0.0003837134899518,5.668809814004345,6.227941964378649,0.0226463158424069,33.93388435695685,5.5460332097347536,-0.5668248365322749
2021-12-07,AAPL,5.5460332097347536,5.527707770356106,5.587941156119034,5.513562469545671,138024983,0.001525725719405,5.624816718685554,6.198389530631973,0.0213470862000369,34.28081494681366,5.697841169686053,0.8498453259468078
2021-12-08,AAPL,5.697841169686053,5.680044735407392,5.743026022604935,5.630948390228564,104197122,0.027372349607434,5.609613939048286,6.163354603103642,0.025049183135666,40.3427268871003,5.396494310140696,-0.0001530736684799
2021-12-09,AAPL,5.396494310140696,5.379912632597347,5.437482968448599,5.352859330622847,59817133,-0.0528879009735473,5.5607942621064606,6.112074004867456,0.0315961059094961,33.69798397696,5.094682027429611,-0.0001570105552673
2021-12-10,AAPL,5.094682027429611,5.089174763978672,5.116969774594513,5.064108147139864,91099717,-0.0559274716817437,5.466360951113171,6.049911767292491,0.035667695234475,28.61457396392403,5.139647021503612,-0.425156144797802
2021-12-13,AAPL,5.139647021503612,5.120703461372033,5.147204731050918,5.080122907549873,76131715,0.0088258685884439,5.421106065335576,6.006617290755406,0.0329464547674005,30.30150350744067,5.14060221182876,-0.2834875096877416
2021-12-14,AAPL,5.14060221182876,5.139853151720501,5.155329789708031,5.100466176645038,81947682,0.0001858474562848,5.364697760736312,5.970264498380126,0.0317390059425209,30.339163144798132,5.168378321382948,-0.8501571372151374
2021-12-15,AAPL,5.168378321382948,5.165812373579953,5.178824668158244,5.139826264245759,46070917,0.0054032793065128,5.3119540388152044,5.9298841380390295,0.0320696520748849,31.498262058363395,5.102205874484726,0.8498448565602302
2021-12-16,AAPL,5.102205874484726,5.090166988379675,5.1350168468489095,5.049801362812712,41927166,-0.0128033287780906,5.248550133779487,5.878421148970579,0.0317145438869105,30.208665650389563,5.201867601496855,-0.2834876661499341
2021-12-17,AAPL,5.201867601496855,5.215503250601623,5.216431613666644,5.197751156997414,81956535,0.0195330665723467,5.177696766895315,5.821765764576485,0.0302202576954176,34.554591420900834,5.34413912057424,-0.8501571372151374
2021-12-20,AAPL,5.34413912057424,5.343185183271504,5.351671270795231,5.3030144850130245,76200061,0.0273500846189251,5.170217454100107,5.781808332872278,0.027448767454407,40.27240598280835,5.421224254201581,-0.0001584582030773
2021-12-21,AAPL,5.421224254201581,5.438506803192239,5.46409238303369,5.385044721570672,159858853,0.0144242378216865,5.21686634363896,5.742058658699007,0.0131854317920105,43.16954516149156,5.383154680270366,-0.0001596473157405
2021-12-22,AAPL,5.383154680270366,5.380004729712174,5.387770850849624,5.378173225203103,71508473,-0.0070223204475835,5.25165315203421,5.693283821677183,0.0145118965644798,42.08386469443855,5.075355565382856,-0.8501544483006
2021-12-23,AAPL,5.075355565382856,5.07498717240094,5.077667992599232,5.064306760955391,79517487,-0.0571782037056476,5.242332202541939,5.646563821826597,0.0283850647625595,34.523919024418205,5.19434928776645,-0.000158978998661
2021-12-24,AAPL,5.19434928776645,5.185579422617672,5.198304483223948,5.1568260880764685,149825106,0.0234453962585805,5.246042340596724,5.6037825932988845,0.0298923631800042,39.08012578298359,5.388017633191401,0.849844615161419
2021-12-27,AAPL,5.388017633191401,5.387903732537427,5.415718023680523,5.367046560651061,143172759,0.0372844286542439,5.286872591840536,5.565388967282284,0.0319328271259944,45.70258341877764,5.495852547413376,0.4248420692980289
2021-12-28,AAPL,5.495852547413376,5.507595502127836,5.514378600182456,5.491635503105018,46822137,0.0200138384027712,5.328870441257181,5.532633400446127,0.031961612558454,49.02535034316194,5.354890963865995,-0.5668226967255274
2021-12-29,AAPL,5.354890963865995,5.348283013975457,5.360089109702592,5.338762553321924,50293325,-0.0256487200723252,5.3304064188702895,5.507530091580673,0.0329669107748011,45.136884013976704,5.466830011331766,0.8498443737626076
2021-12-30,AAPL,5.466830011331766,5.47533222155682,5.483687386730469,5.455073306293895,51398448,0.0209040759599248,5.336921527031744,5.488254203974081,0.0335011934984014,48.621873114906805,5.612098764572451,-0.8501530960202217
2021-12-31,AAPL,5.612098764572451,5.598415115924467,5.645582292340944,5.584098749807594,95165483,0.0265727584248218,5.369627824789185,5.475864738089352,0.0344390683592998,52.81111959378482,5.884127901065264,-0.0001575306057929
2022-01-03,AAPL,5.884127901065264,5.89752695289799,5.905749544385415,5.848107738457722,108709620,0.0484719082654163,5.485166729886672,5.47340004403773,0.0232080188961603,59.47475454446805,5.729201464353912,0.849845091253519
2022-01-04,AAPL,5.729201464353912,5.719234272408843,5.730608546809153,5.692901284792023,82175543,-0.0263295494789131,5.561574183684881,5.469137467275329,0.0293523168678053,54.73424074932169,5.691436283490664,0.4248401559889316
2022-01-05,AAPL,5.691436283490664,5.705978128687908,5.737102641189092,5.66618529847495,41556544,-0.0065917006232397,5.604919705156204,5.466183246367255,0.0283347995950691,53.612456891183925,5.824380204408929,-0.0001530736684799
2022-01-06,AAPL,5.824380204408929,5.825445656108981,5.863632842374217,5.823788862839861,64189943,0.0233585889916574,5.651852227584141,5.467815970920256,0.028594259676096,56.95683865785172,5.836863030341789,-0.2834893857439359
2022-01-07,AAPL,5.836863030341789,5.8634958261936605,5.871341673294192,5.818714496951823,113752063,0.0021432024515519,5.720705379937825,5.467245242699439,0.024697830592808,57.26836380722687,5.649343561827947,0.2831773643692334
2022-01-10,AAPL,5.649343561827947,5.629784386590264,5.658524442204044,5.618787760794847,84700750,-0.0321267549947734,5.746778744294423,5.462081340522141,0.0294240786686391,51.26582427720233,5.722264012537123,-0.0001566544175148
2022-01-11,AAPL,5.722264012537123,5.696922792858926,5.731419053038403,5.655559237410777,54825658,0.0129077741353691,5.762516636860804,5.461549072648929,0.0281871056476117,53.31502747704325,5.823493189794094,-0.4251573339104652
2022-01-12,AAPL,5.823493189794094,5.812727578987977,5.859137670141781,5.765474547629035,118153373,0.0176904066354128,5.753854535250637,5.46380833882931,0.021552896213771,56.0761928759781,5.84093250456496,-0.2834905584653219
2022-01-13,AAPL,5.84093250456496,5.816670247287309,5.850107770146325,5.801133740498769,113604754,0.0029946484356553,5.769816112423643,5.476625048249916,0.0185068111489866,56.55293567793375,5.880325537161526,0.4248423844575881
2022-01-14,AAPL,5.880325537161526,5.855932743229033,5.92013493937292,5.814344926951581,98836968,0.0067443053940066,5.796800291519481,5.488120554687847,0.0180462435515609,57.670573863991606,5.839757378024956,0.8498448565602302
2022-01-17,AAPL,5.839757378024956,5.850646494942594,5.896519685927358,5.838961498543293,152822409,-0.0068989648413499,5.798997030607485,5.498192988127656,0.0164145626514866,56.0709091613068,6.088004708749502,-0.0001563817262649
2022-01-18,AAPL,6.088004708749502,6.087928387207583,6.1178395712496965,6.071412794046932,141320083,0.0425098706426918,5.834874413237158,5.516258704761481,0.0229001404852304,62.85985380668438,5.934776589582148,-0.0001602351665496
2022-01-19,AAPL,5.934776589582148,5.926236191289111,5.93518228283211,5.891063172245535,44773455,-0.0251688568747556,5.875650560059187,5.524156552091351,0.0210309695689835,57.00395445632957,5.837022281033647,-0.8501530960202217
2022-01-20,AAPL,5.837022281033647,5.830246153126452,5.877566248413479,5.8137242869563055,148593592,-0.0164714386587184,5.892044598415834,5.538840817787782,0.0225885142238325,53.57497906981678,5.841207960996554,-0.8501551166176795
2022-01-21,AAPL,5.841207960996554,5.830742192798144,5.87025560269722,5.793983201828935,45953830,0.0007170916541654,5.894575280016185,5.563725015573346,0.0216472975021287,53.70339630345865,5.989889886336467,-0.0001588828861713
2022-01-24,AAPL,5.989889886336467,6.01954647509759,6.0631899756707055,5.977788752747919,97827139,0.0254539688250625,5.915854905983543,5.592066444401109,0.0236294440919943,58.133507437812376,5.743063128091762,0.8498425185680389
2022-01-25,AAPL,5.743063128091762,5.730390960961565,5.747046203836833,5.686267162614373,148201724,-0.0412072280005916,5.896245990402148,5.612148474943209,0.0289900123525476,49.64118666954675,5.529582799046516,0.2831781571110089
2022-01-26,AAPL,5.529582799046516,5.507650252463883,5.567363132155301,5.496895515456567,157807157,-0.037171858341766,5.851935336262371,5.624188624198661,0.0317898062479721,43.69568238043629,5.205678849876399,0.8498448498547078
2022-01-27,AAPL,5.205678849876399,5.218110801465038,5.246993145942223,5.198603375591691,42709323,-0.0585765619109579,5.725888784994785,5.627637723378384,0.0281221899384118,36.54403485939765,5.213064365058074,-0.0001575306057929
2022-01-28,AAPL,5.213064365058074,5.209690121203168,5.249185024127957,5.192859507008162,48642491,0.0014187419920939,5.622787038634202,5.628010948830424,0.0293558345844437,36.798042826231935,5.04131980793803,-0.0001570597290992
2022-01-31,AAPL,5.04131980793803,5.072154138482051,5.091592307899929,5.009676656206729,68954951,-0.0329450290833174,5.5091152567634,5.61791697174255,0.0298708468376134,33.44532379444031,4.984232028722314,-0.0001622334122657
2022-02-01,AAPL,4.984232028722314,4.976363835726598,5.002536796509394,4.955269870563603,73160706,-0.0113239749491445,5.386690123581366,5.603350564226575,0.0287837277114853,32.3889581527493,5.086915997348404,-0.8501558005809784
2022-02-02,AAPL,5.086915997348404,5.09982634872093,5.115690802176595,5.063233520092366,73533570,0.0206017633277022,5.257693853725928,5.5934759414625095,0.0274778627294537,36.287038908368125,4.991594198342657,-0.0001569852232932
2022-02-03,AAPL,4.991594198342657,5.007799868093301,5.037667985951931,4.9911796799983845,90005352,-0.0187386225869337,5.1503411494760565,5.590683895894503,0.0262462867821806,34.30951367353413,5.028332959826802,0.4248410701751709
2022-02-04,AAPL,5.028332959826802,5.020468609382202,5.059626536283936,5.01854457458228,78258528,0.0073601258484399,5.078734029587525,5.585150018296515,0.0266523120888644,35.76254767440547,4.986217836315923,-0.000154361128807
2022-02-07,AAPL,4.986217836315923,4.97510474196417,5.015158752533183,4.971874869980788,109924181,-0.0083755637996433,5.047382456221743,5.571756691733998,0.0176232782467644,34.81194328011446,5.086371647630892,-0.0001530736684799
2022-02-08,AAPL,5.086371647630892,5.09768424474118,5.105097291348105,5.059638330611495,142477551,0.0200861283246636,5.029283496589288,5.558107328407916,0.0201625064951292,38.96676007278978,5.158904550610944,-0.0001596473157405
2022-02-09,AAPL,5.158904550610944,5.167801988205251,5.16834845650467,5.151539548780736,105511568,0.0142602444345245,5.046081316971134,5.551574447966081,0.0160910549431369,41.85699775279605,5.059397037792535,-0.000154361128807
2022-02-10,AAPL,5.059397037792535,5.037986528097483,5.088902984391368,5.022314623191383,79830903,-0.0192884965872502,5.0568191754097365,5.537993348848106,0.0175242798709836,39.12001746979644,5.036957076266183,0.849841584265232
2022-02-11,AAPL,5.036957076266183,5.019905430675995,5.075346239011266,4.9928228101768255,108157211,-0.0044353035270271,5.049682186683705,5.518821959237897,0.0156102030103143,38.50849688438921,5.1894759266845885,-0.850154758989811
2022-02-14,AAPL,5.1894759266845885,5.149987699333394,5.192016857721334,5.127497643901407,114452649,0.0302799583377559,5.077951005018266,5.495666893425208,0.0173802553415568,44.82191775813779,5.250269079025228,0.4248410701751709
2022-02-15,AAPL,5.250269079025228,5.259646902593738,5.2771431166644165,5.232202599838895,147550086,0.0117146997499377,5.109656164903756,5.479702480580918,0.0175269668705124,47.151089410483934,5.0488031256305455,-0.0001552790403365
2022-02-16,AAPL,5.0488031256305455,5.044837383777309,5.081523658014051,5.044687705046476,153689396,-0.0383725006018333,5.118596920520131,5.458281375318915,0.0241388225801749,40.977817572458896,5.147917567356119,0.2831772034366925
2022-02-17,AAPL,5.147917567356119,5.145413356354041,5.165152645193508,5.12996729157354,150191726,0.0196312748307441,5.127389194766592,5.435732620750487,0.0240826791022082,44.80635341643103,4.990571400150699,-0.850154758989811
2022-02-18,AAPL,4.990571400150699,4.965247582533865,4.999254001838347,4.936173555010076,138022449,-0.0305650129681913,5.103341601843701,5.407522899744118,0.0261415524634394,40.333475798547965,5.204087896917912,-0.8501558005809784
2022-02-21,AAPL,5.204087896917912,5.186944033422044,5.217730762184115,5.177869298234161,55380954,0.0427839779550625,5.1240117245758965,5.392681044247116,0.0304376194594243,47.92969498069439,5.36900952063558,-0.8501548990607262
2022-02-22,AAPL,5.36900952063558,5.361311022779437,5.387549979212174,5.329132612660257,106960066,0.0316907836655375,5.171447788057239,5.380905894517065,0.0317188879312159,52.91591806502452,5.418597059573933,-0.0001598820090293
2022-02-23,AAPL,5.418597059573933,5.407667875013821,5.422964901442181,5.407103586542265,58264710,0.0092358821022322,5.204179378470003,5.367409356843059,0.0304015155920195,54.331952021554905,5.446249412471402,-0.0001575306057929
2022-02-24,AAPL,5.446249412471402,5.448174706442569,5.4793108238940205,5.403464652351764,98858857,0.0051032310750271,5.232176568962314,5.354253253773275,0.0303182996236654,55.14213365426744,5.4152505544683045,-0.8501558005809784
2022-02-25,AAPL,5.4152505544683045,5.424729432757077,5.453806177237079,5.368601261476737,45366229,-0.0056917808303293,5.284526201653422,5.338750754350168,0.0243367729903501,53.98589225402654,5.523949848750721,-0.0001575306057929
2022-02-28,AAPL,5.523949848750721,5.561561526777199,5.585414347879056,5.523859203004249,75929611,0.0200728097784368,5.338245098995508,5.328223836707693,0.0243655058149776,57.36208060028346,5.4676849832136405,0.2831741785009702
2022-03-01,AAPL,5.4676849832136405,5.467356642770115,5.488308557821799,5.451898256148096,110570395,-0.0101856220779783,5.406404182290214,5.307546512523164,0.0193621706560646,55.10811909857253,5.506547299901833,0.8498443737626076
2022-03-02,AAPL,5.506547299901833,5.524973352470171,5.525685611878358,5.488868115462843,76488256,0.0071076363776449,5.449612668430774,5.293272202867153,0.0143506611255545,56.38295396469295,5.644530907914617,0.2831756969292958
2022-03-03,AAPL,5.644530907914617,5.630476486937447,5.653488388361215,5.587251503981414,41208903,0.025058099113258,5.488972866613493,5.286855823763187,0.0126597505991003,60.65520630790336,5.558158997244211,0.2831778382261594
2022-03-04,AAPL,5.558158997244211,5.530230143452767,5.566076237304383,5.5043741859604856,86617584,-0.0153018757589398,5.508910286280676,5.277420858304775,0.01516517846551,56.89830578699484,5.465058207745017,-0.0001596473157405
2022-03-07,AAPL,5.465058207745017,5.459282160727152,5.469772970016911,5.429854910963688,104940657,-0.0167502925960475,5.511597257034049,5.259926469018393,0.0169781969159253,53.08174385994067,5.287256575181749,0.8498448565602302
2022-03-08,AAPL,5.287256575181749,5.261913881207325,5.316854473264333,5.253764391776287,131621258,-0.0325342614487234,5.493312402850255,5.2447329172547255,0.0211571591459627,46.64657686816261,5.130855190920372,0.8498378425836562
2022-03-09,AAPL,5.130855190920372,5.131081048608182,5.135358776497786,5.1281111479439705,56373807,-0.0295808198519286,5.437156023160206,5.231441996983855,0.020355058367265,41.84139006969207,4.8680559634485965,0.4248436629772186
2022-03-10,AAPL,4.8680559634485965,4.856658080383559,4.894491894267346,4.829267210401309,97207946,-0.0512193811154189,5.351494734622341,5.220187900769593,0.0255564506308897,35.267360812938065,4.978248655944828,0.4248413115739822
2022-03-11,AAPL,4.978248655944828,4.94906210923144,4.984303049105473,4.927996971287279,63850167,0.0226358721681929,5.276023499771341,5.212360710465819,0.0284268970548918,39.55574744673835,5.2587202854494,-0.283490148683389
2022-03-14,AAPL,5.2587202854494,5.286108097401155,5.291648380381795,5.219743615922947,58460042,0.0563394175117477,5.2209076965620245,5.219607393049532,0.0368060091278129,48.84497763563353,5.499575690402747,-0.5668212110797565
2022-03-15,AAPL,5.499575690402747,5.49070660641429,5.505642999183665,5.459174250758213,54636865,0.0458011439816983,5.21253865272753,5.236785515105547,0.0420668760655753,55.21074411436444,5.224984323187552,-0.0001552373170852
2022-03-16,AAPL,5.224984323187552,5.199314717631854,5.244017570801109,5.175690467111996,131183581,-0.0499295550553801,5.178242383505035,5.241387792633518,0.045866713713905,47.89340321142429,5.351746189867899,0.8498378425836562
2022-03-17,AAPL,5.351746189867899,5.366166552240982,5.39389265540512,5.328621375461142,150343643,0.0242607171313031,5.187455185603056,5.253392859017692,0.0453070453179464,51.11444714880157,5.6057609201133785,0.2831758533914884
2022-03-18,AAPL,5.6057609201133785,5.593507606355311,5.641930616683498,5.552790289545486,119605598,0.0474638970596903,5.255298861202057,5.272640457693911,0.0455397008314972,56.86826170449813,5.524457948427305,0.8498450085520745
2022-03-21,AAPL,5.524457948427305,5.542525677657088,5.548494077271497,5.4872598889962525,85399717,-0.014503467565725,5.349070573341872,5.290581794764291,0.0383780826828373,54.65105550257605,5.544847938644501,0.4248458914458751
2022-03-22,AAPL,5.544847938644501,5.5326482584499415,5.571326310593558,5.494729271498302,153908652,0.0036908580728722,5.430013328013255,5.305864337798078,0.0387343422709276,55.12360722765242,5.206530469688062,-0.2834909533460935
2022-03-23,AAPL,5.206530469688062,5.19808186877205,5.24552288979193,5.147903192607562,99659097,-0.061014742460033,5.422557640047349,5.307451868433982,0.0435437011573372,46.470844017739175,5.254282510408573,-0.0001622334122657
2022-03-24,AAPL,5.254282510408573,5.259718040068992,5.275081720010419,5.234438620668094,103529692,0.0091715665544491,5.387515757191038,5.313948050854517,0.039001580496392,47.71828276539722,5.080194214579044,-0.0001622334122657
2022-03-25,AAPL,5.080194214579044,5.089235223576532,5.093089107822792,5.045533697494113,116142677,-0.0331326485556621,5.366831455961251,5.315389288798278,0.0362568196758252,43.71833121236711,5.115040452414785,-0.8501544483006
2022-03-28,AAPL,5.115040452414785,5.126832928625345,5.133627533788301,5.085061163192387,118530657,0.0068592334001207,5.333016350610807,5.312908106322619,0.0345998746569867,44.71725087648751,4.871319532413652,0.5665074879924455
2022-03-29,AAPL,4.871319532413652,4.870008059127792,4.87512848413293,4.862763509267978,99059564,-0.0476478968775455,5.228096152367988,5.3002764547689,0.0282290493000274,39.44413164110373,4.959331599321898,0.8498443737626076
2022-03-30,AAPL,4.959331599321898,4.967196356155304,5.004318068769741,4.932697856743967,97519632,0.0180673976163163,5.1473638167815015,5.297294070558611,0.0316669786763679,42.0994072147215,5.126071074821812,-0.0001572221517562
2022-03-31,AAPL,5.126071074821812,5.137537510525341,5.152482552065695,5.109087311413385,78151089,0.0336213604919488,5.087538550521118,5.2965658541408,0.0362744148814006,46.85391473069309,5.001047782503163,0.8498453259468078
2022-04-01,AAPL,5.001047782503163,5.004056950040169,5.023132879369004,4.984622224881133,121693624,-0.0243896915383668,5.058183880923274,5.296915066885884,0.0298624073040817,43.9403591071577,4.824656774402426,0.2831741785009702
2022-04-04,AAPL,4.824656774402426,4.822591945104674,4.855690854820328,4.815319273019996,120682374,-0.0352708103925472,4.99680877577954,5.2842673628020345,0.0309644686243495,40.14718542115123,4.502885229318656,0.8498448565602302
2022-04-05,AAPL,4.502885229318656,4.483361237495459,4.513092958000575,4.462897901094974,92334047,-0.0666931473324595,4.914336063599484,5.25539655309147,0.0368710439839494,34.32592242120208,4.464678639569633,0.4248461261391639
2022-04-06,AAPL,4.464678639569633,4.472703999747106,4.490178644278847,4.4458892067860685,125450258,-0.0084849130731239,4.821427233193035,5.22359927242466,0.0356884670178266,33.701064812445296,4.382149020525913,0.849845091253519
2022-04-07,AAPL,4.382149020525913,4.382703454829063,4.385864273502204,4.360207499510032,56542777,-0.0184850077029677,4.751545731494786,5.18812925935981,0.0333709376440503,32.33192845382955,4.168940489476241,0.2831786309679349
2022-04-08,AAPL,4.168940489476241,4.1637674698543785,4.18134198777715,4.159726026811376,89944884,-0.0486538750852622,4.638632715802549,5.14658559052674,0.032013115921047,29.04864498122033,4.233565333818503,-0.0001622334122657
2022-04-11,AAPL,4.233565333818503,4.249793855963366,4.253103337870017,4.214471325617685,158401988,0.0155015032009682,4.51113189565922,5.103572773362333,0.0268962124163779,31.32507640401198,4.173640834040612,-0.0001549616456031
2022-04-12,AAPL,4.173640834040612,4.155763039776981,4.182407448402871,4.1522274490850775,128039557,-0.0141546179290544,4.392930903021712,5.060437968389899,0.0273138585608982,30.35259936059674,4.033614112741946,0.8498378425836562
2022-04-13,AAPL,4.033614112741946,4.053508336992494,4.06154560278849,4.024315634926261,126443644,-0.0335502566863433,4.2799248084987855,5.0113401954845695,0.0272154541082807,28.15319024769515,3.963618744732905,-0.000158978998661
2022-04-14,AAPL,3.963618744732905,3.963353896378798,3.9908747695586433,3.949210608093524,143586859,-0.017353015447841,4.20288673927225,4.955309790045179,0.0200403879999059,27.09622200883392,4.103210731310068,0.8498448565602302
2022-04-15,AAPL,4.103210731310068,4.107119263302326,4.125818425668639,4.07870515014082,119511068,0.0352183183013405,4.15124846666374,4.906811514514041,0.0284846902296921,32.536012795223044,4.18515291066417,-0.0001605093479156
2022-04-18,AAPL,4.18515291066417,4.180192950586869,4.214975032474912,4.163604444190508,139147580,0.0199702585901406,4.123106165254921,4.864148004611346,0.0305759384464333,35.57492932803159,4.169530134896788,-0.000155472010374
2022-04-19,AAPL,4.169530134896788,4.148677402659279,4.171860920104134,4.126089698832024,125371480,-0.0037329044125422,4.123190400314999,4.826890456601848,0.0242210552343547,35.248921541275365,4.252239922396487,-0.8501558005809784
2022-04-20,AAPL,4.252239922396487,4.250458958045033,4.281667959737121,4.22455830343566,102825851,0.0198367165660853,4.125858198683282,4.797603280984386,0.0247255550598261,38.464035200479024,4.104200899660247,-0.8501530960202217
2022-04-21,AAPL,4.104200899660247,4.1083224807043255,4.109797260367867,4.0926628432364565,55212990,-0.0348143626507337,4.115938208057516,4.772141445524773,0.0278556725846457,35.10423942195256,4.1099943328578,-0.0001552373170852
2022-04-22,AAPL,4.1099943328578,4.118332181115147,4.142988039570409,4.083607984467687,136720457,0.0014115861623715,4.126849668074066,4.7431996347552055,0.024157401829446,35.34226465737841,4.130094159522883,-0.0001557134091854
2022-04-25,AAPL,4.130094159522883,4.12764047225409,4.153305186958524,4.123361747150677,79133607,0.004890475518273,4.1506318701869205,4.705578763890989,0.0224465002983364,36.21635635132736,4.074403888850225,0.8498443737626076
2022-04-26,AAPL,4.074403888850225,4.0476040102838375,4.091240770762979,4.037223446258787,83083305,-0.0134840196183545,4.146516606978372,4.658073037172571,0.0192397100247589,34.812124772282544,4.128661480799579,-0.5668226967255274
2022-04-27,AAPL,4.128661480799579,4.109566487370131,4.146772373953887,4.1056572539727965,54963922,0.0133166945225613,4.138446402712001,4.621528942426305,0.0181747957208424,37.36041406071452,4.037388827316772,-0.2834888567527135
2022-04-28,AAPL,4.037388827316772,4.062243230624022,4.0833922965281975,4.021720314875009,66045274,-0.0221070809285943,4.119569073057713,4.577717030341267,0.0197588694548469,34.889585791889985,4.099630980029737,0.5665073270599047
2022-04-29,AAPL,4.099630980029737,4.086193996932129,4.127907583926911,4.049607661665505,55123011,0.0154164375479113,4.0977677955767495,4.527512699005146,0.0189066549345712,37.90545790222862,4.167459069427356,-0.2834884588917096
2022-05-02,AAPL,4.167459069427356,4.185300580049137,4.189094551618922,4.1492896071939285,51696416,0.0165449255623313,4.10680467697205,4.482279403038481,0.0149925834676436,41.106836301826405,3.832583525786445,-0.8501539975404739
2022-05-03,AAPL,3.832583525786445,3.821843629461998,3.86272177347271,3.798038369559507,42561705,-0.0803548488568421,4.067174561676143,4.42520392260988,0.034693900186679,32.26290145851931,3.9787898131636847,-0.0001563191413879
2022-05-04,AAPL,3.9787898131636847,3.9766119520187546,3.980947143905812,3.968973165047257,75365319,0.0381482324895288,4.0455596550534,4.384279234059067,0.0389880135166473,38.485558516561504,3.616208686299649,0.8498453259468078
2022-05-05,AAPL,3.616208686299649,3.622991336916983,3.6369049716674864,3.5903267979723976,130707209,-0.0911284948163003,3.980103197546175,4.329676773255437,0.0510886755940379,30.903589131018947,3.543272788620517,-0.5668237100044886
2022-05-06,AAPL,3.543272788620517,3.5345542706286737,3.562093835436969,3.5207966698184383,143666242,-0.0201691616845721,3.896476241520595,4.278446059056818,0.0494563921232711,29.63866719346865,3.667992850583173,-0.0001548334956169
2022-05-09,AAPL,3.667992850583173,3.685513551786837,3.705047384885886,3.661645468000962,67277034,0.0351991137581062,3.8437053877015086,4.230211138995765,0.0537102253963941,34.57049713358997,3.630763553670887,-0.0001545161008834
2022-05-10,AAPL,3.630763553670887,3.631588408958249,3.647170818995215,3.597530112715979,90863397,-0.0101497735761308,3.7767243267931017,4.188859273037673,0.0523609200921292,33.808706222158435,3.461915641537513,0.2831758533914884
2022-05-11,AAPL,3.461915641537513,3.4667019217971755,3.472522767419336,3.4515172665993266,139840926,-0.0465047942774075,3.675932408523124,4.138945407778193,0.0512430350573412,30.523517756964367,3.3394221400814144,-0.0001584582030773
2022-05-12,AAPL,3.3394221400814144,3.3367411817791544,3.3528532155407382,3.326571950995485,124825495,-0.0353831560730049,3.6054807819938337,4.079390443286846,0.045660528431937,28.369794189449507,3.457471648569913,0.566509665052096
2022-05-13,AAPL,3.457471648569913,3.464304168720012,3.4713966186511644,3.45648062938427,148532141,0.0353502802390897,3.531006758480438,4.027937905489071,0.0450899565194118,33.25738052572673,3.2432147437365453,0.8498448565602302
2022-05-16,AAPL,3.2432147437365453,3.258575835410101,3.272998015456376,3.238351345280136,90455705,-0.0619692441793381,3.4777219095428515,3.975223171133542,0.0381208872668632,29.343834589034717,3.3732695743455525,0.8498448565602302
2022-05-17,AAPL,3.3732695743455525,3.371940985768781,3.3829768321655767,3.354957439539044,60227927,0.0401005918156285,3.453435736075,3.937569315967772,0.0431779250964027,34.39072613165699,3.368196230782683,-0.8501544483006
2022-05-18,AAPL,3.368196230782683,3.385674267089098,3.4032207428824264,3.357344790278764,57187151,-0.0015039840282714,3.410607647532073,3.901019902341541,0.0393746344073509,34.28783771712331,3.237305812641248,0.5665083895126978
2022-05-19,AAPL,3.237305812641248,3.231366044644889,3.242470426896729,3.2108255919116804,125063685,-0.0388606866028762,3.3543993988135523,3.862858462078718,0.0406915312226223,31.656445736952094,3.1753996044776103,-0.000155472010374
2022-05-20,AAPL,3.1753996044776103,3.182678535261031,3.187255982428098,3.1734795480800453,43152075,-0.0191227556945353,3.313468536376424,3.829740432578764,0.0384743217524423,30.46557173755244,3.0706025746664936,0.8498378425836562
2022-05-23,AAPL,3.0706025746664936,3.075108201887016,3.084688410412132,3.0581583548109346,95236687,-0.0330027848033183,3.2750657413171496,3.7909750072736967,0.0382391604402334,28.510309357927525,3.162110341082242,-0.4251576647162437
2022-05-24,AAPL,3.162110341082242,3.1519734178152703,3.163657468059096,3.129917761965296,82395636,0.0298012406980696,3.2328712688189105,3.7572573241750846,0.0371533080381631,32.57926414479975,3.24156451350663,0.8498453259468078
2022-05-25,AAPL,3.24156451350663,3.2436437473602173,3.249629649418321,3.2253513314789664,150275338,0.0251269449367774,3.2326355216432083,3.730855670867241,0.0318692450420453,35.98614439921853,3.063464026952545,-0.8501571372151374
2022-05-26,AAPL,3.063464026952545,3.0635317228094334,3.072735826531161,3.0496755614051696,159782978,-0.0549427555157374,3.18837758630135,3.7008505136078953,0.0323599918286331,32.07372131205821,3.0230563059910467,0.2831781571110089
2022-05-27,AAPL,3.0230563059910467,3.015318562024899,3.034009037603113,3.0023293078198705,98130063,-0.0131902057951353,3.139071882759688,3.6648453660972615,0.0319540247726002,31.243760236134747,2.9386018951259008,-0.0001568734645843
2022-05-30,AAPL,2.9386018951259008,2.941757975020648,2.947383468969773,2.9242049815194795,109617421,-0.0279367640945937,3.09639989454321,3.623293665579319,0.0308350808784117,29.5241559160544,3.068742932548856,-0.0001622334122657
2022-05-31,AAPL,3.068742932548856,3.0700897075810354,3.0838751664689235,3.047516194363685,85464866,0.04428671935413,3.0811632271248164,3.586600758834388,0.0374516833780279,35.42241246951349,2.934056591766673,-0.0001549512147903
2022-06-01,AAPL,2.934056591766673,2.9334176691330045,2.9525547578275133,2.9263347283291687,133226171,-0.0438897436972065,3.061656658139128,3.542661314480061,0.0390365025613974,32.40019972202826,3.0994003116162387,-0.8501571372151374
2022-06-02,AAPL,3.0994003116162387,3.098762664529328,3.1118281744011487,3.088256449106642,75347814,0.0563532824532222,3.052698082501127,3.5091679615452605,0.0440436416794176,39.2523263735508,3.0970760804973887,0.4248438976705074
2022-06-03,AAPL,3.0970760804973887,3.0962397746376533,3.1040150934154576,3.080856312799661,129322606,-0.0007498970398044,3.032056877785521,3.475404019799913,0.0424414572308405,39.19218743435229,2.97993882279964,0.2831748699148496
2022-06-06,AAPL,2.97993882279964,2.9766516556701976,2.981420654874329,2.969139426327956,148434572,-0.0378218857571418,3.0201247057636778,3.437065508575805,0.0395254852756832,36.18334465466692,2.913820112152795,-0.0001584582030773
2022-06-07,AAPL,2.913820112152795,2.9150424663480528,2.9189996906609674,2.908643386952244,60602850,-0.0221879422963209,3.004519535215356,3.398379382685891,0.0400444461186664,34.57004889461062,2.837957694058146,-0.2834932019313176
2022-06-08,AAPL,2.837957694058146,2.8324754901782723,2.848936714456844,2.81357445987568,67141516,-0.0260353814493373,2.990141792205677,3.355355923127844,0.0398655295619275,32.76494692039287,2.721314763977856,0.4248401559889316
2022-06-09,AAPL,2.721314763977856,2.7430048086604977,2.7578000187405696,2.717100901792913,85384052,-0.0411010108869861,2.9405091966955337,3.311486787683213,0.0353293377939185,30.1575108863819,2.7310827686876755,-0.850154758989811
2022-06-10,AAPL,2.7310827686876755,2.7195357514615885,2.7319777757105226,2.715341944753905,139325774,0.0035894431761878,2.911512936255677,3.2658685139718107,0.0337130209555342,30.655190984326826,2.6247429279165457,0.8498403370380401
2022-06-13,AAPL,2.6247429279165457,2.6201385822662893,2.62834687888634,2.6081217866956563,116914823,-0.0389368795374251,2.8437047385842926,3.214444642588117,0.0183145592999337,28.29164732291433,2.443596372158308,-0.0001561403274535
2022-06-14,AAPL,2.443596372158308,2.439888883442332,2.450511772583823,2.438212091688876,63302493,-0.0690149705068553,2.750350494535852,3.168145070800513,0.0220807551833454,24.785882716150525,2.412993759784825,-0.4251574970781803
2022-06-15,AAPL,2.412993759784825,2.427764853411766,2.4329329838086906,2.4124434861384807,84162905,-0.0125235954358752,2.6693583426765928,3.115951869021217,0.0232150755184918,24.23942085184595,2.272075397589948,-0.8501558005809784
2022-06-16,AAPL,2.272075397589948,2.263077061210788,2.2902045752149025,2.261866183184403,117207622,-0.0583998038218894,2.577680526310472,3.071147426064227,0.0252686873750969,21.85045608568292,2.21485656304988,-0.0001576535403728
2022-06-17,AAPL,2.21485656304988,2.217686633441011,2.2211468357528066,2.212763438936709,155768990,-0.0251835104595391,2.488666079023577,3.0268668852118723,0.0253189894690542,20.947681007956547,2.1479848352265534,0.2831773643692334
2022-06-20,AAPL,2.1479848352265534,2.149585475281194,2.150418938894681,2.1422631786684585,94127876,-0.0301923514772637,2.4067618034876763,2.9761999513666515,0.0251810418621487,19.912235393931056,2.0860163538822643,-0.2834879000981649
2022-06-21,AAPL,2.0860163538822643,2.088104053471996,2.0952708683912817,2.069180920755744,48943648,-0.0288495897773659,2.314609458515475,2.924708378040364,0.0197305020350617,18.976156226603933,2.2334324112922994,0.8498453259468078
2022-06-22,AAPL,2.2334324112922994,2.2417162779648643,2.244014645886463,2.227586192115659,52553040,0.0706686968851804,2.2587079561405825,2.8837589370321908,0.0453445561293674,27.685341405156866,2.238735574564797,0.849844615161419
2022-06-23,AAPL,2.238735574564797,2.246901335885596,2.249490244709977,2.2299915180880827,43452033,0.0023744453808787,2.229442127912938,2.8470693848483037,0.0407883086346178,27.98523082581397,2.258355722418857,0.2831791852911313
2022-06-24,AAPL,2.258355722418857,2.2553004596296504,2.265409047899021,2.2449095909144354,55111960,0.0087639416092604,2.2073509797178,2.8070988539766017,0.0415064762877351,29.15578404636489,2.1299989185052985,-0.8501558005809784
2022-06-27,AAPL,2.1299989185052985,2.131238689378079,2.1376012995079887,2.123724496901999,89507507,-0.0568363976672724,2.187054339848564,2.7699916598022267,0.041197455412374,26.16001157807617,2.083984509575021,0.8498448565602302
2022-06-28,AAPL,2.083984509575021,2.0723302302972035,2.085353554619481,2.0658744944228107,73781097,-0.0216030198562577,2.1683583322092987,2.7270154909765423,0.0409769230023868,25.161882148543413,2.099979421994803,-0.0001612342894077
2022-06-29,AAPL,2.099979421994803,2.1006037018310817,2.110310374045468,2.0937742595972773,76123238,0.0076751589785299,2.161500416033334,2.68474159735028,0.0400405743787731,26.215747946600946,2.0312401861674974,0.8498378425836562
2022-06-30,AAPL,2.0312401861674974,2.026401836467884,2.040447973924624,2.020127185167687,131998202,-0.0327332901967244,2.153675249216939,2.6445394098011548,0.0404902074721728,24.611719981626408,2.0938046132486874,-0.8501530960202217
2022-07-01,AAPL,2.0938046132486874,2.092633868098773,2.0949951182206275,2.0866366439131814,97256893,0.0308010975300934,2.1337284209249945,2.608486243426857,0.0297692599003243,28.87718213820456,2.0132927131470097,-0.2834927563865979
2022-07-04,AAPL,2.0132927131470097,2.0031132724638745,2.026245946623602,2.00294635131511,127472800,-0.0384524418335088,2.1015222978653108,2.573242581376207,0.0311823187481098,26.777517842572067,1.995036757598676,0.2831753437717755
2022-07-05,AAPL,1.995036757598676,1.9974599628810883,2.003128331026568,1.9773921445580425,105032937,-0.009067710536635,2.063905302890999,2.534340128593422,0.0296434034748582,26.310373344043853,1.958151113090748,0.8498378425836562
2022-07-06,AAPL,1.958151113090748,1.948184699451719,1.9736301277212225,1.9324486189999064,64614430,-0.018488704214315,2.039355616403206,2.4915596819128925,0.0241209370816437,25.348173926367096,1.9693243652114496,-0.0001584582030773
2022-07-07,AAPL,1.9693243652114496,1.9702004266788715,1.9862661155653905,1.9544494099569647,153791659,0.0057060213821116,2.022975595779839,2.455088359854856,0.0244575628985421,26.22827975111784,1.9308269063828665,0.2831741293271382
2022-07-08,AAPL,1.9308269063828665,1.923722396383356,1.9380132102996728,1.923627335228684,97144263,-0.0195485616837171,1.9988109506924197,2.4186807132012498,0.0237417310148547,25.129003429708803,1.915324658526068,-0.0001530736684799
2022-07-11,AAPL,1.915324658526068,1.910442643249593,1.9194011321008853,1.8970506580266069,140328100,-0.0080288128394896,1.9822515896007864,2.384571471981256,0.0218521092787585,24.68042640979843,1.90227049763462,0.4248456500470638
2022-07-12,AAPL,1.90227049763462,1.908860336068649,1.9238637420104605,1.8919711305659288,51638435,-0.0068156387134353,1.954889573084491,2.3456890574841145,0.0138276423881675,24.287257470621768,1.861456303747962,-0.5668232510487239
2022-07-13,AAPL,1.861456303747962,1.8647394544474845,1.870289760408268,1.860009528065928,141941522,-0.0214555153630404,1.933198657456056,2.3099357145501576,0.0095530827496151,23.050853211033967,1.8895384527378256,-0.0001575306057929
2022-07-14,AAPL,1.8895384527378256,1.896052843293732,1.8982711681843143,1.8768855890953344,125913554,0.0150861177527088,1.9181274710473628,2.2696069859208765,0.0138190662114298,25.84795920027169,1.9037503131684896,-0.8501571372151374
2022-07-15,AAPL,1.9037503131684896,1.91265830621936,1.9190548186803056,1.8947492016954544,69998046,0.007521339621362,1.9103559282013256,2.2298294603432467,0.0139152737859578,27.288460753326632,1.89958486222687,0.8498448565602302
2022-07-18,AAPL,1.89958486222687,1.895180644099793,1.9074475791794108,1.892846320698604,135196244,-0.0021880237722387,1.900393142060672,2.1938176616574885,0.0133105964270358,27.122153737924663,1.877101740090124,0.849842357635498
2022-07-19,AAPL,1.877101740090124,1.8855429070378644,1.9003847006298065,1.8602690307198744,129109840,-0.0118358082251662,1.8927181183045652,2.1592603825887324,0.0121829592887858,26.19422141338086,1.920714566443633,-0.850154758989811
2022-07-20,AAPL,1.920714566443633,1.912270112260548,1.9316433736357683,1.9103789329771013,147221439,0.0232341302669161,1.893488105149932,2.1286856116682484,0.0156729877545956,31.117382729584577,1.9086271070148604,-0.0001530736684799
2022-07-21,AAPL,1.9086271070148604,1.912899188984056,1.9240342323923856,1.902848483564873,65165390,-0.0062932096418436,1.8943961922042525,2.1015960231028155,0.015633502764245,30.509946587999806,1.893053556950995,-0.8501530960202217
2022-07-22,AAPL,1.893053556950995,1.8902518128047905,1.9030012437389865,1.888099322636695,146289515,-0.0081595561577362,1.898910085518971,2.073661716044926,0.0131146572155202,29.705365636510905,1.89930476401756,-0.0001622334122657
2022-07-25,AAPL,1.89930476401756,1.8940039935389168,1.9091109851426968,1.891710531106479,131449960,0.0033021818340064,1.9003052728446477,2.04948044391496,0.0119297015534297,30.49766379560505,1.989586826070321,-0.8501545518636703
2022-07-26,AAPL,1.989586826070321,1.99325444952934,2.0025558042144693,1.971589393764696,80547076,0.0475342682033761,1.9125676318306235,2.034346792378693,0.0214643871020605,40.86431264919136,1.916403681307407,-0.8501571372151374
2022-07-27,AAPL,1.916403681307407,1.9218364070518807,1.934491917796889,1.909071918976823,82049089,-0.0367830867213067,1.9149703202707,2.01779378976278,0.0270561706404612,36.15649541146794,1.9603792006085416,-0.0001530736684799
2022-07-28,AAPL,1.9603792006085416,1.965762019933011,1.981648147755024,1.9560866267279031,97209093,0.022946897738755,1.92686710034476,2.007403916530066,0.0273756334307703,40.58593948866239,1.8563290221902708,-0.8501571372151374
2022-07-29,AAPL,1.8563290221902708,1.8575255741326504,1.871728560338888,1.84333832793012,147590724,-0.0530765570181378,1.917669165451422,1.9954529985014124,0.0340101067379471,34.48878815300823,1.869308774996026,0.8498378425836562
2022-08-01,AAPL,1.869308774996026,1.8700487818199247,1.884171143785929,1.8533662857659223,140522867,0.006992161761518,1.912052260877303,1.986163796493728,0.0342541442602704,35.78476640475941,1.9594815905657623,0.8498448565602302
2022-08-02,AAPL,1.9594815905657623,1.962578746691852,1.9698973528774752,1.947854076404929,57520836,0.048238587854448,1.921541979965127,1.981945971049845,0.0389955746527794,44.06362210802199,1.98970437769188,0.8498443737626076
2022-08-03,AAPL,1.98970437769188,1.991517579824406,1.996533731056923,1.9716873106458392,47121288,0.0154238688802335,1.9344562104900296,1.9738217032631644,0.0391457202262921,46.55085566584684,2.000780891652059,-0.5668225879470506
2022-08-04,AAPL,2.000780891652059,2.004030294910343,2.0187536949123435,1.98555054082068,113686429,0.005566914404153,1.936055362715992,1.9658898804994065,0.0349500485636875,47.47270622762891,1.9686787620184607,0.8498443737626076
2022-08-05,AAPL,1.9686787620184607,1.9698835902381164,1.9700766542340016,1.957274055731168,77709157,-0.0160448001915349,1.943523231389,1.9562339818193928,0.0319292952050815,45.047726705108666,1.9712643973627149,-0.0001602351665496
2022-08-08,AAPL,1.9712643973627149,1.9762484466064825,1.9790349508009808,1.9670686319059427,131300880,0.0013133861116088,1.945078259496739,1.9509428311146404,0.0308515447427199,45.29013520400673,1.957848327402025,-0.0001612342894077
2022-08-09,AAPL,1.957848327402025,1.9482908491548545,1.964191341702716,1.9337493153105183,131236005,-0.006805819644812,1.9595810173841328,1.9467382917088736,0.0205061846218726,44.20062008070804,1.915642792860844,-0.8501530960202217
2022-08-10,AAPL,1.915642792860844,1.9148883736015148,1.9251765223151247,1.9128959919567352,63725581,-0.0215571012067037,1.9662001627933925,1.9405937374044084,0.0233397331300641,40.86973079924155,1.900717270948984,-0.8501552797853946
2022-08-11,AAPL,1.900717270948984,1.8928263681554005,1.908422138118102,1.8905075446475152,123303975,-0.0077913909458924,1.957805259990996,1.9362429735637912,0.0127286286024465,39.72950772968913,1.912060617107376,-0.0001612342894077
2022-08-12,AAPL,1.912060617107376,1.9136478301989848,1.916245285599296,1.9056513665237875,131740391,0.0059679292295422,1.946713294193209,1.930184840359081,0.0106167143736175,41.075008399205615,1.8728603232606464,-0.0001584582030773
2022-08-15,AAPL,1.8728603232606464,1.8820856409004083,1.8836984489226656,1.8684948179824208,158446633,-0.020501595763231,1.92843892728015,1.9255037606962024,0.0106100620389289,37.92415690330249,1.8322689909316905,0.5665118912855784
2022-08-16,AAPL,1.8322689909316905,1.8296630383965884,1.8356135471902728,1.8204003974087803,126720899,-0.02167344346229,1.9089518171248971,1.9200781684739692,0.0113872054237289,34.935691167323554,1.7648509139735042,-0.0001557134091854
2022-08-17,AAPL,1.7648509139735042,1.7655246565594294,1.7693202202247658,1.7549970439410405,83144028,-0.0367948577920891,1.8794641766407243,1.9136348285033944,0.0138390070079212,30.619870127330955,1.7853907572062029,-0.8501571372151374
2022-08-18,AAPL,1.7853907572062029,1.7894426303725135,1.789637287038115,1.7785895160486445,159965470,0.0116382880106591,1.854827380898464,1.907503708236553,0.0171506421042475,33.32245377552573,1.813877003363024,-0.4251530848443508
2022-08-19,AAPL,1.813877003363024,1.8026252181372504,1.822487429297108,1.795738047028037,73101677,0.0159551885444932,1.840289410970204,1.903605378135892,0.0196889845372235,36.98840985404222,1.8264842907094148,-0.8501549974083901
2022-08-22,AAPL,1.8264842907094148,1.8236234109284613,1.830858221404976,1.8161524677121488,136636874,0.0069504642944457,1.8296846995074083,1.9006440325420035,0.0204392168587687,38.597443817980654,1.876794307267312,-0.8501545518636703
2022-08-23,AAPL,1.876794307267312,1.878846670010012,1.8853800251874813,1.8636390930641165,85384913,0.027544729956783,1.8246466552445424,1.899794826196426,0.0238056127960048,44.66938758984822,1.8821831553121189,-0.0001530736684799
2022-08-24,AAPL,1.8821831553121189,1.8658251312911385,1.886720758510836,1.8644608929419424,152203237,0.002871304555827,1.8259784883947523,1.9004857212485649,0.022445722425063,45.293419815527,1.9033471427112936,0.4248456500470638
2022-08-25,AAPL,1.9033471427112936,1.8977695257484823,1.9098749367464087,1.8971498182461568,133870751,0.0112443825349533,1.8361325100775527,1.900946010914347,0.0202637126771634,47.784168879691336,1.919952725018439,-0.2834876661499341
2022-08-26,AAPL,1.919952725018439,1.926293510815993,1.9376475674329896,1.9114835511373025,111962408,0.0087244107680173,1.8582899116554008,1.9014860913093448,0.0079311735697727,49.718539088209305,1.9159853666428424,0.8498443737626076
2022-08-29,AAPL,1.9159853666428424,1.9217505487949973,1.9240149087180367,1.907878010606376,65715994,-0.0020663833665792,1.8769462844320637,1.9020327747898775,0.0095913064002102,49.24911236024396,1.8900163088557385,-0.2834899668892224
2022-08-30,AAPL,1.8900163088557385,1.892138711519033,1.8982552460906204,1.882703654914344,62612580,-0.0135538915062835,1.88782332807388,1.902463260415398,0.0126306708726695,46.175822399616656,2.004747428125851,-0.0001575306057929
2022-08-31,AAPL,2.004747428125851,2.010053178475175,2.0211521232252463,1.999390764013417,153729758,0.0607037720957939,1.9132894905619424,1.9052643558048052,0.0242913055618777,58.49792152380335,1.980215381277448,-0.5668237100044886
2022-09-01,AAPL,1.980215381277448,1.981493239418186,1.982038172426323,1.979577111228347,136200348,-0.0122369763413722,1.9280639297062472,1.9076506316135584,0.0251345227193581,55.5685554932473,1.944516687774173,-0.0001551002264023
2022-09-02,AAPL,1.944516687774173,1.9477566117716525,1.957697542273649,1.936365439987005,101505919,-0.0180276821606372,1.9369687200579693,1.9093660693076644,0.0270102927746291,51.52507753812472,1.96903179801471,0.2831753437717755
2022-09-05,AAPL,1.96903179801471,1.9671672014451047,1.982117574092616,1.961433072063745,145288713,0.0126073025727533,1.946352242244172,1.911690303774236,0.0270679132513345,54.00047819021569,1.9836253770318808,-0.0001568734645843
2022-09-06,AAPL,1.9836253770318808,1.98431456396236,1.995609763141046,1.975348413124954,133977399,0.0074115507082641,1.955448335388949,1.911491588806288,0.0270436722559843,55.45863602884819,1.909637182001636,-0.8501571372151374
2022-09-07,AAPL,1.909637182001636,1.906014387993546,1.925137431349992,1.891536085037382,86525675,-0.0372994799758785,1.9545414518687765,1.911266038829429,0.031486772008913,47.27625678232646,1.971754756103788,-0.56682065675656
2022-09-08,AAPL,1.971754756103788,1.979228593983236,1.9859493527620995,1.959754418495441,139271418,0.0325284691184331,1.966218372904212,1.911645224012604,0.0329765854079247,53.48167714706143,1.967230840626176,-0.8501530960202217
2022-09-09,AAPL,1.967230840626176,1.9762106164148288,1.9821511035001853,1.964089877912976,135524739,-0.0022943601193846,1.9608588604042585,1.9153419512938008,0.0227318488017171,52.99250234612305,1.907678627914513,-0.0001602351665496
2022-09-12,AAPL,1.907678627914513,1.9155759183893395,1.9175455874141816,1.895495909997604,97457814,-0.0302721020237296,1.9504964670666969,1.916620946391084,0.0249379533180381,46.90987216795339,1.974212223394564,0.8498378425836562
2022-09-13,AAPL,1.974212223394564,1.971795143477228,1.9747248051414843,1.9698826604318365,42338321,0.0348767315974944,1.954738686441038,1.9171119674853767,0.0281579985265324,53.35211011828944,2.011195109240268,0.8498443737626076
2022-09-14,AAPL,2.011195109240268,2.0054404321903934,2.015787906502452,2.001795114153639,128964565,0.0187329839251595,1.960762016616118,1.9178283252036563,0.0286156344603385,56.511084171034106,1.9396978093923445,-0.5668235982457798
2022-09-15,AAPL,1.9396978093923445,1.947128638429571,1.9560167227527767,1.9264222640412936,80756145,-0.0355496587672846,1.9544866498104696,1.915792222461666,0.0320130642456052,49.52812546705425,2.044972614489569,-0.0001552373170852
2022-09-16,AAPL,2.044972614489569,2.048309440491938,2.0565458070517737,2.042930235928212,83763318,0.0542738175954347,1.973820283023032,1.9183353508773695,0.0341804806001024,57.7973541532176,2.087417929393536,-0.283489013214906
2022-09-19,AAPL,2.087417929393536,2.0894756079309795,2.093825272571144,2.0818164237778207,125636075,0.0207559331617561,1.990343593492996,1.9222071352783967,0.0331811019076563,60.60020222688547,2.087605171459419,-0.5668212110797565
2022-09-20,AAPL,2.087605171459419,2.0836368506074168,2.096697402913148,2.070312281084761,137311361,8.97003246194128e-05,2.0075399264691733,1.9265323634136435,0.033062110861129,60.61262948201413,2.1892265750738185,-0.8501544483006
2022-09-21,AAPL,2.1892265750738185,2.1920221986658333,2.195447207014779,2.175271527095792,50544430,0.0486784594154636,2.0477610617776456,1.9356518228207429,0.0308283797502018,66.74352463770073,2.200769706918836,-0.2834911887844403
2022-09-22,AAPL,2.200769706918836,2.193604365686973,2.2053298026798576,2.1806114789236952,138868361,0.0052726985760387,2.080126416566828,1.945653570686404,0.0305189167110508,67.36492944283029,2.199805115633306,0.283176672955354
2022-09-23,AAPL,2.199805115633306,2.203989556476906,2.207388851158668,2.18448847971691,75146855,-0.0004382972386877,2.1070707031944043,1.955245053970602,0.0310914231840105,67.25184393682513,2.1587869836452818,0.2831764375170071
2022-09-26,AAPL,2.1587869836452818,2.167717151622376,2.1780482646798904,2.154151613937542,107944698,-0.0186462572054777,2.138369156659109,1.9647759426500897,0.0270604252376531,62.45087555837225,2.1964755347297213,0.8498448565602302
2022-09-27,AAPL,2.1964755347297213,2.207223189629393,2.214315877507296,2.187792812183688,144223050,0.0174582074887257,2.160012430979131,1.976916160776691,0.0212760810130052,64.92829624566932,2.227859677282332,-0.4251586861908435
2022-09-28,AAPL,2.227859677282332,2.23259515379394,2.242459171825309,2.222785019735833,66177737,0.0142884097985058,2.180075537820388,1.9923497862203183,0.0208910391418745,66.88749072178678,2.2296901719501765,-0.0001561269164085
2022-09-29,AAPL,2.2296901719501765,2.220445732350336,2.2306218588571483,2.209100688775981,66513450,0.0008216382236772,2.200373395033353,2.0071597667117844,0.020837683622448,67.00327096505183,2.181764037798836,-0.0001622334122657
2022-09-30,AAPL,2.181764037798836,2.183055621148652,2.190812290446945,2.1754097669147927,153637584,-0.0214945263491126,2.1993073182797844,2.019422667859645,0.0149791117331385,60.99026670514999,2.190636528496459,-0.8501530960202217
2022-10-03,AAPL,2.190636528496459,2.2046983234601285,2.221265027616224,2.19061395823267,82859423,0.0040666591546603,2.1978597213623017,2.0315610757858797,0.0149098837188813,61.67595181949212,2.1872921445173312,0.8498443737626076
2022-10-04,AAPL,2.1872921445173312,2.181592422592098,2.188137401653408,2.1801115821339354,114378465,-0.0015266722414344,2.19607215406002,2.041911003694213,0.0149140353417112,61.238998458068856,2.110634416780892,0.4248456500470638
2022-10-05,AAPL,2.110634416780892,2.110259684787021,2.119433778341746,2.0940437149171407,101228369,-0.0350468628201264,2.1891932159365357,2.0495260457431725,0.0189436126931456,52.12355603722671,2.0267959930963,0.849845091253519
2022-10-06,AAPL,2.0267959930963,2.035390769573423,2.036189752550018,2.025134564389316,158065720,-0.039721906843754,2.1649532814174752,2.053641007422673,0.0208525209636675,44.348546825404725,2.060720055443114,-0.000154361128807
2022-10-07,AAPL,2.060720055443114,2.064535276193448,2.06650044029884,2.052687752231269,106031574,0.0167377784751727,2.1410761925833013,2.0583332517701622,0.0213663224158506,47.74513605704431,1.914003864779071,-0.0001530736684799
2022-10-10,AAPL,1.914003864779071,1.928244951150033,1.935026556565237,1.90142703725996,100335555,-0.0711965656259383,2.095978148701715,2.0582672017080363,0.0302744449595778,37.177050439794165,1.92680398885672,-0.850154758989811
2022-10-11,AAPL,1.92680398885672,1.9225677019039729,1.929412667055804,1.910293859371912,95957454,0.0066876166308715,2.0595552845671268,2.059493457708069,0.0320459775636845,38.45692440353358,1.900215849742224,0.4248456500470638
2022-10-12,AAPL,1.900215849742224,1.894573600847908,1.909022479662366,1.8875548743240185,85058124,-0.0137990886817046,2.0180666161736647,2.056009071761948,0.0307609266851022,36.7807178696567,1.976071366389768,-0.0001602351665496
2022-10-13,AAPL,1.976071366389768,1.9833282440576376,1.996940693999568,1.972993966435505,92808890,0.0399194210793654,1.9878922192982984,2.055870937932359,0.0379820354078669,44.2470111703464,1.9476272667611272,-0.0001549616456031
2022-10-14,AAPL,1.9476272667611272,1.940639889288652,1.951134334664537,1.9244957795452249,95260361,-0.0143942673895465,1.9646054835811888,2.0559746238985905,0.036839147643381,42.232843975487945,1.987212769551268,-0.8501539275050163
2022-10-17,AAPL,1.987212769551268,1.9860397099712164,1.9885965609594591,1.978727418383768,131637157,0.0203249890087906,1.9589507373604704,2.056580656283143,0.0359694323679201,45.92226906304142,1.9646302368321484,-0.4251551054418087
2022-10-18,AAPL,1.9646302368321484,1.9642433232712244,1.9765103717922536,1.9584071645318395,45508842,-0.0113639229100862,1.9452236204160465,2.055947484943152,0.0350541321773671,44.1884351329522,1.9720087579561407,-0.425156144797802
2022-10-19,AAPL,1.9720087579561407,1.978137698900144,1.986184735890705,1.955538478197692,100117165,0.0037556793057864,1.9535100337270568,2.0580265374749684,0.0202229237557558,44.92017725068391,2.015122652604582,-0.2834884588917096
2022-10-20,AAPL,2.015122652604582,2.018836128495993,2.033958827815174,2.0114385286533625,105894621,0.0218629326439327,1.9661269856910368,2.059472134024995,0.02128845316393,49.11805843953295,1.9892038502273728,0.8498443737626076
2022-10-21,AAPL,1.9892038502273728,1.9919314360886269,1.997624334539953,1.9809788447128696,130383629,-0.012862146303456,1.978839557188916,2.060204567678368,0.0211411448462747,46.80842025703104,2.0475591782993536,0.8498448565602302
2022-10-24,AAPL,2.0475591782993536,2.0450871751863176,2.0555094598257155,2.0437107290969685,119947892,0.0293360220800449,1.989052101747428,2.064867252691196,0.0185992052810162,52.252265801909175,1.9903261313250016,-0.8501571372151374
2022-10-25,AAPL,1.9903261313250016,1.9975808940715325,2.009888979856214,1.988661434693176,91830049,-0.0279518402109815,1.9951519395422668,2.065404382955544,0.02146872893643,47.1549532869754,2.008341846328701,0.8498448565602302
2022-10-26,AAPL,2.008341846328701,2.0325975390015976,2.0347333705107915,2.003383458029499,53142396,0.0090516396886706,1.9981703790819,2.065309274191825,0.0203736720397427,48.84656338260249,2.0632415364545493,-0.8501539275050163
2022-10-27,AAPL,2.0632415364545493,2.0675203822742647,2.0787025257029166,2.0534708065848,84647737,0.0273358294187846,2.012257707599386,2.069427398427232,0.0214627112604382,53.70942216460844,2.1039975309556667,0.5665093163649241
2022-10-28,AAPL,2.1039975309556667,2.104626661191417,2.112621681733829,2.0997071237006315,70671708,0.019753380193747,2.0311132465993182,2.071394895642769,0.0218802245045089,56.97908359417178,2.225051912970537,0.4248410701751709
2022-10-31,AAPL,2.225051912970537,2.2163884755113976,2.239553165839772,2.2040875042055648,64494164,0.0575354201864892,2.061103140937312,2.0759826950953357,0.0284164630053511,64.9076748658648,2.175179584214303,0.2831711252530415
2022-11-01,AAPL,2.175179584214303,2.171019674312693,2.1781919449052496,2.156809840186078,126542093,-0.0224140068218239,2.0876711029354444,2.078901842187165,0.0301324874747982,60.00150758854869,2.087269851405544,0.4248423844575881
2022-11-02,AAPL,2.087269851405544,2.085931638620779,2.0950905311575307,2.0701208352511373,97375984,-0.0404149310000595,2.093344056236329,2.0755032847315555,0.0350520419245608,52.47246487999892,2.025089788559303,-0.2834908415873845
2022-11-03,AAPL,2.025089788559303,2.021841948096724,2.027056935633309,2.0211591497891988,135230821,-0.0297901408408546,2.0983102929840864,2.0696472874529044,0.0353307316294701,47.89459943508328,2.067808804701354,-0.8501558005809784
2022-11-04,AAPL,2.067808804701354,2.0677090670379683,2.079745874598177,2.05808896395514,56609276,0.0210948750931394,2.1068055727516084,2.065247410421839,0.0359616671516694,51.05399207989443,2.100643051301165,0.283176136513551
2022-11-07,AAPL,2.100643051301165,2.111847982651706,2.112993127053426,2.097955312480696,158304045,0.0158787633194903,2.1121486463011245,2.0633092793437022,0.0350093726370269,53.39315805013479,2.108050857093669,-0.8501558005809784
2022-11-08,AAPL,2.108050857093669,2.1159381309609664,2.1167963628342847,2.098899362601933,96802326,0.0035264467173115,2.112727692892268,2.060361790089167,0.0342512895774019,53.9281248928304,2.0394729678152705,0.8498411081731319
2022-11-09,AAPL,2.0394729678152705,2.0385011627203453,2.056810043133281,2.031326976075445,70386842,-0.0325314206949188,2.0862164150129443,2.054082233106932,0.0250579145977777,48.39058039346131,2.088067024811775,-0.0001576267182827
2022-11-10,AAPL,2.088067024811775,2.0804981162841805,2.091892001816168,2.071496674100349,83547335,0.0238267718000495,2.073771763669726,2.049361461535652,0.0278257526819561,52.14075493364869,2.013113982598924,0.8498378425836562
2022-11-11,AAPL,2.013113982598924,2.02119080310433,2.03095226658195,2.009617889606129,140972736,-0.035895898609676,2.063178068125923,2.043739793028988,0.0269179595133383,46.52509772764216,2.086704769269579,-0.0001530736684799
2022-11-14,AAPL,2.086704769269579,2.086397683910424,2.092451389646011,2.0735043540957627,125196931,0.0365556979419763,2.071980208227391,2.0402754010547586,0.028313513288381,51.99216321217989,2.280880559756405,-0.0001602351665496
2022-11-15,AAPL,2.280880559756405,2.269066735984903,2.2931475456979,2.2666934648268096,60652355,0.0930537914833034,2.1024190303781123,2.043395014896061,0.0440017962633882,62.79932043295151,2.309615767192243,-0.283487827082475
2022-11-16,AAPL,2.309615767192243,2.314552086696325,2.31830110712718,2.306309373407998,158815178,0.0125982955630552,2.132272275505409,2.0500277265764395,0.0440073061195216,64.08770762426474,2.3547200977836296,-0.8501551166176795
2022-11-17,AAPL,2.3547200977836296,2.36196571293181,2.3713947147355445,2.3420939303648933,55705407,0.0195289325748841,2.167510738461118,2.0609585300660167,0.0437603726673024,66.0738859196193,2.3186319795086088,-0.0001575306057929
2022-11-18,AAPL,2.3186319795086088,2.301757613087488,2.326659476889421,2.296690186806553,73044621,-0.0153258632773333,2.207390597274452,2.0695555942015336,0.0409232885540503,63.0683808546255,2.190035242922704,-0.4251574970781803
2022-11-21,AAPL,2.190035242922704,2.184617831744744,2.1963920301439903,2.171208981767627,127504429,-0.0554623319795487,2.2219574855760134,2.0787566401396544,0.0495007089415525,53.695448498328965,2.1481486733317072,0.8498378425836562
2022-11-22,AAPL,2.1481486733317072,2.1474368584181427,2.153296812838142,2.1334230014798536,103566542,-0.0191259796966085,2.2412481556806965,2.0861347962888206,0.0473906697883608,51.03496160634688,2.074297157793465,-0.2834879000981649
2022-11-23,AAPL,2.074297157793465,2.0788679394805523,2.081746252952211,2.061535585763325,93504684,-0.0343791453799615,2.239475639755537,2.0919375065571955,0.0484039820768612,46.6465026731042,1.97960139858494,-0.0001553021371364
2022-11-24,AAPL,1.97960139858494,1.976538480604228,1.9904660462433603,1.9652984760150776,151153565,-0.0456519736589995,2.1964357595881854,2.092055174297035,0.0281941994450699,41.69554001501383,2.0966137313841537,-0.0001547165215015
2022-11-25,AAPL,2.0966137313841537,2.0913796909697377,2.0992168726195386,2.0790984204246072,135270819,0.0591090372450011,2.1660068973298867,2.0970213897844685,0.0400562882280359,48.91128727968028,2.1169444088920426,-0.0001575306057929
2022-11-28,AAPL,2.1169444088920426,2.121562539524329,2.1271364643670605,2.099553974375835,155459658,0.0096969113592835,2.132038941773946,2.101345777762494,0.0388788343557782,50.06757806582559,2.1446278060600497,-0.0001541197299957
2022-11-29,AAPL,2.1446278060600497,2.141614674508021,2.150532071519792,2.1402036490883862,73907775,0.0130770543863718,2.107181202709866,2.107345696736758,0.0402306292007544,51.67155150914913,2.1239920800511176,-0.0001575306057929
2022-11-30,AAPL,2.1239920800511176,2.1274460394052785,2.134229737807531,2.1154588505895138,142077881,-0.0096220546756979,2.0977464651567823,2.112411807473257,0.0350713316552328,50.37259701594889,2.1131336302481363,0.4248378045856952
2022-12-01,AAPL,2.1131336302481363,2.106087286914914,2.123063716749368,2.095504095929135,65583265,-0.0051122835649745,2.092744316144844,2.1156788400613755,0.0344479249693657,49.66509695659791,2.178650401633966,0.424841546267271
2022-12-02,AAPL,2.178650401633966,2.1698116190074592,2.1848793106781974,2.166653951138158,136705899,0.0310045566678791,2.107651922407772,2.121993725108262,0.0329880120178125,53.874695920568485,2.177312182871744,-0.0001575306057929
2022-12-05,AAPL,2.177312182871744,2.18224555308612,2.1971089888101742,2.172814025822123,105855849,-0.0006142420836394,2.13589632016303,2.1263188252606757,0.0240837952023126,53.77576833223467,2.213775034744698,0.849845091253519
2022-12-06,AAPL,2.213775034744698,2.215452101564406,2.225505532289065,2.2098268673259325,111746157,0.0167467266108167,2.1526336492145366,2.133767122041332,0.0140886950072652,56.13906724539496,2.2015599029587185,-0.0001615673303604
2022-12-07,AAPL,2.2015599029587185,2.20765242762236,2.2188739030278954,2.193900365556839,53837256,-0.0055177836926812,2.164721576938347,2.140207723928999,0.0149116861284279,55.12233001178891,2.1801925189240943,0.8498443737626076
2022-12-08,AAPL,2.1801925189240943,2.176709053095373,2.189888663025604,2.17175278456162,145501899,-0.0097055655882486,2.1698022502046395,2.1441060900113174,0.0155097525409727,53.303722595728566,2.093094437722073,-0.0001585140824317
2022-12-09,AAPL,2.093094437722073,2.0881017462640017,2.096118189873281,2.0745507739582214,73449905,-0.0399497202407627,2.16538830130049,2.1437426535701976,0.022226768164719,46.56045327047568,1.9734571572907385,0.8498448565602302
2022-12-12,AAPL,1.9734571572907385,1.981513118573773,1.9936557360512883,1.965880002001575,111775233,-0.0571580900867217,2.145434519449433,2.135356161714204,0.0306120949998365,39.22084986219432,1.958200312324808,0.5665122131506602
2022-12-13,AAPL,1.958200312324808,1.9492535373428723,1.967892952112304,1.941156334816526,59948441,-0.0077310241621235,2.113941649548125,2.128123519317888,0.0251171110455665,38.38974934055668,1.9623751393885056,0.5665076444546381
2022-12-14,AAPL,1.9623751393885056,1.9697426455393583,1.978514368983464,1.9585106794082168,151112912,0.0021319714012,2.083236357621948,2.123960362250653,0.0253963673260761,38.77208470297262,1.88920481105844,-0.0001530736684799
2022-12-15,AAPL,1.88920481105844,1.896688922597643,1.898867890327692,1.8790851721009207,78405675,-0.0372866160304425,2.036869182809625,2.119430863000624,0.0223626367986387,34.7068310308927,1.887981123385823,-0.850154758989811
2022-12-16,AAPL,1.887981123385823,1.8928526216878925,1.8960641498631088,1.8756313384030323,131526810,-0.0006477263160956,1.992072214299212,2.1134366069567734,0.0230328975812879,34.64141497053053,1.8917468743714536,-0.8501571372151374
2022-12-19,AAPL,1.8917468743714536,1.8878434012100327,1.9029546707107008,1.8854598427808056,131859844,0.0019945914389638,1.9508656936488344,2.106473401059116,0.0244127866123074,35.04714148457613,1.7780849629958415,-0.2834897031386693
2022-12-20,AAPL,1.7780849629958415,1.7737294167278146,1.7837232610195368,1.771017638801824,106036469,-0.0600830443625693,1.905864340116516,2.095474537922522,0.028090454928276,29.162685683870507,1.7299780991167006,-0.283489013214906
2022-12-21,AAPL,1.7299780991167006,1.728887923456061,1.7390920992193757,1.724829392988933,54489080,-0.0270554359776413,1.8710816175202247,2.085158042299236,0.0239289446383084,27.089529862701653,1.7523290507854776,-0.0001602351665496
2022-12-22,AAPL,1.7523290507854776,1.7455210438425832,1.757223966885152,1.7332184027115634,73588593,0.0129197887997478,1.84167143730032,2.07396677649836,0.0265864066916068,29.5938435199256,1.7736014382994016,-0.4251596853137016
2022-12-23,AAPL,1.7736014382994016,1.7684844527212218,1.779196705395583,1.7649238953536217,113424270,0.0121394937237322,1.8147037657161624,2.065983025021709,0.0279237537774143,31.98819564322892,1.7144515807572454,0.2831742604573568
2022-12-26,AAPL,1.7144515807572454,1.7177676779329836,1.720078621331309,1.7142071675076296,104306602,-0.0333501407164348,1.7897390185302775,2.0535745854046312,0.0274116314434996,29.031732387092703,1.7233532358386483,0.8498443737626076
2022-12-27,AAPL,1.7233532358386483,1.7267104095302102,1.7284464520178944,1.7217690445683838,110171928,0.0051921297640096,1.7662207488806811,2.0349903412740398,0.0279494524765418,30.07908183378079,1.7768908321572758,0.8498448565602302
2022-12-28,AAPL,1.7768908321572758,1.7712958924964768,1.777752346482632,1.770929489250662,69927734,0.0310659446973877,1.7498127428500845,2.01723284343954,0.0323016077415649,36.17951013007376,1.8192772489387408,0.5665083895126978
2022-12-29,AAPL,1.8192772489387408,1.8229674087019403,1.8352596330352449,1.8132358227532552,104575675,0.0238542604950044,1.7556973551276414,1.999384748478044,0.0246034253402357,40.59831181362949,1.8148366009791408,-0.0001622334122657
2022-12-30,AAPL,1.8148366009791408,1.817310059780748,1.823755865907822,1.80558484823666,50238771,-0.0024408857760357,1.7678199982508471,1.9825915691937284,0.020996848843965,40.28362593386072,1.790945277105574,-0.0001590505242348
2023-01-02,AAPL,1.790945277105574,1.7990576480753786,1.809933715174878,1.785772900904682,98109712,-0.0131644489981505,1.773336602010861,1.9692885703331573,0.0220696068187863,38.55222638930456,1.7593483150839375,-0.0001575306057929
2023-01-03,AAPL,1.7593483150839375,1.7623522428040954,1.772798323173,1.7476547052353448,50968501,-0.0176426172399314,1.771300441551509,1.956328558391565,0.0229413093619832,36.32838102963628,1.7839645444908718,-0.8501558005809784
2023-01-04,AAPL,1.7839645444908718,1.7896299576928676,1.8002849009318849,1.7833057951549602,119663272,0.0139916747558654,1.781230864942027,1.946650804614812,0.0182980271510861,39.267629102400754,1.7946688895896157,0.8498378425836562
2023-01-05,AAPL,1.7946688895896157,1.7972374785207037,1.8032219943179992,1.789146804673648,108015558,0.0060003126922003,1.7914188154778794,1.9404863876483007,0.0182958327223709,40.55275401868808,1.827439837859116,-0.8501549974083901
2023-01-06,AAPL,1.827439837859116,1.832812122339131,1.8417798000190848,1.8187842438017008,142217278,0.0182601640110862,1.7986401020067135,1.9315139245308,0.0158418205689743,44.42963065170925,1.8349556111052976,-0.0001581490039825
2023-01-09,AAPL,1.8349556111052976,1.827870202559516,1.846661815645929,1.819486015350836,95446218,0.0041127336126076,1.8008798680305078,1.9221142979379084,0.0132964117923996,45.31052403396898,1.8775814539617184,-0.0001530736684799
2023-01-10,AAPL,1.8775814539617184,1.8768956985573364,1.8869908656492795,1.86577731275212,59444396,0.0232299040905652,1.80984341845659,1.913212752867964,0.0154565429527809,50.13813815745298,1.883271493191548,-0.8501558005809784
2023-01-11,AAPL,1.883271493191548,1.8830512477831625,1.8851011351160127,1.878306248098248,68227001,0.0030305152502563,1.823032877897444,1.9051887333059785,0.0133596038701773,50.76294790282604,1.924685996623735,-0.8501552797853946
2023-01-12,AAPL,1.924685996623735,1.9232785702951027,1.936792258724057,1.9139648282842665,137695758,0.0219907238982324,1.846652546688843,1.8989071455184985,0.0085779318461906,55.16650637322,1.971949266081962,-0.425159016996622
2023-01-13,AAPL,1.971949266081962,1.974575231826592,1.9763857889253904,1.9617732748230976,154987708,0.0245563533693993,1.8735075069161415,1.892017107666765,0.0096545822469475,59.606470972381935,1.9293181504719377,-0.0001575306057929
2023-01-16,AAPL,1.9293181504719377,1.932989911017064,1.93412520499814,1.926841076752834,47377077,-0.0216187689730615,1.8927431156136163,1.8837506399201047,0.0167336664717929,54.375659333315056,1.8353229071383776,-0.8501571372151374
2023-01-17,AAPL,1.8353229071383776,1.837482662335485,1.8487370766050064,1.8220721907828337,121169721,-0.0487194106946889,1.893869268367797,1.8711355689998936,0.0273468357937616,44.99910258751034,1.9202205893020496,0.2831765164931615
2023-01-18,AAPL,1.9202205893020496,1.9192012754504333,1.933858176532075,1.914112902049604,97854933,0.0462576268369274,1.906049979538761,1.861757591878005,0.0323443741160917,52.899345307784245,1.935782372151153,0.8498453259468078
2023-01-19,AAPL,1.935782372151153,1.9315097321934764,1.937853747079808,1.9302929568465323,70941587,0.0081041641443702,1.9143643964229664,1.8536105869855737,0.0315723944859959,54.19802795262734,1.841430852920876,-0.2834918548663457
2023-01-20,AAPL,1.841430852920876,1.847492029785915,1.848370082282851,1.8323635764252968,101375862,-0.0487407678609181,1.9083871620985844,1.8452218008255337,0.0375532999156029,45.92927666997935,1.8026430556187791,-0.8501558005809784
2023-01-23,AAPL,1.8026430556187791,1.804534385918352,1.8169202547873493,1.7927930446326512,152294929,-0.0210639445084629,1.8909524562407332,1.8395279974364684,0.0363622255748379,43.02330662450657,1.8460514387390248,-0.2834891741474469
2023-01-24,AAPL,1.8460514387390248,1.840410198002572,1.8480672500323765,1.8269366289875464,63710299,0.0240804095879898,1.8729670523346,1.835789701650276,0.0362899489873679,47.060197585327245,1.831206995966884,0.8498426750302315
2023-01-25,AAPL,1.831206995966884,1.830142950022983,1.8316281431675407,1.8194351526670944,140450971,-0.008041185884983,1.858951173119592,1.8314174302028885,0.0358517134319916,45.863479777031856,1.804210840309049,-0.0001557134091854
2023-01-26,AAPL,1.804210840309049,1.794774999779769,1.8135425629234043,1.7911703820487828,50760772,-0.0147422742034579,1.8545065921439736,1.8285842978445752,0.031246525781593,43.68767632888621,1.8811933241962224,0.2831756328543027
2023-01-27,AAPL,1.8811933241962224,1.881392941086972,1.892912811929458,1.8724776455726628,126476019,0.0426682304347458,1.848931268557427,1.8283580378715885,0.0303384636624983,50.84851631944274,1.823322305577485,-0.2834918548663457
2023-01-30,AAPL,1.823322305577485,1.8222371738545275,1.829931053753684,1.80940278235825,48989317,-0.0307629300372219,1.8328655447611888,1.826077218911789,0.0315976216318953,46.10240428045038,1.7801946243152689,-0.850154758989811
2023-01-31,AAPL,1.7801946243152689,1.7771266353846606,1.7877331397605098,1.7737225725975807,47281074,-0.0236533503321326,1.824117512103245,1.8261475409557704,0.0273559332422373,42.88955118568077,1.792424796263815,0.2831742857893308
2023-02-01,AAPL,1.792424796263815,1.8009456262809194,1.806145680783365,1.785125085088021,44468078,0.006870131940349,1.8226577607668213,1.828229097527341,0.0265632734796269,44.07969102428878,1.8142007425288424,-0.8501539975404739
2023-02-02,AAPL,1.8142007425288424,1.807908255542389,1.817677952438457,1.7946364403626334,136572307,0.0121488758191796,1.818107661308224,1.83029148725212,0.0250626851861776,46.22833785715483,1.8417209760159623,0.8498411081731319
2023-02-03,AAPL,1.8417209760159623,1.845623912165232,1.8550903179195124,1.840428931159512,108831162,0.0151693430842492,1.8196096584580923,1.8325621385093385,0.0256910768892581,48.90055309433089,1.89228077333722,-0.0001553021371364
2023-02-06,AAPL,1.89228077333722,1.9046943707667128,1.9149986051173244,1.8810184631041709,122844240,0.027452474060772,1.8321910774621168,1.8384897782620044,0.0262974815638227,53.475035089276936,1.904150123653565,0.8498413495719432
2023-02-07,AAPL,1.904150123653565,1.910303963089776,1.9159850994479977,1.8955172092596484,58656953,0.0062725101282998,1.8354706202417368,1.8445163411891683,0.0212041665441433,54.50470614464599,1.932071539082794,-0.0001588828861713
2023-02-08,AAPL,1.932071539082794,1.9318887335329888,1.9362600506563388,1.918228216355275,150576697,0.0146634527826279,1.8510062250282096,1.849689031420019,0.0157923371953912,56.92007022155509,1.9185130572766869,0.4248401559889316
2023-02-09,AAPL,1.9185130572766869,1.9119858807989416,1.921723327724003,1.904536919044734,137044569,-0.0070175878749002,1.8707660011655551,1.85299689169795,0.0105400032581412,55.38245852150996,1.9226859249538109,-0.0001538850367069
2023-02-10,AAPL,1.9226859249538109,1.9148294716263183,1.9233700388491464,1.9057508157816765,98635699,0.0021750530502238,1.8893747338355544,1.8565918691637728,0.0109718732700718,55.77839361456259,1.929184973124057,-0.0001570105552673
2023-02-13,AAPL,1.929184973124057,1.9268030950873287,1.934182382891252,1.9130596949176315,147874326,0.0033801923059286,1.905801052492014,1.8611998590310557,0.0112002742654481,56.42693294200345,1.9412525961501967,-0.8501571372151374
2023-02-14,AAPL,1.9412525961501967,1.937251670275395,1.941701094181376,1.9360778173050583,57163425,0.0062552959898907,1.9200198553683328,1.8672633350665973,0.0108665710780812,57.66836653114958,1.9825681704229248,-0.4251553133130074
2023-02-15,AAPL,1.9825681704229248,1.978288518026445,1.9974224588939584,1.966460814012269,75088979,0.0212829460497117,1.932918054952005,1.8738834559309991,0.0090932768432323,61.69244580764821,2.0132532983652665,-0.2834875096877416
2023-02-16,AAPL,2.0132532983652665,2.011282443443681,2.0175856638119165,1.995641903492168,45811346,0.0154774642305468,1.9485042227679623,1.881169602890188,0.0096659935012413,64.39926526757264,2.0164571569212004,0.8498443737626076
2023-02-17,AAPL,2.0164571569212004,2.015838626274529,2.027161346397863,2.001009310111568,59735971,0.001591383736232,1.960559311030592,1.887470180192257,0.0094309405727407,64.6798906719498,1.974685225958949,0.8498448565602302
2023-02-20,AAPL,1.974685225958949,1.9775596485523703,1.985825884331204,1.9599493192663449,140977064,-0.0207155063120857,1.9685839065566293,1.892127834020712,0.0132639360795766,58.23456643373719,1.9790383040817523,-0.0001538850367069
2023-02-21,AAPL,1.9790383040817523,1.971689365688861,1.990268661127872,1.963028770092012,89153425,0.002204441531024,1.9766342464320492,1.8955097290247127,0.0132631904708677,58.696478352095234,1.9783817057797863,-0.4251544371247291
2023-02-22,AAPL,1.9783817057797863,1.9743324898443324,1.99472774093848,1.9635536910351177,117438363,-0.0003317764495066,1.9836623510971536,1.898680069444321,0.013375666263488,58.59121851794502,1.988985977806948,-0.0001548334956169
2023-02-23,AAPL,1.988985977806948,1.9880332212056049,1.99507886456071,1.978868549435833,145788424,0.005360073840241,1.990481405619547,1.9008234021504284,0.0133512033440934,59.843696645774486,2.1039395398804337,0.4248434215784072
2023-02-24,AAPL,2.1039395398804337,2.1027056727967204,2.105169857061393,2.094244314423006,131682480,0.0577950590683566,2.007820172684905,1.9052230779437107,0.0241762644783013,70.32284914611782,2.075185817829959,-0.0001530736684799
2023-02-27,AAPL,2.075185817829959,2.086618579129412,2.1014636458544995,2.063064183917168,87978301,-0.0136666104255583,2.0166676754655755,1.9100853335223116,0.0253112248903351,65.70413130116665,2.0997937635760344,-0.0001570105552673
2023-02-28,AAPL,2.0997937635760344,2.1012567734170746,2.1015910834229343,2.099128225532657,81794329,0.0118581890521052,2.0285729049876946,1.9189010287369,0.0254047609031201,67.66166226506317,2.1616567711761547,-0.8501530960202217
2023-03-01,AAPL,2.1616567711761547,2.151192689147386,2.1646444827978573,2.150001812744184,53000355,0.0294614683942888,2.05528312573301,1.9269489014660368,0.0236016747796952,71.98999269325634,2.168315659580644,0.8498378425836562
2023-03-02,AAPL,2.168315659580644,2.171035907165264,2.1718801268246226,2.158495620467337,139558891,0.0030804559231047,2.082322747947137,1.93470001104702,0.0235356370189426,72.41793466943568,2.3093561866947487,0.8498453259468078
2023-03-03,AAPL,2.3093561866947487,2.3131365823766696,2.3327982834455425,2.302477557602316,158160171,0.0650461230083916,2.1296048166492745,1.9502975221728156,0.0294285840484744,79.54606225652452,2.2854515809786617,0.8498448565602302
2023-03-06,AAPL,2.2854515809786617,2.284593658828732,2.285568621847546,2.2779335575395643,100019323,-0.0103511991150661,2.171957045673805,1.966391139684812,0.0314982821384086,75.96285202499253,2.307411942828861,0.2831779231627782
2023-03-07,AAPL,2.307411942828861,2.299012524895099,2.3164639496495467,2.295458889523905,99961056,0.0096087626764751,2.2010245318092947,1.981769823154473,0.0269104646217549,76.98837067749719,2.257410400491184,-0.8501549974083901
2023-03-08,AAPL,2.257410400491184,2.269316353352683,2.27872059858124,2.239642773259805,141804663,-0.0216699677285954,2.227056615046613,1.9959766033052828,0.0283901931113951,69.69708926894478,2.2361269990827,-0.000154361128807
2023-03-09,AAPL,2.2361269990827,2.2289498101675704,2.249994800575998,2.208462294925781,81084576,-0.0094282375078331,2.246532791547565,2.010373808597738,0.029577267827446,66.79721348029766,2.25254482831828,-0.2834888016184171
2023-03-10,AAPL,2.25254482831828,2.257010085367056,2.263080440086428,2.239392830028529,88785912,0.0073420826466095,2.2595167997107257,2.022752192068473,0.0282265638405892,67.90649378645307,2.3062850870678893,0.849844615161419
2023-03-13,AAPL,2.3062850870678893,2.3076692077234098,2.326688382806255,2.285704566085769,147234494,0.0238575756957213,2.2792267179231893,2.0388509514514865,0.0289236594256845,71.28792147870814,2.3276369606382694,-0.8501548990607262
2023-03-14,AAPL,2.3276369606382694,2.3318323671590586,2.34469905263504,2.3121501690698576,85522330,0.0092581241105478,2.281838257057978,2.05709902932892,0.0155785637510339,72.52648445557966,2.410045758106248,-0.0001560449600219
2023-03-15,AAPL,2.410045758106248,2.4223865752057367,2.4317901779811004,2.405305241883964,151288419,0.0354044891284854,2.299637425219061,2.077686394723668,0.0191082215598606,76.7035026032313,2.404612112473113,-0.000155472010374
2023-03-16,AAPL,2.404612112473113,2.408663683377472,2.415817326427983,2.4015445455069404,59368635,-0.0022545819368197,2.3135231637396694,2.0973667737218102,0.0194409028287667,75.88427172198266,2.383765059081852,-0.2834934224685033
2023-03-17,AAPL,2.383765059081852,2.379769886289296,2.40103318752054,2.37529168991909,99616535,-0.0086696117361813,2.331573829252622,2.1154349098240064,0.0167890143113294,72.67706785646067,2.56624850498199,-0.0001598432660102
2023-03-20,AAPL,2.56624850498199,2.574763258049696,2.587801702060383,2.564591542297168,98769358,0.076552613775799,2.378734044381092,2.1379005008788323,0.028991043652587,80.46153276375674,2.5970836613761565,0.2831754719217618
2023-03-21,AAPL,2.5970836613761565,2.592166607164917,2.606332668927084,2.578655196055259,76805967,0.0120156548885677,2.427953877675074,2.1609982854695846,0.0286975600359281,81.424579747255,2.544571368778535,-0.8501558005809784
2023-03-22,AAPL,2.544571368778535,2.545819923877328,2.554359026062889,2.537501138736466,155563377,-0.0202197154364276,2.461994775062309,2.181414946459443,0.0325169958634301,74.67421617894786,2.494911938656511,-0.8501549974083901
2023-03-23,AAPL,2.494911938656511,2.485233549462552,2.495611531450828,2.4688102283548865,97916058,-0.0195158330913163,2.4858912004934868,2.200628242505437,0.0350244631353773,68.86033433992142,2.4287060535153984,0.8498443737626076
2023-03-24,AAPL,2.4287060535153984,2.4211774443999485,2.430679497584556,2.4063620394070444,145482742,-0.0265363615105244,2.488556956980508,2.217495580124157,0.0354972578734928,61.93685750848911,2.497038116963612,-0.5668237100044886
2023-03-27,AAPL,2.497038116963612,2.497423060387961,2.498434651816853,2.490291281353883,66313834,0.028135172368557,2.501760671907722,2.236424018252142,0.036778981129115,65.7630182408252,2.471399337823037,-0.0001530736684799
2023-03-28,AAPL,2.471399337823037,2.474128405566581,2.4745386536635547,2.454854635837254,81874664,-0.0102676763187546,2.514279854585034,2.254095576307903,0.0368897613762507,63.19613237414333,2.4815520902516823,0.5665088380376498
2023-03-29,AAPL,2.4815520902516823,2.468878377227191,2.4839986428949725,2.453623558267502,97388571,0.0041080987088022,2.502180366766418,2.2707283736355284,0.0200136855232958,63.79871955940583,2.478062583922968,0.2831756969292958
2023-03-30,AAPL,2.478062583922968,2.4817595115832685,2.5011730147478257,2.460427638313208,107678733,-0.0014061789564773,2.4851773557016776,2.286222016487452,0.0187588279150441,63.41441169054226,2.5300437676907297,-0.0001568734645843
2023-03-31,AAPL,2.5300437676907297,2.5238241941648067,2.5466416444363573,2.5073609795040284,67531732,0.020976541958626,2.4831019841177056,2.3033415701797697,0.0201578254860901,66.63831596324695,2.47190185561314,-0.0001563817262649
2023-04-03,AAPL,2.47190185561314,2.4813916451547704,2.4965005318349967,2.4544397927654096,114664331,-0.022980595363636,2.479814829397224,2.319915457834909,0.0207327911930521,60.24373870335054,2.3991738885749667,0.2831772034366925
2023-04-04,AAPL,2.3991738885749667,2.3966406169729377,2.411795962581972,2.3844908919185808,73419752,-0.0294218667594039,2.4755959486914483,2.3339199773180166,0.0213416594376055,53.34769076439739,2.415561366852301,-0.425159016996622
2023-04-05,AAPL,2.415561366852301,2.407418831216521,2.426608663796187,2.391840533809168,131186701,0.0068304670850964,2.4639564129612603,2.3484926326871003,0.0175923290459539,54.608525064462846,2.457683109689858,-0.8501571372151374
2023-04-06,AAPL,2.457683109689858,2.45824202043506,2.4606157823153945,2.4564414135122057,97254503,0.0174376620753979,2.461996951799378,2.364115870416531,0.019150779246807,57.7679356351318,2.481704998093985,0.849845091253519
2023-04-07,AAPL,2.481704998093985,2.474883523149168,2.498098350800948,2.461888684054796,156331334,0.0097742008761896,2.46201879577685,2.376708052356982,0.0195012809994542,59.49926682692393,2.427603523430829,0.2831783135732015
2023-04-10,AAPL,2.427603523430829,2.436845010519979,2.4427406289770546,2.417023647780021,68524038,-0.0218001231833386,2.454810358563687,2.3884553092103444,0.0212238210561311,54.1182062938804,2.47492617078027,-0.5668225879470508
2023-04-11,AAPL,2.47492617078027,2.4749301074537686,2.486559881444357,2.474081265285179,141108456,0.0194935651117205,2.446936416147907,2.400959722783819,0.0209533004112593,57.7201300733885,2.4249841569658983,0.4248436629772186
2023-04-12,AAPL,2.4249841569658983,2.4238807167419485,2.4442788672767564,2.422123438385802,98822029,-0.0201791933852419,2.4402338877697294,2.409737302310144,0.0205294803464822,52.99203271139922,2.3907292478433493,-0.0001575306057929
2023-04-13,AAPL,2.3907292478433493,2.394973755857935,2.4157161961262634,2.390208934763773,50336181,-0.0141258280076387,2.439027510522356,2.417151088585568,0.0178292954155494,49.9686168264609,2.329488412665872,-0.0001612342894077
2023-04-14,AAPL,2.329488412665872,2.322465372421006,2.3332722987287418,2.3176945737368904,124619107,-0.0256159643475821,2.4267313742100085,2.417822162784605,0.0197594330270486,45.02295644733944,2.417587832710617,-0.0001575306057929
2023-04-17,AAPL,2.417587832710617,2.408237906135767,2.430141813845045,2.407325969117716,65382745,0.0378192136804509,2.421003477498689,2.422226704509003,0.0245404255160839,52.3321454982535,2.463199253615966,0.8498453259468078
2023-04-18,AAPL,2.463199253615966,2.466216807533047,2.4678501121406966,2.456559387315048,56622475,0.018866500024617,2.4183597997161144,2.427419614868574,0.0254951344333089,55.62174671540851,2.5075110266352567,0.8498448565602302
2023-04-19,AAPL,2.5075110266352567,2.499238717357257,2.508061972818149,2.482494592024576,103803022,0.0179895203176281,2.4297751573167474,2.435756302406709,0.0244445535867156,58.610166077329,2.599991601398731,0.4248413115739822
2023-04-20,AAPL,2.599991601398731,2.5914115499151253,2.60061083998237,2.5779202673847115,134305241,0.0368814229652942,2.4476416474050984,2.4478851224839104,0.0269323988523668,64.05109529220204,2.824362916625126,0.8498448565602302
2023-04-21,AAPL,2.824362916625126,2.831452824739654,2.83573413110699,2.807418654574648,70910919,0.0862969384615275,2.504695755927845,2.466945725427472,0.036972159730614,73.2416262841109,2.677760677524482,0.4248420692980289
2023-04-24,AAPL,2.677760677524482,2.681978665605165,2.6956410313089973,2.67714127055828,114765244,-0.0519063036261009,2.5457002458822933,2.479328245109358,0.0450909916767069,62.07483349364359,2.615704378275915,-0.8501558005809784
2023-04-25,AAPL,2.615704378275915,2.605865436004498,2.6214527737682087,2.5925820579149708,41723824,-0.0231746995799252,2.5865882409694416,2.488930492363947,0.0447125844489488,58.04084931992676,2.5654507667437656,-0.2834897031386693
2023-04-26,AAPL,2.5654507667437656,2.5606856776355182,2.565799595592099,2.557486956173632,62152868,-0.0192122672384228,2.6077115172598915,2.4941106593185305,0.0455887367176852,54.92786159997839,2.497856674380628,0.4248434215784072
2023-04-27,AAPL,2.497856674380628,2.491084498684021,2.522523185843722,2.4835286582954588,130574913,-0.0263478423516707,2.612662577369129,2.497218811382114,0.0471972496525689,50.96810677729787,2.414600668229764,-0.0001590505242348
2023-04-28,AAPL,2.414600668229764,2.4274679735218787,2.436712744175185,2.40564334823942,41545691,-0.0333309781160714,2.5993896690254874,2.498246665020378,0.0484381758716496,46.519704371389366,2.3924868016123737,-0.0001575306057929
2023-05-01,AAPL,2.3924868016123737,2.398989655582631,2.4053370997703727,2.3774998051300704,82932640,-0.0091583949712077,2.569746126198865,2.4924546082413905,0.0448948789820587,45.38660739308639,2.3036169552804164,-0.0001602351665496
2023-05-02,AAPL,2.3036169552804164,2.300708559312016,2.312135450652649,2.284320912031511,100941606,-0.0371453862450004,2.4953538460067635,2.4826723847048657,0.0137792136784225,41.05841333485483,2.329236256539411,-0.0001622334122657
2023-05-03,AAPL,2.329236256539411,2.333262537223144,2.3425902902435096,2.315196114259996,47932003,0.0111213373387746,2.4455646430088964,2.4754945476302286,0.0163690250159345,42.75324819488152,2.333938083992866,0.424842545390129
2023-05-04,AAPL,2.333938083992866,2.3244423202278788,2.3416246131524727,2.312520884677601,157426881,0.002018613371767,2.4053123152541747,2.470128752474773,0.0181288497495581,43.07675195196512,2.3693414275164977,0.8498378425836562
2023-05-05,AAPL,2.3693414275164977,2.3645602423402794,2.3800706785944543,2.355323524280472,101060369,0.0151689300442212,2.377296695364565,2.468149931608144,0.0214662040428352,45.57089823451256,2.4068513461914325,0.2831764375170071
2023-05-08,AAPL,2.4068513461914325,2.407608517069827,2.42583948029569,2.3931491524576933,80629869,0.0158313691050648,2.36429593419468,2.4651437059157377,0.0223722954474651,48.16246906306809,2.45158766318836,0.5665122131506601
2023-05-09,AAPL,2.45158766318836,2.4549137131649217,2.4603726164018767,2.448974597823932,157265045,0.0185870710576778,2.369579790617337,2.4644833167612483,0.0199126824000841,51.14988889166917,2.4255009893239388,0.4248436629772186
2023-05-10,AAPL,2.4255009893239388,2.4247918277078844,2.434459055388028,2.4198398112551347,107022383,-0.0106407265202562,2.3742961031475605,2.462614946730324,0.0200627359192068,49.36340055009956,2.58226695673273,-0.850154758989811
2023-05-11,AAPL,2.58226695673273,2.584188268013352,2.584246233379226,2.5666041566757727,121424635,0.0646324071186987,2.4141032462121763,2.4660884258239824,0.0234462172543069,58.69885291132935,2.601996478904826,0.2831757461031278
2023-05-12,AAPL,2.601996478904826,2.60260797248373,2.624245982595254,2.577343573926641,50840484,0.0076403882722719,2.4530689922643787,2.468486849531119,0.0236198881403812,59.70570089392541,2.460782676258121,0.8498448565602302
2023-05-15,AAPL,2.460782676258121,2.4595750909467498,2.466524408968556,2.4535129870304133,59051933,-0.0542713273409738,2.471189648302272,2.4681162102192853,0.0357240239141891,50.2611836015083,2.385768664111461,0.5665076444546381
2023-05-16,AAPL,2.385768664111461,2.38364905948987,2.3905017396576085,2.3794436995638923,45424905,-0.0304838021132067,2.473536396387267,2.467669369403835,0.0383002888378939,46.09034086412136,2.2595913684610327,0.566509825984637
2023-05-17,AAPL,2.2595913684610327,2.25670181518009,2.2738952773628585,2.253410704096874,101715470,-0.0528874813172303,2.452499256711496,2.462470369457459,0.0426127674460685,40.067434120137214,2.261763666558904,-0.8501545518636703
2023-05-18,AAPL,2.261763666558904,2.263337430048689,2.2746209311133447,2.2524018700265387,140362704,0.0009613676739039,2.425381542907288,2.4559397213530945,0.0412653450384501,40.21228830306811,2.2540163281474603,-0.0001557134091854
2023-05-19,AAPL,2.2540163281474603,2.2567942832851995,2.259416630181371,2.2492473252611926,148206694,-0.0034253527572269,2.400883734167791,2.4483500990215434,0.0413577065367543,39.84243303504341,2.222711710256653,-0.2834877615173657
2023-05-22,AAPL,2.222711710256653,2.224034395988762,2.227672660829654,2.213825907544417,108920274,-0.0138883722801317,2.349518698956923,2.441520371915737,0.0254155223755903,38.309171146600725,2.363613462094768,-0.425159016996622
2023-05-23,AAPL,2.363613462094768,2.3552562185334653,2.369107955581415,2.3540923849495496,115139809,0.063391825034226,2.315463982269772,2.4378099482928874,0.0402556171190777,48.00763085467472,2.4059569702665966,0.5665096650520961
2023-05-24,AAPL,2.4059569702665966,2.3987468379878423,2.4215806700250293,2.3971041167373826,116547184,0.0179147347275223,2.307631738556697,2.437175708736244,0.0370200343809499,50.524868648877714,2.4622443805378755,-0.8501571372151374
2023-05-25,AAPL,2.4622443805378755,2.465190813993459,2.474106946847105,2.456510384982863,111651696,0.0233950195148511,2.318556840903327,2.4395595464927284,0.035846362228005,53.73170809831016,2.392745791872913,0.8498443737626076
2023-05-26,AAPL,2.392745791872913,2.4033098121644887,2.4086428351185583,2.374729667267199,126552758,-0.0282257070883356,2.3375789013907387,2.4416681257996298,0.0299238409507458,49.46821194517153,2.3200496328026863,-0.0001622334122657
2023-05-29,AAPL,2.3200496328026863,2.321110467109555,2.331355867967832,2.3142359573835423,106864295,-0.0303818982012812,2.3459054679969933,2.438416852469365,0.03339867607982,45.40938090444406,2.323665325228632,0.2831790288289388
2023-05-30,AAPL,2.323665325228632,2.320795586381938,2.3306019167133827,2.31272693720246,124481403,0.0015584547739084,2.355855324722875,2.433765721523121,0.033264082975744,45.64824618017855,2.336939356030688,0.8498453259468078
2023-05-31,AAPL,2.336939356030688,2.3385121661491106,2.339676256248984,2.323031753683618,98363341,0.0057125398644704,2.372173559833452,2.428079999169636,0.0322355107002884,46.57250967434093,2.211350206065322,-0.4251566655933857
2023-06-01,AAPL,2.211350206065322,2.2038084752045184,2.228427771001744,2.1881666643691675,58020450,-0.0537408682177702,2.350421666114959,2.415125285991855,0.0286654684936296,39.69471901668271,2.1998692429515194,0.8498448565602302
2023-06-02,AAPL,2.1998692429515194,2.208507754324029,2.208748880096272,2.1951488113265394,49593587,-0.0051918339674613,2.320980562212805,2.3943088302027347,0.0262647162047772,39.12587362627261,2.2016918504416627,-0.0001552373170852
2023-06-05,AAPL,2.2016918504416627,2.202924318863573,2.2160660000652266,2.191000317966828,148873423,0.0008285071924083,2.2837587721990604,2.3784398692999744,0.0222092069228255,39.27464900252198,2.18857377280167,-0.0001530736684799
2023-06-06,AAPL,2.18857377280167,2.1841783033051336,2.2014524180426296,2.179525755320392,92917856,-0.0059581805861529,2.254591340903169,2.3642021824508324,0.0216938808578952,38.544481907046624,2.138240285085136,-0.2834883814056714
2023-06-07,AAPL,2.138240285085136,2.137170338730228,2.1397160433993068,2.1246269979324324,78672559,-0.0229983052625639,2.2286185769435187,2.349961833062212,0.0208395516351226,35.79468863253297,2.1056590780721045,0.8498378425836562
2023-06-08,AAPL,2.1056590780721045,2.102329802192552,2.119037359318657,2.093993830678314,75188075,-0.0152373927478101,2.1974748273497293,2.3368885798519274,0.0200510803138381,34.0988951254144,2.0957181466538644,-0.0001530736684799
2023-06-09,AAPL,2.0957181466538644,2.1039648183723725,2.1179620938840005,2.078894221855561,46209042,-0.0047210545723013,2.163014654581612,2.326259162466064,0.0187014022634564,33.57622125548144,2.101984904648207,-0.5668216566244761
2023-06-12,AAPL,2.101984904648207,2.1007095878028097,2.113781507091792,2.081474606593352,153412624,0.0029902675626245,2.147391040093452,2.316575765900592,0.0090756343813963,34.26031969372799,2.138586008761763,0.2831732948621113
2023-06-13,AAPL,2.138586008761763,2.139582797794414,2.148364655640002,2.126817646772748,49986512,0.017412638897938,2.138636292352058,2.3110747343499702,0.0130526760209248,38.25976052889069,2.2048121562967964,-0.8501558005809784
2023-06-14,AAPL,2.2048121562967964,2.208607033494838,2.209413187020417,2.1899590878511743,66281356,0.0309672593310279,2.1390820503313632,2.3069272643418826,0.0186598505356946,44.80319311614139,2.1873985624383327,-0.850154758989811
2023-06-15,AAPL,2.1873985624383327,2.182537507025802,2.188201456717745,2.180695403521354,94909285,-0.0078979943070123,2.1389141631366004,2.3020426136233985,0.0187831562224482,43.497779867257336,2.160580799679037,0.2831776817639669
2023-06-16,AAPL,2.160580799679037,2.16183637453878,2.176725039820696,2.147182962650768,82973373,-0.0122601172094587,2.142105665221444,2.2950839260288163,0.0169321005453387,41.49270931265036,2.187836839447032,-0.0001602351665496
2023-06-19,AAPL,2.187836839447032,2.189638100193358,2.191561926976896,2.1842217689957666,44797840,0.0126151448592173,2.153845345417862,2.2877834424706696,0.0155282634284349,44.30280300884513,2.225833660511188,-0.2834895213445027
2023-06-20,AAPL,2.225833660511188,2.215456297658442,2.2297054115221,2.211022230067025,133546302,0.0173673010615178,2.172433275968908,2.2802583090480977,0.0153275349428454,48.04886569362464,2.2002713117440384,-0.283487827082475
2023-06-21,AAPL,2.2002713117440384,2.2019393142485457,2.208829528961477,2.193049779816568,70069197,-0.0114843931155569,2.1864741912683123,2.272750653128768,0.0171060211464472,45.816321354899735,2.24922629537722,-0.2834902872641882
2023-06-22,AAPL,2.24922629537722,2.2489175076578176,2.2525101934068243,2.234074939401496,143898820,0.0222495213985123,2.2022799464990923,2.261649297750251,0.0176994798014987,50.55463074588883,2.3116135709533694,-0.0001575306057929
2023-06-23,AAPL,2.3116135709533694,2.312514866487235,2.3289378809439683,2.29661165385174,83222628,0.0277372159948388,2.2175372914500318,2.251969867485202,0.017010296810032,55.85297491310477,2.3973643682520103,-0.850156344473362
2023-06-26,AAPL,2.3973643682520103,2.39762062046873,2.414391862756548,2.379303543144194,41604780,0.0370956453864712,2.247532406566271,2.249855923884998,0.0188827551059471,61.896691105269866,2.52324829539448,-0.4251566655933857
2023-06-27,AAPL,2.52324829539448,2.525210145214896,2.5396918501779875,2.5136308653737025,53067896,0.0525093009679855,2.299342048811334,2.254438578261099,0.0200832701128309,68.6761438663009,2.460186022136707,-0.0001530736684799
2023-06-28,AAPL,2.460186022136707,2.4700563614685302,2.4712334973521783,2.438187383479111,137201620,-0.0249924961300385,2.3382490749098586,2.261125066716955,0.027025118539341,62.66141357410008,2.4621897498296774,-0.4251574970781803
2023-06-29,AAPL,2.4621897498296774,2.4534772366500253,2.471684601990228,2.4337742692407573,88665812,0.000814461863835,2.372014230526786,2.2678059361593137,0.0277243754634197,62.77297712378839,2.4639817586744424,-0.4251530848443508
2023-06-30,AAPL,2.4639817586744424,2.46145258733436,2.481992893330336,2.443395945861032,157744776,0.0007278110246737,2.409687151516844,2.274804783843547,0.0261296411821779,62.87979917194437,2.4581277010356675,0.5665089989701907
2023-07-03,AAPL,2.4581277010356675,2.463043602189308,2.470725394224168,2.453273539107576,134662390,-0.0023758526694305,2.4395302094680504,2.2826519835361805,0.0268876460013054,62.251374727621325,2.415197769173223,-0.8501571372151374
2023-07-04,AAPL,2.415197769173223,2.418682362421845,2.4348448763702963,2.4028532965616765,43644179,-0.0174644839828123,2.4543279520708867,2.284371460438796,0.0281760909899451,57.69744432567069,2.318516315337344,-0.2834869553645452
2023-07-05,AAPL,2.318516315337344,2.3217117331496846,2.3349817152096777,2.301936061889323,77498192,-0.040030450122921,2.443063944511649,2.2814567719411536,0.0293272096709227,49.0032391124399,2.3256084301229665,-0.850154758989811
2023-07-06,AAPL,2.3256084301229665,2.34481965728026,2.351588325444116,2.3065797722740755,126996069,0.003058902255165,2.4148296780442897,2.2769022402606565,0.0164720877718405,49.60315986338452,2.276959043252707,-0.0001530736684799
2023-07-07,AAPL,2.276959043252707,2.281154127558968,2.2859792467774325,2.276755720161223,47571760,-0.0209189931719018,2.3886543953465758,2.2730426819733163,0.0159791565884641,45.63713054280785,2.2833920770414005,-0.0001560017466545
2023-07-10,AAPL,2.2833920770414005,2.291139200252186,2.302250546698452,2.2778237562759025,159891289,0.0028252742655852,2.363111870662536,2.2718207634479404,0.0162404514831733,46.249135828477215,2.2348326488308228,-0.0001566633582115
2023-07-11,AAPL,2.2348326488308228,2.232773884842821,2.2376028124769185,2.22567661749864,59954545,-0.0212663557427668,2.3303762835420185,2.26885967423468,0.0158061105595274,42.37148335177485,2.16853185136364,-0.850153650343418
2023-07-12,AAPL,2.16853185136364,2.162072365038412,2.184532349293607,2.156704877635088,135654230,-0.0296670077295805,2.2890054478745863,2.2632460907457785,0.0159017095218455,37.72118839817065,2.183794416783017,0.424841546267271
2023-07-13,AAPL,2.183794416783017,2.181735202841843,2.1917364810062487,2.1704729768823,140858702,0.0070382020950161,2.2559478261045567,2.2623275644363683,0.0184403634732037,39.3708016145567,2.193850883370821,0.2831790288289388
2023-07-14,AAPL,2.193850883370821,2.1985366867233003,2.2001435464460743,2.193201365886073,100642840,0.0046050427231232,2.238138478680768,2.2621269524503447,0.0154729628438701,40.48931028302494,2.22971125735528,0.8498453259468078
2023-07-17,AAPL,2.22971125735528,2.232432583298435,2.247492919425249,2.222016878622946,136431039,0.0163458575312833,2.2244388825710986,2.2630609326807987,0.0176791660706705,44.4264408917466,2.367618036353049,-0.8501539275050163
2023-07-18,AAPL,2.367618036353049,2.3704822720076906,2.3802177949845507,2.3515465444467267,146178756,0.0618496132819204,2.2373901672997185,2.269029074799178,0.0295941941224297,56.37846080577268,2.3876125036471105,0.8498443737626076
2023-07-19,AAPL,2.3876125036471105,2.386077189633101,2.3923912951397286,2.376552930376474,128124112,0.0084449716918275,2.252278799671963,2.277341482084577,0.0295711512007437,57.795685950308034,2.421765439321415,-0.0001572221517562
2023-07-20,AAPL,2.421765439321415,2.419049652531308,2.4397136115169915,2.4163592346537883,124951890,0.0143042204805576,2.2789834840277616,2.287878360792888,0.0268858577883672,60.17574850099005,2.3500638281929564,-0.2834886198242505
2023-07-21,AAPL,2.3500638281929564,2.3487958001808003,2.365515209961909,2.3356803359806007,86635128,-0.0296071658981761,2.3049166235748078,2.296356550177524,0.0268704631939722,53.37085625097551,2.265797384715021,-0.0001584582030773
2023-07-24,AAPL,2.265797384715021,2.270721928455844,2.2832347727147844,2.2547697104890805,75094198,-0.035857087142493,2.316631333279379,2.3018169661797514,0.0324614189145595,46.688628117446754,2.3742915770117703,0.4248438976705074
2023-07-25,AAPL,2.3742915770117703,2.3802799731655733,2.394917818021327,2.35736077219672,144126515,0.0478834484621824,2.342408575228086,2.309673818454752,0.0361267195365601,54.57455627291609,2.3099692732652564,0.8498448565602302
2023-07-26,AAPL,2.3099692732652564,2.3029961113885955,2.3182375724337287,2.2916164781927884,66918373,-0.0270911561028526,2.353874006072368,2.313179055687034,0.0388643734601085,49.86511321738926,2.238881232245504,0.4248410701751709
2023-07-27,AAPL,2.238881232245504,2.244001615592063,2.253873861697646,2.2168281854889336,89743133,-0.0307744530814758,2.335483034057005,2.314895144680606,0.0316632060360905,45.22064758704853,2.2370996573027147,0.566509825984637
2023-07-28,AAPL,2.2370996573027147,2.2327324725757416,2.2396937553192635,2.2301807437318164,101505327,-0.0007957433905515,2.313981198864948,2.317445773268062,0.0310734003078522,45.107256846042034,2.231984586195165,-0.0001576267182827
2023-07-31,AAPL,2.231984586195165,2.235124463892293,2.2379966820809267,2.2177238066430163,86886314,-0.0022864744048626,2.286869648418341,2.318917364826333,0.0296114695432586,44.76022816418732,2.174924094340248,-0.2834881742795308
2023-08-01,AAPL,2.174924094340248,2.173671561584539,2.1830045961450835,2.163352510066388,84758862,-0.0255649130409933,2.261849686439383,2.317220379287301,0.0292300531513895,40.97328922908876,2.156418560346524,-0.850154758989811
2023-08-02,AAPL,2.156418560346524,2.166548046813995,2.1751292166884246,2.1430095561366174,111903537,-0.0085085884339046,2.246224140101026,2.315758620907384,0.0270438492422396,39.79730770793439,2.235309689182443,-0.4251574970781803
2023-08-03,AAPL,2.235309689182443,2.2325061103755544,2.2468208525732054,2.225166727452001,79536158,0.0365843302810573,2.2263695846968363,2.3152947340342247,0.0233216371587878,46.80652128046999,2.18376422195788,-0.0001572221517563
2023-08-04,AAPL,2.18376422195788,2.184934360401172,2.1935132945909963,2.179642646189708,158651763,-0.0230596536462093,2.2083402916529256,2.3110330890677084,0.0228261498498093,43.26238184725205,2.096591330680892,-0.2834883024295171
2023-08-07,AAPL,2.096591330680892,2.10040666454706,2.108944807926341,2.095932980966375,61350977,-0.0399186370032347,2.188013162857981,2.301007321148672,0.0245579011719141,38.019325812602254,2.157969116757753,-0.8501558005809784
2023-08-08,AAPL,2.157969116757753,2.152311188134106,2.1747060446153417,2.135458265729396,86679378,0.0292750357109068,2.1767087999229866,2.2888313485274474,0.0285533285433701,43.235645818137954,2.1913386971435083,0.4248436629772186
2023-08-09,AAPL,2.1913386971435083,2.190859733688757,2.2063069274572005,2.1785816575495804,141434320,0.0154634188814952,2.170902244344178,2.2798697710276743,0.029581585568046,45.90138869295451,2.1517054461282856,-0.4251576647162437
2023-08-10,AAPL,2.1517054461282856,2.1499846096839885,2.15780332173411,2.146911526638808,97061963,-0.0180863191376513,2.167585294599612,2.269520294237628,0.0287216245374727,43.30045855410707,2.05308059615086,0.8498378425836562
2023-08-11,AAPL,2.05308059615086,2.049915894672395,2.0699941614189634,2.0378173800655035,124601740,-0.0458356649860641,2.1528227282859462,2.2558235888201748,0.03339428186114,37.59210517497803,2.007411845840967,-0.0001578867435455
2023-08-14,AAPL,2.007411845840967,2.0047637303547683,2.0183432166403006,1.9947588523584991,117635155,-0.0222440124345402,2.1202658935228778,2.240799726980351,0.0276495450465793,35.273211616151656,2.004847131610173,-0.5668226967255275
2023-08-15,AAPL,2.004847131610173,2.0115353894423222,2.012483238734312,1.997075183665284,79758576,-0.0012776223454632,2.094706309187491,2.2271213723949166,0.0278054322040748,35.142107445759095,2.076826563206581,0.2831781273086866
2023-08-16,AAPL,2.076826563206581,2.073097305010449,2.0831532653332845,2.0670911427009724,129296949,0.035902703234335,2.0918827709768752,2.21906504732389,0.0297293070189152,41.69226557435403,2.013351332317479,-0.0001538850367069
2023-08-17,AAPL,2.013351332317479,2.016772466513116,2.019570234898786,2.0020992811377223,68520049,-0.0305635684816634,2.071223087485408,2.2086564773970414,0.0281432987618294,38.043469220696586,2.008956324061072,-0.8501530960202217
2023-08-18,AAPL,2.008956324061072,2.0108523469176167,2.019879109891705,2.0002277017852017,129974090,-0.0021829316055576,2.0451684627593454,2.199723053423987,0.0262597371200812,37.79681450760754,2.0506865089963795,0.4248423844575881
2023-08-21,AAPL,2.0506865089963795,2.0420922041661105,2.059593908838596,2.030539394275985,55376549,0.020772071764582,2.030737186026216,2.19196620115582,0.0287572846529602,41.66421917768869,1.9110815095710088,-0.2834923004110654
2023-08-22,AAPL,1.9110815095710088,1.9140580349133425,1.9232509338848147,1.898967110791471,123290376,-0.0680772018604123,2.010451602229094,2.1811744965138256,0.0344870202081667,34.03947625100977,1.975003381720797,-0.0001566633582115
2023-08-23,AAPL,1.975003381720797,1.9666283016126616,1.9874409670981528,1.954879329411802,53501554,0.0334480093233371,2.0058218216404984,2.1747235475257307,0.0374027385722613,39.49903401948568,1.90326920722546,0.4248434215784072
2023-08-24,AAPL,1.90326920722546,1.90685549073303,1.9116454821618527,1.9011844419925965,144259797,-0.036321038819101,1.9913106895855397,2.165372707207146,0.0396148251589935,35.90720034908831,1.924338052733431,-0.0001564472913742
2023-08-25,AAPL,1.924338052733431,1.921410028196716,1.93163977560247,1.903809797720608,115057382,0.0110698189346973,1.969526616660804,2.1563889461859,0.0361197569704436,37.6991388847721,1.940075797778055,-0.8501545518636703
2023-08-28,AAPL,1.940075797778055,1.9401244970946647,1.9533158886039963,1.935720328423839,44854382,0.0081782642204,1.959058683155172,2.1467344308666583,0.0354530743778748,39.06950009851255,2.006747738546392,-0.0001602351665496
2023-08-29,AAPL,2.006747738546392,1.998955858460516,2.0218384301359937,1.9859708491899648,53058061,0.0343656370770129,1.958743170938789,2.13470542093977,0.038454967866971,44.62635894380603,2.0422028772172203,0.283176672955354
2023-08-30,AAPL,2.0422028772172203,2.042952665817379,2.0550761549885364,2.028251912686712,62490417,0.0176679599482247,1.9575312235417663,2.1231917667254403,0.0381991614764787,47.37493671126295,1.8988566750587943,-0.283489449818929
2023-08-31,AAPL,1.8988566750587943,1.9041371130246303,1.9071249388986788,1.8898930504020808,155225514,-0.0701919499563895,1.95578481861145,2.105761474583353,0.0388308756802665,38.95578087001063,1.8519535752904663,0.8498421967029571
2023-09-01,AAPL,1.8519535752904663,1.84747018776178,1.853477121939361,1.839378524076108,110735686,-0.0247007056321802,1.9382062748356883,2.0891577994866037,0.0365734657264458,36.66008968472954,1.860972500357085,-0.5668226967255275
2023-09-04,AAPL,1.860972500357085,1.857582736605777,1.8643796192461457,1.855806775430496,73496212,0.0048699520263104,1.932163888140206,2.075663636674672,0.0346245450288315,37.42373050899427,1.850323838265899,-0.0001547165215015
2023-09-05,AAPL,1.850323838265899,1.8528474266177504,1.8576686730452177,1.8453490931689625,73216788,-0.0057220953502228,1.921590428930559,2.058198045383143,0.0340909601412746,36.858693900911646,1.8785067721183748,0.8498378425836562
2023-09-06,AAPL,1.8785067721183748,1.8812096709253832,1.8850901364335269,1.86847933341134,43096583,0.0152313520853131,1.9127948538363189,2.043815962011581,0.0346476784215661,39.46377175075288,1.92500800589456,0.2831776817639669
2023-09-07,AAPL,1.92500800589456,1.910950561982902,1.9368110404386136,1.9098781294383085,64382893,0.0247543604667159,1.9011177491717712,2.033353521133216,0.0330230891182925,43.59862228619127,1.9618118828649416,-0.2834900041421255
2023-09-08,AAPL,1.9618118828649416,1.9736734273247536,1.9835906332626705,1.960163822661295,142639566,0.0191188176141006,1.88963332140716,2.02417726198529,0.0331964056759049,46.70155780380069,1.9499039231435176,-0.0001584582030773
2023-09-11,AAPL,1.9499039231435176,1.952995808677004,1.9583476003320768,1.9371452680764305,111861462,-0.0060698784758271,1.8969257854192636,2.0147745732169016,0.017348563551123,45.82314947798501,1.846587959793492,0.8498448565602302
2023-09-12,AAPL,1.846587959793492,1.8504487246266152,1.85460035161321,1.8415505121553293,84110487,-0.0529851558960227,1.896159268919696,2.003830035398676,0.0261754929233258,38.9737562946966,1.821572401329019,-0.425156144797802
2023-09-13,AAPL,1.821572401329019,1.8207879933806768,1.8277557418235744,1.8151070462342045,42545817,-0.0135469086819294,1.890530683344258,1.99266849676476,0.0265143451341768,37.5117088459003,1.8455587761927208,-0.8501558005809784
2023-09-14,AAPL,1.8455587761927208,1.835286284340776,1.8520766245857536,1.8318424720947784,81155905,0.013167950308317,1.8898499601909464,1.979676799665102,0.0271154013711368,39.84205941607599,1.7867279778256833,0.8498448565602302
2023-09-15,AAPL,1.7867279778256833,1.7903446121779594,1.7988307405593529,1.7790479063287108,85945300,-0.0318769573345165,1.8767387038634191,1.9664422581940288,0.0285019131500789,36.26942864585147,1.8220804943419744,-0.8501564688980578
2023-09-18,AAPL,1.8220804943419744,1.8189910400963487,1.8232047085247352,1.8130381707708807,54234473,0.0197861772777032,1.8620347736416212,1.957291896982732,0.0276345364716459,39.76482787747484,1.8735812514682275,0.4248378045856952
2023-09-19,AAPL,1.8735812514682275,1.8766385521411308,1.8913850650339736,1.8598493382054024,112866331,0.0282648089841124,1.849430397727805,1.9478123014730808,0.0292699223164979,44.53714362613981,1.8815677036988288,-0.8501571372151374
2023-09-20,AAPL,1.8815677036988288,1.880332636616806,1.8832647372345643,1.8735145062914649,119250646,0.0042626666040466,1.8396680806642784,1.937486601691592,0.0295357284363743,45.26140879236888,1.718590882922514,-0.2834878568847974
2023-09-21,AAPL,1.718590882922514,1.7198181598426918,1.723922126562473,1.7183498211954165,159783114,-0.0866175691982443,1.821382783968424,1.9230494495847323,0.0396890677589523,35.16868979727657,1.650243400229171,-0.8501558005809784
2023-09-22,AAPL,1.650243400229171,1.6464066022383048,1.6622536157614232,1.6405720223807698,83055204,-0.0397694898608539,1.7969072123827314,1.9096215430540096,0.0413370634866203,31.950988144583903,1.7551555041699596,-0.0001600638031959
2023-09-25,AAPL,1.7551555041699596,1.7597069152014193,1.7619620198175798,1.754501206249158,73117562,0.0635737152023872,1.7839924592366228,1.9012129983316424,0.0501564150262487,40.89087229881574,1.7240391444340373,-0.8501544483006
2023-09-26,AAPL,1.7240391444340373,1.7178927084866875,1.7255926751457349,1.7051933783436182,138759343,-0.017728548645402,1.7750369116092448,1.891852732092438,0.0492186677407865,39.24410451530395,1.6153189505542465,-0.8501549974083901
2023-09-27,AAPL,1.6153189505542465,1.626200883096853,1.6343209595471258,1.6138732978685726,82048408,-0.063061325626386,1.7454995482109976,1.876469145004027,0.0523949569222153,34.07982788661576,1.685471280745963,0.5665107230345409
2023-09-28,AAPL,1.685471280745963,1.696787275202129,1.7008458200437613,1.6832315135971063,115674196,0.0434293983659672,1.718626695250674,1.865539809951643,0.0547829238354482,39.60274867686115,1.686918807029342,-0.2834883814056714
2023-09-29,AAPL,1.686918807029342,1.6951815019401997,1.6967058684436649,1.679283893398677,128500763,0.0008588258369719,1.6908197100121762,1.8548052260505856,0.0546117332837623,39.714983830152505,1.750846332486777,-0.2834892471631368
2023-10-02,AAPL,1.750846332486777,1.7575458355999984,1.757589022670407,1.7485939373152457,145589482,0.0378960298450943,1.6954276313784995,1.8448105535002652,0.0468090289730495,44.61036333342916,1.7678489937583637,0.8498378425836562
2023-10-03,AAPL,1.7678489937583637,1.7674005875682817,1.7688864992026736,1.76033347660413,78241286,0.0097111099678504,1.7122284304540984,1.8400361363065103,0.0427262653417744,45.86938622713292,1.7953128300973504,-0.283490148683389
2023-10-04,AAPL,1.7953128300973504,1.8015957789005577,1.808671101122313,1.7890771921718174,114707338,0.0155351709540529,1.7179651913008684,1.8340464512523955,0.0361668574457027,47.92828947202586,1.817193067548846,0.2831781273086866
2023-10-05,AAPL,1.817193067548846,1.8166687537510604,1.820531944135609,1.8028945977578985,55731547,0.0121874233195944,1.731272894602984,1.831177246596508,0.0349450048579182,49.57388833848423,1.8585919917871043,-0.850154758989811
2023-10-06,AAPL,1.8585919917871043,1.8499299259977504,1.871803249340649,1.8484283856450527,133513387,0.0227817973651529,1.7660261862076785,1.828985711231631,0.0154344698549382,52.62457077419276,1.997854325094297,-0.8501530960202217
2023-10-09,AAPL,1.997854325094297,2.006863857433824,2.0171846563384777,1.990912895862586,45402527,0.0749289429431399,1.8106523354002968,1.830911662142172,0.0249474308410683,61.14107871543298,2.063735332228009,0.8498448565602302
2023-10-10,AAPL,2.063735332228009,2.070724117012058,2.07363235156199,2.0492697699717386,123584714,0.0329758813273848,1.8644832675715357,1.8328112485982264,0.0226487920430946,64.40134610324336,1.959554907552208,-0.0001602351665496
2023-10-11,AAPL,1.959554907552208,1.9593706754455933,1.965223830064944,1.957223895128774,65080740,-0.0504814852219097,1.894298778295168,1.8300563162760592,0.037140142479332,56.350024644378976,1.990053296903048,-0.850154758989811
2023-10-12,AAPL,1.990053296903048,1.982738750991201,1.99291261914208,1.9703228466807712,95511090,0.0155639371131159,1.92604225017298,1.833096203670868,0.0370194948282739,58.00519703743412,2.067593470389735,0.2831747954090436
2023-10-13,AAPL,2.067593470389735,2.063957396316037,2.0730881304039124,2.0473936689720653,49160188,0.0389638677553794,1.964939484500464,1.8402842001741768,0.0378471533014321,61.95513130173487,2.1530249156935426,-0.0001557134091854
2023-10-16,AAPL,2.1530249156935426,2.141262000235438,2.1580263893843017,2.1247951688483395,122640879,0.0413192663486714,2.012915462806849,1.850019280685392,0.0383168331965444,65.7747231571349,2.123252028030985,-0.0001622334122657
2023-10-17,AAPL,2.123252028030985,2.1292719625419085,2.1433126340460067,2.1065650154968947,97857132,-0.0138283990331653,2.050724039413118,1.8591168870108947,0.0410920433951864,63.386337702912606,2.207398076229163,0.8498448565602302
2023-10-18,AAPL,2.207398076229163,2.196780652841992,2.213063694584312,2.184963565442289,119634042,0.0396307395859225,2.080658861003813,1.870079930481254,0.034918694086312,67.03017880209492,2.2774548342153764,0.5665073270599047
2023-10-19,AAPL,2.2774548342153764,2.27941456727083,2.288185864050977,2.270481426460664,81702258,0.0317372560666038,2.1111902184305795,1.881828158091948,0.0348146818660367,69.73111129280963,2.4816211369327217,-0.0001573786139488
2023-10-20,AAPL,2.4816211369327217,2.475339955197903,2.496057098450146,2.455622345352248,40804434,0.0896466966765048,2.185771108342082,1.899155133227541,0.0311860456241553,75.92181020803962,2.4185311822951374,-0.425156144797802
2023-10-23,AAPL,2.4185311822951374,2.40817960198628,2.433859180255535,2.4039786410357995,109716984,-0.0254228793020208,2.246982234826666,1.9147760418659283,0.0383960972078194,71.08371764010053,2.3774389008647203,0.8498443737626076
2023-10-24,AAPL,2.3774389008647203,2.3791389248776595,2.3855313838211174,2.365051184256701,123836552,-0.0169905940147612,2.291245867751664,1.932471073234969,0.0416311246789863,68.04233173380139,2.3537456875659784,0.849842831492424
2023-10-25,AAPL,2.3537456875659784,2.351388650974908,2.3568813240787603,2.339913565672452,119773073,-0.0099658558165781,2.3199202637334406,1.9502101827762008,0.0419441566318505,66.2814041755538,2.31654217842327,-0.850154758989811
2023-10-26,AAPL,2.31654217842327,2.322367279671908,2.3434921363372525,2.297709584945743,71459140,-0.0158060870123911,2.3475331423609096,1.9659096295172196,0.0421653366658765,63.50235177001707,2.250719183435787,-0.8501530960202217
2023-10-27,AAPL,2.250719183435787,2.242160112949731,2.2556310792355307,2.228097973416644,125987442,-0.0284143304622601,2.353721871961856,1.981376003037556,0.0429099067564449,58.80455303993908,2.0565880415096696,0.8498378425836562
2023-10-30,AAPL,2.0565880415096696,2.051915588779045,2.0700797137885725,2.050207172575232,105018738,-0.0862529378852899,2.322169473003897,1.9891929212764796,0.0521641264976076,47.61629549614837,2.0266403668592643,-0.0001559719443321
2023-10-31,AAPL,2.0266403668592643,2.01212369061523,2.035737524909748,2.002379407483712,65222985,-0.0145618247534016,2.257172220136261,1.994294891789514,0.0263806924466946,46.15733084747825,2.0531096391901795,-0.0001530736684799
2023-11-01,AAPL,2.0531096391901795,2.039655529503718,2.059987050336668,2.0369247343036103,53359886,0.013060665702586,2.2049691425498383,2.000012956305892,0.0307109270413096,47.68312019371057,2.0203701779109298,-0.2834892471631368
2023-11-02,AAPL,2.0203701779109298,2.031269220868729,2.0355373918042847,2.005813591609748,79037126,-0.0159462800496925,2.1539593249850117,2.0100722661388395,0.0307458265326185,45.948695711459386,2.1541497214254526,-0.0001566544175148
2023-11-03,AAPL,2.1541497214254526,2.167614869156722,2.170441092743445,2.140150414538562,42762700,0.0662153624009889,2.125445615536365,2.026869143512049,0.0457611172865448,53.40661762276119,2.1559901014856964,-0.8501558005809784
2023-11-06,AAPL,2.1559901014856964,2.1565898518275297,2.1659926591909526,2.152488736468073,125934211,0.0008543417581141,2.102509604545283,2.0402302967559067,0.0459431744478929,53.501667492324,2.2505467244477697,0.8498453259468078
2023-11-07,AAPL,2.2505467244477697,2.24498452905592,2.2618638929330284,2.22653721156172,41814365,0.0438576331574593,2.1024849675469945,2.0577805494230312,0.0489518738057152,58.2178166743286,2.2711310074733,-0.0001530736684799
2023-11-08,AAPL,2.2711310074733,2.2690975576468166,2.283570232653704,2.2616699111018166,45811305,0.0091463477749307,2.133133962684656,2.079640951320333,0.0303443323089779,59.18824595278797,2.3340568285074843,-0.2834903513391812
2023-11-09,AAPL,2.3340568285074843,2.340173744005048,2.355592832324391,2.322243119093498,58983341,0.0277068213269611,2.177050600062973,2.10126046957905,0.0276455723703611,62.08716973290668,2.3562743170457527,-0.0001551926136016
2023-11-10,AAPL,2.3562743170457527,2.352638192136621,2.3721946014670974,2.3356816964129705,79127847,0.0095188293048011,2.220359839756626,2.1235723199129306,0.0278404020693349,63.08421393863392,2.4622535166717725,0.8498448565602302
2023-11-13,AAPL,2.4622535166717725,2.464008861146184,2.48349050618847,2.4490774261764887,42387100,0.0449774454779501,2.283486031008175,2.147285892719097,0.0239042200325332,67.47779411563269,2.467700886975869,-0.425156144797802
2023-11-14,AAPL,2.467700886975869,2.4676064526246084,2.481679006521808,2.4563033118521003,115584781,0.0022123515175072,2.328279054658235,2.1706142891596807,0.0189852671638767,67.69064997222497,2.507559671250976,0.8498448565602302
2023-11-15,AAPL,2.507559671250976,2.503280676114987,2.5087152998427733,2.5030274906119723,55887690,0.0161521943301454,2.3785032789104177,2.194355850531468,0.0172482104549166,69.27523660845964,2.5373315464180903,-0.8501558005809784
2023-11-16,AAPL,2.5373315464180903,2.5333261700563856,2.5458610666990373,2.529131822534836,136384635,0.0118728481353593,2.4194725391918923,2.2183604664937766,0.0144899177219335,70.44134587834475,2.516014436004039,0.4248410701751709
2023-11-17,AAPL,2.516014436004039,2.518228434646665,2.531998953126348,2.5154135519739973,107100832,-0.0084013894219477,2.4544558861248547,2.2402745479676742,0.0173794777684561,68.43845303992553,2.5479202001791847,-0.0001622334122657
2023-11-20,AAPL,2.5479202001791847,2.540453101131134,2.557992766359457,2.5347646234918937,50000124,0.0126810735735758,2.485007796363669,2.2586100771371704,0.0164307287744545,69.82154960855009,2.724154735600848,0.8498443737626076
2023-11-21,AAPL,2.724154735600848,2.7278464775091185,2.732654162171668,2.7150263572582807,88032739,0.0691679964738571,2.53756214187154,2.2806240572495984,0.0267335837975582,76.06168884809759,2.702300901933745,-0.8501558989286423
2023-11-22,AAPL,2.702300901933745,2.6984778571897663,2.7150947910924144,2.686838702060096,56830642,-0.0080222438841319,2.5718546254803933,2.305382257062316,0.0263924670775768,74.01781125778835,2.7384053503523704,-0.8501530960202217
2023-11-23,AAPL,2.7384053503523704,2.7394517002778964,2.745879832063318,2.725725425739022,157689774,0.0133606321904378,2.6105266916770367,2.3303273255106274,0.0259182161495917,75.20330817001798,2.845897801863676,0.8498443737626076
2023-11-24,AAPL,2.845897801863676,2.857713649938437,2.865993154837208,2.8415166522088846,111103264,0.0392536669187684,2.6588607103359934,2.356270803226425,0.0274749660626746,78.3679483741022,2.9487298010737963,-0.0001575306057929
2023-11-27,AAPL,2.9487298010737963,2.947241942385604,2.9653733213057034,2.935235271624191,137043323,0.0361334125008914,2.717631889572523,2.382794299405767,0.028015824849621,80.88166162883991,2.9509851457978424,-0.8501558005809784
2023-11-28,AAPL,2.9509851457978424,2.959128132632684,2.966915269720368,2.934061564872253,84927189,0.0007648529625281,2.7797705624002087,2.410385403331329,0.0265315828246689,80.93399119689514,2.746614642266969,-0.28348801334699
2023-11-29,AAPL,2.746614642266969,2.731848571222787,2.7592768259993736,2.727406740661569,57613090,-0.0692550092371335,2.808155482698464,2.428359288865922,0.0442035955305163,63.872999129408925,2.793399999278652,-0.8501571372151374
2023-11-30,AAPL,2.793399999278652,2.789458263152759,2.8035301686989547,2.7775964842828182,68189188,0.0170338264027702,2.818047663223864,2.445557461034698,0.036637744874683,65.65775344728111,2.6055459020911824,-0.8501530960202217
2023-12-01,AAPL,2.6055459020911824,2.6057623340107203,2.615187065154664,2.6047827265016243,90014727,-0.0672492651378174,2.804225520389213,2.4496882865399803,0.0456549118998586,54.10075039637635,2.735895414803555,-0.8501558005809784
2023-12-04,AAPL,2.735895414803555,2.7516815095627303,2.756905758358732,2.722875390031372,132463833,0.0500277168818079,2.8038669581679527,2.4602670942902605,0.0499203900338367,59.43620264350538,2.752564197011192,-0.4251576647162437
2023-12-05,AAPL,2.752564197011192,2.736379515214476,2.762828742419192,2.7236820080449573,91716495,0.0060926240518714,2.7905335860461697,2.4727712708284764,0.0471787648195193,60.07532815115269,2.845068603809239,-0.8501571372151374
2023-12-06,AAPL,2.845068603809239,2.844247432836895,2.853864455442849,2.8433526171434145,151436009,0.0336066301009403,2.7757248435798045,2.4891487013699187,0.0468308810369599,63.51129691806814,2.7633613862120767,0.8498448565602302
2023-12-07,AAPL,2.7633613862120767,2.77543745937912,2.792062107162794,2.754892840044715,83454013,-0.0287188918705739,2.7489214493532663,2.504042674962878,0.0476352110457509,58.70545999247763,2.6275439155291744,-0.0001544862985611
2023-12-08,AAPL,2.6275439155291744,2.6213558887608985,2.6300573933640763,2.6062099602181834,99470773,-0.049149369807572,2.731911345533582,2.516603499365992,0.0438029134527969,51.70210452537784,2.651560770064524,-0.000157456099987
2023-12-11,AAPL,2.651560770064524,2.649867704944308,2.672842235808087,2.6450407606974946,53336668,0.0091404198397622,2.7116485985029923,2.536435923651154,0.0432245343075889,52.774969566027934,2.649713331267823,0.8498453259468078
2023-12-12,AAPL,2.649713331267823,2.652350370901432,2.6654151958287486,2.637480559346688,120384945,-0.0006967363590373,2.717958231242512,2.557205022464772,0.0339972603084127,52.67803357450766,2.609737753626797,-0.8501571372151374
2023-12-13,AAPL,2.609737753626797,2.611182310442349,2.620471081115713,2.5961082236417736,52113771,-0.0150867556762824,2.699935708217261,2.575759292945993,0.0271775925758027,50.51584265627439,2.6177220540407444,-0.5668250570694605
2023-12-14,AAPL,2.6177220540407444,2.6300183097562333,2.634950012791134,2.615043261935526,116906765,0.0030594263361718,2.680672544935768,2.59567102215032,0.0269685604753351,50.948894694297394,2.850057079882664,-0.0001600638031959
2023-12-15,AAPL,2.850057079882664,2.8538916077552874,2.8646987352081843,2.829387441983167,85905752,0.088754658075056,2.6813851843748293,2.6188679340988936,0.0436486140300386,61.505706170518685,2.9298063372874608,-0.8501558005809784
2023-12-18,AAPL,2.9298063372874608,2.9414766896187285,2.9559104336745627,2.9191576506870387,82851899,0.0279816351636297,2.705163034528456,2.644661808625619,0.042449621121705,64.34252256372592,3.0326938032516546,-0.4251539163291454
2023-12-19,AAPL,3.0326938032516546,3.0294184179086567,3.050049135740168,3.026451951809033,113301436,0.0351174972402617,2.763041589917381,2.670733377919082,0.034336633281932,67.65437463207721,3.118657115096797,0.849845091253519
2023-12-20,AAPL,3.118657115096797,3.11172878056868,3.1329182502732587,3.092444834816213,124605474,0.0283455295595529,2.8297696392077056,2.6989842481731983,0.0339795847473915,70.14904884986552,3.273912686787612,-0.0001552373170852
2023-12-21,AAPL,3.273912686787612,3.2716956927116243,3.293815847922364,3.260681510034834,151475846,0.049782828301083,2.918940975710533,2.730312776782536,0.0332316118502872,74.04285205413548,3.254654895095638,-0.8501558005809784
2023-12-22,AAPL,3.254654895095638,3.24333745342539,3.266244187564133,3.224413390210825,74738247,-0.0058821946503618,3.011071995920368,2.760258796050865,0.031218939005383,72.7747892771604,3.046449924419752,-0.8501571372151374
2023-12-25,AAPL,3.046449924419752,3.050868906930877,3.067782574025587,3.040950307527784,137431056,-0.0639714431750122,3.07231883454594,2.7797320096424647,0.0476783050970249,60.675954995964005,3.028451316840481,0.8498448565602302
2023-12-26,AAPL,3.028451316840481,3.0249454776043403,3.0418160905379543,3.020792839971913,140256141,-0.0059080595531859,3.097803725539914,2.7984236906379523,0.0384005373647321,59.75116851475487,3.1112643684057524,-0.0001576535403728
2023-12-27,AAPL,3.1112643684057524,3.104994029802981,3.123382003803356,3.090916436500424,159482506,0.0273450166112192,3.123726301413955,2.8185471805431117,0.0383497835464454,62.57737363476089,3.0155705574694216,0.8498378425836562
2023-12-28,AAPL,3.0155705574694216,3.0200817763242847,3.0286747622268835,3.003376215788756,155724645,-0.0307572098045031,3.121280123445065,2.8344884809114888,0.0390240303934873,57.54867641171529,2.99944096520112,-0.2834888016184171
2023-12-29,AAPL,2.99944096520112,2.9891494413301105,3.0166831054530707,2.9830641773507374,134854971,-0.0053487696477038,3.1042492448885395,2.8506026985513917,0.0369462180145915,56.72128982512474,2.9351165343751973,-0.000154361128807
2024-01-01,AAPL,2.9351165343751973,2.9419010757381794,2.9420163226493545,2.918765803381804,75368398,-0.0214454731972394,3.055849794543909,2.863509243024592,0.0281067802298351,53.42264347768232,3.079607051244063,0.5665099824468295
2024-01-02,AAPL,3.079607051244063,3.075187777660648,3.0859414310384468,3.060358615354988,123348737,0.0492282044602443,3.0308429597079694,2.875357653546033,0.0373350573952604,59.167088554879776,3.1565068889567134,-0.0001575306057929
2024-01-03,AAPL,3.1565068889567134,3.1674829766889587,3.1765128621185723,3.1458881515853347,134162626,0.0249706655534462,3.0465653832132493,2.890497853113465,0.0290313800614136,61.86291252045712,3.224754791753125,-0.8501562461256981
2024-01-04,AAPL,3.224754791753125,3.2209553445912333,3.253784488880831,3.196792700337791,74973907,0.0216213381428636,3.0746087367721997,2.9067095011601567,0.0291023544043135,64.12653050061516,3.290793799459305,-0.5668231422702471
2024-01-05,AAPL,3.290793799459305,3.2970322526968863,3.3079993832933567,3.277453127999864,137611096,0.0204787687656331,3.1002557983512777,2.921539367746677,0.0285052547699365,66.21612032853909,3.288224760582685,0.8498448565602302
2024-01-08,AAPL,3.288224760582685,3.289996084913212,3.2991594333526897,3.2754671022724007,124228550,-0.0007806745220688,3.1392063987960297,2.932855866396974,0.0234463005648479,66.05492676361493,3.309656859275327,-0.5668217952052753
2024-01-09,AAPL,3.309656859275327,3.317043039092227,3.329064223569801,3.286670501280937,98891604,0.006517832646222,3.183522955092345,2.9448115901795564,0.0223282895298296,66.78143991369137,3.194453266372771,0.8498443737626076
2024-01-10,AAPL,3.194453266372771,3.195506926999017,3.205971675702932,3.1818343848319564,143409348,-0.0348083193518075,3.2205710596634267,2.959739544316417,0.0261456408131541,59.419658959802256,2.9886192465178487,0.283175187309583
2024-01-11,AAPL,2.9886192465178487,2.973705461954438,3.011061669511105,2.949434605600968,50529677,-0.0644348195735673,3.2075728018453966,2.966246852557723,0.0337073720256831,49.02163686359405,3.0042339872122383,-0.850154758989811
2024-01-12,AAPL,3.0042339872122383,3.0133259427222523,3.0334148333726767,2.9871569645796567,122066992,0.0052247340348166,3.185819530167614,2.979536455395092,0.031665032361499,49.74016526874208,3.0360752321427995,-0.0001577258110046
2024-01-15,AAPL,3.0360752321427995,3.0352765962953305,3.054768542396621,3.0273448361728543,134341826,0.0105987899298443,3.158865307366139,2.9895424493064,0.0302712813260132,51.24913432213186,3.152466429972061,0.5665074879924455
2024-01-16,AAPL,3.152466429972061,3.1599331987614137,3.184984860601476,3.138628247527821,44844389,0.0383360717142424,3.139104254582247,3.002872523738429,0.0336518466018363,56.40191303441348,3.312117819036737,-0.2834905584653219
2024-01-17,AAPL,3.312117819036737,3.3189763520034306,3.323591824618161,3.289915763421331,88897388,0.0506433272522082,3.142517548647112,3.0184408309126787,0.0399147883870914,62.28975050282092,3.4838181039408265,-0.0001549512147903
2024-01-18,AAPL,3.4838181039408265,3.475736031100044,3.4930447849841952,3.444993792385847,102043744,0.0518400293362828,3.167397726456469,3.0424560548369706,0.0442609872530982,67.3903123319453,3.373501365150271,-0.2834886198242505
2024-01-19,AAPL,3.373501365150271,3.364243174505695,3.388029274982891,3.3595832800831382,64968553,-0.0316654703257232,3.192976026281826,3.067321303157674,0.0437651673570046,61.62320571881759,3.3361735263056453,-0.2834899668892224
2024-01-22,AAPL,3.3361735263056453,3.342732661324996,3.356072601960563,3.330596650530828,145521103,-0.0110650137066011,3.2426266376800825,3.090141728365711,0.031970916147185,59.75964047512166,3.389428460895356,-0.8501558005809784
2024-01-23,AAPL,3.389428460895356,3.386344938222288,3.394251317197842,3.377674483321755,115198027,0.0159628790798191,3.297654419634814,3.114798899353296,0.0316079943165296,61.54633279600443,3.674333001759925,0.2831741293271382
2024-01-24,AAPL,3.674333001759925,3.6846552607759984,3.702985625606378,3.652721926351084,73008893,0.0840568090318412,3.388834101008689,3.1502854076244,0.0399177659281737,69.37931326977362,3.862190942788205,-0.0001559056341647
2024-01-25,AAPL,3.862190942788205,3.86012620458564,3.868390411965662,3.8313734896243976,92432572,0.0511270864503299,3.490223317125281,3.191767703915981,0.0407380185809633,73.24875374372715,4.013367416892884,-0.0001581713557243
2024-01-26,AAPL,4.013367416892884,4.025689375257706,4.03249863895778,3.99259507802504,53442468,0.0391426722148391,3.5904018311047308,3.230544715149656,0.0399979574163779,75.88923764231932,3.962278740955109,-0.8501558005809784
2024-01-29,AAPL,3.962278740955109,3.967310492031306,3.97764827235432,3.9529884710661736,50508693,-0.012729628421942,3.6587533506782,3.264960461938577,0.0411433988602369,73.25765135966093,3.848506622692653,-0.850154758989811
2024-01-30,AAPL,3.848506622692653,3.8518314437040897,3.882760263184809,3.8160761904951954,129572551,-0.0287138098303076,3.726611244612825,3.2921542225866105,0.0405452546220573,67.63304366905987,3.952699312274169,-0.0001622334122657
2024-01-31,AAPL,3.952699312274169,3.94826425085004,3.9742576518197184,3.9472959704648254,158040955,0.0270735378151998,3.8146863568940432,3.31995562915919,0.0382206163011902,69.91142763369402,3.812484946432455,-0.0001552373170852
2024-02-01,AAPL,3.812484946432455,3.8151433267716888,3.828646306437922,3.801726959834449,73215978,-0.0354730665715734,3.875122997685057,3.337908037814018,0.0446762017151153,63.439620363588986,3.783820280217691,-0.0001593977212906
2024-02-02,AAPL,3.783820280217691,3.7973609011001432,3.820934769770467,3.772960657885599,69359424,-0.0075186306615026,3.8907640374647374,3.355546883984753,0.0342193708731573,62.17250879075707,3.771199693110815,-0.0001598820090293
2024-02-05,AAPL,3.771199693110815,3.770586321147596,3.7992321819838,3.7521294667498415,122068413,-0.0033354087066074,3.877765287510825,3.379705209607789,0.0274204147182151,61.58922970103761,3.968576572387704,-0.5668228084842364
2024-02-06,AAPL,3.968576572387704,3.974900591746868,3.987843407595764,3.9499627923748655,101315806,0.0523379548522595,3.871366595438656,3.411042718126029,0.0310235811648094,66.8303101759827,3.9246422998619326,-0.4251566655933857
2024-02-07,AAPL,3.9246422998619326,3.925188140010756,3.944830080052282,3.9189766098743126,56732264,-0.0110705366834684,3.865989960996774,3.438155315841235,0.0309269517181826,64.71362917142346,3.631899574655421,-0.4251574970781803
2024-02-08,AAPL,3.631899574655421,3.6332572227649633,3.6393610676556136,3.625845659314853,120074591,-0.0745909315651035,3.835046096991455,3.4586996164141017,0.041007495170207,52.72957953697397,3.695339987381823,-0.2834893604119619
2024-02-09,AAPL,3.695339987381823,3.714445753436217,3.729085173057991,3.671963448989153,65176875,0.017467556969116,3.798280479149692,3.481896250486792,0.0398002170543376,54.687912288142485,3.6123713199757135,-0.850154758989811
2024-02-12,AAPL,3.6123713199757135,3.625394605271156,3.628516285288928,3.610359661143818,53810723,-0.022452241928866,3.7696928182273,3.504471410006809,0.0386376840153073,51.67287658524733,3.618874415958727,0.8498448498547078
2024-02-13,AAPL,3.618874415958727,3.619736473264751,3.629684146189592,3.607376966042217,95709993,0.0018002291035399,3.746129123333162,3.522446988830631,0.0387780541366551,51.89673139752504,3.6103219667912816,-0.0001577258110046
2024-02-14,AAPL,3.6103219667912816,3.612644711704912,3.631289652281221,3.603455189477556,128729211,-0.00236328984773,3.7231465910018,3.5375741580917834,0.0387896388863087,51.55848695126242,3.581156059213717,0.8498443737626076
2024-02-15,AAPL,3.581156059213717,3.573615535793992,3.583074794355144,3.5659431451083403,102538384,-0.0080784782758547,3.667800803405517,3.54945420034047,0.0293296723534002,50.35320822121876,3.670084969386591,-0.4251551054418087
2024-02-16,AAPL,3.670084969386591,3.668180508570356,3.681580915465219,3.661289730895367,117794659,0.0248324587653963,3.631435470480468,3.562097239338046,0.032888242289811,53.89245984414246,3.503719188390047,0.8498453259468078
2024-02-19,AAPL,3.503719188390047,3.5069713172852857,3.522000559515313,3.4873787963404856,68555217,-0.0453302259714031,3.613123986728272,3.5692803869316245,0.0237642495667734,47.124296289522746,3.448897637159696,-0.0001541197299957
2024-02-20,AAPL,3.448897637159696,3.457698674757298,3.4752367495090035,3.435873900542722,99250347,-0.0156466738008023,3.577917936696539,3.5739217461944373,0.0217892774407709,45.113707050934224,3.524095231576714,-0.0001541689038276
2024-02-21,AAPL,3.524095231576714,3.532016208947318,3.533505435180562,3.51589091257599,125552513,0.0218033709109863,3.5653070669252536,3.5849098117012352,0.0237708377542131,48.367845556379976,3.45943381563673,0.8498450085520745
2024-02-22,AAPL,3.45943381563673,3.447921590771838,3.461741980767293,3.4277946344610144,103399598,-0.0183483736082392,3.542529838307825,3.6006036306718645,0.0242673930601512,45.85050372870267,3.294537562707158,-0.0001602351665496
2024-02-23,AAPL,3.294537562707158,3.3041936816201685,3.3131273467770628,3.292356115605522,68755466,-0.0476656764422653,3.497417780581522,3.6102804165216953,0.028718207463166,40.11649106629681,3.3658445722642103,0.849841584265232
2024-02-26,AAPL,3.3658445722642103,3.364948177043532,3.3905040398276083,3.3425222061685,154575403,0.021644011701132,3.466658996731592,3.621272727859076,0.0315605259663992,43.41216139881298,3.4874538900417646,-0.0001622334122657
2024-02-27,AAPL,3.4874538900417646,3.4771276295133786,3.5090711494952567,3.4709559664434924,48079671,0.0361304020927346,3.4405688425394745,3.6324389765280656,0.0337550970497809,48.6068668687868,3.4839018642373034,-0.0001602351665496
2024-02-28,AAPL,3.4839018642373034,3.497869364071536,3.5082902883567906,3.4530032493947505,149307740,-0.0010185154890803,3.43773779623194,3.638165111368085,0.0291616681471395,48.46691550088625,3.281606707783638,-0.0001541197299957
2024-02-29,AAPL,3.281606707783638,3.2960124262968,3.3130579843061763,3.2814748970235934,126946632,-0.0580656873634275,3.41383909203536,3.6314247314961783,0.0363652328974459,41.19259079075406,3.3576639215562527,0.424842545390129
2024-03-01,AAPL,3.3576639215562527,3.3603206427373262,3.3734895698172727,3.344967734616476,53437998,0.0231768217660619,3.390063190603865,3.630896816709711,0.0365466653250906,44.56156637221195,3.186750222993795,-0.0001573488116264
2024-03-04,AAPL,3.186750222993795,3.193526467500579,3.224296155390915,3.1672805606253966,70623330,-0.050902562780387,3.3511083916548747,3.625916039932649,0.0402209398176822,39.13579904706324,3.220206520453728,-0.0001622334122657
2024-03-05,AAPL,3.220206520453728,3.227620555292076,3.2304373407249822,3.2030249487279683,84250246,0.0104985628363751,3.340489671332956,3.620275308584596,0.0372735338555566,40.65894550516114,3.131548156237585,0.8498426750302315
2024-03-06,AAPL,3.131548156237585,3.144660939372586,3.157310134323274,3.112731493186675,154912889,-0.027531887676462,3.307018754757724,3.602182480400517,0.0365593658510862,37.94873185498008,3.018940434459961,-0.28348801334699
2024-03-07,AAPL,3.018940434459961,3.025534420991412,3.04228817009436,3.0157690450074988,102012571,-0.0359591218654344,3.2400882611031805,3.574074130122909,0.0312785317541587,34.77782840139068,2.9774675691365804,-0.850154758989811
2024-03-08,AAPL,2.9774675691365804,2.965608122772592,2.98486509559009,2.955616570742542,70970467,-0.0137375566771655,3.16774050466022,3.5395441351976986,0.0303496520480238,33.662226758044184,2.961376557408193,-0.8501558005809784
2024-03-11,AAPL,2.961376557408193,2.979231950066294,2.98025908607806,2.942481695142988,150397101,-0.0054042609549073,3.1219933403208704,3.5061807290794684,0.0260859834311985,33.21701029059591,2.9038947733502907,0.8498450130224228
2024-03-12,AAPL,2.9038947733502907,2.913178439764928,2.914594429681109,2.879742553392872,54160089,-0.0194104947289143,3.057169176291448,3.474693667434723,0.0202002446724375,31.60871147786294,2.9583199563362266,0.424842545390129
2024-03-13,AAPL,2.9583199563362266,2.9537979494621425,2.97040910403979,2.940516822218179,137987599,0.0187421333188131,3.024536281054652,3.4415476889034577,0.0197908642911456,34.826317056659605,2.91934129980961,-0.2834911887844404
2024-03-14,AAPL,2.91934129980961,2.910323818818453,2.93387940000928,2.898609615718151,139682832,-0.0131759434753264,2.9815555352483494,3.4117762340160303,0.0175163691834681,33.60684618782554,3.00845447103533,-0.0001612342894077
2024-03-15,AAPL,3.00845447103533,3.013010595700543,3.030761022029353,2.9890883336026866,86377924,0.0305250952437563,2.963970723076599,3.3859307070432845,0.0228529144272529,38.87638523160051,3.0355551560784533,-0.28349163432916
2024-03-18,AAPL,3.0355551560784533,3.0330211349958613,3.039662908994272,3.015325110628788,45174456,0.0090081752288566,2.9663442547363834,3.361409222475539,0.0188253903085367,40.424975795141,2.9739835200104805,-0.0001584582030773
2024-03-19,AAPL,2.9739835200104805,2.9769277222438992,2.9922480291235094,2.958125571491869,146345248,-0.0202834845364876,2.965846533432655,3.328256120729632,0.0198124321038524,38.06535317757925,2.899168315337078,-0.8501571372151374
2024-03-20,AAPL,2.899168315337078,2.905634100015994,2.916401662133405,2.875077137801093,156090620,-0.0251565632996979,2.95695964170821,3.294073654578803,0.0219966365405588,35.364192691008824,2.76048773387632,0.5665066609779993
2024-03-21,AAPL,2.76048773387632,2.7557967662250134,2.782313215359326,2.746417577719728,85378935,-0.0478346085417376,2.936472921783357,3.2650265932195,0.0275035572666972,30.976259847659197,2.786509611728736,-0.850154758989811
2024-03-22,AAPL,2.786509611728736,2.7771794747807097,2.789273272285772,2.7619822574831008,62288454,0.0094265507986428,2.91192858683943,3.234732247364397,0.0262540354274623,32.664552149702146,2.7577773221418207,0.8498378425836562
2024-03-25,AAPL,2.7577773221418207,2.7609693264053035,2.780345073298235,2.746583596933099,72543152,-0.0103112113685083,2.8888480186011742,3.206245780769934,0.0261860184540174,31.741362346455503,2.569861844791975,-0.425158017873764
2024-03-26,AAPL,2.569861844791975,2.56574964549872,2.589009123459071,2.5632630813689894,56371740,-0.0681401924082476,2.826191929137838,3.1712786950643754,0.0285626379881962,26.47179780828263,2.5277846300444167,-0.0001580148935317
2024-03-27,AAPL,2.5277846300444167,2.528892526089482,2.5437824773727966,2.512912680557048,113187115,-0.0163733372799129,2.753653282561547,3.135194117172813,0.0254237608182697,25.45284377384381,2.458616390105094,0.4248423844575881
2024-03-28,AAPL,2.458616390105094,2.4487082169195635,2.478276592679784,2.4340813732869258,102230922,-0.0273631855804531,2.680029406860777,3.0977761282025256,0.0253211215291116,23.829079975415382,2.583948330189263,0.5665083895126978
2024-03-29,AAPL,2.583948330189263,2.581993448799836,2.591871543116908,2.580721445364917,82708210,0.0509766145660532,2.634997980411089,3.0615715735626154,0.0387840869524075,32.26166590743793,2.447690096757506,-0.8501551061868667
2024-04-01,AAPL,2.447690096757506,2.452940038747576,2.4681021256943043,2.43330328121093,118079876,-0.0527325689294168,2.59031260367983,3.02637060384153,0.0394988946540694,28.55986241896963,2.335317373731565,0.8498453259468078
2024-04-02,AAPL,2.335317373731565,2.339562507868814,2.350141518656107,2.330147879186584,114688907,-0.045909702038997,2.525856569680234,2.9892512617272597,0.0390124210770095,25.91854816092136,2.424491344069178,-0.8501564688980578
2024-04-03,AAPL,2.424491344069178,2.418757242839948,2.431851225560862,2.4175562798481214,41349848,0.0381849470828556,2.4782442870984283,2.952597798810342,0.0456455539022217,31.344792325710685,2.5384147428614283,-0.0001573786139488
2024-04-04,AAPL,2.5384147428614283,2.5295181243655183,2.5541891960413774,2.5198831472806886,143621943,0.0469885772415443,2.4737518439654926,2.9218971630511645,0.0450265554376334,37.63007194223443,2.476026586172281,-0.4251596853137016
2024-04-05,AAPL,2.476026586172281,2.4761436801170453,2.481466226993355,2.462608952918703,135492296,-0.0245776057141947,2.466357837698045,2.8946134638333354,0.0455998913272183,35.702445027990805,2.4248369272494723,-0.0001549616456031
2024-04-08,AAPL,2.4248369272494723,2.428918166380305,2.4356346701336067,2.416427409701726,142586114,-0.0206741152169708,2.461532200147242,2.863246542332844,0.0450480620486359,34.15639097383793,2.4761418532386896,-0.8501552797853946
2024-04-09,AAPL,2.4761418532386896,2.4791516666062576,2.498486028535681,2.4760208980075253,154517316,0.0211580933186352,2.4461312748685886,2.8295361411060758,0.0404804934281029,37.09649743238985,2.29415140086019,0.8498448565602302
2024-04-10,AAPL,2.29415140086019,2.290626484186973,2.300460792732422,2.2780324530987355,47368181,-0.0734975874425221,2.4241971754546863,2.789877792326838,0.0450346962997327,31.690745557152127,2.1527679027476623,-0.8501558005809784
2024-04-11,AAPL,2.1527679027476623,2.1546913434489787,2.1570615122413623,2.1526653057677945,72437101,-0.0616277975636291,2.3981186795998437,2.752249832158972,0.0475425988990501,28.247005111116607,2.132424620468958,-0.0001530736684799
2024-04-12,AAPL,2.132424620468958,2.1420355998558933,2.146882116147952,2.1179412122400105,95127314,-0.0094498260833132,2.3563948619426687,2.711408522122729,0.0425462374073184,27.7792426752458,2.250234196117439,-0.2834934224685033
2024-04-15,AAPL,2.250234196117439,2.251619066889043,2.2664524586959494,2.245012306008128,101201210,0.05524677145332,2.3152262124078136,2.68019132122685,0.0446891734997394,34.539687291408,2.2170906279491898,-0.4251539163291454
2024-04-16,AAPL,2.2170906279491898,2.2062281170015154,2.229667142430816,2.193488480925078,134350481,-0.0147289416476894,2.2782353612330857,2.646754124810032,0.0445363495756233,33.58713348912785,2.225678512094355,-0.0001622334122657
2024-04-17,AAPL,2.225678512094355,2.227035287972838,2.22951057131094,2.2254166052955315,126931892,0.0038734926019281,2.2497841590680694,2.616558470005258,0.0449608025200566,34.09431752326172,2.3125055573812263,-0.5668232510487239
2024-04-18,AAPL,2.3125055573812263,2.326685542946158,2.3374042576141565,2.3108294840619843,124746227,0.039011494613913,2.226407545374146,2.5930106407693003,0.0475405929774262,39.15373806265157,2.482998810321784,0.8498446956276894
2024-04-19,AAPL,2.482998810321784,2.4734090407496283,2.492020433703889,2.4662302469584865,59022291,0.0737266349031529,2.253385746725802,2.5765283488088078,0.0466745901027943,47.65174338250799,2.434725902310382,-0.0001596473157405
2024-04-22,AAPL,2.434725902310382,2.43494301652266,2.4458508315888867,2.422353329945733,121315670,-0.0194413737979786,2.293665460949048,2.558973326972213,0.0373265729787355,45.705348005865154,2.434295712836964,-0.0001530736684799
2024-04-23,AAPL,2.434295712836964,2.4326428107140834,2.4501917588147504,2.4103153211428263,135508737,-0.000176689077407,2.336789902715906,2.5433200249551025,0.0363279570045424,45.687438233015335,2.587295459317706,0.5665108839670817
2024-04-24,AAPL,2.587295459317706,2.588039691953181,2.60538806814563,2.57787341097774,130249210,0.062851750374417,2.384941511744515,2.530952541721152,0.037659451028527,52.77519558301083,2.4573336580011698,-0.8501571372151374
2024-04-25,AAPL,2.4573336580011698,2.4587656850634216,2.466130700299789,2.44977881555666,109956635,-0.0502307538354388,2.419261944609084,2.5155522869942035,0.0449212422838272,47.14696376109661,2.547409888405313,-0.8501530960202217
2024-04-26,AAPL,2.547409888405313,2.556121816134718,2.561180600770368,2.5466579981678032,50595525,0.036656084578035,2.465223569796364,2.5001841342398703,0.0451957677224011,51.04393992341381,2.460116304335926,0.283176136513551
2024-04-29,AAPL,2.460116304335926,2.460742034571556,2.470431495295029,2.4503854303731134,57968862,-0.0342675846814871,2.4863108193613206,2.481002839181785,0.048515546471915,47.39671259302266,2.469845714902486,0.283177520831426
2024-04-30,AAPL,2.469845714902486,2.479309617035081,2.4894032719536536,2.460912632194294,129177898,0.0039548579672481,2.484431805729993,2.464198245678186,0.0395495156742352,47.84402567168308,2.450736380444478,-0.425158017873764
2024-05-01,AAPL,2.450736380444478,2.4498713514344184,2.458390155431826,2.435183772805945,144187550,-0.0077370559394485,2.4867190168920064,2.449250514515099,0.03883618602417,46.998691946006986,2.3756242582097533,-0.0001598820090293
2024-05-02,AAPL,2.3756242582097533,2.373128877967917,2.376624058441808,2.3662007002552934,139043203,-0.0306487971672833,2.4783373805166904,2.4364217319928803,0.0407274964692031,43.72821294417963,2.300862484252084,0.8498453259468078
2024-05-03,AAPL,2.300862484252084,2.296243390189763,2.3035928456494994,2.2821451966968245,91204151,-0.0314703698193455,2.437418384078744,2.420233494410325,0.0294337399591508,40.69293245622482,2.322862019219938,-0.850154758989811
2024-05-06,AAPL,2.322862019219938,2.3101994918832567,2.3433964487879564,2.291578595952557,61194321,0.0095614297327313,2.4182081499671395,2.4057363176462627,0.0264536394267748,41.96940854534582,2.399735778238644,0.5665051500002543
2024-05-07,AAPL,2.399735778238644,2.4017211858021588,2.4029181699693782,2.398013209127964,111016508,0.0330944147274498,2.3971118485147582,2.4000654487611515,0.0254742605800893,46.31740364780909,2.390625842275472,-0.8501564688980578
2024-05-08,AAPL,2.390625842275472,2.405356880784458,2.41454503880874,2.383762170682693,63447563,-0.0037962245867995,2.387184639648979,2.395493489168853,0.0227370596409961,45.878706206900674,2.3968882845912995,-0.000158978998661
2024-05-09,AAPL,2.3968882845912995,2.400183302332572,2.418141071237175,2.3756191324527456,135408144,0.0026195827908672,2.376762149604524,2.393435885651727,0.022666029171265,46.25555538406131,2.440408402545466,0.4248388037085532
2024-05-10,AAPL,2.440408402545466,2.4454362345860323,2.445688317066294,2.431389353542082,134260767,0.0181569238057279,2.3752867241903792,2.388651221396933,0.0240362947849614,48.917520612822095,2.369964447675065,0.8498443737626076
2024-05-13,AAPL,2.369964447675065,2.367027839006884,2.374928214826872,2.3544338207771456,46139973,-0.0288656418314756,2.374478179828281,2.386060366427519,0.0236683618633132,45.0297001292178,2.425431938398241,-0.850154758989811
2024-05-14,AAPL,2.425431938398241,2.423654096365804,2.433670823653676,2.404577096086415,152285939,0.0234043556128402,2.392273816134875,2.3890641852497416,0.0204096564195576,48.50046016422091,2.4881397265331646,-0.850154758989811
2024-05-15,AAPL,2.4881397265331646,2.495489503343709,2.506577724236868,2.4830510124755385,135533715,0.0258542765691194,2.4158849171796217,2.3911857979985407,0.0215493057552069,52.17669868209801,2.6961326435479904,-0.4251566655933857
2024-05-16,AAPL,2.6961326435479904,2.712379757031408,2.7193223872157897,2.67795104166394,85389990,0.0835937446747139,2.4582273265095287,2.39644306135476,0.0348756433801688,61.89328282756246,2.664426628744369,0.8498411081731319
2024-05-17,AAPL,2.664426628744369,2.676320213051336,2.6889388874973044,2.6567070938914683,94142803,-0.011759812663333,2.497341724576514,2.4027230627738296,0.0357955365709548,59.89550989226073,2.6267425500149737,0.5665123696128528
2024-05-20,AAPL,2.6267425500149737,2.633088061011207,2.6383616556322163,2.612928717557472,49459369,-0.0141434101892137,2.530178048208467,2.409453250199346,0.0373768545379814,57.51913013511884,2.692300878594911,0.2831787114342053
2024-05-21,AAPL,2.692300878594911,2.6925847864022394,2.693193121011398,2.6844698434759,152359249,0.024958033507914,2.566162687644102,2.416658551044553,0.0375982829455264,60.45834335309242,2.7636632824628835,-0.8501558005809784
2024-05-22,AAPL,2.7636632824628835,2.76540205985188,2.765444620254114,2.749383414050678,52098769,0.0265061028042363,2.622405378328076,2.4323089470979764,0.0323598531469493,63.42488009259907,2.71867709678766,0.2831778099139531
2024-05-23,AAPL,2.71867709678766,2.712531467512886,2.726449759979088,2.711422730526142,150691070,-0.016277737581379,2.6642975438122787,2.4511725868993097,0.035522897897551,60.35108888020359,2.6858771078378854,-0.0001575306057929
2024-05-24,AAPL,2.6858771078378854,2.674208307856542,2.692850157195814,2.6729500611431645,118537421,-0.0120646872659245,2.692545741141525,2.469621003144941,0.0368087318529887,58.13871094960928,2.731909626113344,0.8498448565602302
2024-05-27,AAPL,2.731909626113344,2.722674692272585,2.7525330873743337,2.7136582662861217,150245640,0.0171387284031452,2.697656738650861,2.485676850811471,0.0197425787819688,60.33628403260966,2.6651094140520564,0.8498378425836562
2024-05-28,AAPL,2.6651094140520564,2.6655075816745297,2.6665166305911514,2.6575619040541247,84490205,-0.0244518381657902,2.6977542794091023,2.500610810348233,0.0217073976312734,55.761574269352735,2.6330680195018954,0.5665074879924455
2024-05-29,AAPL,2.6330680195018954,2.6307615130453814,2.6438245462660426,2.618265346845184,147483362,-0.0120225437579483,2.6986579179072336,2.514190460595151,0.0214868973779984,53.65995732436513,2.641222633773153,0.5665095041195551
2024-05-30,AAPL,2.641222633773153,2.629579265704605,2.655208934773857,2.628661628477888,91135779,0.003097000993085,2.6913610257898397,2.5251476964748822,0.0187624810866845,54.13375013261491,2.7206765567603672,-0.000154361128807
2024-05-31,AAPL,2.7206765567603672,2.720371922233168,2.73654047274111,2.7165681516936053,82010813,0.0300822512919742,2.6852200649751943,2.533070288022835,0.0197112226316234,58.57764177289979,2.6734371154335004,0.2831742857893308
2024-06-03,AAPL,2.6734371154335004,2.67088320508918,2.6837472665826416,2.66750007208277,80445685,-0.0173631228634972,2.678757210496029,2.5410273284602725,0.0198454132149023,55.15598113768296,2.533067825919913,-0.425156144797802
2024-06-04,AAPL,2.533067825919913,2.524155108819952,2.533238528841725,2.5149170364689617,154237146,-0.0525051772129775,2.656927313079176,2.544319732229704,0.0275698494098813,46.469816791370455,2.389641628066206,-0.0001602351665496
2024-06-05,AAPL,2.389641628066206,2.386987842545364,2.402527855847748,2.381953846589824,95864627,-0.0566215386678878,2.608031884786727,2.537731271187987,0.0303175748967796,39.60637991076132,2.29686779610656,-0.0001576662063598
2024-06-06,AAPL,2.29686779610656,2.294656236272332,2.304021630638789,2.2916014815676493,97428519,-0.0388233243303189,2.555425939365942,2.5323824091248333,0.0312566511349324,35.9116111223704,2.202775341648186,-0.2834903692205747
2024-06-07,AAPL,2.202775341648186,2.198700402388476,2.215807454715622,2.188624117698152,117225934,-0.0409655508331262,2.493955556815412,2.520894590899596,0.0318426897633636,32.59089056358525,2.192581680140082,0.4248434215784072
2024-06-10,AAPL,2.192581680140082,2.198677080220542,2.2021041546867823,2.179047852542669,106700708,-0.0046276446423613,2.429863992010688,2.511976770093068,0.0308355936279197,32.2430393611678,2.112055037200713,-0.4251553133130074
2024-06-11,AAPL,2.112055037200713,2.099997938712164,2.124005081239792,2.088564094879468,104936699,-0.0367268611558518,2.342918060645023,2.5000504141696758,0.0185277210076371,29.559044150668228,2.0657204634915103,-0.8501544483006
2024-06-12,AAPL,2.0657204634915103,2.053414146657033,2.0762208644727744,2.048777818315734,85487342,-0.0219381469199845,2.2561013960818816,2.487216550271243,0.0178548738071565,28.109126382153548,2.0160750382865107,0.4248410701751709
2024-06-13,AAPL,2.0160750382865107,2.016094911450538,2.0243393532294545,2.005275530175667,59708970,-0.0240329832048467,2.182245283562824,2.475231576273801,0.016680589360307,26.603390757028308,1.9887944316581807,-0.000158978998661
2024-06-14,AAPL,1.9887944316581807,1.9893679633151644,1.992723429569154,1.977126482448429,159347824,-0.0135315432760457,2.124981398361677,2.4648293078540044,0.0137587355266094,25.785972442866267,2.0739368286189945,-0.2834918548663457
2024-06-17,AAPL,2.0739368286189945,2.0764517785908194,2.089832696815252,2.061645847730489,98954638,0.0428110596075155,2.093134117292025,2.45653180150064,0.0280557090376069,32.73281065466296,2.119015727163177,0.849842357635498
2024-06-18,AAPL,2.119015727163177,2.1155894471414736,2.131809290651437,2.1118945082552307,156670266,0.0217359072475702,2.081168458079881,2.447174466464791,0.0280747092275311,36.14108708628842,2.1209463926770145,-0.000154361128807
2024-06-19,AAPL,2.1209463926770145,2.115105791127525,2.1294853175278035,2.1108798118077927,95273567,0.0009111142919275,2.0709348455851573,2.438185151478176,0.028170993584493,36.28997441420673,2.0918798447730427,-0.0001561403274535
2024-06-20,AAPL,2.0918798447730427,2.091833931361464,2.0963157899826785,2.085646568598176,111931324,-0.0137045179474265,2.0680526752383472,2.428018203484234,0.0249241224468349,34.96813181129508,2.065298595280446,-0.0001585140824317
2024-06-21,AAPL,2.065298595280446,2.062562623172524,2.068185253474085,2.058440809663,105488469,-0.0127068720314003,2.0679924083510524,2.415514543242067,0.0238597224826249,33.75718268968025,2.086592692348561,-0.0001538850367069
2024-06-24,AAPL,2.086592692348561,2.096302055123357,2.1009708301932832,2.075513666398228,155890474,0.0103104205448913,2.0780663589313453,2.406068818064517,0.0214530472254172,35.6788396250673,2.1238690227370163,-0.0001559056341647
2024-06-25,AAPL,2.1238690227370163,2.121803174099686,2.1382036959274267,2.1160125694140848,53280403,0.0178646894169358,2.097362729085465,2.3960167208758087,0.0201463738549534,39.01406623347244,2.068650674789813,0.5665108839670817
2024-06-26,AAPL,2.068650674789813,2.0683206102898484,2.073891759003362,2.066375803384114,102101883,-0.0259989421927929,2.096607564252724,2.382033752484364,0.0179052820737642,36.03341070365602,2.0717174283303623,0.8498448565602302
2024-06-27,AAPL,2.0717174283303623,2.0871025290369927,2.0999771759854053,2.0689396596429743,58423254,0.0014824898074494,2.089850664419465,2.36121991197711,0.015196229311977,36.32437782540075,1.9542774939755896,-0.425159016996622
2024-06-28,AAPL,1.9542774939755896,1.9531356473921253,1.9646153453314816,1.9513584858172903,144163776,-0.0566872357922961,2.066040821747833,2.3375482741514837,0.0250492381431703,30.586602147367827,1.967632246328077,0.849842357635498
2024-07-01,AAPL,1.967632246328077,1.9709151828740248,1.98233229551102,1.9601850527202505,103629301,0.0068336008543599,2.048291164827124,2.315577930695254,0.0259151420295812,31.903865362015125,2.013480791676208,0.8498453259468078
2024-07-02,AAPL,2.013480791676208,2.017384786565015,2.0289236509550896,2.0134287106576307,150765284,0.0233013793272047,2.04088862145509,2.2929505944646302,0.0283778549780003,36.368403001346266,1.997593546070048,-0.0001602351665496
2024-07-03,AAPL,1.997593546070048,2.0019766756792774,2.010404674238844,1.9901098337816605,73052205,-0.0078904381267694,2.028174457701016,2.2674149365848693,0.0277530579977622,35.499865710012386,2.107392364992258,-0.0001598820090293
2024-07-04,AAPL,2.107392364992258,2.1092225547509287,2.1177024752465683,2.102512971035522,59546545,0.0549655454875803,2.025820649451765,2.247038778858356,0.0355021822102415,45.23422209892167,2.052588241801645,-0.2834934224685033
2024-07-05,AAPL,2.052588241801645,2.0537818678078104,2.057575274471612,2.0419937014110845,115483802,-0.0260056570864601,2.0235260161677413,2.2259291499904807,0.0355029838820189,41.84001235182668,2.067051349974294,-0.566821656624476
2024-07-08,AAPL,2.067051349974294,2.0676735383620644,2.082346293752253,2.0507660947295063,57492871,0.0070462783904259,2.0228594335454457,2.203767207452513,0.0356187224137722,43.05442044101012,2.065666936315828,0.2831748699148496
2024-07-09,AAPL,2.065666936315828,2.062097501637736,2.078165693197184,2.050832938349041,84730165,-0.0006697529108232,2.0387722110226227,2.183785791527972,0.025579493861214,42.9619478059537,2.0604642537493505,-0.4251566655933857
2024-07-10,AAPL,2.0604642537493505,2.062476413320871,2.0699463051288096,2.0512337808206174,77663082,-0.0025186454190705,2.0520339263685186,2.16469899933622,0.0259064790709166,42.59172188628,2.0545820891937647,-0.8501551166176795
2024-07-11,AAPL,2.0545820891937647,2.067086147402435,2.080981823074792,2.0483571339654945,66488169,-0.0028547763179498,2.0579055402995983,2.145144314516908,0.0250158505511736,42.14947019556979,2.061562397999736,-0.0001578867435455
2024-07-12,AAPL,2.061562397999736,2.069050086898109,2.0866752141476463,2.049228932756294,55686146,0.003397434856794,2.0670439477181253,2.12317384255822,0.0245446925254703,42.9070853758323,2.11083986654909,-0.0001561090350151
2024-07-15,AAPL,2.11083986654909,2.1127644333815137,2.121444986616137,2.094358115237766,118767374,0.0239029721327699,2.06753644794053,2.1044206009287394,0.0148493909363973,48.07674201709977,2.193610937915511,-0.8501530960202217
2024-07-16,AAPL,2.193610937915511,2.199243010733869,2.2088428223732177,2.1871230180199417,130980616,0.0392123877694896,2.087682547385368,2.0931053713285928,0.0159890505161531,55.38444163796174,2.194348344234302,0.2831756969292958
2024-07-17,AAPL,2.194348344234302,2.1886265200857875,2.206258512234315,2.1867893199799746,87268920,0.0003361609417811,2.1058678322796545,2.0865955952008624,0.0163674933541505,55.44460498822827,2.2453926614443644,0.8498425140976905
2024-07-18,AAPL,2.2453926614443644,2.243637805206593,2.2501551499848,2.228260530408839,73723837,0.0232617202023472,2.131542935869445,2.084879757378789,0.0165853760856059,59.51439107825957,2.2027343331839235,0.2831788678963979
2024-07-19,AAPL,2.2027343331839235,2.2089979173673853,2.209939218308266,2.202524858689557,58913496,-0.0189981596506156,2.151867232931527,2.084878390429981,0.0198545461065166,54.99350271106619,2.251324367098851,0.849844615161419
2024-07-22,AAPL,2.251324367098851,2.261368654320598,2.267733327921535,2.240589576470676,121244541,0.022058962437242,2.179973272632254,2.0868364799952728,0.0194470325791406,58.8298045603726,2.204534242936017,0.283175187309583
2024-07-23,AAPL,2.204534242936017,2.199436040316701,2.217054665187745,2.1980854496314803,137057077,-0.0207833774851067,2.2003978219088656,2.0899191201864498,0.0232726659145381,54.05187240791723,2.2742998405944546,-0.8501571372151374
2024-07-24,AAPL,2.2742998405944546,2.271000366149351,2.279982612055288,2.269136899421293,105762852,0.0316464114277141,2.2237492467724893,2.096871766089881,0.0242165356429547,59.35272592746243,2.423917055984373,0.8498421967029571
2024-07-25,AAPL,2.423917055984373,2.439779477961254,2.452555246387848,2.4111857798771026,91811045,0.0657860554353342,2.2566501207823264,2.110466500013143,0.0306195892121416,67.90435763733117,2.4159639460900424,-0.8501564688980578
2024-07-26,AAPL,2.4159639460900424,2.4166616372165843,2.428815866408496,2.403165254417515,117803673,-0.003281098202059,2.288309492476004,2.1247054838275385,0.0309324740161955,67.09627445406042,2.2654070335180068,-0.0001530736684799
2024-07-29,AAPL,2.2654070335180068,2.277799004630821,2.2877014210169584,2.2574072233833187,149808440,-0.0623175328488219,2.291168688486524,2.131087823990838,0.0417823144653464,53.99629085723193,2.2281165573323003,-0.850154758989811
2024-07-30,AAPL,2.2281165573323003,2.2294992639731825,2.233607573475297,2.2163183930455936,158762512,-0.0164608282900036,2.294794720507721,2.13472451832981,0.0415801433068113,51.32346755722869,2.315011386618397,0.2831750308473905
2024-07-31,AAPL,2.315011386618397,2.3167211170886297,2.3261607084126967,2.2979140234568534,63208111,0.0389992296409011,2.3038928661533697,2.141193351461189,0.0433709108377874,56.70190143474434,2.3562020271664808,0.2831783180435498
2024-08-01,AAPL,2.3562020271664808,2.3540426324201253,2.3592204738347577,2.346442481275296,97207604,0.0177928457657619,2.325559692472008,2.150004090874304,0.0420080424429719,59.013771655201246,2.375331903005036,0.849841584265232
2024-08-02,AAPL,2.375331903005036,2.382048546898948,2.3872295222378703,2.354398380930004,145162028,0.0081189454970296,2.339992844244948,2.160338534465124,0.0409440708250116,60.07984033585148,2.450028930314831,-0.0001530736684799
2024-08-05,AAPL,2.450028930314831,2.4600087131523614,2.4613718859048626,2.4446038552254885,115938463,0.0314469852466914,2.3437231120064426,2.1724530757306657,0.034225594428153,64.01567168615429,2.487530885907833,-0.0001530736684799
2024-08-06,AAPL,2.487530885907833,2.479807085864456,2.4901328023414937,2.4762870346998733,137909196,0.015306739903754,2.353946960551841,2.18457513783636,0.0344639508285349,65.83678999892524,2.5817872868527183,0.2831748445828755
2024-08-07,AAPL,2.5817872868527183,2.579057429787817,2.585899303998945,2.5625327414350867,159500914,0.0378915500019958,2.399144139599657,2.20167969157179,0.0195906060354566,69.95274972298729,2.65667056043948,0.2831741293271382
2024-08-08,AAPL,2.65667056043948,2.6639637469680664,2.678126791235062,2.646526828563536,52469898,0.0290044319174127,2.4603661400435395,2.2211781293087607,0.0118941911278312,72.76056887224695,2.7851796138615152,-0.4251544371247291
2024-08-09,AAPL,2.7851796138615152,2.7840971651866337,2.7964061696999045,2.7618456426610103,113483977,0.0483722202277037,2.527533029649699,2.2488748666382907,0.014006111175827,76.77208239303869,2.8179693095213767,0.8498403370380401
2024-08-12,AAPL,2.8179693095213767,2.8137982741971057,2.823612698589149,2.81250515173466,103801757,0.0117729195979572,2.593499784271827,2.2772194354114017,0.0148161406102854,77.6754835294885,2.8993334151975403,-0.0001552373170852
2024-08-13,AAPL,2.8993334151975403,2.9081144130998324,2.9293131266318264,2.896599554007363,74167713,0.0288733115017434,2.6683571431564705,2.3067478561954453,0.0125472993401064,79.77727745231205,2.872934265473121,-0.0001568734645843
2024-08-14,AAPL,2.872934265473121,2.882444711039615,2.892870225202573,2.872134750961504,118441943,-0.0091052479808089,2.7287721910362257,2.335925880175548,0.0189378784720717,77.23646716701393,2.8217507704289058,0.424842545390129
2024-08-15,AAPL,2.8217507704289058,2.817944436681592,2.8434268194170835,2.803808281177154,52463695,-0.0178157557098809,2.776517888824951,2.3597378270234364,0.024537152832462,72.42054458991886,2.972975804888617,-0.0001602351665496
2024-08-16,AAPL,2.972975804888617,2.974869886537046,2.9868099243366952,2.9573332256019143,99457863,0.0535926262675299,2.83240196283008,2.390417412459669,0.0271874548966237,76.98638191980952,2.9943556932868245,0.2831786309679349
2024-08-19,AAPL,2.9943556932868245,2.983499883130896,2.994721516738751,2.974169599224328,89762634,0.0071914101564671,2.880642696093986,2.4213275572367525,0.0273227968710882,77.55219763236377,3.070386337624243,-0.0001602351665496
2024-08-20,AAPL,3.070386337624243,3.062137920564832,3.0892646796432204,3.060263563386754,86831570,0.0253913202455788,2.9213865137743755,2.454818203947033,0.0242055405976263,79.48395129323053,3.0832892201626514,-0.8501571372151374
2024-08-21,AAPL,3.0832892201626514,3.084437732127919,3.1096425359209534,3.0723112481299024,113700879,0.004202364497359,2.9592893581517004,2.488912369494144,0.0245030825489888,79.80162199717256,3.0307873786142303,-0.0001584582030773
2024-08-22,AAPL,3.0307873786142303,3.031072940500429,3.046051570842319,3.022581034345368,153261055,-0.0170278679032425,2.978068495782656,2.521452545808159,0.0257182544217536,74.73104943991464,3.032991931108069,0.8498453259468078
2024-08-23,AAPL,3.032991931108069,3.024194348954268,3.046556569110069,3.00787255512146,153692338,0.0007273860612573,3.000933876587649,2.5538335302451034,0.0249731522616077,74.80344584896832,3.163359885073381,0.5665085459748903
2024-08-26,AAPL,3.163359885073381,3.1565652354966747,3.174021868736712,3.14121343655674,124098503,0.042983284138736,3.049735178679717,2.58891753086258,0.0250556377815345,78.69139008332928,3.217373018379865,0.283177520831426
2024-08-27,AAPL,3.217373018379865,3.2070930833220475,3.2284727742553447,3.204721457923265,79721532,0.0170746090450695,3.0846490663213237,2.623042933544725,0.0192221653946981,80.06394965512038,3.059813135108656,0.4248420692980289
2024-08-28,AAPL,3.059813135108656,3.063990329490988,3.0800227839911667,3.051055615211201,155904385,-0.0489715933996828,3.094000129438728,2.651891759907203,0.0300146346067693,66.58945448613375,3.0409661832894312,-0.8501558005809784
2024-08-29,AAPL,3.0409661832894312,3.023015610515267,3.0560205672526366,3.0041657251343,159804617,-0.0061595107240284,3.0897972502480404,2.6784108773020394,0.0285074607635978,65.1764410614006,3.20909437221266,-0.0001545593142509
2024-08-30,AAPL,3.20909437221266,3.199355631829339,3.2142900599414297,3.191714874492683,141547637,0.0552877535590885,3.1077694148266133,2.7119562119363305,0.0357000991745364,71.0733347538109,3.189165217817369,-0.8501571372151374
2024-09-02,AAPL,3.189165217817369,3.171341532655848,3.190377345017012,3.1628600317661286,144777064,-0.0062102113817081,3.1303948204270617,2.743217573626948,0.0347446776811502,69.56949345795407,3.020581316143929,-0.0001530736684799
2024-09-03,AAPL,3.020581316143929,3.024378373565208,3.027803783410741,3.0039221617344767,138055767,-0.0528614512448548,3.1286218754321844,2.770419142733878,0.0417626435390175,58.32669133206703,3.2069751364320696,-0.8501558005809784
2024-09-04,AAPL,3.2069751364320696,3.1896311714141574,3.2131632836614767,3.179716232583171,131214335,0.0617079299576979,3.134852625626283,2.8015083192617984,0.0454034038813143,65.05155747545425,3.280172214879124,-0.425159016996622
2024-09-05,AAPL,3.280172214879124,3.280484446585434,3.28779612177638,3.279558604699897,127075874,0.0228243361214488,3.143823939411891,2.830050157891624,0.045754529513522,67.28425262246128,3.2740830728839736,0.5665105665723482
2024-09-06,AAPL,3.2740830728839736,3.2901868863666097,3.3138931791995176,3.268169463194164,116606332,-0.0018563482635239,3.1744339305226505,2.8586541287847544,0.0397997558141158,66.9013542247968,3.2374052552568515,-0.0001530736684799
2024-09-09,AAPL,3.2374052552568515,3.2536580071527266,3.2587047760835266,3.221023363966059,117529509,-0.0112024700689143,3.2024966550894254,2.8910540695093827,0.0401929562075472,64.51961636052027,3.3489323647671583,-0.0001622334122657
2024-09-10,AAPL,3.3489323647671583,3.3307887778485554,3.356253030994361,3.325096588784884,86771998,0.0344495361923598,3.22247351116864,2.928414596423878,0.0368868823939077,68.2240302868141,3.294110973107353,-0.8501539275050163
2024-09-11,AAPL,3.294110973107353,3.2970599561369927,3.303513107197443,3.27044966610687,146423450,-0.0163698115365243,3.237465761924351,2.961051249306843,0.0376707414039344,64.65081254624842,3.4144253919719088,0.2831788723667462
2024-09-12,AAPL,3.4144253919719088,3.4042950858530303,3.427522388771956,3.3930899883334167,116158215,0.0365240940110354,3.293729201328348,2.996325361467024,0.0287973626591811,68.5445791440412,3.474123587605768,0.2831758191188176
2024-09-13,AAPL,3.474123587605768,3.4616882814711176,3.4946348464571058,3.4459689215828377,113609172,0.0174841119018804,3.331893265781734,3.032951750953715,0.0215530182290432,70.29311980186228,3.501915765244223,-0.4251573339104652
2024-09-16,AAPL,3.501915765244223,3.5007236785777427,3.517995013462907,3.477441061648182,129020123,0.0079997665418714,3.3635709158338907,3.068014645451362,0.0209981898403483,71.09858250290723,3.5188196529944133,-0.850154758989811
2024-09-17,AAPL,3.5188196529944133,3.53178605818226,3.5630331703336973,3.506237069920781,49034608,0.0048270400784502,3.3985332844210965,3.102390937687581,0.0205386739102034,71.60290804455869,3.5019871964530984,-0.8501558005809784
2024-09-18,AAPL,3.5019871964530984,3.508287189552376,3.53777970940547,3.49492114368331,150268586,-0.0047835519296907,3.436330704591989,3.133064268007594,0.0195249291190838,70.28763376316321,3.611659565385719,-0.0001602351665496
2024-09-19,AAPL,3.611659565385719,3.603911028660857,3.640316858210536,3.600316619788208,109907622,0.031317181582988,3.473863161823212,3.164897234839135,0.0189369342801289,73.68002232105489,3.52219530134194,-0.8501552797853946
2024-09-20,AAPL,3.52219530134194,3.529645103640831,3.550767109974202,3.50457186585185,153327991,-0.024770957069489,3.506446637285296,3.189464424421816,0.0211029781050472,66.96351285525276,3.3585229036539137,-0.5668226967255275
2024-09-23,AAPL,3.3585229036539137,3.3359162661886828,3.3685997297705845,3.322979527119609,52340218,-0.0464688592440253,3.498460567525582,3.2074828775595665,0.0262678218310191,56.76802121665528,3.423390725587326,0.8498378425836562
2024-09-24,AAPL,3.423390725587326,3.415657842597647,3.4393954880966944,3.393314390668826,68035022,0.0193143902228087,3.491213015808662,3.22495145457256,0.0265028034266327,59.40599457151276,3.4908970655290283,-0.0001584582030773
2024-09-25,AAPL,3.4908970655290283,3.4822687038018927,3.5026944283721906,3.46690660336358,153916128,0.0197191455351974,3.489638915849348,3.2455502145744237,0.0275732115167559,62.004353027180485,3.543222207814729,-0.2834891741474469
2024-09-26,AAPL,3.543222207814729,3.544054730657632,3.5625629096628955,3.5334340609350043,123139642,0.0149890246843389,3.493124995109393,3.2695992624872843,0.0281388385101042,63.931503967855605,3.588041117276473,-0.5668255026141802
2024-09-27,AAPL,3.588041117276473,3.5858578520564364,3.593165924269845,3.576944687314908,117600277,0.0126491952333369,3.5054184123698757,3.29010143956688,0.0282785782626234,65.54358733800538,3.555702724099119,-0.000158941745758
2024-09-30,AAPL,3.555702724099119,3.5541936366402225,3.562650161468148,3.5477991118107948,88517752,-0.0090128268100507,3.497424577900361,3.308813007260623,0.025737135843735,63.34367901276573,3.639495629426524,0.2831779231627782
2024-10-01,AAPL,3.639495629426524,3.6375879565279337,3.640549042682604,3.614980015152026,106677553,0.0235657792085628,3.514181767626731,3.3277833169873654,0.0250663394602712,66.48284988128404,3.636119780374621,0.849841584265232
2024-10-02,AAPL,3.636119780374621,3.636364206611174,3.6573331904404975,3.632841153960273,105554459,-0.0009275595839731,3.553838464301118,3.346211002327764,0.0119924312331208,66.23674201389852,3.587481855728132,-0.5668239350120227
2024-10-03,AAPL,3.587481855728132,3.5932949858591705,3.611801259644666,3.563234804203072,63738535,-0.0133763262995362,3.577280054321232,3.364767484898228,0.0145264912594896,62.63894228618149,3.557405816209907,0.283176672955354
2024-10-04,AAPL,3.557405816209907,3.558999509392299,3.559079567287684,3.556765094431213,107989977,-0.0083836074237427,3.586781304418501,3.3822479477349554,0.0142418363487177,60.45228346405119,3.7653558378841465,0.4248438976705074
2024-10-07,AAPL,3.7653558378841465,3.762143780566152,3.7813887566501663,3.745750940639164,101892045,0.0584555241706417,3.6185146801427033,3.402314479495314,0.02548605974665,68.61122743553193,3.5800154964674205,0.8498378425836562
2024-10-08,AAPL,3.5800154964674205,3.5843302916695614,3.5946953413080203,3.578411306265401,77569082,-0.0492225301927569,3.6173681628842673,3.414402562098233,0.0334822882422895,57.2705376577471,3.63619385473322,-0.000156158208847
2024-10-09,AAPL,3.63619385473322,3.645205690791262,3.662668257532337,3.619012795197124,81103720,0.0156922109195432,3.628866895831996,3.433615252752385,0.0336562312231941,59.45796479782984,3.4585859227558404,-0.0001622334122657
2024-10-10,AAPL,3.4585859227558404,3.452816732800817,3.4594305397901675,3.4482235175683926,132144950,-0.0488444618391805,3.6030226520218975,3.447535910734598,0.037442603469926,50.63291618046016,3.448383396539927,0.424841546267271
2024-10-11,AAPL,3.448383396539927,3.447768866369444,3.449519049940298,3.4345354105348656,121046340,-0.0029499126069951,3.5762031686169418,3.4555122115455075,0.0373987936208663,50.17223490634488,3.4047893891546965,-0.2834893604119619
2024-10-14,AAPL,3.4047893891546965,3.4166575305658475,3.4358259376521314,3.3764653739101766,96390798,-0.0126418679051094,3.550104244820737,3.4626996839234185,0.0373787747925076,48.15608621201648,3.2002302247298577,-0.0001557134091854
2024-10-15,AAPL,3.2002302247298577,3.189642960579754,3.218346389055677,3.1697624515893232,112529175,-0.0600798290421201,3.499079160323587,3.4686879808762825,0.0424914335955285,40.02782058917057,3.2406839179628832,0.8498443737626076
2024-10-16,AAPL,3.2406839179628832,3.25822932611524,3.2802674249675707,3.235955389275626,68949484,0.0126408696850679,3.424126028906264,3.4698116069273097,0.0315499223219747,42.108871194492885,3.2042512983471947,-0.000156158208847
2024-10-17,AAPL,3.2042512983471947,3.1913783311477024,3.216439286732478,3.1749838651220683,99916850,-0.0112422626019603,3.370445429174803,3.467280909709579,0.0290049242669163,40.737838846934494,3.007602816580527,-0.0001538850367069
2024-10-18,AAPL,3.007602816580527,3.004486657848308,3.030838569524604,2.9936814900838145,107413130,-0.0613711171368182,3.280646709438704,3.458398234499464,0.0298724768449883,34.25477745767252,3.08996116359022,-0.2834900220235188
2024-10-21,AAPL,3.08996116359022,3.081153013025084,3.0991144465309874,3.0807693733745256,70328920,0.0273833853844205,3.227986029557901,3.4534834314439093,0.0339269008201406,38.65772710599861,3.2349478391748088,0.2831736420591672
2024-10-22,AAPL,3.2349478391748088,3.256181328307193,3.2677639335534066,3.220779195805298,60337679,0.0469218439678149,3.1974952356485984,3.449683947257498,0.041405448580763,45.56861796627913,3.395605148735804,-0.0001602351665496
2024-10-23,AAPL,3.395605148735804,3.3904776148870948,3.419389478919153,3.370711935673921,103089175,0.0496630293742159,3.1961832013030422,3.4530670864451127,0.046686748694301,52.01919782825304,3.43727274611044,0.4248401559889316
2024-10-24,AAPL,3.43727274611044,3.432108163138042,3.439673442014288,3.422508490628825,152894664,0.0122710372818668,3.2300464186431257,3.4538286649163976,0.0382756494851703,53.556492283305865,3.4437637347795858,0.8498411081731319
2024-10-25,AAPL,3.4437637347795858,3.439933421583625,3.4700839280754643,3.414852568251113,95403626,0.0018884124562097,3.2590578210455114,3.452816669822192,0.0384094424791295,53.804796170965965,3.5918925264763795,0.4248420692980289
2024-10-28,AAPL,3.5918925264763795,3.5929227115099325,3.593313994767629,3.568029852480808,148171865,0.0430136336592423,3.3144351393496807,3.4558158951965963,0.0390285888394339,59.16961754977326,3.791431736157933,-0.2834925209482511
2024-10-29,AAPL,3.791431736157933,3.7876959424058767,3.8028955563351183,3.7769296155912815,142151905,0.0555526670719461,3.42641069928931,3.4649029646353804,0.0204324309039517,65.0566492856856,3.936272209291768,-0.8501530960202217
2024-10-30,AAPL,3.936272209291768,3.934702973383718,3.94188465796678,3.922875207607113,129369991,0.0382020522095987,3.5473122772466743,3.4793791317300022,0.0202735436060739,68.59615138812391,3.817616971773688,-0.4251551054418087
2024-10-31,AAPL,3.817616971773688,3.7771974563328383,3.832223319094327,3.75947701179766,147320480,-0.0301440630142368,3.6305507247608,3.486244378609602,0.0310230925224213,62.96902989799755,3.844556255586849,0.2831726928551991
2024-11-01,AAPL,3.844556255586849,3.845215518202056,3.8644039452990806,3.8356872622243032,89353855,0.0070565706335503,3.694686597168092,3.4969897437510986,0.0293642000943157,63.6971632435376,3.900889931122266,-0.2834894677003224
2024-11-04,AAPL,3.900889931122266,3.90109831613366,3.902262800023905,3.8948956849095855,131109898,0.0146528420421874,3.760917623598353,3.5150686446667105,0.0292969200542466,65.2365081865189,3.684728938385847,-0.0001545161008834
2024-11-05,AAPL,3.684728938385847,3.696209471892837,3.701124784489156,3.6750988718854978,57368129,-0.0554132509640513,3.795341224113533,3.523779918426661,0.0405788013460675,55.50993179995458,3.743191273536099,0.4248434215784072
2024-11-06,AAPL,3.743191273536099,3.757891470090478,3.767712765940917,3.718055732990594,78356794,0.0158661155617765,3.81695533083635,3.5321897253602303,0.0381700457240033,57.36156135089616,4.029259741034591,-0.0001576535403728
2024-11-07,AAPL,4.029259741034591,4.02699076743009,4.039170196353759,4.016011383192231,107994591,0.0764236841224119,3.850930760104444,3.5483909764675587,0.0431296799892117,65.03084331758444,4.118557148642923,0.8498448565602302
2024-11-08,AAPL,4.118557148642923,4.1286422070006985,4.143410820111589,4.10950218743722,44570741,0.0221622365763403,3.8769714657260375,3.5660748441797736,0.0417561297654845,67.02470768111544,4.327298991076023,-0.0001602351665496
2024-11-11,AAPL,4.327298991076023,4.312998538659364,4.352962512111799,4.309401372126509,131829720,0.0506832453452494,3.949783182769228,3.5917947197456708,0.0408649243047081,71.16378927302836,4.35588509839241,-0.0001575946807861
2024-11-12,AAPL,4.35588509839241,4.365912463620156,4.3696439063687045,4.353850706076448,151040315,0.0066059931091746,4.022830160312879,3.6156743687112,0.0408868096071075,71.68789355340564,4.347115545404026,-0.8501564688980578
2024-11-13,AAPL,4.347115545404026,4.33964969006667,4.363839944612486,4.301059368148807,52636787,-0.0020132654535861,4.086576676638845,3.639374227545514,0.041640829847998,71.26000322143615,4.402411627926314,0.566504483918349
2024-11-14,AAPL,4.402411627926314,4.386765050198503,4.418916472538611,4.367382890140964,159041470,0.0127201777695442,4.189102775144626,3.666538553285453,0.0277080917493304,72.37949240386263,4.292133881953776,-0.0001575306057929
2024-11-15,AAPL,4.292133881953776,4.289744167592295,4.304084742550992,4.258639739350032,50579372,-0.0250493945802343,4.267523147775723,3.6910294888102486,0.0338522781031956,66.79177574731568,4.165281784541198,-0.8501571372151374
2024-11-18,AAPL,4.165281784541198,4.182781871663392,4.192925641797883,4.137128533751689,55242491,-0.029554552793874,4.286954868276667,3.704360353698817,0.0276580513870448,60.96174693139572,4.337362858898414,-0.8501552797853946
2024-11-19,AAPL,4.337362858898414,4.339718118975228,4.359610387314144,4.327557524162263,131489548,0.0413131891810703,4.3182128268845945,3.729605265779851,0.0304370506481487,65.37679213384516,4.53430386109404,-0.0001612342894077
2024-11-20,AAPL,4.53430386109404,4.554660457052338,4.573691528335912,4.509695644137615,122273922,0.0454057012526833,4.3477849511728826,3.7595422659918776,0.0292400420145333,69.61251258156773,4.392065709714749,-0.0001566678285598
2024-11-21,AAPL,4.392065709714749,4.382200259880473,4.425284605510623,4.342906230918314,152326295,-0.0313693470346674,4.352953609933217,3.790658258890508,0.0326612819317955,63.56416206458314,4.534858675933651,-0.2834905584653219
2024-11-22,AAPL,4.534858675933651,4.549114245951289,4.567459912810018,4.501264463732264,91017584,0.0325115732906864,4.379774057151734,3.8268741015369656,0.0345693849534922,66.69285175843015,4.523795675193368,0.2831776817639669
2024-11-25,AAPL,4.523795675193368,4.514944958925408,4.541343117764505,4.494360041871462,108703222,-0.0024395469695658,4.397114635332742,3.864174311071588,0.0345945941486655,66.21843127956278,4.574828752685024,-0.0001593977212906
2024-11-26,AAPL,4.574828752685024,4.577921272940423,4.60408993936452,4.562170816368133,57822448,0.0112810306114179,4.437499616865778,3.909994262003427,0.032072982844833,67.37147322240773,4.643044473836145,0.2831750308473905
2024-11-27,AAPL,4.643044473836145,4.646062677866691,4.681849144502884,4.607678718298905,123020409,0.0149110982812383,4.505751429622198,3.956739613865869,0.0270351310236484,68.89956404837933,4.789851035722633,0.8498413495719432
2024-11-28,AAPL,4.789851035722633,4.799356376323209,4.826931405679044,4.787188393395393,159772157,0.0316185991139548,4.570392597739945,4.00959293844505,0.0257360852353705,71.94473548481764,4.804103720276557,-0.8501530960202217
2024-11-29,AAPL,4.804103720276557,4.807717472111379,4.815824944664112,4.781506677387214,111623687,0.002975600795855,4.6089354347660185,4.0694763019015845,0.0219833993409257,72.22903241545977,5.015990065346709,-0.0001615673303604
2024-12-02,AAPL,5.015990065346709,5.004866838452193,5.0632204345523135,4.987516806898356,151987462,0.0441052811111983,4.698067485570584,4.133677265293468,0.0171476582836736,76.10558120457303,5.066300443377571,0.8498450130224228
2024-12-03,AAPL,5.066300443377571,5.079680141882656,5.117739488350098,5.039915260336151,87227822,0.0100299995365689,4.773987738062573,4.194722352100226,0.01634299757553,76.92907172842433,5.16554666180358,0.4248410701751709
2024-12-04,AAPL,5.16554666180358,5.192381520624203,5.231492664247032,5.12160542973595,157913065,0.0195894853720606,4.86566645043546,4.253720402535818,0.0141602104448224,78.50298691587643,5.038900812251293,-0.850154758989811
2024-12-05,AAPL,5.038900812251293,5.030075629635489,5.067836936557386,5.003851120387709,104400426,-0.0245174146792177,4.931962458944928,4.307108004740513,0.0218694322233224,71.77406515165491,5.38192882598754,-0.0001593336462974
2024-12-06,AAPL,5.38192882598754,5.352297560743751,5.420507389388708,5.351293868243117,57267550,0.0680759607139376,5.037517366395126,4.371713507780779,0.029939941599669,77.41969511638766,5.464937107814297,-0.0001530736684799
2024-12-09,AAPL,5.464937107814297,5.473123357927561,5.496350202347364,5.426927080579433,83510281,0.015423519059921,5.133958233836792,4.434148327158709,0.0296699722137311,78.53836855546331,5.590591238095628,-0.850154758989811
2024-12-10,AAPL,5.590591238095628,5.585036755467978,5.620418701463236,5.547667941369476,99030943,0.0229927861569823,5.246313593525231,4.4941203105566325,0.0287762113086008,80.14215202896722,5.319216310754546,0.2831787114342053
2024-12-11,AAPL,5.319216310754546,5.317124217405194,5.345615517826507,5.292870736417915,48042602,-0.0485413645504735,5.289631628583494,4.540218447272058,0.0371363528445434,68.27556242959463,5.18317060997322,-0.0001557134091854
2024-12-12,AAPL,5.18317060997322,5.1918189025654975,5.228040086215715,5.140550574959886,147492899,-0.0255762677870919,5.306327366668586,4.585736901878709,0.0393457607216409,63.22161959715834,5.394226700429777,0.8498453259468078
2024-12-13,AAPL,5.394226700429777,5.386841047737259,5.429587182226958,5.348006421040438,68700331,0.0407194951388349,5.338995943615186,4.637392583373473,0.0414997599254798,67.26939844333896,5.446602528649053,0.849845091253519
2024-12-16,AAPL,5.446602528649053,5.442209539168195,5.45655866890794,5.397256029617937,121019013,0.0097096082771424,5.397239045957723,4.688916336624367,0.0391240735416012,68.20460197823446,5.12842017542661,-0.5668237100044886
2024-12-17,AAPL,5.12842017542661,5.126879810574776,5.140276975764038,5.115191191202311,150397294,-0.0584185006247119,5.361023524449018,4.737039377859059,0.0380117101216346,57.46297371200866,5.307842935519041,-0.000155472010374
2024-12-18,AAPL,5.307842935519041,5.331246604689096,5.351669554115127,5.283155315158618,92152216,0.0349859711090276,5.338581499835411,4.78919443325849,0.040507207758542,61.176115656214,5.215956865611588,-0.8501558005809784
2024-12-19,AAPL,5.215956865611588,5.216427390885655,5.249399138782777,5.178575643833768,113119914,-0.0173113769611699,5.285062303766262,4.828751004077723,0.0389574757993554,58.36620378092369,5.462596557351369,-0.4251539163291454
2024-12-20,AAPL,5.462596557351369,5.44234659860566,5.496526945156883,5.399218830357534,102003308,0.0472856080091186,5.305545196137237,4.873552317701338,0.0396611663859689,63.24611607593649,5.448981384244205,0.8498453259468078
2024-12-23,AAPL,5.448981384244205,5.429432425499537,5.492830351063516,5.421706112639374,131698817,-0.0024924361453787,5.343518163890235,4.910941730806944,0.0376539799472037,62.80846393366463,5.487096219316198,0.8498413495719432
2024-12-24,AAPL,5.487096219316198,5.489388123246461,5.521937792055835,5.47960265524137,44632192,0.0069948550718492,5.356785238016867,4.948648768171071,0.0347856234155263,63.568489045778506,5.696309615737691,0.5665098215142885
2024-12-25,AAPL,5.696309615737691,5.677008900995833,5.726453162280701,5.659468498422645,83156174,0.0381282536444322,5.392457679029529,4.99362190384886,0.0372734006274795,67.49505898275456,5.538553151690421,-0.0001538850367069
2024-12-26,AAPL,5.538553151690421,5.512594448986219,5.545189167609268,5.47606880459842,113382061,-0.027694503053595,5.451048104210074,5.031493287974329,0.0292221420939125,62.06315183363703,5.36872672977111,-0.0001584962010383
2024-12-27,AAPL,5.36872672977111,5.378962786957887,5.410182244213801,5.325739538396313,50964070,-0.0306625967591335,5.459745789103226,5.067379716234908,0.0308833741956675,56.76679194714177,5.337317571523295,-0.2834920903046926
2024-12-30,AAPL,5.337317571523295,5.348277727583227,5.393671194140629,5.307624954648751,115845260,-0.0058503924354432,5.477083032804899,5.106447575800977,0.0299772687783153,55.81803724115513,5.479059340149169,0.4248413115739822
2024-12-31,AAPL,5.479059340149169,5.473008214405725,5.509789395151814,5.467596404703705,40335235,0.02655674254463,5.479434858918871,5.144504125176002,0.0256645967644165,59.13709678436922,5.258350548276949,-0.0001549616456031
2025-01-01,AAPL,5.258350548276949,5.262983038760852,5.292514343813927,5.248335120692106,41458875,-0.0402822415619631,5.45220188235212,5.168639014748766,0.0300506091402717,52.520896571003846,4.989522271771743,-0.0001570597290992
2025-01-02,AAPL,4.989522271771743,4.992338183172291,5.025898636875166,4.960732927854012,59195761,-0.0511240690473356,5.381119889845769,5.188554233483999,0.0340480333630981,45.79963693775588,5.127033977381802,-0.0001557134091854
2025-01-03,AAPL,5.127033977381802,5.136299851363293,5.154377249038268,5.109542745483773,119668752,0.0275600945581568,5.29979479865207,5.208293410198938,0.031545982920957,49.368951826124025,5.029766255256715,0.8498443737626076
2025-01-06,AAPL,5.029766255256715,5.038891507235833,5.074815092645021,5.02466013414554,102158814,-0.0189715384282977,5.227110956304398,5.2251590962010495,0.0311071170785334,47.01068466171333,4.968788207814598,-0.8501530960202217
2025-01-07,AAPL,4.968788207814598,4.9299453729973095,4.995267896170486,4.91513186995858,97876050,-0.0121234356324981,5.169976881739181,5.238291078038702,0.0301524296420366,45.54196039474832,4.687410668767128,-0.0001559056341647
2025-01-08,AAPL,4.687410668767128,4.684028716615674,4.700520426247783,4.660783925135646,107315719,-0.0566290063651612,5.0771330384883,5.239769951203068,0.0345983302849459,39.42158119497449,4.586542144247484,-0.0001584582030773
2025-01-09,AAPL,4.586542144247484,4.593668312404768,4.601952292615243,4.5694994775001785,99364450,-0.0215190286594142,4.949630581930917,5.232992988153897,0.0285561298573562,37.47718613291918,4.587252870405625,0.8498378425836562
2025-01-10,AAPL,4.587252870405625,4.581604265879363,4.597449168375854,4.574490384997257,81202281,0.0001549590379394,4.853759485092157,5.225764626491531,0.0289720237125792,37.500577617634434,4.725429081321835,-0.8501539275050163
2025-01-13,AAPL,4.725429081321835,4.725942300334972,4.733819050759946,4.7121161293293286,40878309,0.0301217776346371,4.816031886456456,5.21607926035737,0.0301833305033511,42.040607976613614,4.613685436320802,0.8498443737626076
2025-01-14,AAPL,4.613685436320802,4.624075917038345,4.642557885364673,4.585776458768533,43352137,-0.0236473012456627,4.742696380590599,5.200992093455477,0.026265089279096,39.53919816547136,4.862594882521175,0.2831772317488988
2025-01-15,AAPL,4.862594882521175,4.863775402396412,4.869603892015276,4.844871511509426,122684007,0.0539502420864796,4.718814755914093,5.190893700812731,0.0366699613665046,47.09097043796104,4.758207997055644,-0.850154758989811
2025-01-16,AAPL,4.758207997055644,4.779732979745651,4.793221770937792,4.744399867789999,129232011,-0.0214673210471952,4.688731868662813,5.181537273639541,0.0371713248567679,44.57637032831952,4.656978336314653,-0.2834924091895421
2025-01-17,AAPL,4.656978336314653,4.672723388001246,4.692154400925034,4.651294964435396,68778657,-0.0212747447786291,4.684384392598174,5.157372257317112,0.0309617023962609,42.221785149297006,4.892707286085094,-0.8501545518636703
2025-01-20,AAPL,4.892707286085094,4.890966986999758,4.9076278954792425,4.8805977986885045,69151014,0.0506184338312785,4.728122270003547,5.138297929926138,0.0346010452801042,48.9801097450066,4.928456234150662,-0.0001530736684799
2025-01-21,AAPL,4.928456234150662,4.925528048496387,4.954633105000933,4.9005833795507305,88943264,0.0073065781325685,4.776865607681409,5.116226763127973,0.0343743411260445,49.936491404633365,4.844581021775907,-0.8501558005809784
2025-01-22,AAPL,4.844581021775907,4.803155143578,4.858150038177692,4.779083202359621,117349276,-0.0170185568035605,4.793887313460563,5.1004055868286855,0.0345754187198142,47.67826633900608,4.822898646870743,-0.8501530960202217
2025-01-23,AAPL,4.822898646870743,4.8181745858599925,4.826751164978195,4.79791955005612,107097608,-0.0044755934120419,4.823774914967697,5.088396521391936,0.0327239776119979,47.08548550773351,5.030026371585257,-0.000160901248455
2025-01-24,AAPL,5.030026371585257,5.009605436930718,5.074836596836767,4.969245854505942,44407694,0.0429467297325241,4.847693699119708,5.0762565104304525,0.0302528758446528,53.08604580312557,5.268621711229889,0.2831763555606206
2025-01-27,AAPL,5.268621711229889,5.272118435534338,5.315423373508835,5.2491336537198094,91700569,0.0474342124710245,4.920609944001744,5.07032381651648,0.0313080448463854,58.871859768566765,5.134875069583796,-0.5668242643276851
2025-01-28,AAPL,5.134875069583796,5.137229985593995,5.163937066910863,5.099902039952756,130319520,-0.0253855085782713,4.988880905897335,5.070538979655053,0.0321312696889956,54.79252494749014,5.129979415368031,-0.425158017873764
2025-01-29,AAPL,5.129979415368031,5.140688592481479,5.17038231506293,5.128740132769412,110834740,-0.0009534125269694,5.022776924366326,5.064610195650019,0.028129879905419,54.64326928877976,5.1464204166735925,-0.0001559056341647
2025-01-30,AAPL,5.1464204166735925,5.167983976970191,5.172888114849901,5.133136572973895,136829254,0.0032048864087657,5.053914664726745,5.062292314018753,0.0281680897655836,55.08575152495315,4.9968880349680695,0.8498453259468078
2025-01-31,AAPL,4.9968880349680695,4.99649423877163,5.029286076370372,4.960325014510689,123404649,-0.0290556094525549,5.0756728094684815,5.046768696605977,0.0301438140297317,50.28121468355378,4.990401305230404,0.4248413115739822
2025-02-03,AAPL,4.990401305230404,5.024541882848875,5.032220303995438,4.9570888159373645,147967936,-0.0012981539094475,5.09960176066272,5.031482693972183,0.0300041681801954,50.07716907358037,4.993188684808689,-0.0001602351665496
2025-02-04,AAPL,4.993188684808689,4.996670706586807,5.018608260939342,4.959252276640269,108669318,0.0005585481823602,5.094339233980352,5.015019109488599,0.0249917347585201,50.17074430032355,5.163100980490397,0.849845091253519
2025-02-05,AAPL,5.163100980490397,5.142806641849238,5.171560099331267,5.110969436835933,108314669,0.0340288153337067,5.079264843874711,4.99724548831369,0.0208516901188718,55.63034759586291,5.352074165100821,-0.0001575306057929
2025-02-06,AAPL,5.352074165100821,5.343049414015701,5.390413768337558,5.301570562425586,106903051,0.0366007144397309,5.110293286091429,4.991029522094037,0.0226928057686962,60.777552266894574,5.30172624758587,0.8498411081731319
2025-02-07,AAPL,5.30172624758587,5.295797644691701,5.3108158196295925,5.269646708864683,71746488,-0.0094071785931617,5.134828547836834,4.988796172687861,0.0233496071657585,58.81972481793047,5.270493142061541,-0.5668221424023311
2025-02-10,AAPL,5.270493142061541,5.279855548329689,5.290676061486307,5.259629359574117,92329329,-0.0058911199986138,5.152553222892256,4.986568691705803,0.0237130169948534,57.58057017490139,5.374998676665206,-0.0001536145806312
2025-02-11,AAPL,5.374998676665206,5.359724275784595,5.379045807073734,5.342448310290568,60245460,0.0198284167698941,5.20656902884899,4.983100002923004,0.0192559270251284,60.57351932715537,5.286929263334031,0.8498443737626076
2025-02-12,AAPL,5.286929263334031,5.282203131090252,5.310360355529982,5.260719782488267,91604142,-0.016385011165401,5.248930165720936,4.98405262675824,0.0215244103024607,56.92822460171457,5.379463614804417,-0.4251584962010383
2025-02-13,AAPL,5.379463614804417,5.376864683811236,5.393518501991512,5.348939548182595,57970960,0.0175024757967032,5.304112298577469,4.997050671525996,0.0214381789758419,59.67419263404879,5.368060487977735,0.8498443737626076
2025-02-14,AAPL,5.368060487977735,5.360843869173485,5.390862850325113,5.321902918651913,98915918,-0.0021197516412787,5.333392228218517,5.00508488854586,0.0191713085457837,59.17354068383525,5.226009617370371,0.4248434215784072
2025-02-17,AAPL,5.226009617370371,5.238731011135392,5.254176702275279,5.2039810247869,154498247,-0.0264622335991742,5.315383007114167,5.011626333949649,0.0169350418066218,53.18720386925579,5.087934404592177,0.8498448565602302
2025-02-18,AAPL,5.087934404592177,5.097723408062499,5.122754691291319,5.082183474901902,94249349,-0.0264207728051734,5.284841315257926,5.015597873842235,0.0190503698792449,48.09410672894419,5.305763168620361,0.849845091253519
2025-02-19,AAPL,5.305763168620361,5.324331755437834,5.336326937665696,5.294398328077611,128634537,0.0428128090314174,5.289879890480614,5.036209623837342,0.0264346869106081,55.35703881806814,5.283475699574008,0.2831782837708791
2025-02-20,AAPL,5.283475699574008,5.278228809072964,5.333072091460518,5.233628666700136,92682950,-0.0042006151307633,5.276805179467585,5.059440742348227,0.0251491003346343,54.51650816892546,5.54200890303376,0.4248436629772186
2025-02-21,AAPL,5.54200890303376,5.562002158491905,5.575999787602555,5.541629016644748,148710073,0.0489324108144562,5.313245127996118,5.091265943435831,0.0305404740893008,61.768289365494574,5.459898051191454,-0.0001530736684799
2025-02-24,AAPL,5.459898051191454,5.437556196096783,5.465264454683121,5.392644964559279,65244408,-0.0148160808253767,5.324735761765695,5.115748242431485,0.0311512256120493,58.57406671989945,5.509356986345697,0.8498448565602302
2025-02-25,AAPL,5.509356986345697,5.486409672100524,5.5185904184800165,5.4842737684837415,140115913,0.0090585821732422,5.344920975818261,5.145603960765649,0.0311595203463612,59.91859947278492,5.909483898585211,-0.0001573488116264
2025-02-26,AAPL,5.909483898585211,5.887965074025117,5.913394741153952,5.867249691776943,126980550,0.072626789883317,5.442560158848953,5.180500261301116,0.036920917017254,68.75407859524677,5.722128541108802,0.2831757893164952
2025-02-27,AAPL,5.722128541108802,5.722286672576768,5.747812751740452,5.678553388521282,146653390,-0.0317041827495738,5.533159321208471,5.212630946102889,0.0380246550338303,61.87606627018469,5.39637875646707,-0.0001602351665496
2025-02-28,AAPL,5.39637875646707,5.415844219643693,5.428347587317478,5.376012962001954,55954296,-0.0569280788261722,5.546104405186571,5.237277626774636,0.045016377433971,52.114381565815904,5.626779439123834,0.5665122086803118
2025-03-03,AAPL,5.626779439123834,5.616615077087512,5.672881629944619,5.573827173142355,147374169,0.0426954246642992,5.595147796550833,5.261746698542594,0.0471560641864613,57.25137001086465,5.479394104934528,0.8498443737626076
2025-03-04,AAPL,5.479394104934528,5.471558131835458,5.501643453269185,5.467242795921592,149045250,-0.0261935509973101,5.5862028253938,5.280111294235389,0.045327021690401,53.31151951787979,5.477899290386231,-0.0001566037535667
2025-03-05,AAPL,5.477899290386231,5.4743493165739325,5.489762502002393,5.448345228549836,75513324,-0.0002728065402249,5.588774430993054,5.301221903189068,0.0449062677583435,53.27147838684666,5.379604622097032,-0.850154758989811
2025-03-06,AAPL,5.379604622097032,5.388849388557762,5.410122498876398,5.3521465039326,114981545,-0.017943861885469,5.570238378957529,5.319778769029942,0.0452894610845974,50.58117347425159,5.427131069131293,-0.8501558989286423
2025-03-07,AAPL,5.427131069131293,5.419354663761577,5.434076735864915,5.387783963698331,110398663,0.0088345613428622,5.501330831892683,5.333015592281478,0.0321607550865291,51.84741466045369,5.273039034900388,0.5665066609779994
2025-03-10,AAPL,5.273039034900388,5.264600849577474,5.279124167741239,5.261413356243638,45868081,-0.0283929081992062,5.4371751881486245,5.333162836403828,0.0318392783895736,47.58979048877395,5.245928128171713,0.2831788678963979
2025-03-11,AAPL,5.245928128171713,5.224754587605042,5.260261432594838,5.208612354917065,103032992,-0.0051414196916118,5.415682241249288,5.3368646050234245,0.0246374489075387,46.860673394753086,5.319854972106172,-0.8501571372151374
2025-03-12,AAPL,5.319854972106172,5.310730551918311,5.324753300371223,5.280909132451536,119079843,0.0140922334672211,5.371835888818194,5.343193790248029,0.0167579274633968,49.14853506507432,5.1639985035846925,0.2831781273086866
2025-03-13,AAPL,5.1639985035846925,5.182239735775251,5.190108643523986,5.12312344345598,64609226,-0.029297127334991,5.326779374339646,5.3437797264784,0.0173542794903213,44.77202618515851,5.058193368655795,0.8498443737626076
2025-03-14,AAPL,5.058193368655795,5.059573132655167,5.105261252024555,5.016877673580543,83381711,-0.0204889941109492,5.266821385521013,5.345823237601324,0.0174769074038696,42.03549737948454,5.007638671929623,-0.0001541197299957
2025-03-17,AAPL,5.007638671929623,4.996523899758266,5.036483082104105,4.959906391818592,110248139,-0.0099946152789344,5.213683392639953,5.346397816491296,0.0172213912653529,40.75375611989676,4.801928962144595,0.8498378425836562
2025-03-18,AAPL,4.801928962144595,4.819736588776678,4.853283744550106,4.783092839347178,151571781,-0.0410791838752536,5.124368805927568,5.340022492402494,0.0183901423791162,35.95019432742282,4.742661855949256,0.8498453259468078
2025-03-19,AAPL,4.742661855949256,4.734335446687834,4.751987589679841,4.7138465776092,47270298,-0.0123423538045989,5.048600637505978,5.32600785491779,0.0177494004914751,34.68183749383478,4.761480265917661,-0.0001551926136016
2025-03-20,AAPL,4.761480265917661,4.781763537328217,4.816126616498631,4.727054365509166,152329058,0.0039679004196342,4.979393800041114,5.306321391611684,0.0188813598871697,35.46044761737761,4.707926268885181,0.4248461261391639
2025-03-21,AAPL,4.707926268885181,4.727750503372521,4.743170586545314,4.670910797076189,137941090,-0.0112473420116461,4.891975413866687,5.286528058988328,0.0146424091908857,34.21064620025305,4.672915303132454,-0.0001575306057929
2025-03-24,AAPL,4.672915303132454,4.673700515890572,4.679264451209375,4.641958582201816,141511405,-0.00743660026796,4.821820670944938,5.266608797690691,0.0139500645400529,33.38230362084599,4.672130566957226,-0.0001622334122657
2025-03-25,AAPL,4.672130566957226,4.651126309798428,4.7023398931099925,4.620396511799619,45716140,-0.0001679328907805,4.766668842130857,5.243179860700425,0.0144997658332726,33.36280447781684,4.589368555596364,-0.4251573339104652
2025-03-26,AAPL,4.589368555596364,4.620890641992623,4.623329155622609,4.553409047485765,108141868,-0.0177139765626802,4.706915968368962,5.21992783710917,0.0146864212613121,31.28714008405217,4.680528700071831,0.4248461261391639
2025-03-27,AAPL,4.680528700071831,4.685966670160422,4.70268191679742,4.675830960898162,84239976,0.0198633305151108,4.689573073787139,5.196630006618084,0.012704410940054,36.00959778374816,4.874046322834155,0.2831778382261594
2025-03-28,AAPL,4.874046322834155,4.869310401748596,4.911270142769235,4.85601495386944,150301322,0.0413452486167542,4.708342283342125,5.180162867779965,0.0204059073142185,44.69853894090811,4.811345129409164,0.5665098215142885
2025-03-31,AAPL,4.811345129409164,4.825145913566699,4.843705839213163,4.781991537210554,128909559,-0.0128642998592864,4.715465835269482,5.1663407181812575,0.0213903086355769,42.67653882551385,4.880319977776344,-0.0001602351665496
2025-04-01,AAPL,4.880319977776344,4.89060236474219,4.913407384434112,4.8563391754070935,117976982,0.0143358762491543,4.740093507968219,5.159420237287397,0.0209948089077052,45.59227385856162,4.849257931706058,-0.0001567125320434
2025-04-02,AAPL,4.849257931706058,4.868329166279551,4.88214245217292,4.842365081217509,43334747,-0.006364756042992,4.765285312050163,5.14420339605692,0.0208897634637266,44.49466505867963,4.900886695740712,-0.0001569464802742
2025-04-03,AAPL,4.900886695740712,4.891148421344228,4.903203636969351,4.875619310136836,145015486,0.010646734977137,4.797964759019233,5.131450429262476,0.0208012583108009,46.787720440503385,5.11938521851733,0.4248388037085532
2025-04-04,AAPL,5.11938521851733,5.124276382762873,5.168494312772907,5.090569833352519,98767348,0.0445834675114018,4.873681425150799,5.117362973111929,0.0217525819991787,55.21935247987534,5.196384285175924,0.283175187309583
2025-04-07,AAPL,5.196384285175924,5.177897572889815,5.20443645656056,5.139739747430839,59206383,0.0150406862097582,4.94737508016567,5.108579180911411,0.0216836929161229,57.75945327944501,4.943233870449067,-0.4251584962010383
2025-04-08,AAPL,4.943233870449067,4.953115410711287,4.963331081348729,4.910736202938304,144886015,-0.0487166461974408,4.957259015539228,5.089708410381523,0.0290758611746113,48.09942621095163,5.011918123777712,0.8498443737626076
2025-04-09,AAPL,5.011918123777712,5.011573122836039,5.022766788127128,5.009308736482288,148501637,0.0138945991892562,4.985912300449021,5.059789551221273,0.0284907358302938,50.51750305202168,5.197875427522375,0.8498448565602302
2025-04-10,AAPL,5.197875427522375,5.202257380834379,5.236241502054002,5.1809000500146345,119390883,0.0371030210694061,5.031277364698454,5.042314447435059,0.0307813730589102,56.4354601467882,5.165787511285406,-0.0001622334122657
2025-04-11,AAPL,5.165787511285406,5.163519476558321,5.192643960929426,5.162796129409176,113251983,-0.006173275347667,5.076495876066933,5.034628072595671,0.0307650519267696,55.20847607989277,5.320358837084044,-0.2834921439488728
2025-04-14,AAPL,5.320358837084044,5.316352785315164,5.338371354303471,5.2813716240379165,76392870,0.0299221223213217,5.136420467687408,5.0244140525276775,0.0317339724028199,59.74833918422709,5.215248591690781,-0.0001578867435455
2025-04-15,AAPL,5.215248591690781,5.201664467468154,5.253317950825715,5.194735083719385,129804835,-0.0197562323542205,5.150115235283615,5.015609202086219,0.0300778977764416,55.61997050612303,4.994017701411144,-0.000155472010374
2025-04-16,AAPL,4.994017701411144,5.005859968862734,5.00817537124889,4.966606869844799,159737623,-0.0424200086324003,5.121205723317218,4.9994798157870495,0.0338613897729956,48.088507678297525,5.017372244536928,0.283177996178468
2025-04-17,AAPL,5.017372244536928,5.039795443596491,5.081863534892224,4.990511305378094,152103273,0.0046765038736618,5.131796919615484,4.987405403201714,0.0279054341042082,48.87553114851052,4.765355154284202,-0.4251566655933857
2025-04-18,AAPL,4.765355154284202,4.757396986984125,4.767913276398233,4.7309159141134725,122426076,-0.0502289003027691,5.096573638259268,4.965346206040143,0.0334931238759826,41.55430970957005,4.732406791059034,-0.0001538850367069
2025-04-21,AAPL,4.732406791059034,4.740265527593589,4.752659661586151,4.714553267442527,83232242,-0.0069141464084887,5.030078118764505,4.947325131245432,0.0274941877234398,40.69602266973211,4.920852675970154,-0.5668239350120227
2025-04-22,AAPL,4.920852675970154,4.9272328118079125,4.929216600944347,4.894566586879852,149009926,0.0398203056565533,4.995087428005184,4.936489282838712,0.0340963525348253,47.38915287542979,4.643704087701608,0.2831741785009702
2025-04-23,AAPL,4.643704087701608,4.643816899220595,4.674589869450848,4.624416939147182,151289445,-0.0563212529450305,4.898422463807693,4.913950920025227,0.0343588165049564,40.20274509631176,4.460920008034945,-0.4251553133130074
2025-04-24,AAPL,4.460920008034945,4.440489943681503,4.49659876125262,4.43696649966643,40670262,-0.0393616983801248,4.790661237571145,4.890514970173569,0.0352436374730915,36.29366867640556,4.317191320458223,-0.4251530848443508
2025-04-25,AAPL,4.317191320458223,4.300333586097384,4.334845681519203,4.289261312840749,80608871,-0.0322195168973754,4.693971754577871,4.8658149019003165,0.034437884061452,33.53261028700024,4.310103526803835,-0.5668240437904993
2025-04-28,AAPL,4.310103526803835,4.300005187617749,4.31771033461956,4.280918959559917,106280609,-0.0016417603780495,4.592933366330286,4.842563730396123,0.033756996346424,33.39767880409063,4.262572706883125,-0.0001530736684799
2025-04-29,AAPL,4.262572706883125,4.2352197174193495,4.273388174394704,4.222512183992873,109340596,-0.0110277675756796,4.521107302415847,4.824585188554075,0.0312551407797432,32.45455118485556,4.452824840156556,-0.0001596473157405
2025-04-30,AAPL,4.452824840156556,4.471633982786038,4.489016588201237,4.423424936268511,125503914,0.0446331702368889,4.481167023715493,4.814923954694318,0.0387550199615854,39.78450672474913,4.590619208759301,0.8498453259468078
2025-05-01,AAPL,4.590619208759301,4.595683165280287,4.606342206374911,4.580121399437507,101637298,0.0309453826613803,4.433990814113942,4.809228586122373,0.037036284152716,44.48359098741509,4.664936395868933,-0.0001602351665496
2025-05-02,AAPL,4.664936395868933,4.664517096713527,4.665665349066841,4.636175412419309,41648426,0.0161889243542197,4.437024000994988,4.807795590355165,0.0313992936640427,46.89081813858948,4.688086518584378,0.5665083895126978
2025-05-05,AAPL,4.688086518584378,4.657282473533888,4.714586551160212,4.651357273097036,59888956,0.0049625805693611,4.469476359644907,4.808301297536896,0.0258680051504717,47.65226969763166,4.746623457189156,0.8498448565602302
2025-05-06,AAPL,4.746623457189156,4.720651772639185,4.770493290634837,4.690713010059247,123200113,0.0124863178980865,4.530823807749327,4.81078439387796,0.0190833559184484,49.61924423806309,4.626791218704731,0.566509825984637
2025-05-07,AAPL,4.626791218704731,4.626758719361821,4.653508822943388,4.621338284746902,118173783,-0.025245785675906,4.576064906592312,4.812031815981571,0.0237740086946475,45.82333414295661,4.750112044109407,-0.5668226967255275
2025-05-08,AAPL,4.750112044109407,4.778192188462934,4.7997015979498485,4.726294909459103,72971158,0.026653639547453,4.645713383338923,4.814351260782824,0.0223303741658509,50.05764038074721,4.5945568962874415,0.8498443737626076
2025-05-09,AAPL,4.5945568962874415,4.584927014762842,4.607307082477713,4.573071374536696,76966642,-0.0327476797131278,4.665960819929049,4.805034946564601,0.0247067313014865,45.25310874093919,4.715551304848909,-0.0001602351665496
2025-05-12,AAPL,4.715551304848909,4.727771156410875,4.746810818508492,4.691828480456265,122673393,0.0263342932284145,4.683808262227565,4.801841819079259,0.0239415012743018,49.327116904981374,4.892218811150365,-0.000158978998661
2025-05-13,AAPL,4.892218811150365,4.885175448391334,4.8986898004611605,4.878104691656787,100515328,0.0374648678129727,4.716277178696342,4.802238446858393,0.0269010231224742,54.63541644363144,4.926336046273756,0.4248410701751709
2025-05-14,AAPL,4.926336046273756,4.9271524277363685,4.950289169398801,4.896916378201723,55708124,0.006973775385032,4.75031282550911,4.804807717343983,0.0268847544803978,55.60266598374728,4.90194958369382,0.8498443737626076
2025-05-15,AAPL,4.90194958369382,4.919812540656021,4.947485720804655,4.881336321560397,87937088,-0.004950223117317,4.772502272152633,4.80484314694242,0.0271433209058452,54.70480979957332,4.962772541636622,-0.0001547165215015
2025-05-16,AAPL,4.962772541636622,4.957621903883847,4.968166879495299,4.923972762983302,138884463,0.0124079117714976,4.820499604000046,4.79962272437973,0.0236771656310067,56.587709873897325,4.563568613981101,-0.0001598820090293
2025-05-19,AAPL,4.563568613981101,4.554120590684877,4.575584080468269,4.5272590852413215,111884813,-0.080439698637462,4.793850542553145,4.778528868673235,0.0401924406040108,43.73679396600812,4.609233823025543,-0.8501549974083901
2025-05-20,AAPL,4.609233823025543,4.628842479310068,4.660238081528681,4.587259258348826,143947014,0.0100064692584092,4.795947246372874,4.767395533759118,0.03848418455434,45.2679827752164,4.594877579573049,-0.0001530736684799
2025-05-21,AAPL,4.594877579573049,4.5955055774054765,4.61770463087463,4.558467328083654,101034180,-0.0031146702475316,4.778708142762037,4.75349418228563,0.0368422685380132,44.854695314094094,4.589664752562449,0.8498453259468078
2025-05-22,AAPL,4.589664752562449,4.604689549188689,4.628526362177096,4.579818623460094,98257231,-0.0011344865930215,4.735486134392335,4.733220493120299,0.0323783906052222,44.69513000639564,4.688449846244994,0.2831717913349469
2025-05-23,AAPL,4.688449846244994,4.678811581038508,4.711745097568434,4.658407750200248,153925700,0.0215233789412163,4.701502391531084,4.717309237618951,0.0339730448713259,48.438468963952126,4.679977541467428,-0.0001568242907524
2025-05-26,AAPL,4.679977541467428,4.699727152585725,4.717037255663151,4.668283450971213,100893060,-0.0018070588478943,4.669792099784455,4.69596319443173,0.0340181275065251,48.137532756685175,4.530273233238354,-0.0001575306057929
2025-05-27,AAPL,4.530273233238354,4.533992052191478,4.536873546195575,4.499470755649781,56219473,-0.031988253555194,4.608006484298989,4.6731306824833165,0.034135225970989,43.04824614445648,4.513337923617833,-0.8501558005809784
2025-05-28,AAPL,4.513337923617833,4.5192249540641765,4.555435880263594,4.51223580647947,88246523,-0.0037382534669803,4.60083067138995,4.6571080232235404,0.0163291381526972,42.50083445745574,4.523912556121323,-0.0001551181077957
2025-05-29,AAPL,4.523912556121323,4.525698994605508,4.565169504138597,4.505618933308631,117720211,0.0023429737995364,4.588641918975062,4.6406593669430185,0.0156756996010784,42.98833950744572,4.5403554092779865,-0.2834883024295171
2025-05-30,AAPL,4.5403554092779865,4.5334703010717,4.54182972409223,4.51543607304585,81440078,0.0036346531796718,4.580853037504339,4.633159375442812,0.015842541846475,43.78643577133691,4.562470622218145,-0.0001602351665496
2025-06-02,AAPL,4.562470622218145,4.562447588897807,4.566345807357844,4.547725392635363,89229509,0.0048708109710897,4.576968161740866,4.627494836481449,0.0160331063772522,44.903590973233975,4.694545122779824,0.8498378425836562
2025-06-03,AAPL,4.694545122779824,4.688311843250395,4.71488917831721,4.681415150398146,144747793,0.0289480221348732,4.577838915531556,4.619951251375104,0.0178893350630948,51.14769314584294,4.558100054289406,0.283175535996755
2025-06-04,AAPL,4.558100054289406,4.57122117517011,4.596798509420378,4.538451868685007,92217037,-0.0290645983629662,4.560427845934695,4.617097783594699,0.0211074209974039,45.42073025508614,4.582414560538853,-0.8501571372151374
2025-06-05,AAPL,4.582414560538853,4.579623084181861,4.597008149615649,4.54720407415463,76584781,0.0053343511462775,4.567876606977625,4.621147602011495,0.0170581481409481,46.56884469021663,4.749920020935159,0.2831790288289388
2025-06-06,AAPL,4.749920020935159,4.728595152006842,4.770551678590431,4.720681489537713,52939016,0.0365539734965858,4.601674049451527,4.635571892027394,0.0211906320281981,53.78187815728798,4.524921672961654,-0.5668220038215319
2025-06-09,AAPL,4.524921672961654,4.502123890392037,4.551075246707974,4.488470630502741,88342001,-0.0473688708403151,4.601818209000148,4.642732496899321,0.029796320303505,44.99520179863045,4.550624821964286,-0.2834878568847974
2025-06-10,AAPL,4.550624821964286,4.527051882510829,4.566717112983758,4.495461176852372,131994601,0.0056803522492376,4.603285267955333,4.652334234068692,0.0298431516310045,46.0789752077719,4.476474369503694,0.2831778099139531
2025-06-11,AAPL,4.476474369503694,4.484773360275573,4.490048888220064,4.442123488321476,75989955,-0.0162945651117388,4.591000088996125,4.653122551713597,0.0304177371761055,43.42100596418327,4.430969252434376,-0.4251574970781803
2025-06-12,AAPL,4.430969252434376,4.415662411841152,4.433395594063724,4.41474087268763,96475786,-0.0101653920726823,4.55334639323249,4.647800886502766,0.0271325831290827,41.826487161580346,4.320598096329743,-0.0001572221517563
2025-06-13,AAPL,4.320598096329743,4.324487746425214,4.340764234286544,4.300929029404495,118805531,-0.0249090322718883,4.519417542095395,4.636322943184792,0.0266332867615177,38.1656341942786,4.3014440007370425,-0.0001622334122657
2025-06-16,AAPL,4.3014440007370425,4.303206403653793,4.338686863191289,4.298929185932092,151353631,-0.0044332046549229,4.479278890695136,4.623434859256549,0.0261111760559652,37.55138082331548,4.531193813914789,-0.0001622334122657
2025-06-17,AAPL,4.531193813914789,4.530314192359902,4.55316228843656,4.493925630907206,137706199,0.0534122525222644,4.448032289692226,4.616253871147403,0.0312525935502996,48.29981829529831,4.368369779549024,-0.8501571372151374
2025-06-18,AAPL,4.368369779549024,4.374115127673981,4.3855829941032605,4.3542343959702015,74344291,-0.0359340255686593,4.425667733490422,4.607639823175546,0.0289629682656452,42.69173646575891,4.220360131908435,-0.4251544371247291
2025-06-19,AAPL,4.220360131908435,4.222364425718466,4.258049924968478,4.203927830807497,59720299,-0.0338821242499918,4.378487063482443,4.589981426102181,0.0304309749166322,38.334466528492094,4.0590694239058775,0.424842545390129
2025-06-20,AAPL,4.0590694239058775,4.026072480467966,4.073049372729148,4.016254014610315,120493687,-0.0382172854830807,4.318857785539898,4.572131843689461,0.0322241704152222,34.23400819579592,4.282375424353535,-0.0001602351665496
2025-06-23,AAPL,4.282375424353535,4.278217770019205,4.296576498162571,4.262352315524252,70569101,0.0550140874981091,4.297630095814063,4.557692647672949,0.0414319155903186,43.27997735953125,4.221745463096446,-0.4251586861908435
2025-06-24,AAPL,4.221745463096446,4.227129494779187,4.230464389436668,4.217594748546906,87094820,-0.0141580210161609,4.2835082910664495,4.535343536071151,0.0407267798525717,41.60662352546415,4.22004700100591,0.849842357635498
2025-06-25,AAPL,4.22004700100591,4.240813212674895,4.267414798257208,4.191224865704477,132924580,-0.0004023127650358,4.271880148247717,4.511800567895557,0.0407250326037749,41.55814937478072,4.170249314279945,0.4248458914458751
2025-06-26,AAPL,4.170249314279945,4.191348160437292,4.212251675410471,4.15558705604765,59222074,-0.0118002682704942,4.220316648299882,4.487410558915095,0.0325731304231918,40.08362249842629,4.055117720265407,-0.4251586861908435
2025-06-27,AAPL,4.055117720265407,4.038534512856322,4.07598089356849,4.023654685526806,85678088,-0.0276078443608394,4.175566354116508,4.45715539820272,0.0316647171870802,36.82999255409987,4.027989024676879,-0.4251586861908435
2025-06-30,AAPL,4.027989024676879,4.0237629556750285,4.036660182031591,4.001343075529242,88825794,-0.0066899896525698,4.148084767369143,4.4393027452259135,0.029886124998971,36.08668715765066,4.334716406025983,0.4248456500470638
2025-07-01,AAPL,4.334716406025983,4.314350415295881,4.347309584826877,4.309003334911306,45108762,0.0761490111988845,4.187462907672015,4.430152164659261,0.0392893091298645,48.6944567433199,4.530441081410413,0.2831784745057423
2025-07-02,AAPL,4.530441081410413,4.551098330760317,4.557131876261296,4.524162334245363,133105154,0.0451528213269822,4.22290085868014,4.428004281387173,0.0375474842769548,54.81908425925948,4.41025670442369,-0.8501571372151374
2025-07-03,AAPL,4.41025670442369,4.423657572071504,4.459514432909478,4.394612794892049,114225297,-0.0265281845248734,4.249831036012604,4.422024013115881,0.0390611705236553,50.80823262561274,4.5042906153092135,-0.8501571372151374
2025-07-04,AAPL,4.5042906153092135,4.50902806449513,4.51162794574091,4.480546388371375,104994152,0.0213216411623393,4.290437266627362,4.415885372084689,0.0392472032140209,53.66475388506457,4.388777936511809,-0.8501558005809784
2025-07-07,AAPL,4.388777936511809,4.390964796899209,4.416172879398264,4.386503990608493,61357011,-0.0256450324063903,4.321655641231914,4.406178718586167,0.0408451971319182,49.83632254899448,4.150211371805707,-0.8501530960202217
2025-07-08,AAPL,4.150211371805707,4.167401104484524,4.188252966844435,4.1267011189928,46393153,-0.0543583129876272,4.3352404485948135,4.393509989871746,0.0456974827184287,43.01164173074216,4.292268515049839,-0.0001530736684799
2025-07-09,AAPL,4.292268515049839,4.307866514034706,4.31277255621685,4.276693594967728,46675022,0.0342288935472521,4.372994661505237,4.386141009586146,0.046678841952739,47.61214318110048,4.46012327506525,-0.8501571372151374
2025-07-10,AAPL,4.46012327506525,4.475618341380616,4.486851323153601,4.442850135846918,115010409,0.0391063046095245,4.390909928510846,4.38401470021761,0.039480677692889,52.49234607578741,4.6184388935486815,-0.2834884544213613
2025-07-11,AAPL,4.6184388935486815,4.624766337627638,4.626586983415523,4.594612585117302,129735442,0.0354957943356657,4.403481044530599,4.386617483026634,0.0379737066618534,56.59894523871197,4.5490460831496025,-0.0001560017466545
2025-07-14,AAPL,4.5490460831496025,4.544280116265513,4.573959437904311,4.541766107413369,135436500,-0.0150251658619996,4.4233080986343,4.386169998391016,0.0366912570724193,54.38006505727111,4.526200804715806,0.4248410701751709
2025-07-15,AAPL,4.526200804715806,4.536617287811793,4.572508504972852,4.517190618498649,136042689,-0.0050219931863119,4.426438125692385,4.380558521122215,0.0360863032165426,53.6345831882384,4.637342911464054,-0.425159016996622
2025-07-16,AAPL,4.637342911464054,4.648695709898432,4.660992010004553,4.615738610160123,87216136,0.0245552752835114,4.46194740782842,4.383199949694703,0.0348154021256825,56.74154035579967,4.697125756977527,-0.850154758989811
2025-07-17,AAPL,4.697125756977527,4.694439412471531,4.729873706208001,4.680802217175019,40160801,0.0128916163102112,4.540078034281537,4.387023656242659,0.0212316166092718,58.35796579054509,4.641620742751091,-0.8501545518636703
2025-07-18,AAPL,4.641620742751091,4.636729649948502,4.645506486708642,4.619474604085583,69401512,-0.011816803955905,4.5899854953817165,4.383413680303191,0.022474069746146,56.25614859896914,4.417862338620122,0.2831784745057423
2025-07-21,AAPL,4.417862338620122,4.43288280465444,4.449130416454038,4.378744772881188,134443481,-0.048206955400313,4.583948218746698,4.37984503582514,0.0280961781098167,48.64932364224836,4.435556653430176,-0.283489013214906
2025-07-22,AAPL,4.435556653430176,4.457700497265176,4.483062704676041,4.434255545045368,131672527,0.0040051756831294,4.557822184444054,4.376009430207335,0.0234046320083922,49.23390673017626,4.5874235323118695,-0.0001563817262649
2025-07-23,AAPL,4.5874235323118695,4.577110144790718,4.627101967279109,4.556758023080566,100904324,0.0342385163233682,4.563304677181521,4.379707735634274,0.0271724525887614,54.06713809815201,4.421473742217224,-0.8501571372151374
2025-07-24,AAPL,4.421473742217224,4.417980203052807,4.433426320468292,4.4046357354020165,42868748,-0.0361749441545489,4.548343668253152,4.3793912186270365,0.0307396688708067,48.61990148971012,4.51307439232153,-0.5668247098724047
2025-07-25,AAPL,4.51307439232153,4.517825753563829,4.542544034857695,4.509196989105034,133205659,0.0207172213259307,4.530591022661363,4.385807095160096,0.0301971628211697,51.52314728665733,4.5619138197502025,-0.0001549512147903
2025-07-28,AAPL,4.5619138197502025,4.56857328782772,4.606530758008853,4.521187832169427,137870922,0.0108217643191892,4.511275031628888,4.394489422460535,0.0300197674659803,53.04654438833671,4.670204884554745,-0.0001622334122657
2025-07-29,AAPL,4.670204884554745,4.662886210787377,4.692088378339997,4.635450152374325,67238064,0.0237380777198619,4.515358480457982,4.3991231248152,0.0314078904664295,56.32394027031792,4.798757672706037,0.8498448565602302
2025-07-30,AAPL,4.798757672706037,4.825873349935727,4.853344055132808,4.785142520218355,136511149,0.0275261559886677,4.569772099613112,4.413469387920434,0.0235775586296506,59.90207585427139,4.699244675473296,-0.0001612342894077
2025-07-31,AAPL,4.699244675473296,4.705195262260763,4.709831618932578,4.670476540493509,116769316,-0.0207372415987459,4.607441817047843,4.429432206039262,0.0266518487345341,56.07253652419259,4.4739329024099135,-0.8501571372151374
2025-08-01,AAPL,4.4739329024099135,4.481065023554767,4.484123101719372,4.472459482253664,146558311,-0.047946380455427,4.591228869918993,4.443260988656063,0.0311863309346935,48.51064456277256,4.401214561205118,-0.0001557134091854
2025-08-04,AAPL,4.401214561205118,4.424438239898183,4.446394609103338,4.366173660920482,115178767,-0.0162537844869387,4.588334701202977,4.447222293217783,0.0284602730678069,46.33860379917414,4.526591923380568,-0.8501530960202217
2025-08-05,AAPL,4.526591923380568,4.520493767202771,4.540732906940661,4.496864992684812,50737592,0.0284869915865042,4.590265777068554,4.45738384189392,0.0295475375573815,50.4573935721952,4.452469248567943,-0.4251566655933857
2025-08-06,AAPL,4.452469248567943,4.451288027936585,4.462360816054988,4.442381576946813,117636655,-0.0163749408091703,4.574630838328232,4.465131250145988,0.0297979175992469,48.10652535186528,4.359739644674324,-0.2834900041421255
2025-08-07,AAPL,4.359739644674324,4.343347168846072,4.367537500130461,4.3273783697212345,52931017,-0.0208265568422384,4.530278661202457,4.471447594492468,0.0278073636038701,45.26520643600712,4.12374152072011,-0.0001575395464897
2025-08-08,AAPL,4.12374152072011,4.121609334324466,4.134337625324661,4.100035398625298,71047324,-0.0541312425026342,4.433847782347325,4.473735054507625,0.026822497477475,38.9586195671255,4.36189037683213,-0.4251539163291454
2025-08-11,AAPL,4.36189037683213,4.342406760916767,4.381756518723688,4.329605607347476,144730338,0.0577506749429903,4.385654311112872,4.484865099579466,0.0401160605812831,46.98553829065225,4.483081996538529,-0.2834893559416135
2025-08-12,AAPL,4.483081996538529,4.493140006466248,4.506890669410852,4.470617653513998,156172850,0.0277841965836878,4.386961324559818,4.489810619263218,0.038316566437513,50.54927764013976,4.598882696344671,-0.850154758989811
2025-08-13,AAPL,4.598882696344671,4.604677243703925,4.621643294825785,4.571329343060588,97031532,0.0258306004430777,4.415199629579754,4.4920920064276935,0.0384742275999926,53.74861195867788,4.747509354151712,-0.0001599997282028
2025-08-14,AAPL,4.747509354151712,4.743563186770971,4.75220253743533,4.737598246205385,74934244,0.0323179927866335,4.44675926254706,4.503333761418627,0.0388572947508424,57.54512392772078,4.839305628105975,-0.5668250570694605
2025-08-15,AAPL,4.839305628105975,4.83784768506266,4.874886257711144,4.832988564823769,87080620,0.0193356699495466,4.502021602481064,4.514500928511851,0.0375249944091035,59.74305391093208,4.803336771160048,-0.28349163432916
2025-08-18,AAPL,4.803336771160048,4.81430951005629,4.835285630444116,4.794734767588058,69060066,-0.0074326483405027,4.565392620550454,4.52831955633346,0.0358413775396286,58.465808064289945,4.780525948857629,-0.0001602351665496
2025-08-19,AAPL,4.780525948857629,4.764236840859665,4.785090094690987,4.741080324840565,108795227,-0.0047489533607925,4.659218967427242,4.549330042235192,0.0224356835207126,57.624427086805085,4.719857895339305,-0.0001552373170852
2025-08-20,AAPL,4.719857895339305,4.7227488253028165,4.742444376529126,4.702823665873476,90542055,-0.0126906650371433,4.710357184356838,4.5635830215781725,0.0190306249183211,55.34324902004763,5.115693512308613,-0.0001538850367069
2025-08-21,AAPL,5.115693512308613,5.1264289456447045,5.140113318005625,5.099032572265206,47029968,0.0838660031184796,4.800730258038279,4.585435362819618,0.0334090929114035,65.06164361004612,5.210455570535032,0.2831781571110089
2025-08-22,AAPL,5.210455570535032,5.182596190850492,5.23585479341858,5.174330923303423,113205662,0.0185237950628625,4.8880978114940445,4.605169252052496,0.0332921622954447,66.91776569564774,5.1358769348516535,0.8498378425836562
2025-08-25,AAPL,5.1358769348516535,5.146430206767519,5.16860205785838,5.128808620345227,117245940,-0.0143132658313255,4.943578894451179,4.624730280442565,0.0346914061826648,64.03451233528614,5.213879761017616,-0.0001560017466545
2025-08-26,AAPL,5.213879761017616,5.1876946798299794,5.237618818534452,5.16376323208525,120041134,0.0151878300737,4.997089484867128,4.647652912319292,0.0345763022649218,65.69917605543526,5.054403967359179,0.8498378425836562
2025-08-27,AAPL,5.054403967359179,5.052620857282022,5.08395844470813,5.048031432013242,153409978,-0.0305867800885595,5.032956227181289,4.661554947515796,0.0376285430159284,59.62308692375397,5.300310194855963,-0.2834872727592786
2025-08-28,AAPL,5.300310194855963,5.281811193667041,5.30534550626352,5.249274624871408,124488256,0.0486518745008948,5.107211119466766,4.681661095445078,0.0399786003460614,64.99848352546152,5.191489650893042,-0.000158978998661
2025-08-29,AAPL,5.191489650893042,5.213780556305823,5.2281996608772925,5.172541335879748,121086387,-0.0205309764829486,5.174587084545872,4.69999005904981,0.0409975161710772,61.12063109691638,5.276882633462527,-0.8501559481024742
2025-09-01,AAPL,5.276882633462527,5.258564657476116,5.277750016683743,5.22500141119328,65395660,0.0164486473655582,5.197614101853573,4.72862406887789,0.0277312101816538,62.986757918520006,5.458600740233263,0.8498443737626076
2025-09-02,AAPL,5.458600740233263,5.43157755693584,5.476398573707158,5.416634008044076,95744213,0.0344366398483828,5.233063411810464,4.7627255384379925,0.0296336773858765,66.65466052626823,5.527607794023847,-0.0001530736684799
2025-09-03,AAPL,5.527607794023847,5.529819149035561,5.548483730733216,5.490835311337047,92139084,0.0126418943378583,5.289024963120776,4.794065013828392,0.0281082533816389,67.95340158816627,5.546103574503457,-0.5668208638827007
2025-09-04,AAPL,5.546103574503457,5.539220255774628,5.570691559695833,5.537360029477759,155305718,0.0033460732325485,5.336485507904468,4.831552674904599,0.0281629638621749,68.30967059395164,5.550143233614141,0.2831736420591672
2025-09-05,AAPL,5.550143233614141,5.525090910026751,5.558479282020939,5.480531876463252,96923304,0.0007283778704125,5.407305403083749,4.8661216362810205,0.0227579233274831,68.3923210869038,5.543100559568588,-0.2834864144523938
2025-09-08,AAPL,5.543100559568588,5.551844499142583,5.577080455217277,5.532364247331395,122621969,-0.001268917530434,5.441989740899838,4.898827860941633,0.0170852272209865,68.05906184165966,5.453706575777631,-0.0001548334956169
2025-09-09,AAPL,5.453706575777631,5.421123421180021,5.467498958384482,5.419210250207943,104877571,-0.0161270723542338,5.479449301597636,4.924944583982396,0.0159665815543539,63.80884458021188,5.385810692639923,-0.0001622334122657
2025-09-10,AAPL,5.385810692639923,5.369067699509055,5.399545226846052,5.34884243225954,46835252,-0.0124494932380968,5.4950104529086925,4.944513017980191,0.016878242266179,60.70792573819646,5.620140967685283,-0.425156144797802
2025-09-11,AAPL,5.620140967685283,5.610442544384425,5.657645597993257,5.598744398750663,152274845,0.0435088213118199,5.518087628258982,4.975209561053925,0.019788034293375,66.71927477009851,5.604518361796421,0.8498378425836562
2025-09-12,AAPL,5.604518361796421,5.618006572177654,5.621723405927211,5.580663320321771,120405583,-0.0027797533867369,5.5290748522264925,5.012895743033474,0.0195669386761866,65.99436558117198,5.481717103312833,-0.0001568242907524
2025-09-15,AAPL,5.481717103312833,5.503021276625603,5.520890581951105,5.439892385749436,67647153,-0.0219111171658694,5.519876784913547,5.048912494437065,0.0215364087873488,60.43582516157051,5.40296460761515,0.2831732948621113
2025-09-16,AAPL,5.40296460761515,5.420839487971802,5.433913820741339,5.376518577950677,47163503,-0.014366391809984,5.4988512669136895,5.078124917244884,0.0220295093749793,57.11352355961349,5.578061620995478,-0.0001575306057929
2025-09-17,AAPL,5.578061620995478,5.575496709051232,5.617866124445551,5.542107852172135,152419109,0.032407581040516,5.503845704260388,5.115644662992469,0.0259575240699517,62.10191942320639,5.690880515298257,0.4248388037085532
2025-09-18,AAPL,5.690880515298257,5.649439951713474,5.698806781226399,5.610534716183333,76867585,0.020225465756444,5.537727695620478,5.160016025346599,0.025550382129205,64.93224437387678,5.786464235434385,0.566509665052096
2025-09-19,AAPL,5.786464235434385,5.793249206520164,5.832927708965768,5.76704192532315,42055363,0.0167959457028097,5.594963916019688,5.215440115837075,0.0243204205248333,67.16934445381423,5.745911574710226,-0.0001588828861713
2025-09-22,AAPL,5.745911574710226,5.771260934719252,5.811377065196561,5.744327920610829,113882017,-0.0070081934449415,5.612931145594678,5.261574155766346,0.0200282191567193,65.26699129871866,5.842624502981488,0.5665105665723482
2025-09-23,AAPL,5.842624502981488,5.8642502251861925,5.898077863071859,5.808775591042947,41966212,0.0168316074853867,5.646946308621117,5.306892239314444,0.0203981129650233,67.62213849930856,5.739420857466579,0.8498453259468078
2025-09-24,AAPL,5.739420857466579,5.747392035073978,5.761515791773079,5.728992527769207,65873921,-0.0176639189224371,5.68376113064308,5.344910178018508,0.0194665897227988,62.73368342813244,5.699699280952052,0.4248438976705074
2025-09-25,AAPL,5.699699280952052,5.67935985680028,5.7260319418961,5.672369240877595,147210633,-0.0069208335650891,5.726151798262639,5.376649842245186,0.0182885130786294,60.90862144259797,5.858247506229203,-0.8501558005809784
2025-09-26,AAPL,5.858247506229203,5.84901537089717,5.861937343503753,5.845908559895333,44582702,0.0278169456776442,5.766178353296027,5.410614571515961,0.0173158959111579,65.25376540738608,6.006958601113175,-0.0001575306057929
2025-09-29,AAPL,6.006958601113175,6.04180763021968,6.086935157274809,5.989975168462845,130261189,0.0253849115671271,5.811332365555301,5.450735299181065,0.0180588991599051,68.76116090168587,5.8439020622007245,-0.2834925358494123
2025-09-30,AAPL,5.8439020622007245,5.819064376253111,5.872078386159711,5.801254128806472,114154442,-0.0271446084017016,5.819537769379063,5.4861811696258345,0.0217144632861815,61.43807507074406,5.70419918632409,-0.0001563817262649
2025-10-01,AAPL,5.70419918632409,5.684556641325156,5.713026673736565,5.669408576737016,76714391,-0.0239057524218714,5.813578856752473,5.518992545991995,0.0236827057420948,55.94098511155301,5.724447178620209,-0.000154361128807
2025-10-02,AAPL,5.724447178620209,5.740633938323525,5.756335317962052,5.696000396457847,74302873,0.0035496643147847,5.796696381843718,5.539284334869048,0.0225390831594194,56.54781665989857,6.013568312275051,-0.0001602351665496
2025-10-03,AAPL,6.013568312275051,6.00578989555873,6.045305681355243,5.976002586998668,96983661,0.0505063850942075,5.835860303959215,5.566054759593714,0.0288411113990087,64.14230171364846,5.686586494441937,0.5665100316206614
2025-10-06,AAPL,5.686586494441937,5.6664260362889385,5.732432796381653,5.617021515833612,103955706,-0.05437400904978,5.833987048743485,5.584411744913391,0.0370720888115652,52.884714038513806,5.737528820566406,-0.0001575306057929
2025-10-07,AAPL,5.737528820566406,5.76382915659116,5.782164975367935,5.734210673984128,146840243,0.0089583313599923,5.8167415222202274,5.601866713565017,0.0353826240383479,54.23243039625999,5.507149192269096,-0.425156144797802
2025-10-08,AAPL,5.507149192269096,5.514766504441994,5.5334326902257,5.501304953224429,71337469,-0.0401531104247363,5.745340178099645,5.616958221062015,0.0354660807684471,47.60106012419176,5.403128877887666,0.4248458914458751
2025-10-09,AAPL,5.403128877887666,5.3969401151970935,5.428392573545225,5.377090758629812,110828640,-0.01888823250466,5.682372580340636,5.620385510496405,0.0350048045454404,44.9296764135212,5.3455089540098495,-0.8501571372151374
2025-10-10,AAPL,5.3455089540098495,5.3271347050761095,5.383797922215527,5.322586704797001,122371461,-0.0106641772165803,5.631131118581459,5.625519487266964,0.0345213325680872,43.474247742801374,5.280435826903712,-0.0001575306057929
2025-10-13,AAPL,5.280435826903712,5.312869423819844,5.343052768162029,5.265804261613674,41515898,-0.0121734202797141,5.567700925479103,5.625637927048337,0.0340985982219138,41.82638276715663,5.199398467680038,-0.0001591622829437
2025-10-14,AAPL,5.199398467680038,5.199017063433269,5.216604479360597,5.171063710478544,147484166,-0.0153467179377108,5.451390947679816,5.616997851296563,0.0208030872949735,39.8030195381328,5.202584770436112,-0.850154758989811
2025-10-15,AAPL,5.202584770436112,5.224393923527432,5.249067842639098,5.172582695219101,159036592,0.0006128214207625,5.382247844250412,5.606163750510305,0.0155428836524676,39.926073614826734,5.12515754429938,0.4248413115739822
2025-10-16,AAPL,5.12515754429938,5.1388975824083625,5.1732724997908885,5.116433136432033,50387776,-0.014882453540539,5.294766233355122,5.59213221617017,0.0123318927999721,37.89868596708136,4.91717183981615,0.2831758191188176
2025-10-17,AAPL,4.91717183981615,4.90948775234517,4.923016221199664,4.88376327893499,71427905,-0.0405813290002312,5.210483754433272,5.571033169710236,0.0124723562784045,33.044622445823265,5.033215679280147,-0.0001576535403728
2025-10-20,AAPL,5.033215679280147,5.025470449492605,5.045293314195816,5.005372946921063,134358242,0.0235997120386046,5.157639011775055,5.554037007033955,0.0192973894213992,37.82917389097233,5.148111198160421,-0.8501571372151374
2025-10-21,AAPL,5.148111198160421,5.170448567926781,5.1726990600326745,5.113943104870113,137105987,0.0228274578721621,5.129439332367994,5.543850494446715,0.022897939537966,42.23084383077421,5.279744348855383,-0.0001576267182827
2025-10-22,AAPL,5.279744348855383,5.302909501721393,5.32139774270098,5.265557600137672,58731406,0.0255692127905082,5.129340549789661,5.540314949653896,0.0252836926417539,46.87175420215484,5.046530007287776,-0.4251551054418087
2025-10-23,AAPL,5.046530007287776,5.018114268903823,5.078426690883076,4.987134082544524,150095370,-0.0441715216037242,5.1075021983050535,5.521194584307313,0.0301311304803435,40.642174404857776,5.09463161722567,-0.0001559056341647
2025-10-24,AAPL,5.09463161722567,5.10303440092605,5.10935940051546,5.070490946208159,79529174,0.009531620711346,5.09208031927499,5.504198359488288,0.0305376584278113,42.344251403161664,5.200726851612921,-0.8501571372151374
2025-10-27,AAPL,5.200726851612921,5.198835636343704,5.225166974331694,5.188047515703092,75226576,0.0208249079341729,5.102875934605495,5.494832017764958,0.0311182377338972,46.02086578384272,5.045282478205103,-0.8501571372151374
2025-10-28,AAPL,5.045282478205103,5.029642256460212,5.0466180365347775,5.006966955279408,82883835,-0.0298889708771398,5.1211774543753465,5.482909280117956,0.0288284431369493,41.8137153784787,5.048694702858764,-0.8501553446054458
2025-10-29,AAPL,5.048694702858764,5.052659131224442,5.080112567582511,5.028045764412188,120586029,0.0006763198430219,5.123388743458007,5.465263716180066,0.0275082390839055,41.939192232212925,5.033525771653423,-0.4251584962010383
2025-10-30,AAPL,5.033525771653423,5.013146080967111,5.060859752078094,5.003998303027252,64757198,-0.0030045253472649,5.107019396814148,5.443351891391904,0.0257308270595812,41.51063930676968,5.308933293047612,-0.2834893559416135
2025-10-31,AAPL,5.308933293047612,5.301504151961608,5.331178544209729,5.282338957054019,105143539,0.0547146342122972,5.111189245984467,5.427434193312346,0.0325612472863582,51.25063685281192,5.625386139715374,0.2831757893164952
2025-11-03,AAPL,5.625386139715374,5.611910970507621,5.654137667127399,5.594158765745743,49028120,0.0596076140346644,5.19388297918841,5.423416678812517,0.0320606740864992,59.579751589584845,5.344040529813152,-0.0001530736684799
2025-11-04,AAPL,5.344040529813152,5.336027815496864,5.348914975971412,5.2997444254325625,57631699,-0.0500135640317941,5.229512823843764,5.406797213040239,0.0407933948461847,51.20357206436088,5.7891828556116565,-0.0001612342894077
2025-11-05,AAPL,5.7891828556116565,5.787941449401497,5.823251429013052,5.787913586365248,132218377,0.0832969591669747,5.313577967272154,5.408455946311742,0.0499787668491877,60.63366028781438,5.616267356492241,0.8498448565602302
2025-11-06,AAPL,5.616267356492241,5.599156274817436,5.652787554339519,5.573574595694092,86040897,-0.0298687230015204,5.395147235598889,5.405674882163082,0.0499756361557088,56.098441569533534,5.806214023293682,-0.0001548334956169
2025-11-07,AAPL,5.806214023293682,5.83361666570947,5.838594194031765,5.798565598425619,135235304,0.033820802099435,5.503364281375306,5.403940432731898,0.0497978151650499,59.667261220356494,6.000595248391306,-0.8501552797853946
2025-11-10,AAPL,6.000595248391306,6.0094752274705545,6.059397979236272,5.967667254282582,128522006,0.0334781364100247,5.641517063766431,5.403728320974502,0.0487375461544473,62.98351082706685,5.805963209337573,-0.4251566655933857
2025-11-11,AAPL,5.805963209337573,5.837220710096444,5.838423760629736,5.769633782543671,159619994,-0.0324354553168557,5.712521337522141,5.402463692545731,0.051369309718654,57.854090706976734,5.905185060263972,-0.0001588828861713
2025-11-12,AAPL,5.905185060263972,5.902349154738431,5.93317782257787,5.8800298662711095,56508512,0.0170896451370587,5.752492611886226,5.409163221677059,0.0474388829759011,59.657848166971526,5.8865877643132345,-0.0001560017466545
2025-11-13,AAPL,5.8865877643132345,5.876896263481526,5.892843358194004,5.857154673722134,152152509,-0.0031493163653547,5.829999359671953,5.414567907866827,0.0407351880367165,59.14689414979743,5.994998412575035,-0.425156144797802
2025-11-14,AAPL,5.994998412575035,6.026623509027634,6.06173045379059,5.979620431607744,147039757,0.0184165517617911,5.859401582095293,5.41394891121016,0.0278408236017243,61.231391144250935,6.041625305689131,0.4248456500470638
2025-11-17,AAPL,6.041625305689131,6.031148044631262,6.045871176388684,6.012253024536359,92157090,0.0077776322703091,5.920167003409134,5.425783538251734,0.0231473456165233,62.12646980164961,6.273880678134402,-0.0001575306057929
2025-11-18,AAPL,6.273880678134402,6.270524929518933,6.278905740858312,6.224356998528015,56234666,0.0384425317185042,5.986976525529236,5.443661933504,0.023967663438852,66.3001821294884,6.291346393387031,-0.0001541689038276
2025-11-19,AAPL,6.291346393387031,6.304936596424331,6.32513177894722,6.285641083218013,56006561,0.0027838774992168,6.028512403385768,5.46980184020793,0.0219746625306287,66.59828134163821,6.261438191716596,-0.0001557134091854
2025-11-20,AAPL,6.261438191716596,6.238188360775759,6.317595369859889,6.194601804923543,101295859,-0.0047538634499401,6.093580258011343,5.498412150668895,0.0151186154426955,65.52933079033271,6.474142424793813,-0.850154758989811
2025-11-21,AAPL,6.474142424793813,6.487957494079872,6.501168865886648,6.4428472549778935,41284000,0.0339705075039482,6.174859881515606,5.536033266361694,0.0174316845535452,69.3029784548107,6.592193085751241,0.8498425185680389
2025-11-24,AAPL,6.592193085751241,6.603729695239732,6.630545778171864,6.553471361568308,51481758,0.0182341773182703,6.275660641721035,5.579758508323278,0.0158600959089848,71.18818616509867,6.742351528631496,-0.8501564688980578
2025-11-25,AAPL,6.742351528631496,6.768026241126705,6.798319393499673,6.727155584039161,103782104,0.022778222804914,6.382425372586243,5.63119027702166,0.0160367513496294,73.42391908740626,6.61109837348138,-0.8501530960202217
2025-11-26,AAPL,6.61109837348138,6.628750888779909,6.673308919468225,6.584315548967923,107581850,-0.0194669700315606,6.463778667985137,5.678140730456502,0.021148791306674,68.42572186078118,6.40910262934104,0.2831756328543027
2025-11-27,AAPL,6.40910262934104,6.434097713379582,6.449184760110585,6.407064314146192,143267969,-0.0305540369737337,6.483096089586086,5.720938899957891,0.023354767608151,61.48848144345361,6.302132330252839,0.4248436629772186
2025-11-28,AAPL,6.302132330252839,6.300044649965353,6.334690998183998,6.246507755828112,156932318,-0.0166903707546338,6.484636937709773,5.7671042496391145,0.024553479444289,58.12758367696632,6.1878210019209385,0.4248401559889316
2025-12-01,AAPL,6.1878210019209385,6.17180685337345,6.231033318339857,6.141105709290901,72148448,-0.0181385160357802,6.474120196310393,5.80559109372714,0.0255326789687145,54.68756451377341,6.3379115181438,-0.4251574970781803
2025-12-02,AAPL,6.3379115181438,6.378030220720903,6.396302291914932,6.303691113632336,79631039,0.0242557947581656,6.454658638217533,5.845251104393253,0.0234697855824482,58.18655830070292,6.528826711470125,-0.850154758989811
2025-12-03,AAPL,6.528826711470125,6.498924118125413,6.550241653412964,6.463215657949536,63872964,0.0301227293533183,6.445606299034517,5.886887183147078,0.0255805956565369,62.18642424984379,6.500896857584574,-0.0001622334122657
2025-12-04,AAPL,6.500896857584574,6.473076014409312,6.536552808682854,6.4616697768485,66953373,-0.0042779285038279,6.411112774599242,5.935366078156971,0.023315257708866,61.263127011728095,6.784671306106465,-0.8501552797853946
2025-12-05,AAPL,6.784671306106465,6.796173930108615,6.813120353096311,6.753894443819316,92674404,0.0436515845026539,6.435908907831397,5.991700734452997,0.0284184030481514,66.67669212420158,7.074585046400715,0.8498443737626076
2025-12-08,AAPL,7.074585046400715,7.10907335239185,7.135466191088288,7.019055601627702,159174889,0.0427306979533874,6.530977824554207,6.054162674279256,0.0270084911273891,71.11760454969948,7.130815951012857,0.2831748445828755
2025-12-09,AAPL,7.130815951012857,7.134870907599574,7.152074640679775,7.125708073828127,147223936,0.0079482972136648,6.649361198948496,6.123680456706182,0.0236609019155735,71.89981609233404,6.95822069993562,-0.5668212110797565
2025-12-10,AAPL,6.95822069993562,6.97908082700199,7.015316818873312,6.915302436276652,149567858,-0.024204137683952,6.759418298664879,6.187331323275411,0.0252635369495151,65.99207755173344,7.301783486710615,0.2831748699148496
2025-12-11,AAPL,7.301783486710615,7.258064728516055,7.361235354850143,7.201073026931129,94200859,0.0493750919366748,6.897114294174425,6.262939913777317,0.0280654935455275,71.08511544844293,7.290836106811176,-0.0001553021371364
2025-12-12,AAPL,7.290836106811176,7.279909805469439,7.336174490487741,7.210726166079588,118876697,-0.0014992747894214,7.005972779223147,6.329003340902769,0.0288421969463445,70.72167096989996,7.321743265558975,-0.5668246115247408
2025-12-15,AAPL,7.321743265558975,7.280581571348095,7.365722552691622,7.223575680516393,126725548,0.0042391789220066,7.123236551790917,6.385548578430889,0.0279993969305344,71.16983816042556,7.251199924883848,-0.8501571372151374
2025-12-16,AAPL,7.251199924883848,7.268176672528907,7.291614645605622,7.233512767349658,69175677,-0.0096347738668957,7.189883497330544,6.449120558266579,0.0269153540993568,68.58917699110279,7.067605676424731,-0.0001559056341647
2025-12-17,AAPL,7.067605676424731,7.034800013705103,7.068267855071159,7.003952421787637,95503145,-0.0253191541208345,7.188886444476832,6.491734652293682,0.0253012030235414,62.26152619497963,6.771220657340017,0.5665068219105402
2025-12-18,AAPL,6.771220657340017,6.745263477240233,6.781022895144059,6.738491734696602,106022401,-0.0419357039221018,7.137515688237855,6.530233095655275,0.0294214979513259,53.65583548115199,6.904615944794227,-0.0001576267182827
2025-12-19,AAPL,6.904615944794227,6.915263384672835,6.924693904258965,6.856377586777072,84755065,0.0197003308863681,7.129857866074799,6.566846493038626,0.0298189943175622,56.56566829761742,6.746680871294168,-0.8501530960202217
2025-12-22,AAPL,6.746680871294168,6.768172241427465,6.775556481274632,6.7368906353974,96772224,-0.0228738390031866,7.050557492443877,6.591716013802055,0.0206958111354132,52.37288638918139,7.399648559134792,-0.850154758989811
2025-12-23,AAPL,7.399648559134792,7.396119634735772,7.444538782237752,7.336625590689335,92909446,0.0967835444268419,7.066102128490107,6.644838858795295,0.0460544507811911,64.19081933933737,7.14664297308336,-0.0001576125621795
2025-12-24,AAPL,7.14664297308336,7.158867431043157,7.166489387394942,7.133195751375746,47337305,-0.0341915678872477,7.041087800993592,6.686220789222608,0.0481253902049332,58.16806714067795,6.86249694092085,-0.000158978998661
2025-12-25,AAPL,6.86249694092085,6.87356864987094,6.877374019940887,6.855368615615816,132208063,-0.0397593713905534,6.985558803284592,6.718751095109528,0.0501735013462997,52.23989825711495,6.981552422066345,0.5665091599027315
2025-12-26,AAPL,6.981552422066345,6.977040380329389,7.003659577261612,6.972943230453472,148048073,0.0173487117255486,6.973265481233393,6.751636228759239,0.0501403909789706,54.33964862378167,7.340218909509329,-0.0001622334122657
2025-12-29,AAPL,7.340218909509329,7.316112775851853,7.352329927709625,7.281516101355646,130528726,0.0513734576151516,7.054550945829011,6.794922682219911,0.0497536569625873,60.03945282687934,7.358884096105747,-0.850154758989811
2025-12-30,AAPL,7.358884096105747,7.371355007276197,7.378056955967939,7.350328470911931,91810981,0.0025428651143137,7.11944639601637,6.831089462818957,0.0497696762630199,60.31707273661991,7.498843173253254,-0.8501571372151374
2025-12-31,AAPL,7.498843173253254,7.512635698559213,7.5213961796363025,7.486992832443897,46700492,0.0190190625806394,7.226898153439096,6.871339355481164,0.0476049955955738,62.42507338936491,7.073452054723034,-0.8501558005809784
2026-01-01,AAPL,7.073452054723034,7.092423570976068,7.108047948838676,7.063103324032966,72114091,-0.0567275656660614,7.180298652808846,6.898406484248045,0.0388226465580529,53.17860277250759,6.920380950492199,-0.000158978998661
2026-01-02,AAPL,6.920380950492199,6.926859806101652,6.9618443643055725,6.9004533879033705,142479958,-0.0216402264476546,7.147975506724395,6.913281101771326,0.0375605655813142,50.29188499806634,6.684888338806744,-0.5668226967255275
2026-01-05,AAPL,6.684888338806744,6.6614544644702,6.731164012774707,6.604001033193984,56695244,-0.0340288509216687,7.122602849279522,6.916370943539842,0.0367033775780112,46.14203058342432,6.284799637311616,-0.4251573339104652
2026-01-06,AAPL,6.284799637311616,6.297815586099,6.348350394269389,6.255962856496798,105656289,-0.0598497209254125,7.023066737171703,6.90111921382918,0.0408752941334567,40.08959349268554,6.312196399536778,0.8498448565602302
2026-01-07,AAPL,6.312196399536778,6.312170246587844,6.3550753015763375,6.297283509990274,40164363,0.0043592101270042,6.876206378604196,6.891155814697693,0.0309697082400891,40.66355496568672,5.865835316840609,-0.5668217952052753
2026-01-08,AAPL,5.865835316840609,5.85734034179159,5.898311026115491,5.848531930492068,78853931,-0.0707140675674992,6.662913695852033,6.873046904281011,0.0339593589214355,34.81188550158413,5.608644621229584,0.8498448498547078
2026-01-09,AAPL,5.608644621229584,5.60368709811909,5.639394306413472,5.6030467312539045,53590909,-0.0438455363505756,6.392885331277223,6.8499306473135695,0.0257280170490795,31.95817431072315,5.50777420284995,-0.4251574970781803
2026-01-12,AAPL,5.50777420284995,5.496368860808539,5.532118864842181,5.479272471682767,53609128,-0.0179848118737679,6.169217066723926,6.827262420677871,0.0257846774610894,30.888688103953285,5.356315325199352,-0.0001584582030773
2026-01-13,AAPL,5.356315325199352,5.37059810786251,5.392587779880911,5.352494073791013,59758631,-0.0274991080012368,5.945779120253519,6.794542547579722,0.0253776248259227,29.30298912686113,5.430847454029252,0.8498443737626076
2026-01-14,AAPL,5.430847454029252,5.407742759658098,5.444784733928625,5.406828146080184,104591192,0.0139148135060787,5.766630422428163,6.75794323899836,0.0315963907859767,31.17538866444892,5.488494717649055,0.2831741963823636
2026-01-15,AAPL,5.488494717649055,5.472136490733324,5.500399990877591,5.46839165047267,122792534,0.0106147823351276,5.652872576762084,6.724196501000509,0.0312796457921195,32.660929000776974,5.652937384033991,0.8498453259468078
2026-01-16,AAPL,5.652937384033991,5.647361786442139,5.670363431293202,5.630628672511894,138149905,0.0299613418331525,5.558692717404542,6.686472036931426,0.0356251812790482,36.84834324337526,5.795441136455842,-0.2834921439488728
2026-01-19,AAPL,5.795441136455842,5.823498330605466,5.831213259923672,5.7563839185960965,87036894,0.0252087972572161,5.548636405921004,6.643833906599932,0.0283675260278804,40.312206985241,6.016014617266488,0.283176136513551
2026-01-20,AAPL,6.016014617266488,6.035042318848616,6.08198374911002,6.0120672914928805,128433479,0.0380598259247502,5.606832119640562,6.606673862141719,0.024567638740246,45.31229268127328,6.018044752402045,-0.8501530960202217
2026-01-21,AAPL,6.018044752402045,5.988420792245518,6.021348807413405,5.947921360021013,103563711,0.0003374551534052,5.679727912433719,6.575334663890599,0.0218775286680286,45.35766359459445,6.078641255842748,-0.5668233628074328
2026-01-22,AAPL,6.078641255842748,6.10328431833671,6.14254537204576,6.04253085654592,126787932,0.010069134732924,5.78291733109706,6.534563256195003,0.013183708759232,46.77702901265273,6.178660972534702,-0.8501558005809784
2026-01-23,AAPL,6.178660972534702,6.2036738026253815,6.238560983286619,6.143066329895834,157444854,0.0164542884638596,5.889747833740695,6.497490751719122,0.0130771338450654,49.12603065962255,6.208158853068141,-0.8501571372151374
2026-01-26,AAPL,6.208158853068141,6.186293562519821,6.23753772309222,6.175427011707471,159318473,0.0047741542487218,5.992556995943422,6.46037127130276,0.0138409379131374,49.82930408696799,6.136796629971145,-0.8501571372151374
2026-01-27,AAPL,6.136796629971145,6.090375600118318,6.140826643583182,6.044779104160303,110462576,-0.0114949093259312,6.061679745363016,6.42322449480567,0.0164182033215954,48.0970589646216,6.078866862503821,-0.0001580148935317
2026-01-28,AAPL,6.078866862503821,6.077549785623292,6.103566868990468,6.027686793602513,155511728,-0.0094397404640076,6.102169134798442,6.390266534341639,0.0169567015327164,46.67846157249541,5.937315340396661,0.8498443737626076
2026-01-29,AAPL,5.937315340396661,5.957307903387976,5.970771417682627,5.89901146781048,124168216,-0.0232858401588443,6.090926380959894,6.362469690443528,0.0137591292333678,43.3165094033774,6.013783978709356,0.5665083895126978
2026-01-30,AAPL,6.013783978709356,6.042492495929098,6.080822236170299,5.982337758088657,72261663,0.012879329112337,6.090317699003796,6.332775291574032,0.01485638174478,45.59610841054875,5.9997590314471045,-0.8501571372151374
2026-02-02,AAPL,5.9997590314471045,5.98408477021456,6.039969290092895,5.976885288227896,152233474,-0.0023321335305531,6.079048809804418,6.307877896912463,0.0141786177658572,45.236776253817496,5.889937266186964,0.8498453259468078
2026-02-03,AAPL,5.889937266186964,5.920894407241369,5.949341184856219,5.85258729444702,57412089,-0.0183043626726542,6.037802566040456,6.257554187147535,0.0127431033807833,42.41781889363965,5.782321342777184,0.8498445346951485
2026-02-04,AAPL,5.782321342777184,5.743673479649397,5.804615323032847,5.708449616632935,96184916,-0.0182711493427243,5.976968635998891,6.212076799470664,0.01223851555216,39.80049125576468,5.588911651824973,-0.0001549512147903
2026-02-05,AAPL,5.588911651824973,5.582740644732698,5.619932426055497,5.573456236406842,58395788,-0.0334484508014766,5.89869935340658,6.1696239565008,0.0151430451854706,35.55439855137067,5.752054387599968,-0.0001569852232932
2026-02-06,AAPL,5.752054387599968,5.744854932218721,5.779060858706531,5.738680592301318,134128097,0.0291904302551864,5.852011856991744,6.128640688685255,0.0221484164492861,41.24812937103137,5.767610256242967,-0.8501571372151374
2026-02-09,AAPL,5.767610256242967,5.787548948773773,5.78987693136349,5.73475925251315,147472800,0.0027044022178464,5.827768273541217,6.076220400243042,0.0212513292946677,41.77634870969259,5.629235665048259,-0.4251576647162437
2026-02-10,AAPL,5.629235665048259,5.651161016684124,5.663662441514958,5.620491740425664,138253325,-0.0239916681341165,5.77283280016106,6.018565452541126,0.0209549640080128,38.46359437211637,5.76412906260183,0.8498448565602302
2026-02-11,AAPL,5.76412906260183,5.780629867515348,5.781340456309059,5.721545789273609,52281621,0.0239630041412406,5.739171376040306,5.960741648852745,0.0244571111076638,43.19272926607008,5.673756912958121,-0.4251551054418087
2026-02-12,AAPL,5.673756912958121,5.650768834932017,5.701667887569469,5.628581670474979,72496199,-0.0156783702554565,5.708288468436186,5.914085144127248,0.0242463308195531,40.92363577389988,5.45095382224439,-0.0001530736684799
2026-02-13,AAPL,5.45095382224439,5.465060111769965,5.4991377324406185,5.422790354140708,80817300,-0.0392690582504297,5.660950251217216,5.865104239852321,0.0272622276844156,35.914297089168514,5.61989082924126,0.8498443737626076
2026-02-16,AAPL,5.61989082924126,5.628473110114252,5.652042835900266,5.61633919978012,53876886,0.0309921919183149,5.665375847990971,5.829604322866805,0.0281326219319989,41.73776386327406,5.5329073709669645,-0.0001622334122657
2026-02-17,AAPL,5.5329073709669645,5.505167015820184,5.554227498884914,5.474263171749096,103641583,-0.0154777843408818,5.634069131329113,5.804541247321983,0.0256647407950758,39.73561244561992,5.468602120282938,-0.0001566037535667
2026-02-18,AAPL,5.468602120282938,5.434691091662421,5.508166516573762,5.412818292951436,44082194,-0.0116223255465034,5.591353683334823,5.776421438013523,0.0254952791931925,38.27389039384051,5.477379367922591,0.5665123696128528
2026-02-19,AAPL,5.477379367922591,5.494435751286444,5.5001167159404885,5.447678624651562,113614060,0.0016050258268194,5.569659926602585,5.763472906382921,0.0245187943301209,38.60586766676808,5.661197502975382,-0.2834878568847974
2026-02-20,AAPL,5.661197502975382,5.658138769836408,5.665048070658815,5.648414923118114,108964008,0.0335595040448162,5.55495541808452,5.7652246691077815,0.0265071338228684,45.24727167080383,5.66675572805902,0.2831765164931615
2026-02-23,AAPL,5.66675572805902,5.644907289106968,5.718667902510951,5.638718608962618,111487916,0.0009818108413841,5.553955248813222,5.7705240532814175,0.0258421843984787,45.43946755850288,5.479792829928982,-0.2834924091895421
2026-02-24,AAPL,5.479792829928982,5.47637061280199,5.519937027307416,5.467645241083838,149539893,-0.0329929340705985,5.5580751070538765,5.7746399701057385,0.0243117907502988,40.31332236982912,5.568700078279499,-0.8501558005809784
2026-02-25,AAPL,5.568700078279499,5.574781785070176,5.603508007632519,5.565395152337256,134368926,0.0162245637946258,5.550762142630768,5.779235057580746,0.0217855916585506,43.57325828819688,5.493922807545933,-0.0001596473157405
2026-02-26,AAPL,5.493922807545933,5.492557274462643,5.504154195473558,5.451788372228917,71163207,-0.0134281375693462,5.545192919284906,5.779415993910643,0.0215729272150023,41.51926761987838,5.799862567760567,0.424841546267271
2026-02-27,AAPL,5.799862567760567,5.77285864857497,5.835771098735755,5.768309499663834,108603191,0.0556869419050489,5.592515840353139,5.784313500034861,0.0294962525563257,51.576636464115445,5.801989838089329,-0.4251584962010383
2026-03-02,AAPL,5.801989838089329,5.834809784070185,5.866180574631383,5.793757156332346,136294956,0.0003667794372554,5.638888764662673,5.78453179008931,0.02955029334021,51.638915094614354,5.440444450090086,-0.0001602351665496
2026-03-03,AAPL,5.440444450090086,5.456834626318269,5.486196192348792,5.405166467284276,142125584,-0.0623140333038405,5.607352614250488,5.765346117850098,0.037277060527649,41.79930317863793,5.5023228341672406,-0.0001566633582115
2026-03-04,AAPL,5.5023228341672406,5.496786769136017,5.511800712808993,5.486295116335918,117182300,0.0113737737136769,5.583862200837376,5.748155387242272,0.0377619223172546,43.77399315983548,5.836113937482941,-0.0001557134091854
2026-03-05,AAPL,5.836113937482941,5.830947319380377,5.860608929021818,5.820334985719574,50155626,0.0606636712122725,5.634765216202228,5.740071143296944,0.0419631624063299,53.03156880509489,6.133459078141083,-0.0001551002264022
2026-03-06,AAPL,6.133459078141083,6.140073781814825,6.187480160233567,6.094712795104299,92155071,0.0509491664904651,5.715445073325311,5.738564413483823,0.0448059265863888,59.43843307997743,6.506517405303615,-0.2834884544213613
2026-03-09,AAPL,6.506517405303615,6.484467701485252,6.545144187330046,6.46656263370101,143075854,0.060823480259625,5.860101444433552,5.74850969855834,0.0457994688271255,65.7507784262676,6.293746816749078,0.4248413115739822
2026-03-10,AAPL,6.293746816749078,6.29983934813496,6.3214313475826005,6.261615185545744,48863258,-0.0327011479875706,5.930656337146196,5.753741371450937,0.0481691614682106,60.014240353419005,6.489121078980332,-0.4251539163291454
2026-03-11,AAPL,6.489121078980332,6.463215227260784,6.509994629383294,6.437731095193407,110800379,0.0310425995706278,6.028817942987769,5.767416512000154,0.0482514737651479,63.19005124523078,6.3386825245216185,0.5665122131506601
2026-03-12,AAPL,6.3386825245216185,6.337341242498527,6.367590292769792,6.325399380140328,104874637,-0.0231831942458304,6.157137667906558,5.780795418137653,0.0388696366098314,59.28547362702349,6.388063732297473,0.2831736420591672
2026-03-13,AAPL,6.388063732297473,6.365669004646977,6.416011006313156,6.334035569374919,66751907,0.0077904529190127,6.283672081925163,5.793271409923923,0.0390669057663037,60.15579129228238,6.1347838879648044,-0.5668217952052753
2026-03-16,AAPL,6.1347838879648044,6.114206277164296,6.158441701138244,6.065129145821521,81291281,-0.0396489225760395,6.326339217708287,5.797772238474513,0.0409577592085763,53.80307951528783,6.010076682324684,-0.2834887286027273
2026-03-17,AAPL,6.010076682324684,6.039749439641728,6.044650743812506,5.989162815201384,157329182,-0.0203278889554318,6.3087131611630864,5.8017768856791045,0.0371447680957583,50.9500770076837,5.8829082427449,-0.8501571372151374
2026-03-18,AAPL,5.8829082427449,5.883953504249912,5.890286580319764,5.84590596506228,111476347,-0.0211592041668584,6.219626137940414,5.805129782344694,0.0247887145271389,48.14637964483384,6.05690491683786,-0.8501571372151374
2026-03-19,AAPL,6.05690491683786,6.060673640921491,6.095728901861658,6.037731427432569,152768112,0.0295766425232861,6.185791580810239,5.820729557845124,0.0279443827144436,52.03550923305556,6.216643205773042,-0.283487827082475
2026-03-20,AAPL,6.216643205773042,6.179131112930182,6.217657937444631,6.156787927201528,96558293,0.0263729233211367,6.146866170352054,5.836215851784226,0.0269758963144925,55.34666772414295,6.274337557602878,-0.000155472010374
2026-03-23,AAPL,6.274337557602878,6.263100185936547,6.27683358282934,6.228087608270936,141487098,0.0092806278115267,6.137674032220806,5.853106761829556,0.0262700516085092,56.51432476669089,6.016959529992741,-0.2834925358494122
2026-03-24,AAPL,6.016959529992741,6.0252848139517,6.065181650020331,6.014290135471728,114380854,-0.0410207492420073,6.084659146177273,5.866030890661039,0.0297466105965333,50.20695663943447,5.959949765096647,-0.4251574970781803
2026-03-25,AAPL,5.959949765096647,5.963420892274539,6.003197391482368,5.934244689082594,149391536,-0.0094748459935483,6.0596828429103935,5.872558247410867,0.0264184474800602,48.90497417493217,5.824881675672425,0.8498448565602302
2026-03-26,AAPL,5.824881675672425,5.78724076916666,5.825076680973988,5.782833371579695,79209604,-0.0226626221273246,6.0332264133886415,5.877595739501344,0.026675060663244,45.86997923197139,5.987310154223685,-0.8501530960202217
2026-03-27,AAPL,5.987310154223685,5.991030751078862,6.003930961481069,5.957337641313282,85857006,0.0278852837869036,6.048140972171326,5.895474283900653,0.0278783012950407,49.896818927952125,6.2139970522103045,0.8498443737626076
2026-03-30,AAPL,6.2139970522103045,6.220830438184462,6.254769422818123,6.186972515848028,44852604,0.0378612251825145,6.070582705795959,5.915277824666289,0.0293395310136611,54.935424457152656,6.427176469922527,-0.850154758989811
2026-03-31,AAPL,6.427176469922527,6.451929364645937,6.469498469289134,6.413422038861435,67336584,0.0343063274605828,6.100658886388744,5.945086794631474,0.0304774091567573,59.10088047045272,6.277377764432695,-0.2834886198242505
2026-04-01,AAPL,6.277377764432695,6.265038364662932,6.305847620914678,6.260405826641995,56621144,-0.0233070783400533,6.101093201650146,5.972045982769799,0.0321854931347103,55.23715681969427,5.758459938639096,-0.5668211023012797
2026-04-02,AAPL,5.758459938639096,5.719727349925366,5.774843844789038,5.6866665572186434,61948463,-0.0826647439849423,6.064164688599625,5.981415335127016,0.0431299072111766,44.40691965650555,5.429113928925292,-0.4251530848443508
2026-04-03,AAPL,5.429113928925292,5.41287918300758,5.435754783593483,5.402530158327127,77005605,-0.0571934185916449,5.988330997718003,5.9736792159920125,0.0474311714614668,39.15911118725575,5.703223521036178,-0.8501571372151374
2026-04-06,AAPL,5.703223521036178,5.684453099634833,5.730920514457185,5.673880325422158,144851196,0.0504888266666281,5.970951261341397,5.974894809091251,0.052539047567308,44.986246647817374,5.626447639703569,0.2831741293271382
2026-04-07,AAPL,5.626447639703569,5.63888280148317,5.644239959526676,5.62119456846371,85423985,-0.0134618397910275,5.919399473552809,5.979783302750404,0.0509450465997496,43.72309435502826,5.486364675378396,-0.000158941745758
2026-04-08,AAPL,5.486364675378396,5.441649652425755,5.508889620695446,5.416011759631991,139195761,-0.0248972305965604,5.815451991148251,5.9770387893203685,0.0469545486856976,41.43692364691779,5.802443839757743,-0.0001576662063598
2026-04-09,AAPL,5.802443839757743,5.794639150218451,5.81082951894459,5.78153171703963,137760129,0.0576117671867204,5.726204472553282,5.987322823727427,0.0517530057628083,48.038864477734734,6.063894609441944,-0.000157456099987
2026-04-10,AAPL,6.063894609441944,6.089832229901119,6.091929014883534,6.025915349190457,157712605,0.0450587333379719,5.695706878983174,5.996123891783474,0.0558487051936521,52.78069547255672,6.071478095817026,0.4248420692980289
2026-04-13,AAPL,6.071478095817026,6.07160946674736,6.077066596942931,6.045466882522704,101034488,0.0012505966649343,5.740423758580022,6.005106833707731,0.0437366851234771,52.91491461806753,6.014113619736342,-0.0001593977212906
2026-04-14,AAPL,6.014113619736342,6.030285273251638,6.0795598829776685,6.013891719697801,141790252,-0.0094481895800967,5.823995142981601,6.024229139362605,0.0345615524273611,51.71737427030585,5.990337188060184,0.8498401805758475
2026-04-15,AAPL,5.990337188060184,5.960832411221885,5.997478226492841,5.937899923599526,90331187,-0.0039534390567766,5.865011381127887,6.040496284492369,0.0312737587042914,51.200158581392415,6.03671345646374,0.8498378425836562
2026-04-16,AAPL,6.03671345646374,6.00770120150928,6.047018282733696,5.999119016444866,115883909,0.0077418460676959,5.923620783522196,6.047182935125064,0.0299075714926437,52.20421615932864,6.351401333389736,0.8498448565602302
2026-04-17,AAPL,6.351401333389736,6.378786844379225,6.386058681614684,6.350592126923222,137311279,0.0521290068172852,6.047197448952388,6.054447676966686,0.0288738668439152,58.45116505185671,6.441160150684413,0.8498453259468078
2026-04-20,AAPL,6.441160150684413,6.443115983826072,6.473120985225396,6.415894381732585,57073810,0.0141321281057786,6.138442636227627,6.052269101812712,0.0240866352484926,60.05486831971552,6.594167750714009,0.8498443737626076
2026-04-21,AAPL,6.594167750714009,6.596210776120274,6.614960125955387,6.585542723868874,46903064,0.0237546647576116,6.214195942123636,6.062283132944876,0.0208202832151847,62.6979945803971,6.845418515241928,0.2831759800513585
2026-04-22,AAPL,6.845418515241928,6.822455843024747,6.904856363336728,6.765789426006764,59781704,0.0381019673787816,6.324758859184335,6.074159714153596,0.0221951528129532,66.60556831331311,6.596934449079482,-0.8501558005809784
2026-04-23,AAPL,6.596934449079482,6.5989290004581305,6.633841962142848,6.566800956544973,126533161,-0.0362993242281934,6.408018977661927,6.082768111638858,0.0289268942058477,59.92021726905862,6.762201124995174,-0.0001575306057929
2026-04-24,AAPL,6.762201124995174,6.738953944053764,6.787232597708494,6.729100128499897,96843943,0.0250520415492006,6.518285254366925,6.0952393580621145,0.0280477489664287,62.608402142583216,6.70123383651595,-0.8501530960202217
2026-04-27,AAPL,6.70123383651595,6.725094325751253,6.757631906384698,6.652715808374562,73600017,-0.0090158939895872,6.613216737231527,6.11412102301382,0.029715104667222,60.98344467523768,6.193123494858615,0.8498448565602302
2026-04-28,AAPL,6.193123494858615,6.243804872236458,6.246037317887818,6.162946882981466,132135463,-0.0758234011904749,6.590605617441367,6.120222583431617,0.0406894296604502,49.46157073581612,5.773022957350393,-0.2834908147652943
2026-04-29,AAPL,5.773022957350393,5.781404365788835,5.8157901217183445,5.767037763730231,41810258,-0.0678333861511045,6.495157446965079,6.116559740585134,0.0463770786979045,42.33907189387943,5.576598913607183,-0.8501571372151374
2026-04-30,AAPL,5.576598913607183,5.565976389637092,5.611085714952329,5.547325745851428,60793046,-0.0340244695360367,6.349790470235532,6.100549540477445,0.0434675513151551,39.47666706463247,5.681680492231788,0.4248438976705074
2026-05-01,AAPL,5.681680492231788,5.638494180900732,5.694961632199322,5.592353617473103,96381116,0.0188433093813149,6.183542181234084,6.0827174500260695,0.0393856242729674,41.74566748826435,5.705915142934724,0.5665105665723483
2026-05-04,AAPL,5.705915142934724,5.677080915038032,5.736129123584221,5.6566811508219565,149862100,0.0042654018887668,6.05625370892769,6.063770036203798,0.0405146354695183,42.28308242088266,5.743022385491481,0.8498453259468078
2026-05-05,AAPL,5.743022385491481,5.769811204397287,5.781279510249761,5.718863771593033,129879569,0.0065032937972631,5.9106567461414485,6.054638798053756,0.0375942326274978,43.14791981783672,6.118042566979029,0.2831748445828755
2026-05-06,AAPL,6.118042566979029,6.099152648458869,6.143157449085538,6.077998785594959,122054887,0.0653001427323278,5.827343707636174,6.059908558116502,0.0503474781645233,51.11955038385526,5.867257682207457,-0.0001622334122657
2026-05-07,AAPL,5.867257682207457,5.86073033078224,5.895569429927666,5.850441887880742,125305388,-0.0409910330021461,5.780791448686007,6.061321091667669,0.044329612277428,46.43098377359466,5.864195221131327,-0.0001561090350151
2026-05-08,AAPL,5.864195221131327,5.875724099476559,5.920642003983668,5.856462923941651,77477090,-0.0005219578280014,5.79381605779757,6.057217260564591,0.0352709552008368,46.37504778233985,5.92513260752274,0.4248388037085532
2026-05-11,AAPL,5.92513260752274,5.951480898394731,5.96867239635407,5.895792578330658,93743388,0.0103914320880431,5.843606585499793,6.047588445741671,0.031323219893552,47.72456684165681,5.789413807339511,-0.0001568734645843
2026-05-12,AAPL,5.789413807339511,5.7859473335080605,5.815745755578118,5.7519951278800745,146291151,-0.0229056139622791,5.85899705908661,6.026329690322238,0.0330866951074857,45.00786847521629,5.7969602619419085,-0.4251566655933857
2026-05-13,AAPL,5.7969602619419085,5.789922748653573,5.831063222187559,5.754900955595852,127549583,0.0013034920034269,5.872003504659065,6.010315773572545,0.0330889747583903,45.19468262120834,5.518640039506048,-0.0001530736684799
2026-05-14,AAPL,5.518640039506048,5.519825791532877,5.528113887426903,5.515035179547056,111835644,-0.0480114076791389,5.839948883804003,6.002321776934777,0.0380891777195718,39.8216994743599,5.773960682068914,-0.2834893559416135
2026-05-15,AAPL,5.773960682068914,5.763088813841351,5.808024984079581,5.741381432139558,49950666,0.0462651379207763,5.790794328816844,6.01381666870623,0.0324976664307327,46.14677483316973,5.650317278631292,-0.4251566655933857
2026-05-18,AAPL,5.650317278631292,5.640590496953762,5.684908850040988,5.640310993051538,127979017,-0.0214139669883097,5.759802842591678,6.012053127292735,0.0299020799053152,43.74871092973671,6.033689320883156,0.8498378425836562
2026-05-19,AAPL,6.033689320883156,6.0411447908831,6.076728678469308,6.019348189176968,83884851,0.0678496486740176,5.784016285413367,6.025627849998722,0.0407879094255133,52.066252051354766,6.029582513253309,-0.0001566544175148
2026-05-20,AAPL,6.029582513253309,6.032934204740676,6.092424793314915,5.989758805377154,86253064,-0.0006806461870075,5.798937700517734,6.043735111261218,0.0407488201396508,51.97758807476614,6.235914168821418,-0.4251551054418087
2026-05-21,AAPL,6.235914168821418,6.275791692021929,6.2782802502726645,6.217961835137779,120868506,0.0342198908655089,5.862723466443721,6.058184122230007,0.0403675429140798,56.028974508501,6.227621825170385,-0.0001602351665496
2026-05-22,AAPL,6.227621825170385,6.235820778575673,6.244031417496399,6.193507397153936,87226064,-0.0013297719350425,5.924246546904931,6.063641696087623,0.0404889833609713,55.82513629464199,6.224064752014595,-0.850154758989811
2026-05-25,AAPL,6.224064752014595,6.245559165305584,6.25230517988073,6.201866822109535,108746861,-0.0005711768080415,6.025021505834724,6.0687279179608735,0.0320612754590543,55.73147209319937,6.1157297950906,-0.8501544430851936
2026-05-26,AAPL,6.1157297950906,6.096074723067627,6.123664615835212,6.061692866625295,41514108,-0.017405820993255,6.073845664837823,6.072115123806016,0.0316566226724327,52.82450712851862,6.140461417389009,-0.8501551166176795
2026-05-27,AAPL,6.140461417389009,6.150135541621483,6.16781787104691,6.1060556009264095,62201574,0.004043936394682,6.143866256088925,6.0771192647836445,0.0289734891016503,53.42180451693914,6.201468920760859,-0.5668220038215319
2026-05-28,AAPL,6.201468920760859,6.18801828170715,6.2424973847865015,6.15613041321279,104548242,0.0099353288336092,6.167834770357167,6.082611113593547,0.0156944003032052,54.9374757775508,6.062608641987047,0.2831741963823636
2026-05-29,AAPL,6.062608641987047,6.069801077101737,6.088965683733687,6.024284568084218,154926420,-0.0223915140990137,6.172552788747701,6.072984690546791,0.0186478989950675,50.87919534125503,6.042746047542623,-0.2834925209482511
2026-06-01,AAPL,6.042746047542623,6.055227604141924,6.094847412624339,5.9948532525605245,131295616,-0.0032762455268616,6.144957342850731,6.0597042204420655,0.0115108010041434,50.30673929316243,5.939787464306484,-0.0001551181077957
2026-06-02,AAPL,5.939787464306484,5.940676095309862,5.957775803107741,5.914032736596605,90108535,-0.0170383766628765,6.103838148441603,6.037891544228481,0.0123096551373465,47.33380959621379,6.348112038766064,0.8498453259468078
2026-06-03,AAPL,6.348112038766064,6.39395795894724,6.412324135601426,6.33103458457937,156258941,0.0687439705399046,6.121559189406098,6.021314661679286,0.031286689606197,57.94772476794751,6.333364558590846,-0.0001596473157405
2026-06-04,AAPL,6.333364558590846,6.360496307971014,6.400370056500144,6.31911431419319,73049539,-0.0023231285278456,6.152649869906133,6.012528998662998,0.0301265056822865,57.49702630428895,6.633108976159792,0.8498378425836562
2026-06-05,AAPL,6.633108976159792,6.656535365912784,6.684917917587296,6.595210685789161,147067220,0.0473278325913451,6.223028092587674,6.008225927035152,0.0339985571003609,63.68019582064086,6.596310578198971,-0.0001622334122657
2026-06-08,AAPL,6.596310578198971,6.611434985485476,6.633314122790436,6.59295077115379,88411734,-0.0055476848176441,6.279434043650261,6.004728485091252,0.0346204524722115,62.47852613735606,6.650262327748153,-0.0001575946807861
2026-06-09,AAPL,6.650262327748153,6.685442763797284,6.721929335506396,6.612687074782308,50438930,0.0081790796399874,6.363384570187562,6.01996644618757,0.0317579417876568,63.56412947191039,6.399717080733864,-0.8501566916704176
2026-06-10,AAPL,6.399717080733864,6.372128489861352,6.419572958663511,6.359101591545006,40297166,-0.0376744908195412,6.414380432072025,6.040856250300352,0.0370475785051997,55.52926552018372,6.3170631486546895,0.4248388037085532
2026-06-11,AAPL,6.3170631486546895,6.343031643618335,6.351901217278214,6.282255128013715,157662414,-0.0129152478205639,6.468276958407484,6.065538391468603,0.0365981806305261,53.14270677470083,6.35916176634661,0.8498448565602302
2026-06-12,AAPL,6.35916176634661,6.340251317556682,6.386042122411948,6.321892633995167,117064023,0.0066642705164163,6.469855490918989,6.088121100605764,0.0257281014721711,54.22189454602705,6.662248533472885,-0.0001563191413879
2026-06-15,AAPL,6.662248533472885,6.650969231067735,6.695362489715873,6.604181611700311,57937682,0.0476614337333334,6.516838915902137,6.119998880290368,0.0311659845969083,61.1578582213117,6.709441494435652,-0.8501571372151374
2026-06-16,AAPL,6.709441494435652,6.720741383712202,6.7361734521750405,6.707908259817808,159037856,0.0070836386132484,6.527743561370118,6.152212850588508,0.0258978785643119,62.12024811780308,6.991230281387997,-0.8501571372151374
2026-06-17,AAPL,6.991230281387997,7.017095459882208,7.059989892457575,6.973269050187548,44933715,0.0419988440447749,6.584160661825693,6.181319107735473,0.0295850341903426,67.32597818457411,7.130258440060234,-0.4251576647162437
2026-06-18,AAPL,7.130258440060234,7.105582541517315,7.1567923004905705,7.062410169347967,80162646,0.0198860791415147,6.652731535013133,6.223419132997233,0.0298791933187576,69.54945848587204,7.489698999137427,0.8498453259468078
2026-06-19,AAPL,7.489698999137427,7.478182578565359,7.510795454846107,7.465822473898249,129871580,0.0504105934025802,6.808443237642214,6.277602592264103,0.0242908242033186,74.3999007003714,7.479057521228242,-0.0001561403274535
2026-06-22,AAPL,7.479057521228242,7.481245865169448,7.53351872276404,7.462279570848244,148706374,-0.0014208151636547,6.97444243372415,6.32940008938762,0.0217123329110524,74.02396100497045,8.039903039749632,-0.0001559719443321
2026-06-23,AAPL,8.039903039749632,8.035407945926654,8.063970463150296,7.988681204835044,121363725,0.0749887959718866,7.214548329924582,6.404416397134624,0.0270103701598719,79.81338460903551,7.920160571572352,-0.0001553021371364
2026-06-24,AAPL,7.920160571572352,7.940452784747113,7.963920429315061,7.873125503813522,153973948,-0.0148935214249807,7.394250049653077,6.475189740788973,0.0318038449348578,75.92272000650864,7.7352186005480865,0.2831787114342053
2026-06-25,AAPL,7.7352186005480865,7.814951554163988,7.8218227949770815,7.728211228650584,140470303,-0.0233507855494841,7.540789636240567,6.549075692823706,0.0364690293410218,70.22851000954364,7.450980890176266,-0.000158978998661
2026-06-26,AAPL,7.450980890176266,7.460353941934511,7.484393380353208,7.412504995877479,138997132,-0.0367459182539042,7.6064682946388915,6.604976366427284,0.0408282815225095,62.47340321158956,8.024645935377658,0.4248434215784072
2026-06-29,AAPL,8.024645935377658,8.006946862050047,8.047120627364299,7.994301705170852,67300097,0.0769918824993551,7.734237936827095,6.684120654985496,0.0482085165719395,69.73694542667391,8.24889662797467,-0.5668247098724047
2026-06-30,AAPL,8.24889662797467,8.216812338384424,8.259798145493091,8.203827599573643,64588745,0.0279452444884047,7.8426947409467,6.757960898555213,0.046405103909111,72.01708933780364,8.16167083600486,-0.0001530736684799
2026-07-01,AAPL,8.16167083600486,8.153706989862437,8.19519485918241,8.118610012641422,69061603,-0.0105742374894114,7.940210928771932,6.829030509313599,0.0470622764469566,69.81372596397456,8.502066752391258,-0.0001530736684799
2026-07-02,AAPL,8.502066752391258,8.478084550506424,8.514085408059993,8.46773497217784,58480349,0.0417066460074271,8.006234316292163,6.904568928765927,0.0411183851063502,73.25288044087742,8.69916533089028,0.8498413495719432
2026-07-03,AAPL,8.69916533089028,8.711367209712732,8.724525636798104,8.671530843104684,119715994,0.0231824313121966,8.11752071048044,6.986953712289923,0.0399757306987937,75.02705279014486,9.276903632759742,-0.8501551166176795
2026-07-06,AAPL,9.276903632759742,9.28948371622502,9.324528857896048,9.260925309868204,47076217,0.0664130729666609,8.337761429367818,7.088715008314762,0.0403313275126386,79.35075122685525,8.810616885121293,-0.0001547165215015
2026-07-07,AAPL,8.810616885121293,8.798374492310977,8.82905512836052,8.739839948488806,91416439,-0.0502631875997763,8.531995142931395,7.178544577982452,0.0440441808709137,68.97158643450993,8.734604299417546,-0.850154758989811
2026-07-08,AAPL,8.734604299417546,8.786617689210185,8.824371994138842,8.701877112532507,109836289,-0.0086273851984316,8.633417766365664,7.265016007383403,0.038793422486613,67.42334468434154,8.6041422588367,-0.0001530736684799
2026-07-09,AAPL,8.6041422588367,8.585158578760838,8.643514089223418,8.572893455890119,104669966,-0.0149362279169928,8.684167142203098,7.345105118652598,0.0393891821178116,64.73734006865052,8.06659114591043,-0.0001622334122657
2026-07-10,AAPL,8.06659114591043,8.063700941125868,8.082105562620388,8.015994231261296,98466541,-0.0624758513696341,8.670584329332465,7.411904535450044,0.0472777894822144,55.0125826378023,8.365599455026837,0.2831784745057423
2026-07-13,AAPL,8.365599455026837,8.381640391575162,8.38789868325555,8.306667504643684,66770270,0.037067492786962,8.651089001137548,7.489332982366183,0.0466118518704363,58.72658758877953,8.29232878208961,0.8498413495719432
2026-07-14,AAPL,8.29232878208961,8.314520419502044,8.348809614722342,8.273743384204218,158592864,-0.008758568149375,8.592969494166022,7.567751026292288,0.0453533488931167,57.47443365151306,8.502305003851268,-0.8501571372151374
2026-07-15,AAPL,8.502305003851268,8.534892039607026,8.541685270285253,8.432027807492277,95779254,0.0253217434184689,8.482312547179097,7.639557458461795,0.0361539886590881,60.099985680749946,9.19555636203969,0.4248410701751709
2026-07-16,AAPL,9.19555636203969,9.207377152610244,9.25045963180414,9.173168828060964,111390087,0.0815368723980618,8.537303901024583,7.73496385191009,0.0458187062689121,67.28222103438026,9.087834295979428,0.4248423844575881
2026-07-17,AAPL,9.087834295979428,9.116485857432332,9.164699863705962,9.068405556414252,108078830,-0.011714578413651,8.587765329104853,7.8167880292374115,0.0460088664908832,65.31480219648233,8.962963067986113,-0.5668225879470508
2026-07-20,AAPL,8.962963067986113,8.945079048039807,9.016748744211457,8.911614106818357,84271528,-0.0137404824875119,8.639025444697625,7.89567644556365,0.0459178088045889,63.01452811502595,9.00196863594888,0.8498378425836562
2026-07-21,AAPL,9.00196863594888,9.026762270985795,9.06280879506235,8.988716161755127,126754557,0.0043518608374153,8.772650800417404,7.974066655837007,0.0347046274736537,63.44757317949555,9.29801970844416,0.4248413115739822
2026-07-22,AAPL,9.29801970844416,9.323256276851035,9.40433234274038,9.2391308123686,85145438,0.0328873699151777,8.905853693762735,8.07067674342735,0.0343214711700359,66.64021291976277,9.13221593064334,-0.0001573786139488
2026-07-23,AAPL,9.13221593064334,9.173663954020666,9.181918628106688,9.086999585772636,89703708,-0.0178321602878774,9.025837572127555,8.164515169493638,0.0355484696406459,63.30528732072385,8.95265793324817,-0.0001576535403728
2026-07-24,AAPL,8.95265793324817,8.907847123082346,9.011224207762288,8.848318434977054,136416327,-0.0196620402713715,9.09017370489854,8.25096504172369,0.0372696471167997,59.8142882931463,9.262881523800996,-0.4251566655933857
2026-07-27,AAPL,9.262881523800996,9.23767213464038,9.315741297460836,9.221758935725422,78202293,0.034651563018031,9.099791585150156,8.337652808067961,0.0235246006533833,63.55381445407191,9.37965983472422,-0.8501552797853946
2026-07-28,AAPL,9.37965983472422,9.40282218159029,9.433098019646977,9.367381042647382,123938950,0.012607125614547,9.141480947827985,8.42666008607758,0.0230777944694721,64.87872700137785,8.797807568545783,-0.8501544483006
2026-07-29,AAPL,8.797807568545783,8.727828985081562,8.806398927277629,8.707673825685125,119881503,-0.0620334080799365,9.117887305050791,8.48687932898284,0.0341092448171861,54.28905237467352,8.455313532092717,-0.8501559481024742
2026-07-30,AAPL,8.455313532092717,8.467793731470035,8.478080121610434,8.445671125508364,43671431,-0.0389294757568422,9.039793718785628,8.531047832050588,0.0365689752702315,49.19858268989714,8.888786309263484,-0.0001566678285598
2026-07-31,AAPL,8.888786309263484,8.917047434451964,8.967623784040725,8.836874217581869,122106837,0.0512663162076121,8.981331804616959,8.577684075721457,0.0404729113693797,54.95539270421504,9.013266204231751,-0.4251539163291454
2026-08-03,AAPL,9.013266204231751,8.997681133612648,9.025938106094904,8.958779838412369,136162492,0.0140041497947296,8.96433898655816,8.628824365154907,0.0406712477968594,56.48053947580589,8.792775942965047,-0.0001622334122657
2026-08-04,AAPL,8.792775942965047,8.781428250113382,8.867529008468512,8.713339132883917,72451426,-0.0244628591090745,8.941498702232,8.65392012859542,0.0410737970345979,53.0539547133473,8.747211780072321,-0.5668226967255274
2026-08-05,AAPL,8.747211780072321,8.719024659500745,8.785765388092544,8.661722743059913,149725337,-0.0051819997675683,8.867831595985047,8.681488502212087,0.0378043506530791,52.347190280190425,8.754425569551952,-0.4251573339104652
2026-08-06,AAPL,8.754425569551952,8.740728033229843,8.787763337871922,8.723196211381707,42378769,0.0008246958757833,8.778512415246151,8.715462067845548,0.037012184057756,52.45518061247276,8.96108645134686,0.8498443737626076
2026-08-07,AAPL,8.96108645134686,8.947844604558991,9.001969919242276,8.938562237238692,61567404,0.0236064468368637,8.80183796993202,8.765798919884569,0.0301643237562123,55.56209601682976,8.594230311929074,-0.0001576267182827
2026-08-10,AAPL,8.594230311929074,8.576624826391331,8.609536519087792,8.546058292652361,153482868,-0.0409388014957323,8.821683224194356,8.784785065769617,0.0306359054129681,49.39183438939941,8.372128428873456,-0.0001541689038276
2026-08-11,AAPL,8.372128428873456,8.353600619542688,8.406436772461111,8.287204214296207,142660964,-0.025843138360783,8.747874955567209,8.788892792466243,0.0232478237251738,46.057089748178704,8.448013287099025,-0.2834888567527135
2026-08-12,AAPL,8.448013287099025,8.44114493102821,8.516272398514326,8.41710544597489,130634368,0.0090639864008608,8.667124538833962,8.798437540836046,0.0225220908239285,47.36468173494693,8.425282098421642,-0.000158978998661
2026-08-13,AAPL,8.425282098421642,8.418126397253591,8.442164035135919,8.417448805268364,112474143,-0.0026907141247156,8.614625418184904,8.795878052370394,0.0215098094971204,46.99717833235903,8.575759872925808,0.8498378425836562
2026-08-14,AAPL,8.575759872925808,8.623976188356004,8.685944363074125,8.531376749421142,64132520,0.0178602654185735,8.590132288592544,8.791764537104912,0.0233212773715807,49.77534683668184,8.26805591979429,-0.5668226967255274
2026-08-17,AAPL,8.26805591979429,8.25827848537616,8.328743777160406,8.246066374440636,98704016,-0.0358806633687304,8.520650910055737,8.758136280006063,0.0263551530242541,44.62450298161679,8.36199964137213,-0.2834884588917096
2026-08-18,AAPL,8.36199964137213,8.370632993325252,8.374450092251749,8.322081171648504,107879878,0.0113622503874133,8.435067080059346,8.74318237188109,0.0242425091313742,46.44659598007966,8.64447933731872,-0.0001563817262649
2026-08-19,AAPL,8.64447933731872,8.629518778667453,8.690064839900238,8.628242261525514,50761024,0.0337813570989626,8.442245512257866,8.740178206477797,0.0245817948614308,51.60330650898731,8.77686719559397,-0.0001530736684799
2026-08-20,AAPL,8.77686719559397,8.76134278412304,8.78847760481509,8.726958084229565,111393703,0.0153147289859003,8.500065336075084,8.745935704369707,0.0218337146748041,53.84634819005898,8.817210832556476,-0.0001566544175148
2026-08-21,AAPL,8.817210832556476,8.772127449452519,8.858701486062717,8.745859637280585,50706605,0.004596587377186,8.552807842569006,8.77095636059124,0.021827699785131,54.53783412210795,8.795867714728358,-0.8501552797853946
2026-08-24,AAPL,8.795867714728358,8.75440312578695,8.86299603561088,8.69467798026014,55118635,-0.0024206201069063,8.605748644898537,8.785298635914625,0.0218093172199768,54.07624949011916,8.590349583488747,-0.0001530736684799
2026-08-25,AAPL,8.590349583488747,8.559243971982081,8.649691154823788,8.51148560708754,60402226,-0.0233653049255706,8.607832889264671,8.79523266262793,0.0236767435956279,49.713089188704245,8.575897284058202,-0.0001566633582115
2026-08-26,AAPL,8.575897284058202,8.58062337961713,8.659639998824781,8.572819133296322,62998850,-0.0016823878108899,8.651810227016657,8.797685738634828,0.0176953655025286,49.41116964075698,8.890686708842003,-0.4251566655933857
2026-08-27,AAPL,8.890686708842003,8.919390477282336,8.936133977868147,8.828725704492326,49846560,0.0367062960710786,8.727336950940925,8.787523416861571,0.021342745041749,55.71932753741238,8.863694253121484,-0.0001545161008834
2026-08-28,AAPL,8.863694253121484,8.816184908823585,8.899442317890843,8.764029592393484,154804781,-0.0030360372156263,8.758653367484177,8.78005208209964,0.01857171639229,55.08503660003056,8.646636925624053,-0.000156158208847
2026-08-31,AAPL,8.646636925624053,8.632393922387415,8.661837256957051,8.5894522143501,136310786,-0.0244883590632641,8.74004904320276,8.769507877354238,0.020433764118736,50.14192536722864,8.529414651388509,-0.0001530736684799
2026-09-01,AAPL,8.529414651388509,8.494438318458968,8.588663597703533,8.433221574075137,100961303,-0.0135569788859943,8.698935303035908,8.753756077868893,0.0206147642528591,47.65482128154121,8.581555214274822,-0.2834916984041531
2026-09-02,AAPL,8.581555214274822,8.574751488849296,8.591638496027306,8.532380249264527,84236433,0.0061130294419236,8.668319231542545,8.729873928063247,0.0210101465448329,48.869668924582456,8.496066805836533,-0.2834876661499341
2026-09-03,AAPL,8.496066805836533,8.523486234295182,8.5340961363818,8.480981655116935,62973066,-0.0099618782730763,8.654850263306514,8.708668957236352,0.0194313337036297,46.94587407433766,8.614092668681275,-0.8501558005809784
2026-09-04,AAPL,8.614092668681275,8.602544209422913,8.615061322549561,8.572157208801038,153881033,0.0138918237746981,8.660306746824096,8.697383448417458,0.0202691996344315,49.87940208856396,8.742167755618551,0.2831742604573568
2026-09-07,AAPL,8.742167755618551,8.740921551591924,8.755914313891804,8.71448408777072,135708970,0.0148680878954234,8.63908975350646,8.680026322811376,0.0147534500952624,52.92145173172226,8.961055253291972,-0.0001569032669067
2026-09-08,AAPL,8.961055253291972,9.000176399490664,9.011728890664664,8.930317186332152,130237561,0.0250381259880014,8.65299846781653,8.666072836763634,0.0179851189281293,57.65212208872825,9.324575181224972,0.8498448565602302
2026-09-09,AAPL,9.324575181224972,9.337384376181191,9.34382395731094,9.245319775761208,96468796,0.040566642840357,8.749846790045234,8.683631757186273,0.0189776530465103,64.10338916392217,9.596526321426111,-0.0001551926136016
2026-09-10,AAPL,9.596526321426111,9.57464359692297,9.67045471504651,9.5221968494822,43293822,0.0291649898162345,8.902291314336319,8.721672183497388,0.0164701431949101,68.02746815933088,9.345558234535968,0.4248423844575881
2026-09-11,AAPL,9.345558234535968,9.350013690710377,9.401405914517673,9.324939414841271,116609449,-0.0261519719202778,9.011434602945055,8.736897914339803,0.0231974058874888,61.36109396053083,9.1071844619963,-0.0001602351665496
2026-09-14,AAPL,9.1071844619963,9.084574537501751,9.126864443608042,9.011763539563976,98504854,-0.0255066381865528,9.098737125253592,8.740028522931954,0.0262481510451885,55.77077353564402,9.090666154477628,0.8498378425836562
2026-09-15,AAPL,9.090666154477628,9.102133539282866,9.16225619045424,9.03691350409421,75700184,-0.0018137666572585,9.166819051795928,8.74995819664904,0.0265561338849185,55.39415705013686,8.97778420516765,-0.0001598820090293
2026-09-16,AAPL,8.97778420516765,8.991664043254218,9.02713618013906,8.955426939918922,77811490,-0.0124173462529341,9.200478544588655,8.757643944152218,0.0273739548875392,52.77153319575052,8.696195293326689,-0.850154758989811
2026-09-17,AAPL,8.696195293326689,8.660528030068587,8.740330477795741,8.608938010062193,46948491,-0.0313650791114891,9.16264140745076,8.75570293494471,0.0284716056142295,46.8169557019956,8.589607779308741,0.424842545390129
2026-09-18,AAPL,8.589607779308741,8.594121173703096,8.612930552704608,8.56956357659343,144601953,-0.01225679856796,9.05764606431987,8.743320312543437,0.0206331569030589,44.758224907788055,8.477345346215568,-0.0001552373170852
2026-09-21,AAPL,8.477345346215568,8.474355218881035,8.515370854277778,8.439592004331779,59793306,-0.0130695645223287,8.89776306786122,8.739424147019655,0.0104100396748243,42.631833528788185,8.32069147964972,-0.8501564688980578
2026-09-22,AAPL,8.32069147964972,8.334287757383143,8.353900028827963,8.296062577932021,137575060,-0.0184791181871317,8.751353531448899,8.73770958204553,0.0097303919154896,39.790995306746645,8.249801344869297,-0.000158978998661
2026-09-23,AAPL,8.249801344869297,8.27037668892795,8.282240256555335,8.191415786719546,156764428,-0.0085197408116621,8.628870229002185,8.73110251730454,0.009188347404754,38.53944778262025,8.529987733714195,0.4248456500470638
2026-09-24,AAPL,8.529987733714195,8.542205651514143,8.587928307293119,8.509246353462508,45517599,0.0339628043309372,8.548773311750265,8.734592705147625,0.0203093801291915,45.79613955209699,8.582068135748367,-0.4251586861908435
2026-09-25,AAPL,8.582068135748367,8.574262057697334,8.624563294760968,8.555397723404608,114830612,0.0061055658765283,8.492242444690367,8.734802980575044,0.0209673779964069,47.04766395012435,,0.4248388037085532
