date,open,high,low,close,adj_close,volume,ticker,data_source
2015-01-01,27.053582314390404,27.16621380109695,26.861941926404977,27.15108629269383,27.15108629269383,106613298,AAPL,synthetic (offline fallback)
2015-01-02,26.83654096958383,26.845076613498854,26.618139300502644,26.677328573796718,26.677328573796718,119219221,AAPL,synthetic (offline fallback)
2015-01-05,27.05029446081261,27.206267074978776,26.922465580498905,27.058118192321178,27.058118192321178,56120626,AAPL,synthetic (offline fallback)
2015-01-06,27.61128319104431,27.740332466681153,27.400007513797956,27.557998635914114,27.557998635914114,146393884,AAPL,synthetic (offline fallback)
2015-01-07,26.47776488402174,26.529503527597807,26.467339411843287,26.52047896365535,26.52047896365535,70410965,AAPL,synthetic (offline fallback)
2015-01-08,25.710760967084664,25.857475405207055,25.698352783969344,25.792155424724953,25.792155424724953,53786090,AAPL,synthetic (offline fallback)
2015-01-09,25.85943243352707,26.035927615208106,25.76223021655663,25.877589224894795,25.877589224894795,120198999,AAPL,synthetic (offline fallback)
2015-01-12,25.789106172145416,25.894681263844532,25.6682626705894,25.704190384561308,25.704190384561308,65186022,AAPL,synthetic (offline fallback)
2015-01-13,25.66459253783604,25.902922150152165,25.57495449818901,25.704748376845192,25.704748376845192,130006093,AAPL,synthetic (offline fallback)
2015-01-14,25.166693355190073,25.32344359408843,25.146448319863175,25.232590686031028,25.232590686031028,153764137,AAPL,synthetic (offline fallback)
2015-01-15,25.765021683898453,25.89125266622689,25.616706618246482,25.753010666867787,25.753010666867787,123103231,AAPL,synthetic (offline fallback)
2015-01-16,26.273974769882614,26.408255704024302,26.078792075076162,26.23469964574381,26.23469964574381,133275652,AAPL,synthetic (offline fallback)
2015-01-19,26.41589824662733,26.49327876432335,26.089985413956736,26.286344826236455,26.286344826236455,99373831,AAPL,synthetic (offline fallback)
2015-01-20,27.028078673341238,27.037866589934726,26.881130712062546,26.999425494288072,26.999425494288072,81528372,AAPL,synthetic (offline fallback)
2015-01-21,27.369765844377625,27.370458862655134,27.2519866243647,27.316990019661105,27.316990019661105,113588828,AAPL,synthetic (offline fallback)
2015-01-22,26.82317571997207,27.01102968165448,26.555368421830583,26.765420607226464,26.765420607226464,82916176,AAPL,synthetic (offline fallback)
2015-01-23,26.927139910456226,27.060725787956635,26.78160510485397,27.02060543153129,27.02060543153129,145144555,AAPL,synthetic (offline fallback)
2015-01-26,26.32582491891244,26.510206664082652,26.235335100950348,26.402126965816777,26.402126965816777,96344064,AAPL,synthetic (offline fallback)
2015-01-27,26.913482023813565,27.106368848501436,26.87581215867062,27.001281791257988,27.001281791257988,99877672,AAPL,synthetic (offline fallback)
2015-01-28,26.869902181110913,27.05671066943513,26.74162211347131,26.97771693444834,26.97771693444834,120855939,AAPL,synthetic (offline fallback)
2015-01-29,26.92797298060229,27.06860843405288,26.76402450440348,26.863865599098308,26.863865599098308,62719674,AAPL,synthetic (offline fallback)
2015-01-30,26.448537662011592,26.563472991034352,26.313088458337592,26.425543468096034,26.425543468096034,107324932,AAPL,synthetic (offline fallback)
2015-02-02,27.262297425034724,27.268287592157073,27.050046721087767,27.255797239303895,27.255797239303895,130472273,AAPL,synthetic (offline fallback)
2015-02-03,26.947197345482465,27.311336277382658,26.767064764682132,27.1584397513098,27.1584397513098,133134394,AAPL,synthetic (offline fallback)
2015-02-04,27.041296985864914,27.17658732165088,26.62231919703484,26.8755706452942,26.8755706452942,66993926,AAPL,synthetic (offline fallback)
2015-02-05,26.576250910859404,26.73889667095081,26.410714247018696,26.647741899523364,26.647741899523364,63305371,AAPL,synthetic (offline fallback)
2015-02-06,27.18432873279199,27.31336246319757,26.84654822296718,27.018020972576714,27.018020972576714,138284889,AAPL,synthetic (offline fallback)
2015-02-09,27.16054381213096,27.444957775872908,26.94026671337476,27.279146022046643,27.279146022046643,71851908,AAPL,synthetic (offline fallback)
2015-02-10,27.507090724907748,27.64626217930342,27.506484944782127,27.574294892258298,27.574294892258298,46966162,AAPL,synthetic (offline fallback)
2015-02-11,27.700236565121262,28.12470892385019,27.54444079166933,27.88451270993525,27.88451270993525,111670775,AAPL,synthetic (offline fallback)
2015-02-12,29.461684293849085,29.583577766384867,29.396177874048494,29.429712591956,29.429712591956,145716870,AAPL,synthetic (offline fallback)
2015-02-13,29.027505643738955,29.242885838711285,28.969438701387297,29.12372374199383,29.12372374199383,66934492,AAPL,synthetic (offline fallback)
2015-02-16,28.64953730011255,28.75472474753638,28.595611414486946,28.74205799809573,28.74205799809573,45190532,AAPL,synthetic (offline fallback)
2015-02-17,28.02462209997749,28.206647167147604,27.91019502607162,28.140491775096287,28.140491775096287,56814588,AAPL,synthetic (offline fallback)
2015-02-18,28.686116300964844,28.813351348557784,28.616280902698495,28.619374055022664,28.619374055022664,55339891,AAPL,synthetic (offline fallback)
2015-02-19,29.57293590049121,29.7346161105316,29.449496500210167,29.509950129860307,29.509950129860307,64543038,AAPL,synthetic (offline fallback)
2015-02-20,29.589870546150152,29.723317202028856,29.422307965311038,29.429886689872184,29.429886689872184,61622124,AAPL,synthetic (offline fallback)
2015-02-23,28.72578171911475,29.003280614200463,28.539673124734442,28.784995905955565,28.784995905955565,116441537,AAPL,synthetic (offline fallback)
2015-02-24,28.17839494614932,28.242810795935277,27.941739841311865,28.159909145325578,28.159909145325578,66766093,AAPL,synthetic (offline fallback)
2015-02-25,28.565973921186117,28.800946750307286,28.389694090711895,28.67689631650547,28.67689631650547,105798064,AAPL,synthetic (offline fallback)
2015-02-26,29.248974735564296,29.50477066194272,29.124630918722403,29.2784029581073,29.2784029581073,88211448,AAPL,synthetic (offline fallback)
2015-02-27,29.68503330881404,29.90096659686929,29.627345112883827,29.731311163178198,29.731311163178198,118522862,AAPL,synthetic (offline fallback)
2015-03-02,29.24551458512951,29.380982152137744,29.05489874369355,29.204822050050087,29.204822050050087,118657840,AAPL,synthetic (offline fallback)
2015-03-03,29.493345895629584,29.70310456379724,29.37691903340071,29.4036334862991,29.4036334862991,111148569,AAPL,synthetic (offline fallback)
2015-03-04,29.596319588491404,29.620533668623768,29.228343403079283,29.508584662433847,29.508584662433847,147112405,AAPL,synthetic (offline fallback)
2015-03-05,29.617663912312235,29.838257852398336,29.468463143367824,29.69274012964333,29.69274012964333,63550977,AAPL,synthetic (offline fallback)
2015-03-06,30.483385639268842,30.71790945889559,30.270342152177697,30.39234828633874,30.39234828633874,102940337,AAPL,synthetic (offline fallback)
2015-03-09,30.581824139207427,30.703338990373172,30.562032459277866,30.585869285930524,30.585869285930524,87312919,AAPL,synthetic (offline fallback)
2015-03-10,31.117973667298617,31.190481901439497,31.11444223740766,31.14830559722655,31.14830559722655,103898768,AAPL,synthetic (offline fallback)
2015-03-11,31.15003341829045,31.413494574523693,31.04256694095635,31.21638492016915,31.21638492016915,56796436,AAPL,synthetic (offline fallback)
2015-03-12,31.410687737880874,31.512498730839468,31.294694300907537,31.46354042538542,31.46354042538542,78316611,AAPL,synthetic (offline fallback)
2015-03-13,32.15726273983887,32.25877144881189,31.735140303567103,31.990052605055872,31.990052605055872,152922962,AAPL,synthetic (offline fallback)
2015-03-16,30.85140130714592,30.886262042288035,30.692840780303086,30.82297536369938,30.82297536369938,136081650,AAPL,synthetic (offline fallback)
2015-03-17,30.5888752682108,30.690462399488343,30.478406090869424,30.572860117445288,30.572860117445288,91126443,AAPL,synthetic (offline fallback)
2015-03-18,30.182728363634048,30.29228034505926,30.136441307885505,30.20649303735344,30.20649303735344,53258347,AAPL,synthetic (offline fallback)
2015-03-19,29.93136791348464,30.02051433178697,29.62615024921849,29.713333379720662,29.713333379720662,117819242,AAPL,synthetic (offline fallback)
2015-03-20,29.62496926586861,29.849896137419467,29.469931934701204,29.50943888407753,29.50943888407753,76132381,AAPL,synthetic (offline fallback)
2015-03-23,30.63366617421067,30.82929602478395,30.45347196127534,30.70007615973133,30.70007615973133,79535823,AAPL,synthetic (offline fallback)
2015-03-24,29.973800056855215,30.131059666250312,29.817684437832654,29.998424118223696,29.998424118223696,51637769,AAPL,synthetic (offline fallback)
2015-03-25,30.798615981213416,31.024796919593772,30.61007402574949,30.818424018757344,30.818424018757344,74690813,AAPL,synthetic (offline fallback)
2015-03-26,29.434490800360546,29.632263023622553,29.312898178560957,29.421615432618268,29.421615432618268,65701698,AAPL,synthetic (offline fallback)
2015-03-27,29.088887379088582,29.194767963428877,29.037094051583583,29.150210033988078,29.150210033988078,110391749,AAPL,synthetic (offline fallback)
2015-03-30,29.336010181567055,29.3385161037555,29.13529172816095,29.29744157719816,29.29744157719816,156338775,AAPL,synthetic (offline fallback)
2015-03-31,29.92355161771902,30.1059864171268,29.59350477247118,29.793762112601488,29.793762112601488,55115246,AAPL,synthetic (offline fallback)
2015-04-01,30.2835013707019,30.635675826004967,30.089135608119115,30.40331732744682,30.40331732744682,46293908,AAPL,synthetic (offline fallback)
2015-04-02,30.993035999413387,31.26489990937816,30.833886024123046,31.09828629003516,31.09828629003516,52074135,AAPL,synthetic (offline fallback)
2015-04-03,30.762336836827878,30.86987985395451,30.501468137089457,30.806990820361346,30.806990820361346,105506941,AAPL,synthetic (offline fallback)
2015-04-06,30.385543224083204,30.619339373279004,30.32595856044942,30.425412279077054,30.425412279077054,139109297,AAPL,synthetic (offline fallback)
2015-04-07,31.354996505947717,31.557689241476623,31.04652507460971,31.168131166400748,31.168131166400748,77156207,AAPL,synthetic (offline fallback)
2015-04-08,31.107939778659226,31.2422956400145,30.825404938422974,31.014736536025822,31.014736536025822,54195895,AAPL,synthetic (offline fallback)
2015-04-09,30.045366594693245,30.200936591810784,29.9365304503387,29.96048951490526,29.96048951490526,51513113,AAPL,synthetic (offline fallback)
2015-04-10,29.01004654012384,29.175385094400262,28.863402981274703,29.0330725852303,29.0330725852303,112966401,AAPL,synthetic (offline fallback)
2015-04-13,28.266867006098114,28.41282628563315,28.202646334550355,28.2911674276827,28.2911674276827,82808316,AAPL,synthetic (offline fallback)
2015-04-14,28.586048466955006,28.83288390851336,28.563054013392346,28.71108859520126,28.71108859520126,82241341,AAPL,synthetic (offline fallback)
2015-04-15,28.907564717526018,29.049019053837565,28.823021451350737,28.83992872016227,28.83992872016227,68635282,AAPL,synthetic (offline fallback)
2015-04-16,29.459575761929358,29.595599968476563,29.197885887634765,29.4162408203963,29.4162408203963,147564054,AAPL,synthetic (offline fallback)
2015-04-17,29.188796793734348,29.312393543091396,28.86918277886259,29.076619425868085,29.076619425868085,84987396,AAPL,synthetic (offline fallback)
2015-04-20,29.198651437933155,29.390472255450526,29.128288657798905,29.217130955966763,29.217130955966763,124906004,AAPL,synthetic (offline fallback)
2015-04-21,29.721382638143652,29.85357710796125,29.698596509533164,29.734029634147532,29.734029634147532,129076350,AAPL,synthetic (offline fallback)
2015-04-22,29.50983743261771,29.63978299826903,29.42922311810063,29.494791060610652,29.494791060610652,47131627,AAPL,synthetic (offline fallback)
2015-04-23,29.954029784835726,29.982103276030006,29.8268888523374,29.874095883768128,29.874095883768128,69810401,AAPL,synthetic (offline fallback)
2015-04-24,29.227984097531454,29.482181654759547,29.097741642086007,29.35746952850965,29.35746952850965,147456173,AAPL,synthetic (offline fallback)
2015-04-27,29.1465648341707,29.280373604813498,29.037695504773914,29.082346116443166,29.082346116443166,145939261,AAPL,synthetic (offline fallback)
2015-04-28,28.79602964142685,28.869969932408516,28.750461145618914,28.797800322747715,28.797800322747715,89667867,AAPL,synthetic (offline fallback)
2015-04-29,27.818518316231206,27.97772109265396,27.812127401628114,27.90714896002546,27.90714896002546,58745343,AAPL,synthetic (offline fallback)
2015-04-30,28.11431823044248,28.355794705683632,27.958166155233112,28.291246516154466,28.291246516154466,75787293,AAPL,synthetic (offline fallback)
2015-05-01,27.932968431201246,28.187398139567645,27.758925834969403,27.94440946305826,27.94440946305826,153913046,AAPL,synthetic (offline fallback)
2015-05-04,28.08647822945933,28.297739078269874,27.80452849199572,27.96502225208366,27.96502225208366,120733842,AAPL,synthetic (offline fallback)
2015-05-05,28.47608601933529,28.58030455000699,28.22811478449608,28.333735800644767,28.333735800644767,49053676,AAPL,synthetic (offline fallback)
2015-05-06,28.711000177280983,28.81734130704018,28.424646494020955,28.68042315697516,28.68042315697516,126156870,AAPL,synthetic (offline fallback)
2015-05-07,29.36900611637851,29.556358191985343,29.076948277541025,29.197151188379536,29.197151188379536,57632806,AAPL,synthetic (offline fallback)
2015-05-08,29.12935051040604,29.237331707617695,28.95947051621552,29.133103531452637,29.133103531452637,76390093,AAPL,synthetic (offline fallback)
2015-05-11,28.90943922499027,29.15115009558597,28.66698485445955,28.82699659029211,28.82699659029211,97795594,AAPL,synthetic (offline fallback)
2015-05-12,28.740327716527908,28.791872512916886,28.721110499193664,28.77928602497333,28.77928602497333,82198785,AAPL,synthetic (offline fallback)
2015-05-13,27.542691570486117,27.592614431612926,27.36934070873838,27.58527762602917,27.58527762602917,123790370,AAPL,synthetic (offline fallback)
2015-05-14,26.50140943275461,26.65275417780195,26.401337454099266,26.555383976994648,26.555383976994648,58759661,AAPL,synthetic (offline fallback)
2015-05-15,25.459648812234555,25.66005091537281,25.3244868010676,25.618008758075653,25.618008758075653,145247240,AAPL,synthetic (offline fallback)
2015-05-18,25.013967878208145,25.110334345081256,24.8890132379683,24.917753535077356,24.917753535077356,111213227,AAPL,synthetic (offline fallback)
2015-05-19,25.165214389377674,25.34490876443233,25.091782436634464,25.21374826577642,25.21374826577642,76676309,AAPL,synthetic (offline fallback)
2015-05-20,24.527600107463225,24.608888669627504,24.386217484223877,24.586714346495363,24.586714346495363,154829086,AAPL,synthetic (offline fallback)
2015-05-21,24.246726077019407,24.438106867018398,24.195267769534496,24.33286234250963,24.33286234250963,97414963,AAPL,synthetic (offline fallback)
2015-05-22,25.2354512202649,25.37508353508312,25.235428702365706,25.250932018983146,25.250932018983146,89994935,AAPL,synthetic (offline fallback)
2015-05-25,25.13499260657018,25.289708145135297,24.954937994410074,25.00271631268858,25.00271631268858,42536019,AAPL,synthetic (offline fallback)
2015-05-26,25.704545840858557,25.79695200636833,25.45332725223332,25.544094784588413,25.544094784588413,159544741,AAPL,synthetic (offline fallback)
2015-05-27,24.757832375757385,24.931015544230405,24.561800506838278,24.88180849035242,24.88180849035242,141568540,AAPL,synthetic (offline fallback)
2015-05-28,24.718490074653346,24.864417091752635,24.58713603310072,24.744802311423687,24.744802311423687,61169752,AAPL,synthetic (offline fallback)
2015-05-29,24.0226995991835,24.20346130002855,23.808390000215404,24.097475833286918,24.097475833286918,153730914,AAPL,synthetic (offline fallback)
2015-06-01,23.94517385442042,24.077858886991383,23.79607973947821,23.874385984270905,23.874385984270905,135531935,AAPL,synthetic (offline fallback)
2015-06-02,24.47898041415542,24.566751540510268,24.396210093604047,24.457951940536873,24.457951940536873,90508822,AAPL,synthetic (offline fallback)
2015-06-03,23.25016334611051,23.348185497853652,23.205824645353882,23.29464932386544,23.29464932386544,151372990,AAPL,synthetic (offline fallback)
2015-06-04,23.609878154107403,23.741333893247198,23.56674075879075,23.604738948241337,23.604738948241337,107093537,AAPL,synthetic (offline fallback)
2015-06-05,23.744685260442584,23.892101037501085,23.583517090562335,23.778742503837556,23.778742503837556,122566522,AAPL,synthetic (offline fallback)
2015-06-08,23.499015633460232,23.538533686187954,23.367878280016317,23.38576449645312,23.38576449645312,61984360,AAPL,synthetic (offline fallback)
2015-06-09,22.483360618781436,22.583086195118764,22.403541658776376,22.44652859160466,22.44652859160466,53119154,AAPL,synthetic (offline fallback)
2015-06-10,22.548400341557286,22.759357701180054,22.30611014048463,22.503180868784195,22.503180868784195,103327531,AAPL,synthetic (offline fallback)
2015-06-11,21.994909100543975,22.300764699941173,21.88986329120208,22.172304217481567,22.172304217481567,79184962,AAPL,synthetic (offline fallback)
2015-06-12,22.324627092406423,22.376363483463138,22.317258225834582,22.32910108588931,22.32910108588931,157805606,AAPL,synthetic (offline fallback)
2015-06-15,22.491450612910203,22.61786406363493,22.226523757081594,22.351760316771724,22.351760316771724,50279897,AAPL,synthetic (offline fallback)
2015-06-16,23.4593696614532,23.499976142678324,23.29360603578052,23.366409038587882,23.366409038587882,131538133,AAPL,synthetic (offline fallback)
2015-06-17,23.088344219553807,23.33311384657589,22.90550396468205,23.21699583321346,23.21699583321346,112209774,AAPL,synthetic (offline fallback)
2015-06-18,22.548254031183088,22.645607761047447,22.44959170189864,22.569475601233734,22.569475601233734,145474589,AAPL,synthetic (offline fallback)
2015-06-19,22.611994593568003,22.734414683914743,22.611264510623624,22.693795705455063,22.693795705455063,159777857,AAPL,synthetic (offline fallback)
2015-06-22,22.959951553379433,23.025600064233302,22.803868116008278,22.842693050216088,22.842693050216088,144468010,AAPL,synthetic (offline fallback)
2015-06-23,23.738822412005472,23.87676376765316,23.683670989272777,23.72143851524462,23.72143851524462,84970553,AAPL,synthetic (offline fallback)
2015-06-24,24.241189180008853,24.33561970070245,24.133402401666554,24.29715492300081,24.29715492300081,59553405,AAPL,synthetic (offline fallback)
2015-06-25,24.557116211132044,24.7298969713896,24.444741430614418,24.554600007209906,24.554600007209906,98313636,AAPL,synthetic (offline fallback)
2015-06-26,25.395054618727944,25.702656643041717,25.274775222636407,25.595263239965906,25.595263239965906,72236823,AAPL,synthetic (offline fallback)
2015-06-29,24.659653807732848,24.84439100060049,24.559309521816942,24.74018022227799,24.74018022227799,70019278,AAPL,synthetic (offline fallback)
2015-06-30,24.29130285148012,24.315868194125752,24.230164104890754,24.28864734506651,24.28864734506651,108496236,AAPL,synthetic (offline fallback)
2015-07-01,23.707025277696378,23.740463553163924,23.630088206197215,23.64703213984331,23.64703213984331,55229394,AAPL,synthetic (offline fallback)
2015-07-02,23.249543260935678,23.414014165643966,23.217534363138952,23.385740465494546,23.385740465494546,108275414,AAPL,synthetic (offline fallback)
2015-07-03,22.448328300183693,22.593422704421666,22.366780830846537,22.474026583737206,22.474026583737206,88109741,AAPL,synthetic (offline fallback)
2015-07-06,22.9827465222403,23.201458023256862,22.789433283375757,22.913340702253635,22.913340702253635,67578499,AAPL,synthetic (offline fallback)
2015-07-07,22.672427239877095,22.902640661750592,22.532196730470538,22.771582909020715,22.771582909020715,107454858,AAPL,synthetic (offline fallback)
2015-07-08,21.838368674346082,21.843790609026307,21.77189275700133,21.82336405303148,21.82336405303148,130084568,AAPL,synthetic (offline fallback)
2015-07-09,21.182044598411427,21.230617467166876,21.05965603808695,21.17785300342517,21.17785300342517,113200275,AAPL,synthetic (offline fallback)
2015-07-10,21.49798741273858,21.526800629310262,21.36003603421899,21.38798598593951,21.38798598593951,50561474,AAPL,synthetic (offline fallback)
2015-07-13,21.921494137676465,22.125836420624196,21.78308782015401,21.936639381707373,21.936639381707373,107448189,AAPL,synthetic (offline fallback)
2015-07-14,23.280441018997408,23.3408162528698,23.27811208870315,23.292432004806315,23.292432004806315,114764833,AAPL,synthetic (offline fallback)
2015-07-15,25.577491212792903,25.625148606984148,25.356778233113793,25.512055869825332,25.512055869825332,122015652,AAPL,synthetic (offline fallback)
2015-07-16,25.77315797744652,26.003584640130835,25.739649736367113,25.876120250331454,25.876120250331454,91083873,AAPL,synthetic (offline fallback)
2015-07-17,25.04624216796021,25.176227047856834,25.00948356232396,25.062850056017236,25.062850056017236,51387528,AAPL,synthetic (offline fallback)
2015-07-20,23.3502048050875,23.420698107069935,23.254866257681943,23.3821723272995,23.3821723272995,55261002,AAPL,synthetic (offline fallback)
2015-07-21,23.595414989716524,23.706859364789672,23.538513846322434,23.605252134806744,23.605252134806744,79828253,AAPL,synthetic (offline fallback)
2015-07-22,23.043826545083988,23.06313290313122,22.891524786349816,22.985323854115997,22.985323854115997,116126170,AAPL,synthetic (offline fallback)
2015-07-23,22.71839857088566,22.721093453795437,22.637715529669094,22.68069227254832,22.68069227254832,128686029,AAPL,synthetic (offline fallback)
2015-07-24,22.19231069051319,22.25528747644703,22.04168520613176,22.242267867875892,22.242267867875892,120765930,AAPL,synthetic (offline fallback)
2015-07-27,22.15949490501121,22.211033048140465,22.109355496983035,22.1504110743695,22.1504110743695,77466257,AAPL,synthetic (offline fallback)
2015-07-28,23.01757065932906,23.168671663402712,22.83110715615594,22.915109759796017,22.915109759796017,92802435,AAPL,synthetic (offline fallback)
2015-07-29,22.981170338573737,23.146489872501125,22.812782216610426,23.038630921058793,23.038630921058793,45614730,AAPL,synthetic (offline fallback)
2015-07-30,22.944907233704033,23.092279397546694,22.805227299524947,22.934919068624456,22.934919068624456,135759138,AAPL,synthetic (offline fallback)
2015-07-31,22.222694922594513,22.29051179646975,22.167544258915655,22.235580041673433,22.235580041673433,82415085,AAPL,synthetic (offline fallback)
2015-08-03,21.131176309352618,21.23187496644573,21.056909910481274,21.13517117473635,21.13517117473635,101117990,AAPL,synthetic (offline fallback)
2015-08-04,20.720929171829884,20.97838075600927,20.707564863049473,20.822793713687137,20.822793713687137,93956592,AAPL,synthetic (offline fallback)
2015-08-05,20.884359118971474,20.939497682219216,20.712241112224596,20.796342994365514,20.796342994365514,74290534,AAPL,synthetic (offline fallback)
2015-08-06,21.897825846036195,22.143576585934785,21.8137283631979,21.948814163946476,21.948814163946476,60182944,AAPL,synthetic (offline fallback)
2015-08-07,22.11514448361519,22.232195359819876,21.908312941565654,22.047278201074292,22.047278201074292,154432153,AAPL,synthetic (offline fallback)
2015-08-10,22.686259718623244,22.864170468854077,22.532736533516456,22.728628833493627,22.728628833493627,54338147,AAPL,synthetic (offline fallback)
2015-08-11,22.349245477411817,22.436139724105296,22.313720892115363,22.391262994907226,22.391262994907226,153285284,AAPL,synthetic (offline fallback)
2015-08-12,21.685376911672915,21.82245464292876,21.5893622382349,21.606741988453912,21.606741988453912,53583874,AAPL,synthetic (offline fallback)
2015-08-13,21.044084464764627,21.14084961668922,20.907568180846656,20.981524821332393,20.981524821332393,51474567,AAPL,synthetic (offline fallback)
2015-08-14,20.536240989890178,20.69303286343798,20.435825208453803,20.52339339289382,20.52339339289382,148365081,AAPL,synthetic (offline fallback)
2015-08-17,21.977106193042616,22.134152306954615,21.86162632642994,21.927036864547393,21.927036864547393,153529753,AAPL,synthetic (offline fallback)
2015-08-18,21.344212894241128,21.41444723416449,21.26222406953993,21.36270569861053,21.36270569861053,147434818,AAPL,synthetic (offline fallback)
2015-08-19,21.954734579906916,22.158393027461738,21.846270380552156,21.95528572087904,21.95528572087904,133057885,AAPL,synthetic (offline fallback)
2015-08-20,21.294240314672063,21.473966633944585,21.148819866966104,21.336590741331513,21.336590741331513,99115693,AAPL,synthetic (offline fallback)
2015-08-21,22.053028037052083,22.14422824702954,21.93013655664211,21.993377711335466,21.993377711335466,52797299,AAPL,synthetic (offline fallback)
2015-08-24,22.229906785586078,22.294535187934677,22.21153452486435,22.27624672492839,22.27624672492839,110988520,AAPL,synthetic (offline fallback)
2015-08-25,22.273779861902057,22.305422994676857,22.11555983927629,22.174979925496395,22.174979925496395,102319032,AAPL,synthetic (offline fallback)
2015-08-26,22.134913664921328,22.166448436644647,22.051825629182506,22.155906441774558,22.155906441774558,128277180,AAPL,synthetic (offline fallback)
2015-08-27,21.733119140559833,21.74778138941514,21.697021493852123,21.731782077628047,21.731782077628047,44194157,AAPL,synthetic (offline fallback)
2015-08-28,22.083611729195347,22.214961322760725,21.997294477636004,22.033459519806456,22.033459519806456,49279645,AAPL,synthetic (offline fallback)
2015-08-31,21.748137021052788,21.78688685821952,21.68456123150539,21.746580112411085,21.746580112411085,110662848,AAPL,synthetic (offline fallback)
2015-09-01,20.966912292283084,21.076806156431235,20.86848028264113,20.985667706955276,20.985667706955276,142626808,AAPL,synthetic (offline fallback)
2015-09-02,20.205345243066258,20.33236247580699,20.02043276577747,20.207165309385328,20.207165309385328,108254540,AAPL,synthetic (offline fallback)
2015-09-03,20.376166099926735,20.501188377827432,20.25226900657538,20.321674443149803,20.321674443149803,84185168,AAPL,synthetic (offline fallback)
2015-09-04,21.26676306841525,21.34518638185894,21.232670229972133,21.309137495838048,21.309137495838048,96643805,AAPL,synthetic (offline fallback)
2015-09-07,21.4142996040588,21.527490945545903,21.33800697677013,21.42241250778947,21.42241250778947,101035020,AAPL,synthetic (offline fallback)
2015-09-08,21.35554658471235,21.451293244714904,21.301033995538784,21.354887568995114,21.354887568995114,114291446,AAPL,synthetic (offline fallback)
2015-09-09,21.599122851211405,21.675997615932438,21.40981712907106,21.54324493929698,21.54324493929698,67307239,AAPL,synthetic (offline fallback)
2015-09-10,22.373459365349255,22.417451173384197,22.280547054994972,22.38016303258513,22.38016303258513,86651608,AAPL,synthetic (offline fallback)
2015-09-11,22.656711553317514,22.761108168382066,22.436388410255393,22.534464398616755,22.534464398616755,104913548,AAPL,synthetic (offline fallback)
2015-09-14,22.2662394650192,22.287049039228805,22.137135855881535,22.2767009542699,22.2767009542699,142093843,AAPL,synthetic (offline fallback)
2015-09-15,22.987402679046276,23.102335014941307,22.88256321557772,23.003805563656886,23.003805563656886,136308960,AAPL,synthetic (offline fallback)
2015-09-16,23.28997141003999,23.36342853228491,23.254815663362688,23.30192754435707,23.30192754435707,130457419,AAPL,synthetic (offline fallback)
2015-09-17,24.26959184032146,24.413013458801487,24.15509651267114,24.365835043909435,24.365835043909435,65830992,AAPL,synthetic (offline fallback)
2015-09-18,24.432230400437373,24.68319722575426,24.345253348743984,24.508456123745656,24.508456123745656,88784607,AAPL,synthetic (offline fallback)
2015-09-21,23.62248147048926,23.69845802471872,23.530493234182583,23.660148442643727,23.660148442643727,106418411,AAPL,synthetic (offline fallback)
2015-09-22,22.807083846325252,22.985582410884888,22.54226796224372,22.729632859958016,22.729632859958016,156124893,AAPL,synthetic (offline fallback)
2015-09-23,23.9010378885961,24.101903758424893,23.838523954888817,23.903413366266477,23.903413366266477,82557193,AAPL,synthetic (offline fallback)
2015-09-24,25.19512227043729,25.30119114737683,25.104890713373173,25.231807617302973,25.231807617302973,150201865,AAPL,synthetic (offline fallback)
2015-09-25,25.189413656958155,25.261365408905878,25.05937146941482,25.097066385155593,25.097066385155593,129744649,AAPL,synthetic (offline fallback)
2015-09-28,24.922890737332473,24.95026460179618,24.771900001704015,24.80744849683141,24.80744849683141,116054354,AAPL,synthetic (offline fallback)
2015-09-29,26.060246083640735,26.22421110607877,25.85448186438772,25.96246760422405,25.96246760422405,124244639,AAPL,synthetic (offline fallback)
2015-09-30,25.01787999125918,25.235953231002846,24.833718212720765,25.0820717849081,25.0820717849081,135169842,AAPL,synthetic (offline fallback)
2015-10-01,24.35239969542856,24.394138541736396,24.24219255221503,24.38863500893831,24.38863500893831,123854758,AAPL,synthetic (offline fallback)
2015-10-02,25.038292568142307,25.115978127001352,24.852731333423375,24.902791295668887,24.902791295668887,120710900,AAPL,synthetic (offline fallback)
2015-10-05,24.622072137983626,24.636787422105932,24.594047889726504,24.60427293758946,24.60427293758946,85336376,AAPL,synthetic (offline fallback)
2015-10-06,24.590436667605182,24.715627115467093,24.504021833823607,24.610195730955162,24.610195730955162,91345493,AAPL,synthetic (offline fallback)
2015-10-07,24.55136330492943,24.64369998630625,24.407082377090443,24.498567816190572,24.498567816190572,111913516,AAPL,synthetic (offline fallback)
2015-10-08,24.829573917759433,24.846182950480944,24.600266785528174,24.754767554947136,24.754767554947136,141226203,AAPL,synthetic (offline fallback)
2015-10-09,25.760140180902706,26.005063619511077,25.602641481332792,25.804377882910487,25.804377882910487,158540187,AAPL,synthetic (offline fallback)
2015-10-12,25.901807482219187,25.950487524812544,25.723081437341897,25.88476702560423,25.88476702560423,121697676,AAPL,synthetic (offline fallback)
2015-10-13,26.460649003575753,26.57614259731308,26.22029775846826,26.38730074595887,26.38730074595887,88908522,AAPL,synthetic (offline fallback)
2015-10-14,24.77932469951785,24.982840552498153,24.71235929868256,24.86587938017125,24.86587938017125,109030762,AAPL,synthetic (offline fallback)
2015-10-15,24.839783906956935,25.06176910654708,24.693022608687084,24.838863965544135,24.838863965544135,114797367,AAPL,synthetic (offline fallback)
2015-10-16,24.151948189367825,24.312305969425136,24.031878385763825,24.232963079322897,24.232963079322897,144016569,AAPL,synthetic (offline fallback)
2015-10-19,23.307380564072055,23.51389765677603,23.16390886742531,23.376358153980348,23.376358153980348,70711016,AAPL,synthetic (offline fallback)
2015-10-20,22.732648621271576,22.835856666259556,22.655593954444846,22.771115872608114,22.771115872608114,69855829,AAPL,synthetic (offline fallback)
2015-10-21,22.582108854815548,22.75008320375846,22.42283170088362,22.549831958605502,22.549831958605502,64224744,AAPL,synthetic (offline fallback)
2015-10-22,23.164030819475137,23.236637922563638,23.080432633181527,23.186430485356023,23.186430485356023,46696814,AAPL,synthetic (offline fallback)
2015-10-23,22.244054120377477,22.419204704847214,22.1066046303294,22.287408799850688,22.287408799850688,121001829,AAPL,synthetic (offline fallback)
2015-10-26,22.32074176668445,22.338728642019955,22.132169469361394,22.31729009224854,22.31729009224854,155500414,AAPL,synthetic (offline fallback)
2015-10-27,21.92970407452107,22.16969780421872,21.77656144653946,22.005422272018375,22.005422272018375,47288047,AAPL,synthetic (offline fallback)
2015-10-28,21.829696886191783,21.95721546400002,21.780652171947953,21.801651031842148,21.801651031842148,83761454,AAPL,synthetic (offline fallback)
2015-10-29,22.534433135814528,22.598633166681605,22.42857589118846,22.458206383615277,22.458206383615277,148354678,AAPL,synthetic (offline fallback)
2015-10-30,22.82103715380858,22.900070943823525,22.714973819416716,22.82646099766599,22.82646099766599,113474192,AAPL,synthetic (offline fallback)
2015-11-02,23.73315610313619,23.85144602740909,23.623529468068337,23.74759338081196,23.74759338081196,92877251,AAPL,synthetic (offline fallback)
2015-11-03,23.674057864131704,23.72597231599252,23.4767223376904,23.647564999053902,23.647564999053902,150248846,AAPL,synthetic (offline fallback)
2015-11-04,23.038594700712753,23.295739118057384,22.984584862300963,23.179652348496973,23.179652348496973,107794471,AAPL,synthetic (offline fallback)
2015-11-05,23.074612540060183,23.20725851302975,22.876485854147756,23.03751172470898,23.03751172470898,126669776,AAPL,synthetic (offline fallback)
2015-11-06,23.42396913410981,23.5205117644013,23.08228168519093,23.208003405222048,23.208003405222048,138521047,AAPL,synthetic (offline fallback)
2015-11-09,23.325002466704202,23.363622166078912,23.28527071454924,23.33358989660487,23.33358989660487,101866407,AAPL,synthetic (offline fallback)
2015-11-10,22.64161991426706,22.830172891663995,22.616785996310952,22.649714358226827,22.649714358226827,126554831,AAPL,synthetic (offline fallback)
2015-11-11,22.76746858671197,22.786474303128646,22.600699910165286,22.716791491194,22.716791491194,136643361,AAPL,synthetic (offline fallback)
2015-11-12,22.982764103339417,23.08902549462329,22.843115737301268,22.869878429048327,22.869878429048327,125933080,AAPL,synthetic (offline fallback)
2015-11-13,24.57641290899731,24.597482569947925,24.34239075570418,24.5047389115722,24.5047389115722,83598830,AAPL,synthetic (offline fallback)
2015-11-16,25.729010409428156,25.928205646955842,25.608031164971464,25.89647828962477,25.89647828962477,82602131,AAPL,synthetic (offline fallback)
2015-11-17,25.286143308748514,25.28990669480387,25.1560970195323,25.243476872163484,25.243476872163484,40343082,AAPL,synthetic (offline fallback)
2015-11-18,25.226581352775398,25.293177460791245,24.98293065800696,25.033428663321537,25.033428663321537,120324941,AAPL,synthetic (offline fallback)
2015-11-19,24.014180585755167,24.148723150095382,23.762460206960984,23.969421929527066,23.969421929527066,70108632,AAPL,synthetic (offline fallback)
2015-11-20,23.466960651456965,23.654022730878427,23.320885413333887,23.54852817852594,23.54852817852594,137665902,AAPL,synthetic (offline fallback)
2015-11-23,23.805548118206705,23.910480505697144,23.664400971819454,23.78543779520534,23.78543779520534,154212016,AAPL,synthetic (offline fallback)
2015-11-24,24.57568483076713,24.79976723720685,24.42844158556244,24.670470301165004,24.670470301165004,145103799,AAPL,synthetic (offline fallback)
2015-11-25,24.228314196491283,24.260698605656163,24.00411270412708,24.13903811077618,24.13903811077618,73055421,AAPL,synthetic (offline fallback)
2015-11-26,23.606013628550226,23.68224356654537,23.46930492513985,23.673902040804677,23.673902040804677,118223888,AAPL,synthetic (offline fallback)
2015-11-27,22.2002018330386,22.330960398124994,22.07318475495605,22.195258263099458,22.195258263099458,130222293,AAPL,synthetic (offline fallback)
2015-11-30,22.03338390351375,22.186227385731513,21.95695803071665,22.090229575020334,22.090229575020334,100732280,AAPL,synthetic (offline fallback)
2015-12-01,21.350139581599393,21.480784219995716,21.303143051944886,21.385197280141437,21.385197280141437,101019713,AAPL,synthetic (offline fallback)
2015-12-02,21.13756899066523,21.177377838669376,20.99811059481559,21.043746458493388,21.043746458493388,92551270,AAPL,synthetic (offline fallback)
2015-12-03,20.49672327136897,20.59707362576176,20.399157759148167,20.490363646577425,20.490363646577425,77021726,AAPL,synthetic (offline fallback)
2015-12-04,20.404632594203317,20.45386698124664,20.33852525813633,20.43892107988779,20.43892107988779,108792367,AAPL,synthetic (offline fallback)
2015-12-07,19.324325318568775,19.486824804457218,19.213829886750776,19.390946481446335,19.390946481446335,158931213,AAPL,synthetic (offline fallback)
2015-12-08,18.427432523260542,18.55339463473935,18.25411136519585,18.531488768480017,18.531488768480017,66273815,AAPL,synthetic (offline fallback)
2015-12-09,19.764051057809073,19.931312883365777,19.701763663615985,19.838521731931728,19.838521731931728,45636925,AAPL,synthetic (offline fallback)
2015-12-10,19.02480102377076,19.09999636134333,19.000893452656108,19.018413162437334,19.018413162437334,46749049,AAPL,synthetic (offline fallback)
2015-12-11,18.394582805658438,18.522198897557303,18.22219460717162,18.34064843684424,18.34064843684424,109849252,AAPL,synthetic (offline fallback)
2015-12-14,19.48265496903925,19.52384151011141,19.481125949779624,19.515461523008426,19.515461523008426,72396898,AAPL,synthetic (offline fallback)
2015-12-15,21.68061085924758,21.762190251254896,21.463274595989684,21.57893886620769,21.57893886620769,95382185,AAPL,synthetic (offline fallback)
2015-12-16,20.642369982472445,20.71309595434495,20.547319300159465,20.686898557821934,20.686898557821934,154078225,AAPL,synthetic (offline fallback)
2015-12-17,20.404976805890904,20.533758361174105,20.323016743179252,20.419557087779623,20.419557087779623,49183169,AAPL,synthetic (offline fallback)
2015-12-18,20.610801163277042,20.7020246762955,20.495665825146638,20.677770883499925,20.677770883499925,60956240,AAPL,synthetic (offline fallback)
2015-12-21,22.035921600033518,22.048462260639916,21.88260816562927,21.97061865528819,21.97061865528819,65691544,AAPL,synthetic (offline fallback)
2015-12-22,21.355361199077567,21.462418280509787,21.173215361480942,21.221822207091346,21.221822207091346,94844350,AAPL,synthetic (offline fallback)
2015-12-23,20.93533866368156,21.055341735096324,20.896512575008504,21.04657932495474,21.04657932495474,123309036,AAPL,synthetic (offline fallback)
2015-12-24,21.60619843880355,21.671368405504733,21.52720305289481,21.628659503349976,21.628659503349976,61994593,AAPL,synthetic (offline fallback)
2015-12-25,22.045912884107512,22.225170164398595,21.768069690705918,21.96257940066193,21.96257940066193,52999435,AAPL,synthetic (offline fallback)
2015-12-28,21.60024152245588,21.801799217011002,21.5822878681519,21.694413425493803,21.694413425493803,50295912,AAPL,synthetic (offline fallback)
2015-12-29,21.643893285812357,21.80928504018678,21.54427301983858,21.607159996276636,21.607159996276636,136123013,AAPL,synthetic (offline fallback)
2015-12-30,20.75337851176607,20.8188373416849,20.63900620876411,20.677607144883204,20.677607144883204,43549728,AAPL,synthetic (offline fallback)
2015-12-31,20.529921948387,20.598193396977862,20.469880348560714,20.525104984504537,20.525104984504537,115007319,AAPL,synthetic (offline fallback)
2016-01-01,20.392323542522906,20.493727922247324,20.34121075092386,20.358715594432738,20.358715594432738,109397083,AAPL,synthetic (offline fallback)
2016-01-04,20.624382279909817,20.649023342162682,20.379149734170007,20.516002247973052,20.516002247973052,52102911,AAPL,synthetic (offline fallback)
2016-01-05,20.294118317408035,20.419692061350716,20.158246729855446,20.176182885922042,20.176182885922042,106303408,AAPL,synthetic (offline fallback)
2016-01-06,20.473176819570828,20.48951046300018,20.38769103135318,20.476983524371903,20.476983524371903,74417755,AAPL,synthetic (offline fallback)
2016-01-07,21.087732780241588,21.30158309978453,21.03493341636513,21.12146658310226,21.12146658310226,101796722,AAPL,synthetic (offline fallback)
2016-01-08,21.17154773210383,21.339650855992694,21.09041118343681,21.230141656341164,21.230141656341164,56461343,AAPL,synthetic (offline fallback)
2016-01-11,21.525317360134828,21.62726238574803,21.421084410697034,21.462413334905172,21.462413334905172,120140765,AAPL,synthetic (offline fallback)
2016-01-12,21.416068219646785,21.603718221233724,21.266700489547553,21.504566535911344,21.504566535911344,135712155,AAPL,synthetic (offline fallback)
2016-01-13,21.49692114346127,21.549312867698326,21.308216143007886,21.513222187655686,21.513222187655686,40379156,AAPL,synthetic (offline fallback)
2016-01-14,21.097917214375794,21.156748308251334,21.053706780388705,21.091419595233777,21.091419595233777,117698641,AAPL,synthetic (offline fallback)
2016-01-15,21.256041056111727,21.396624874863992,21.113866034709467,21.288165057657245,21.288165057657245,40339592,AAPL,synthetic (offline fallback)
2016-01-18,21.2571325048022,21.34932124491029,21.183869103077967,21.239302942667482,21.239302942667482,126884385,AAPL,synthetic (offline fallback)
2016-01-19,22.665053288210398,22.741284953702426,22.411667921623724,22.492010109765392,22.492010109765392,105148437,AAPL,synthetic (offline fallback)
2016-01-20,23.532146659614888,23.58042444841283,23.389525143593467,23.540734219905477,23.540734219905477,76752950,AAPL,synthetic (offline fallback)
2016-01-21,23.789665311625008,23.928263236292857,23.758641091082364,23.82078041715503,23.82078041715503,97936442,AAPL,synthetic (offline fallback)
2016-01-22,23.375313968209177,23.448810973190657,23.220946458311065,23.304329087304552,23.304329087304552,121855150,AAPL,synthetic (offline fallback)
2016-01-25,22.58242020352484,22.60806159023581,22.556684124394312,22.56620072571168,22.56620072571168,117169168,AAPL,synthetic (offline fallback)
2016-01-26,23.488879882533894,23.64776340896092,23.270543743069343,23.387890799013277,23.387890799013277,133198962,AAPL,synthetic (offline fallback)
2016-01-27,23.594946698397177,23.677753892892632,23.515223052889834,23.58329506820031,23.58329506820031,44181286,AAPL,synthetic (offline fallback)
2016-01-28,23.91285997882172,24.03785208014831,23.731913818066776,23.930694798734354,23.930694798734354,134480688,AAPL,synthetic (offline fallback)
2016-01-29,22.623367995260615,22.94925786849395,22.5663632718268,22.745080895887774,22.745080895887774,118005825,AAPL,synthetic (offline fallback)
2016-02-01,23.290976480577672,23.45812411710603,23.156321999025735,23.404704717264593,23.404704717264593,81924172,AAPL,synthetic (offline fallback)
2016-02-02,23.610485008703748,23.95170727887521,23.579005690463923,23.741230244510678,23.741230244510678,47642893,AAPL,synthetic (offline fallback)
2016-02-03,22.993916637882755,23.144636471210983,22.836136155007015,22.9677789035807,22.9677789035807,122624571,AAPL,synthetic (offline fallback)
2016-02-04,22.556023752016156,22.75424592581451,22.50465083312111,22.64858281248428,22.64858281248428,106310602,AAPL,synthetic (offline fallback)
2016-02-05,22.924831068056548,22.971066861364008,22.802949485857432,22.838803414162037,22.838803414162037,119986971,AAPL,synthetic (offline fallback)
2016-02-08,22.88561811818005,22.89463158064138,22.86718212915187,22.883541672598046,22.883541672598046,85113977,AAPL,synthetic (offline fallback)
2016-02-09,22.6831302556213,22.765513876370203,22.584653439025672,22.69975920841766,22.69975920841766,73391629,AAPL,synthetic (offline fallback)
2016-02-10,22.584530034294865,22.643718070477583,22.54168993241807,22.64184935275988,22.64184935275988,114959285,AAPL,synthetic (offline fallback)
2016-02-11,22.533870120798138,22.5440036604504,22.410130240718697,22.491882808270596,22.491882808270596,65928105,AAPL,synthetic (offline fallback)
2016-02-12,22.5411538543465,22.723667497449657,22.330605407647752,22.59568840049427,22.59568840049427,137455336,AAPL,synthetic (offline fallback)
2016-02-15,23.454200901921283,23.689001999908236,23.382125760973633,23.52374023051108,23.52374023051108,121975071,AAPL,synthetic (offline fallback)
2016-02-16,21.980566895042355,22.01472697665047,21.89537591227624,21.90248345162994,21.90248345162994,159971192,AAPL,synthetic (offline fallback)
2016-02-17,21.779576136935,21.911054831249153,21.730794606184414,21.756430265270026,21.756430265270026,43253528,AAPL,synthetic (offline fallback)
2016-02-18,21.86296838706207,22.049403022215614,21.841482339935343,21.8783880186267,21.8783880186267,110272429,AAPL,synthetic (offline fallback)
2016-02-19,22.11724894321348,22.28029326621116,21.973131384024256,22.07477048545409,22.07477048545409,106813999,AAPL,synthetic (offline fallback)
2016-02-22,21.851914639308692,21.971800213514495,21.73756445816965,21.85132911941171,21.85132911941171,142904401,AAPL,synthetic (offline fallback)
2016-02-23,20.830214751044192,20.92211927769997,20.76742623298996,20.806307482909304,20.806307482909304,152372074,AAPL,synthetic (offline fallback)
2016-02-24,20.963773951100166,21.054226312316615,20.93849516889043,21.015272795602975,21.015272795602975,68690418,AAPL,synthetic (offline fallback)
2016-02-25,22.235091356835632,22.29342879260306,21.99425816558086,22.097837361635243,22.097837361635243,142506748,AAPL,synthetic (offline fallback)
2016-02-26,21.07902934731146,21.261858010040594,21.03267163670449,21.115746672522825,21.115746672522825,102435770,AAPL,synthetic (offline fallback)
2016-02-29,21.792952836105528,21.879415999785255,21.616482823688752,21.691694941640296,21.691694941640296,153267624,AAPL,synthetic (offline fallback)
2016-03-01,21.47009016805851,21.624387493829154,21.301889195075574,21.482262158461484,21.482262158461484,66060118,AAPL,synthetic (offline fallback)
2016-03-02,21.502953744531148,21.649576573613594,21.406915949030676,21.451014588524338,21.451014588524338,71224972,AAPL,synthetic (offline fallback)
2016-03-03,20.848540835504117,20.881045732177444,20.730740779604258,20.80271929944423,20.80271929944423,107718592,AAPL,synthetic (offline fallback)
2016-03-04,20.675207540159484,20.716048298108245,20.50188586543392,20.604317247961006,20.604317247961006,106216627,AAPL,synthetic (offline fallback)
2016-03-07,21.362167741189644,21.519157841970234,21.251693450496262,21.416176578435582,21.416176578435582,57876860,AAPL,synthetic (offline fallback)
2016-03-08,21.872886856282925,21.877940305780196,21.646622817073744,21.80253213009298,21.80253213009298,118165403,AAPL,synthetic (offline fallback)
2016-03-09,23.094570872743347,23.190954853124612,22.836988809796033,22.96734739623693,22.96734739623693,88683149,AAPL,synthetic (offline fallback)
2016-03-10,23.806910079131313,23.99334019026469,23.694786117190233,23.82540047061944,23.82540047061944,58152308,AAPL,synthetic (offline fallback)
2016-03-11,24.166057491683873,24.29919803980431,24.046623980224865,24.16354162718956,24.16354162718956,101251160,AAPL,synthetic (offline fallback)
2016-03-14,25.46624712080281,25.56139518039645,25.33216533168432,25.506300683166888,25.506300683166888,123738138,AAPL,synthetic (offline fallback)
2016-03-15,25.84756313540533,26.048445852778993,25.679928893872344,25.874454682728185,25.874454682728185,43804123,AAPL,synthetic (offline fallback)
2016-03-16,26.700728765906906,26.734740020328164,26.408281639102803,26.564340312956322,26.564340312956322,150443344,AAPL,synthetic (offline fallback)
2016-03-17,26.250226806489138,26.52360454429682,26.167351083612257,26.32954993579813,26.32954993579813,113286068,AAPL,synthetic (offline fallback)
2016-03-18,26.31940296338024,26.40999370407388,26.18810481177556,26.394001821079048,26.394001821079048,71250234,AAPL,synthetic (offline fallback)
2016-03-21,25.983292237914068,26.120396940241942,25.820822450250503,25.858326630166136,25.858326630166136,130037835,AAPL,synthetic (offline fallback)
2016-03-22,26.69561597216942,26.827776096855047,26.60434715100661,26.645691398310856,26.645691398310856,141233918,AAPL,synthetic (offline fallback)
2016-03-23,25.889897110717705,25.990568470146304,25.645185333386134,25.72624958798032,25.72624958798032,154728827,AAPL,synthetic (offline fallback)
2016-03-24,26.323553338257323,26.487847394637846,26.25831647156432,26.35917290807411,26.35917290807411,134849038,AAPL,synthetic (offline fallback)
2016-03-25,26.226562495628265,26.276998704121038,26.04956077561783,26.216630497886836,26.216630497886836,64375162,AAPL,synthetic (offline fallback)
2016-03-28,27.108719975856488,27.23816504650988,27.07055664077154,27.16255700129041,27.16255700129041,59638023,AAPL,synthetic (offline fallback)
2016-03-29,27.811546896917534,28.028097747906582,27.632289506520674,27.799595753239412,27.799595753239412,65043444,AAPL,synthetic (offline fallback)
2016-03-30,29.23194359484803,29.57206715025616,29.114228828250017,29.388356955890202,29.388356955890202,145069709,AAPL,synthetic (offline fallback)
2016-03-31,30.143583492735758,30.18850268719379,30.03977019639078,30.08176955734411,30.08176955734411,76579698,AAPL,synthetic (offline fallback)
2016-04-01,28.679006829904207,28.795291063046466,28.606584004365335,28.651203064947047,28.651203064947047,79639399,AAPL,synthetic (offline fallback)
2016-04-04,28.596388970451013,28.776618724309678,28.489654368595556,28.601327389682986,28.601327389682986,146891684,AAPL,synthetic (offline fallback)
2016-04-05,27.554204001264985,27.79016085974237,27.37208256044805,27.58651036973061,27.58651036973061,64504639,AAPL,synthetic (offline fallback)
2016-04-06,27.077618082433514,27.256490936718954,26.978442822629884,27.150497129129455,27.150497129129455,88822859,AAPL,synthetic (offline fallback)
2016-04-07,28.533523049648046,28.545132886469514,28.4151592175275,28.471366107429283,28.471366107429283,75563609,AAPL,synthetic (offline fallback)
2016-04-08,28.9650947075704,29.262230503462906,28.90329647569127,29.067215683166914,29.067215683166914,76215257,AAPL,synthetic (offline fallback)
2016-04-11,28.486946187899104,28.56848684335193,28.423674877719066,28.443266212800125,28.443266212800125,111475533,AAPL,synthetic (offline fallback)
2016-04-12,27.733172525589485,27.83134095479508,27.554807171826916,27.561646636663472,27.561646636663472,128941693,AAPL,synthetic (offline fallback)
2016-04-13,27.72427750073995,27.886888800375758,27.392924762043283,27.601270658707758,27.601270658707758,71824836,AAPL,synthetic (offline fallback)
2016-04-14,26.477448302075846,26.652229610322358,26.457476497404475,26.597546433104686,26.597546433104686,44558821,AAPL,synthetic (offline fallback)
2016-04-15,26.01500129205335,26.235519669651058,25.988286615354145,26.056958576267363,26.056958576267363,116727777,AAPL,synthetic (offline fallback)
2016-04-18,26.35422166614479,26.369511042010014,26.14584444674532,26.320942723735694,26.320942723735694,105857741,AAPL,synthetic (offline fallback)
2016-04-19,27.270158289041543,27.441794486143557,27.1215636814938,27.275909299032218,27.275909299032218,119088608,AAPL,synthetic (offline fallback)
2016-04-20,27.687727763053935,28.012014873366763,27.59401135082524,27.804456911039072,27.804456911039072,94022798,AAPL,synthetic (offline fallback)
2016-04-21,25.958616420397377,26.19890962454887,25.772025660861207,25.928644259697347,25.928644259697347,133213942,AAPL,synthetic (offline fallback)
2016-04-22,26.193509804776106,26.427477737470287,25.957506927722708,26.194296961352027,26.194296961352027,114982985,AAPL,synthetic (offline fallback)
2016-04-25,26.415284685390862,26.637775050553067,26.239056472144465,26.26444858160267,26.26444858160267,130912015,AAPL,synthetic (offline fallback)
2016-04-26,26.591558016531465,26.673055289994448,26.53800535962741,26.61177461200951,26.61177461200951,127731960,AAPL,synthetic (offline fallback)
2016-04-27,28.059778175920318,28.269757280134822,27.774921957327912,27.96179974563215,27.96179974563215,99613642,AAPL,synthetic (offline fallback)
2016-04-28,26.128392870509312,26.442768145775343,25.947786521838314,26.228092807205996,26.228092807205996,78998606,AAPL,synthetic (offline fallback)
2016-04-29,25.660427796872707,25.868461350021647,25.42105848209518,25.739810089165967,25.739810089165967,109861008,AAPL,synthetic (offline fallback)
2016-05-02,26.300689943430758,26.387764913735616,26.17589143057487,26.24387233041389,26.24387233041389,116370062,AAPL,synthetic (offline fallback)
2016-05-03,25.046259399910085,25.0702644238007,24.757510114868005,24.96509308047397,24.96509308047397,108588492,AAPL,synthetic (offline fallback)
2016-05-04,26.129365982906464,26.34390972377088,26.048319584017865,26.204630350367193,26.204630350367193,102919444,AAPL,synthetic (offline fallback)
2016-05-05,26.53893371293552,26.700773833484742,26.371816060851966,26.537016885308265,26.537016885308265,81156060,AAPL,synthetic (offline fallback)
2016-05-06,27.176025621578287,27.388183849159745,26.959594582481557,27.28913191051204,27.28913191051204,56076137,AAPL,synthetic (offline fallback)
2016-05-09,26.784021623154086,26.872958147973442,26.752741661442897,26.7985909311354,26.7985909311354,91310306,AAPL,synthetic (offline fallback)
2016-05-10,27.58850806850069,27.71462303257025,27.4741775498219,27.519413196646855,27.519413196646855,145807144,AAPL,synthetic (offline fallback)
2016-05-11,28.45227496417952,28.496062055710844,28.31402162530726,28.48945014961439,28.48945014961439,126000877,AAPL,synthetic (offline fallback)
2016-05-12,28.694149002275005,28.88090935428404,28.548523211637022,28.715602547184016,28.715602547184016,130550820,AAPL,synthetic (offline fallback)
2016-05-13,28.842291049652523,29.019447107140326,28.820759157739268,28.940381178092352,28.940381178092352,128424735,AAPL,synthetic (offline fallback)
2016-05-16,29.138227365621358,29.22973060948217,28.928562864119755,29.195013864245695,29.195013864245695,150598496,AAPL,synthetic (offline fallback)
2016-05-17,28.601057023197512,28.602074583978617,28.387381693000442,28.450996997999418,28.450996997999418,67134243,AAPL,synthetic (offline fallback)
2016-05-18,28.34103498115465,28.565998480480726,28.228187579729564,28.334836036605275,28.334836036605275,126448550,AAPL,synthetic (offline fallback)
2016-05-19,28.132834757584256,28.43369290897804,28.047787630100554,28.217683166568467,28.217683166568467,48342359,AAPL,synthetic (offline fallback)
2016-05-20,28.51954561096169,28.571078879074253,28.28450573838085,28.546502525751798,28.546502525751798,69376787,AAPL,synthetic (offline fallback)
2016-05-23,29.252389883097546,29.42711720631551,29.223294277944348,29.39325065451171,29.39325065451171,43528925,AAPL,synthetic (offline fallback)
2016-05-24,28.424927965113827,28.631930967740818,28.270741573086575,28.511674137109708,28.511674137109708,56887199,AAPL,synthetic (offline fallback)
2016-05-25,28.534076012987384,28.574480063258285,28.385877007085362,28.418101195892334,28.418101195892334,86424211,AAPL,synthetic (offline fallback)
2016-05-26,29.65926266673663,29.85276959298241,29.431065976146684,29.67194585908344,29.67194585908344,56155148,AAPL,synthetic (offline fallback)
2016-05-27,29.200734850044373,29.210850644992313,28.896964812478576,29.03603691646731,29.03603691646731,44298631,AAPL,synthetic (offline fallback)
2016-05-30,28.339448575200578,28.481250726851055,28.282581938209567,28.347557210120463,28.347557210120463,97302825,AAPL,synthetic (offline fallback)
2016-05-31,28.527010744023997,28.626989652576874,28.451631444630337,28.530090170363664,28.530090170363664,89265778,AAPL,synthetic (offline fallback)
2016-06-01,29.30998787413989,29.422450402660413,29.161460244499192,29.253742216633473,29.253742216633473,90046599,AAPL,synthetic (offline fallback)
2016-06-02,29.04053011630427,29.37455995341387,28.945743848503284,29.27525214233007,29.27525214233007,81468334,AAPL,synthetic (offline fallback)
2016-06-03,30.439954481011785,30.483005172947273,30.191508435392695,30.421250949229098,30.421250949229098,89113021,AAPL,synthetic (offline fallback)
2016-06-06,31.201249665211634,31.265815274172358,31.04753500387987,31.20583565809933,31.20583565809933,40470854,AAPL,synthetic (offline fallback)
2016-06-07,32.14303583415783,32.157785816281795,31.902974818873886,32.00037443112274,32.00037443112274,97364097,AAPL,synthetic (offline fallback)
2016-06-08,32.635076441792314,32.67197726274362,32.310620648077034,32.54090182940533,32.54090182940533,141654791,AAPL,synthetic (offline fallback)
2016-06-09,34.73477911906359,35.1542379526909,34.59388386765239,34.853317869109375,34.853317869109375,56744102,AAPL,synthetic (offline fallback)
2016-06-10,34.77562590524073,34.87209463222769,34.602302220569285,34.64651856909372,34.64651856909372,57264930,AAPL,synthetic (offline fallback)
2016-06-13,32.591332950640606,32.71599202640002,32.55667623106942,32.617000689826085,32.617000689826085,133603238,AAPL,synthetic (offline fallback)
2016-06-14,34.23219452040125,34.36754598330979,34.12393794686781,34.325331490832944,34.325331490832944,100114260,AAPL,synthetic (offline fallback)
2016-06-15,33.854616209037864,34.08512136882377,33.65059029080529,33.834609474479734,33.834609474479734,70863588,AAPL,synthetic (offline fallback)
2016-06-16,33.9441008542216,34.22960742013044,33.90545734358318,33.96476189287448,33.96476189287448,134161338,AAPL,synthetic (offline fallback)
2016-06-17,35.55401482118504,35.74096218299897,35.26044675401867,35.39067285331019,35.39067285331019,78998221,AAPL,synthetic (offline fallback)
2016-06-20,33.69189560281768,33.860424023621064,33.58333349508394,33.65750214285614,33.65750214285614,112537764,AAPL,synthetic (offline fallback)
2016-06-21,32.35490353343536,32.593183525720555,32.13119513777282,32.334953618431165,32.334953618431165,106721338,AAPL,synthetic (offline fallback)
2016-06-22,30.78047485551877,30.88078107449576,30.690518784119366,30.697531927773937,30.697531927773937,60322147,AAPL,synthetic (offline fallback)
2016-06-23,30.004160279177686,30.247655257885448,29.77323566507683,29.906109663800283,29.906109663800283,130600123,AAPL,synthetic (offline fallback)
2016-06-24,30.429599002743373,30.585681674565514,30.348016582054107,30.358232406041665,30.358232406041665,114185335,AAPL,synthetic (offline fallback)
2016-06-27,31.026936635413342,31.027337527949122,30.81854574239302,30.895372078977935,30.895372078977935,65018311,AAPL,synthetic (offline fallback)
2016-06-28,31.241623440935047,31.36367998392776,31.18078150964237,31.184678744422754,31.184678744422754,130911627,AAPL,synthetic (offline fallback)
2016-06-29,29.8478060867691,29.908823152012122,29.724633609064643,29.83280154813976,29.83280154813976,114461919,AAPL,synthetic (offline fallback)
2016-06-30,27.807321156324676,27.822692971263688,27.567602188697396,27.70432986163445,27.70432986163445,142571741,AAPL,synthetic (offline fallback)
2016-07-01,27.75859269698233,27.921566886854837,27.740187432114485,27.76616420843663,27.76616420843663,138416612,AAPL,synthetic (offline fallback)
2016-07-04,27.35458318273923,27.356616335789216,27.163819948573813,27.35185512104421,27.35185512104421,78238451,AAPL,synthetic (offline fallback)
2016-07-05,27.914665404857416,28.07561914396563,27.642457254502656,27.77123445624329,27.77123445624329,152406436,AAPL,synthetic (offline fallback)
2016-07-06,28.547834754936442,28.72175097435798,28.320792435652386,28.409600107297685,28.409600107297685,44070568,AAPL,synthetic (offline fallback)
2016-07-07,28.544825506392886,28.628990346624715,28.44102128638128,28.545525654511714,28.545525654511714,80097110,AAPL,synthetic (offline fallback)
2016-07-08,29.19578049520851,29.321235865637664,29.118261270368,29.23555999826038,29.23555999826038,112953784,AAPL,synthetic (offline fallback)
2016-07-11,29.584014244655542,29.702815210301708,29.31542792446023,29.454722137990604,29.454722137990604,104166836,AAPL,synthetic (offline fallback)
2016-07-12,30.01456234020658,30.227090573883576,29.7367453184901,29.942662370268522,29.942662370268522,67092221,AAPL,synthetic (offline fallback)
2016-07-13,29.356058556711808,29.420751611964366,29.118738540179276,29.32829217902384,29.32829217902384,63942660,AAPL,synthetic (offline fallback)
2016-07-14,29.154558280935195,29.233315601293047,29.100195922312007,29.18273766152082,29.18273766152082,133707408,AAPL,synthetic (offline fallback)
2016-07-15,29.392641810667037,29.54184603382196,29.202735448626413,29.36342257024933,29.36342257024933,145129735,AAPL,synthetic (offline fallback)
2016-07-18,30.075539478894044,30.26457781648481,30.046061583934772,30.077498287389325,30.077498287389325,121585805,AAPL,synthetic (offline fallback)
2016-07-19,29.689500401785555,29.812840646674218,29.583174629632428,29.748790173109864,29.748790173109864,103625741,AAPL,synthetic (offline fallback)
2016-07-20,30.21947450639905,30.328221287922595,30.207021347655083,30.207780259480646,30.207780259480646,132782422,AAPL,synthetic (offline fallback)
2016-07-21,30.016086976498848,30.25968015126563,29.94473211857953,29.992205019317208,29.992205019317208,68805359,AAPL,synthetic (offline fallback)
2016-07-22,29.871831995515166,29.955805806165806,29.69153199359236,29.905511139581748,29.905511139581748,156103744,AAPL,synthetic (offline fallback)
2016-07-25,30.690484574276045,30.70674194787419,30.422808637309604,30.60749305880459,30.60749305880459,54996875,AAPL,synthetic (offline fallback)
2016-07-26,29.08684276536261,29.211928933447332,28.964412911770186,28.97481173757711,28.97481173757711,110145687,AAPL,synthetic (offline fallback)
2016-07-27,27.994569827968498,27.999910106661197,27.7904334560535,27.913350545021064,27.913350545021064,80928316,AAPL,synthetic (offline fallback)
2016-07-28,26.700075199725323,26.760409542852905,26.5653026898226,26.722221111019074,26.722221111019074,148517626,AAPL,synthetic (offline fallback)
2016-07-29,24.95611451292198,25.110896696712917,24.66771170749947,24.8996554278642,24.8996554278642,69380873,AAPL,synthetic (offline fallback)
2016-08-01,24.38022218782332,24.484032953395136,24.271398248872075,24.374521372577444,24.374521372577444,117027205,AAPL,synthetic (offline fallback)
2016-08-02,24.879935636299894,25.09243293943937,24.855729346911556,24.972514690108838,24.972514690108838,58750023,AAPL,synthetic (offline fallback)
2016-08-03,24.807993357193602,24.897821259115656,24.723677047646603,24.75802700084228,24.75802700084228,61809321,AAPL,synthetic (offline fallback)
2016-08-04,24.931645743612506,25.04957538754803,24.79059957160931,24.920720626215694,24.920720626215694,89953068,AAPL,synthetic (offline fallback)
2016-08-05,25.971913958234268,26.094217502892942,25.73040797031686,25.77139590118411,25.77139590118411,135916981,AAPL,synthetic (offline fallback)
2016-08-08,26.973580427829155,27.147867511245654,26.654807161937438,26.85617028446476,26.85617028446476,73372078,AAPL,synthetic (offline fallback)
2016-08-09,26.86606584171588,27.018445344228265,26.631899506499092,26.80887044444447,26.80887044444447,123243834,AAPL,synthetic (offline fallback)
2016-08-10,27.970730182163198,28.141609717993482,27.705996072035774,27.949837357207546,27.949837357207546,108553038,AAPL,synthetic (offline fallback)
2016-08-11,28.054933278061327,28.255363229834792,27.97549908851006,28.04116039201985,28.04116039201985,157352773,AAPL,synthetic (offline fallback)
2016-08-12,27.266825248242053,27.571569896994536,27.076561702719264,27.349175481127585,27.349175481127585,76087524,AAPL,synthetic (offline fallback)
2016-08-15,26.730434559535492,26.901017899414054,26.57916653831077,26.870617541610997,26.870617541610997,69211838,AAPL,synthetic (offline fallback)
2016-08-16,25.63954858437339,25.904995080676684,25.632174074770322,25.706840798687203,25.706840798687203,148312711,AAPL,synthetic (offline fallback)
2016-08-17,25.01748005830365,25.21839836826206,24.9587123095004,25.021061849692426,25.021061849692426,79975061,AAPL,synthetic (offline fallback)
2016-08-18,24.598719945748503,24.81877000704524,24.55769119244819,24.75508837849789,24.75508837849789,65758426,AAPL,synthetic (offline fallback)
2016-08-19,25.337912491956157,25.38428310404091,25.24739837492857,25.379356101756265,25.379356101756265,138578923,AAPL,synthetic (offline fallback)
2016-08-22,26.737963169608115,26.86672988195134,26.56613850495575,26.75783993932982,26.75783993932982,137537658,AAPL,synthetic (offline fallback)
2016-08-23,25.61330836244706,25.741040414059974,25.398892161025625,25.629872427697173,25.629872427697173,47546751,AAPL,synthetic (offline fallback)
2016-08-24,25.912847894442784,26.144391448596586,25.842385357845238,25.964391646437925,25.964391646437925,115983971,AAPL,synthetic (offline fallback)
2016-08-25,25.111617588128684,25.261896391301534,24.98580372289346,25.13737186737854,25.13737186737854,73464456,AAPL,synthetic (offline fallback)
2016-08-26,25.660553093575896,25.67604109642843,25.489597083560763,25.528527679651773,25.528527679651773,104257126,AAPL,synthetic (offline fallback)
2016-08-29,25.48473235161042,25.54291400161889,25.368240814112276,25.4342089273214,25.4342089273214,68637534,AAPL,synthetic (offline fallback)
2016-08-30,24.019153848426903,24.21304980600533,24.00785101746207,24.059595678879095,24.059595678879095,60258624,AAPL,synthetic (offline fallback)
2016-08-31,24.78107092554377,24.79460545205179,24.63696000707602,24.786153161795596,24.786153161795596,55883773,AAPL,synthetic (offline fallback)
2016-09-01,24.32315709422809,24.44280847708544,24.218301196537976,24.325223278862623,24.325223278862623,59814605,AAPL,synthetic (offline fallback)
2016-09-02,23.874955556720206,23.980585225820413,23.729918556007295,23.930087278386143,23.930087278386143,109940350,AAPL,synthetic (offline fallback)
2016-09-05,23.102801309323514,23.237808042008883,22.94572732516015,23.1562317821016,23.1562317821016,137223714,AAPL,synthetic (offline fallback)
2016-09-06,22.764001602309154,22.851846700698875,22.668720581092085,22.695199469678506,22.695199469678506,41853418,AAPL,synthetic (offline fallback)
2016-09-07,22.979993968535847,23.052402837994812,22.85094760746528,23.008970387470068,23.008970387470068,91448487,AAPL,synthetic (offline fallback)
2016-09-08,22.809496595500537,23.023114641949167,22.780887501972586,22.884651832539156,22.884651832539156,129620972,AAPL,synthetic (offline fallback)
2016-09-09,23.11849911520693,23.23415360056241,23.057782434385764,23.12149152250597,23.12149152250597,140233567,AAPL,synthetic (offline fallback)
2016-09-12,23.38864650412703,23.406507464703846,23.272115763421326,23.380369169345805,23.380369169345805,127920067,AAPL,synthetic (offline fallback)
2016-09-13,24.167646822668964,24.368749981235727,24.160076077503838,24.311525167854626,24.311525167854626,84330886,AAPL,synthetic (offline fallback)
2016-09-14,24.07047565761191,24.235823886471586,24.036273524498423,24.07341836996827,24.07341836996827,117961597,AAPL,synthetic (offline fallback)
2016-09-15,23.117871987389112,23.27042352370848,23.00051783377664,23.057830784038682,23.057830784038682,48206192,AAPL,synthetic (offline fallback)
2016-09-16,23.85525939626844,23.953950649383106,23.79989766148614,23.823010469142627,23.823010469142627,89142119,AAPL,synthetic (offline fallback)
2016-09-19,23.750534054522287,23.91364132970029,23.39679863407971,23.592713303884693,23.592713303884693,104420228,AAPL,synthetic (offline fallback)
2016-09-20,24.497347379043784,24.52272713886862,24.3377667223946,24.4057446035546,24.4057446035546,41721923,AAPL,synthetic (offline fallback)
2016-09-21,24.809035300156133,24.835907763801874,24.587732845999923,24.701662064257732,24.701662064257732,136213200,AAPL,synthetic (offline fallback)
2016-09-22,24.821349147576996,24.94372775592221,24.4290952200177,24.61458032700079,24.61458032700079,66432672,AAPL,synthetic (offline fallback)
2016-09-23,24.934249452572317,25.071148504997716,24.76578215228639,24.877665977853976,24.877665977853976,55084864,AAPL,synthetic (offline fallback)
2016-09-26,26.346709888745853,26.542275204610117,26.23502826965325,26.333827100762896,26.333827100762896,111046513,AAPL,synthetic (offline fallback)
2016-09-27,28.133076314845333,28.169489571927926,27.864116886180373,28.051132760110598,28.051132760110598,73694498,AAPL,synthetic (offline fallback)
2016-09-28,28.07666512657833,28.25778368369999,28.01899900403818,28.12384876921544,28.12384876921544,157525669,AAPL,synthetic (offline fallback)
2016-09-29,28.283152275638148,28.41977760413712,28.23690674153129,28.274018100798322,28.274018100798322,153613951,AAPL,synthetic (offline fallback)
2016-09-30,29.15940333632537,29.276460263236224,29.015128579183912,29.216175710223002,29.216175710223002,138873319,AAPL,synthetic (offline fallback)
2016-10-03,28.520103978331257,28.61356814427276,28.4088337665829,28.486092903089066,28.486092903089066,76223323,AAPL,synthetic (offline fallback)
2016-10-04,28.731745389687312,28.901588485685792,28.590008805793648,28.788046958002102,28.788046958002102,145049695,AAPL,synthetic (offline fallback)
2016-10-05,28.71793235260728,28.838891323845782,28.705854264763172,28.777236063404885,28.777236063404885,70616698,AAPL,synthetic (offline fallback)
2016-10-06,29.09021277716155,29.193631850902133,28.884069950741576,29.05417340289549,29.05417340289549,68752444,AAPL,synthetic (offline fallback)
2016-10-07,28.36424578450001,28.43448039066956,28.17203377916801,28.37596887117039,28.37596887117039,156804466,AAPL,synthetic (offline fallback)
2016-10-10,26.95327456253126,27.350057834429943,26.69492237968251,27.11004008831231,27.11004008831231,120899306,AAPL,synthetic (offline fallback)
2016-10-11,25.38136361722457,25.539485425123946,25.352553298649344,25.4926817653838,25.4926817653838,50311864,AAPL,synthetic (offline fallback)
2016-10-12,24.54409551196659,24.650133749663794,24.50074909331341,24.62886312010806,24.62886312010806,146387355,AAPL,synthetic (offline fallback)
2016-10-13,24.221002423203224,24.290898811705606,24.073356756546048,24.285332221449778,24.285332221449778,59282846,AAPL,synthetic (offline fallback)
2016-10-14,24.104498726311228,24.11316184384118,23.95303717631824,24.074567539005407,24.074567539005407,121751280,AAPL,synthetic (offline fallback)
2016-10-17,25.569248183609343,25.60293017356852,25.54577565764935,25.552464901992902,25.552464901992902,92598101,AAPL,synthetic (offline fallback)
2016-10-18,26.559736114030965,26.71660894037844,26.455176863645075,26.475125897585453,26.475125897585453,42098539,AAPL,synthetic (offline fallback)
2016-10-19,25.74181537416247,25.744542529191165,25.562449249171355,25.683810915131463,25.683810915131463,134520775,AAPL,synthetic (offline fallback)
2016-10-20,26.065485724707436,26.114454053105177,25.885025650238475,25.981935384668915,25.981935384668915,122395992,AAPL,synthetic (offline fallback)
2016-10-21,25.708075163570566,25.71850256384131,25.559878264284748,25.661238564138927,25.661238564138927,146123072,AAPL,synthetic (offline fallback)
2016-10-24,25.461928988625885,25.531732118850684,25.29377081853656,25.445922538254838,25.445922538254838,113416606,AAPL,synthetic (offline fallback)
2016-10-25,25.684763478988767,25.693348057490084,25.557724861976073,25.60033216966717,25.60033216966717,130676286,AAPL,synthetic (offline fallback)
2016-10-26,26.160529581491527,26.29722210985685,26.0524752669945,26.088571083574152,26.088571083574152,148722820,AAPL,synthetic (offline fallback)
2016-10-27,25.866285497951907,25.996308668462724,25.721203862092853,25.837133818931388,25.837133818931388,157141003,AAPL,synthetic (offline fallback)
2016-10-28,26.76775360414812,26.932741566475084,26.46699763680681,26.666070129205266,26.666070129205266,42021537,AAPL,synthetic (offline fallback)
2016-10-31,25.607008763900904,25.843806924111753,25.54160734788711,25.788491786374017,25.788491786374017,81503053,AAPL,synthetic (offline fallback)
2016-11-01,25.7812406441359,25.992203470241513,25.633389416394596,25.803725740385506,25.803725740385506,114340786,AAPL,synthetic (offline fallback)
2016-11-02,27.82871796782944,28.023051963034135,27.791460008227922,27.854270679033434,27.854270679033434,53152550,AAPL,synthetic (offline fallback)
2016-11-03,28.15704187991672,28.16890353835029,28.024014046730787,28.06000900415352,28.06000900415352,53961544,AAPL,synthetic (offline fallback)
2016-11-04,29.46678855497241,29.552610570272453,29.1529947491713,29.328528446366764,29.328528446366764,87381825,AAPL,synthetic (offline fallback)
2016-11-07,29.29620087208978,29.58872459053144,29.270923686183476,29.42421202789241,29.42421202789241,149243528,AAPL,synthetic (offline fallback)
2016-11-08,30.088180696192442,30.17999788079285,29.954149284216985,29.96133932056426,29.96133932056426,78601710,AAPL,synthetic (offline fallback)
2016-11-09,29.816740107612805,30.018794247966493,29.619940512433907,29.92189568959989,29.92189568959989,152236864,AAPL,synthetic (offline fallback)
2016-11-10,29.68176024783478,29.917056383017762,29.604993906587016,29.78372918528248,29.78372918528248,136357530,AAPL,synthetic (offline fallback)
2016-11-11,29.110769553690247,29.14385714447094,29.020597022298983,29.131244656031974,29.131244656031974,76363386,AAPL,synthetic (offline fallback)
2016-11-14,29.480800519069742,29.775529534187726,29.26030031832933,29.508970355128653,29.508970355128653,67725220,AAPL,synthetic (offline fallback)
2016-11-15,28.672685364092178,28.850964385691054,28.627725059839992,28.807367059920157,28.807367059920157,139325024,AAPL,synthetic (offline fallback)
2016-11-16,29.4357435805564,29.44220234610862,29.220986223222944,29.378466326075475,29.378466326075475,130723390,AAPL,synthetic (offline fallback)
2016-11-17,30.38708696902474,30.388627029662672,30.234566839756575,30.32527776728793,30.32527776728793,115633069,AAPL,synthetic (offline fallback)
2016-11-18,30.761417287022073,30.867885214788945,30.636668391234817,30.664452461767215,30.664452461767215,157374085,AAPL,synthetic (offline fallback)
2016-11-21,30.38449437198086,30.654636566394643,30.20522144202293,30.424056780676004,30.424056780676004,52058654,AAPL,synthetic (offline fallback)
2016-11-22,30.82850375238726,31.00300084178909,30.76209515367043,30.83216501478655,30.83216501478655,86294258,AAPL,synthetic (offline fallback)
2016-11-23,30.573954388278835,30.75593744447246,30.403690468679343,30.57674547930949,30.57674547930949,112332179,AAPL,synthetic (offline fallback)
2016-11-24,31.556496694225967,31.72175420585053,31.11296931840869,31.39750018268036,31.39750018268036,48612539,AAPL,synthetic (offline fallback)
2016-11-25,29.576125247538243,29.942140978909453,29.36349401906309,29.82975977052871,29.82975977052871,157126844,AAPL,synthetic (offline fallback)
2016-11-28,29.464029428842363,29.63622785665818,29.391040922226637,29.548859270536404,29.548859270536404,108616284,AAPL,synthetic (offline fallback)
2016-11-29,27.903774201131263,27.914597150408635,27.848148208521863,27.903310377562747,27.903310377562747,76971285,AAPL,synthetic (offline fallback)
2016-11-30,26.59148079903381,26.829951107099223,26.442680970042353,26.678364514332767,26.678364514332767,68696465,AAPL,synthetic (offline fallback)
2016-12-01,27.820895083571834,27.970790522166048,27.703756175044578,27.842471915449366,27.842471915449366,40136893,AAPL,synthetic (offline fallback)
2016-12-02,28.641219531173462,28.741587241125213,28.501977615149137,28.652056501347985,28.652056501347985,111117137,AAPL,synthetic (offline fallback)
2016-12-05,27.963694028428627,28.15203666861361,27.75005067774481,28.01897710450124,28.01897710450124,157215001,AAPL,synthetic (offline fallback)
2016-12-06,26.74091858815641,26.913696842614563,26.675333506241092,26.73574771332552,26.73574771332552,44347210,AAPL,synthetic (offline fallback)
2016-12-07,24.36206197059431,24.40085017037759,24.295659464894367,24.316239286158154,24.316239286158154,89678010,AAPL,synthetic (offline fallback)
2016-12-08,23.860434525480912,23.981110402119402,23.76911629714694,23.877358781509024,23.877358781509024,119450781,AAPL,synthetic (offline fallback)
2016-12-09,25.885990297032613,26.0919003060102,25.744275092315515,25.921232395090918,25.921232395090918,91711932,AAPL,synthetic (offline fallback)
2016-12-12,26.318869487014062,26.48197652664226,26.271158111028626,26.3319642345841,26.3319642345841,118111560,AAPL,synthetic (offline fallback)
2016-12-13,25.837092527063373,25.83906161710549,25.743317200317424,25.837668940651643,25.837668940651643,125513454,AAPL,synthetic (offline fallback)
2016-12-14,26.124047823375005,26.301534497536686,25.936758579739056,26.26115623538926,26.26115623538926,155872122,AAPL,synthetic (offline fallback)
2016-12-15,24.9659439931334,25.05285064703093,24.866846487185043,24.931422406057813,24.931422406057813,112526246,AAPL,synthetic (offline fallback)
2016-12-16,24.656070874946032,24.848175321180513,24.610857619891792,24.689475826802887,24.689475826802887,125178873,AAPL,synthetic (offline fallback)
2016-12-19,24.875389904022715,25.04252935339154,24.656045231930484,24.781601326173856,24.781601326173856,76238393,AAPL,synthetic (offline fallback)
2016-12-20,24.766001001553185,24.904781466932192,24.53882384344494,24.7221646375499,24.7221646375499,58100332,AAPL,synthetic (offline fallback)
2016-12-21,25.44872400822846,25.487400061698068,25.185721294392067,25.359706386836127,25.359706386836127,51997345,AAPL,synthetic (offline fallback)
2016-12-22,25.570011984239603,25.680187577950544,25.54411794504404,25.64780205978829,25.64780205978829,53122475,AAPL,synthetic (offline fallback)
2016-12-23,26.16759417307443,26.318011249592995,25.999002078270216,26.1967815772341,26.1967815772341,139283502,AAPL,synthetic (offline fallback)
2016-12-26,25.55960066077911,25.691942950228423,25.425877640749604,25.65522732559411,25.65522732559411,44874882,AAPL,synthetic (offline fallback)
2016-12-27,26.3291407384393,26.491061613095916,26.194491740370786,26.384960064094752,26.384960064094752,98005261,AAPL,synthetic (offline fallback)
2016-12-28,27.861549699951617,28.00826960345156,27.70226474481325,27.75728456024907,27.75728456024907,113604192,AAPL,synthetic (offline fallback)
2016-12-29,27.04730077215287,27.116937326051747,26.923174673059197,26.92713917471448,26.92713917471448,120696915,AAPL,synthetic (offline fallback)
2016-12-30,26.097522321903615,26.263725449631874,25.99559958353955,26.187723313056154,26.187723313056154,47922093,AAPL,synthetic (offline fallback)
2017-01-02,27.29866305716167,27.345648922891524,27.224310791024937,27.33624583016045,27.33624583016045,92480558,AAPL,synthetic (offline fallback)
2017-01-03,27.17244274165505,27.221672018257287,27.123375963613952,27.178655429400504,27.178655429400504,42126685,AAPL,synthetic (offline fallback)
2017-01-04,28.47207867932734,28.608024630011403,28.24162156998333,28.42214617187556,28.42214617187556,55931545,AAPL,synthetic (offline fallback)
2017-01-05,27.883976803108848,28.129290668613113,27.84266867178257,28.031969646783505,28.031969646783505,143126233,AAPL,synthetic (offline fallback)
2017-01-06,29.225012381780324,29.41067591252298,28.962733249425995,29.366234611208174,29.366234611208174,153177208,AAPL,synthetic (offline fallback)
2017-01-09,29.546298658760488,29.57350222817859,29.373382791972237,29.502962393631666,29.502962393631666,130215431,AAPL,synthetic (offline fallback)
2017-01-10,29.58186085318045,29.775537710075714,29.40820538518388,29.75584673197474,29.75584673197474,80002118,AAPL,synthetic (offline fallback)
2017-01-11,31.200312183215505,31.400325849290727,31.132274891759465,31.24218897019746,31.24218897019746,153618609,AAPL,synthetic (offline fallback)
2017-01-12,30.913793620417948,31.04336213452736,30.764695049194085,30.898768308705755,30.898768308705755,73087717,AAPL,synthetic (offline fallback)
2017-01-13,30.05558730289503,30.156983508640348,29.909314485164582,30.01815472669481,30.01815472669481,68030896,AAPL,synthetic (offline fallback)
2017-01-16,29.599440551535547,29.723444065937628,29.39364514224564,29.612030233125022,29.612030233125022,131792799,AAPL,synthetic (offline fallback)
2017-01-17,30.00734820854681,30.07850797573584,29.962625209787117,30.040310544818933,30.040310544818933,78690680,AAPL,synthetic (offline fallback)
2017-01-18,28.72390239601462,28.830610200057958,28.607702503864974,28.65130821597871,28.65130821597871,102396823,AAPL,synthetic (offline fallback)
2017-01-19,29.265032444395743,29.27983001209154,29.00573178861292,29.240014168412195,29.240014168412195,119377449,AAPL,synthetic (offline fallback)
2017-01-20,28.710260550221122,28.9574579896699,28.690012737308876,28.766096978903178,28.766096978903178,59931530,AAPL,synthetic (offline fallback)
2017-01-23,29.815756077270503,29.828528917119446,29.672677971093318,29.81238224902421,29.81238224902421,151095158,AAPL,synthetic (offline fallback)
2017-01-24,27.714628298568176,27.822056350120114,27.667444683949324,27.682806716586253,27.682806716586253,59960348,AAPL,synthetic (offline fallback)
2017-01-25,27.129444193916488,27.129590821712387,26.97054827893335,26.990316890994443,26.990316890994443,159120323,AAPL,synthetic (offline fallback)
2017-01-26,25.618044092758662,25.764479074014453,25.446524153385628,25.557754091906137,25.557754091906137,90008518,AAPL,synthetic (offline fallback)
2017-01-27,24.963478270635225,24.997725615072586,24.759213962562082,24.872849799880555,24.872849799880555,70393626,AAPL,synthetic (offline fallback)
2017-01-30,25.04242380071718,25.25342775724202,24.9401702247777,25.088381254182146,25.088381254182146,104707561,AAPL,synthetic (offline fallback)
2017-01-31,24.91340284249466,24.95946036327636,24.839968194006715,24.952642087839692,24.952642087839692,40098899,AAPL,synthetic (offline fallback)
2017-02-01,24.745100806564082,24.94452281418902,24.580549042025233,24.762586658973543,24.762586658973543,60466120,AAPL,synthetic (offline fallback)
2017-02-02,24.639432132981725,24.758237833602074,24.47595788636377,24.650049351457174,24.650049351457174,102324360,AAPL,synthetic (offline fallback)
2017-02-03,24.73803192712485,24.860800828485957,24.685321486001786,24.81306850412033,24.81306850412033,123277044,AAPL,synthetic (offline fallback)
2017-02-06,24.17848757950016,24.217240396293874,24.025088054699417,24.08700991206748,24.08700991206748,155530876,AAPL,synthetic (offline fallback)
2017-02-07,24.680074932902254,24.739396541632235,24.561265823940207,24.614844243973977,24.614844243973977,140484450,AAPL,synthetic (offline fallback)
2017-02-08,25.096693912569318,25.252455592614496,24.974403575177206,25.1197295481836,25.1197295481836,150600407,AAPL,synthetic (offline fallback)
2017-02-09,25.469992104367105,25.631965590674977,25.355656325221002,25.42105322268068,25.42105322268068,135837917,AAPL,synthetic (offline fallback)
2017-02-10,25.87015391734162,25.914605321579035,25.68124938757733,25.852866170649555,25.852866170649555,133183394,AAPL,synthetic (offline fallback)
2017-02-13,26.14562694002619,26.223643357016922,25.99086699499841,26.089287542499225,26.089287542499225,81501165,AAPL,synthetic (offline fallback)
2017-02-14,27.570398962208927,27.73151385845498,27.44377800565462,27.682038446641517,27.682038446641517,148600118,AAPL,synthetic (offline fallback)
2017-02-15,27.60810098425946,27.641022262110358,27.46715185918975,27.620170535305665,27.620170535305665,155591681,AAPL,synthetic (offline fallback)
2017-02-16,27.37664638581064,27.530119131114866,27.258395508262105,27.38141391667775,27.38141391667775,101627477,AAPL,synthetic (offline fallback)
2017-02-17,26.84771877642759,26.90675018251519,26.716482468279324,26.797582474630605,26.797582474630605,54441590,AAPL,synthetic (offline fallback)
2017-02-20,25.963959666583733,26.060903367532006,25.90721934085862,26.01300231290293,26.01300231290293,45115933,AAPL,synthetic (offline fallback)
2017-02-21,24.897340389038085,25.28116143773936,24.78076400817317,25.085476247435697,25.085476247435697,99276401,AAPL,synthetic (offline fallback)
2017-02-22,24.355569079997746,24.575554017164354,24.306232902649466,24.43486263202981,24.43486263202981,116181007,AAPL,synthetic (offline fallback)
2017-02-23,24.38814925205534,24.528465407618125,24.240044121249646,24.39261661238655,24.39261661238655,106551655,AAPL,synthetic (offline fallback)
2017-02-24,24.648322008341605,24.654300654289,24.58428460759842,24.64359899663506,24.64359899663506,147551868,AAPL,synthetic (offline fallback)
2017-02-27,24.814791275410904,24.952598504326954,24.670633671073617,24.690075669741717,24.690075669741717,104381662,AAPL,synthetic (offline fallback)
2017-02-28,24.211892372677347,24.31913405641857,24.124861998164988,24.169638061021182,24.169638061021182,119320772,AAPL,synthetic (offline fallback)
2017-03-01,24.81264109809369,24.931785685272803,24.680150188326635,24.80657363746737,24.80657363746737,130946893,AAPL,synthetic (offline fallback)
2017-03-02,25.345968311402633,25.350303396671855,25.183934754315356,25.348431515586224,25.348431515586224,147383835,AAPL,synthetic (offline fallback)
2017-03-03,25.326121245880397,25.514107349247237,25.17956137162052,25.242504184944305,25.242504184944305,113152867,AAPL,synthetic (offline fallback)
2017-03-06,24.748101116819846,24.909804990885483,24.69083158509321,24.791991156152967,24.791991156152967,106899294,AAPL,synthetic (offline fallback)
2017-03-07,25.177713130370794,25.31807621833398,25.113778063695335,25.188313666514606,25.188313666514606,49255531,AAPL,synthetic (offline fallback)
2017-03-08,25.24895360575366,25.441532424471923,25.08685126347539,25.331731990055665,25.331731990055665,117082155,AAPL,synthetic (offline fallback)
2017-03-09,24.452477462333075,24.59457398187017,24.198079829117425,24.348831350089164,24.348831350089164,61582198,AAPL,synthetic (offline fallback)
2017-03-10,24.340143320231807,24.486374803106045,24.279931706549874,24.31151658697995,24.31151658697995,84248694,AAPL,synthetic (offline fallback)
2017-03-13,24.44723515369694,24.674237613236848,24.330610049205944,24.499236495361277,24.499236495361277,103868682,AAPL,synthetic (offline fallback)
2017-03-14,23.90305692981033,23.95945088024773,23.733843673119296,23.911267222820463,23.911267222820463,49916679,AAPL,synthetic (offline fallback)
2017-03-15,24.08388798541316,24.129913384172433,23.87221775011063,24.04712108457216,24.04712108457216,123345712,AAPL,synthetic (offline fallback)
2017-03-16,23.103110391188128,23.269321200400384,23.001010712995235,23.120500631527925,23.120500631527925,73663840,AAPL,synthetic (offline fallback)
2017-03-17,23.977879544469758,24.136431197753332,23.80266513220748,24.016387705474465,24.016387705474465,101700943,AAPL,synthetic (offline fallback)
2017-03-20,24.857763829973475,25.04121933607934,24.726693581132015,24.90665112929314,24.90665112929314,82029593,AAPL,synthetic (offline fallback)
2017-03-21,24.757418078824244,24.922295136768547,24.685392161756962,24.732268189030563,24.732268189030563,87253697,AAPL,synthetic (offline fallback)
2017-03-22,24.976755843625536,25.131312563833692,24.9636801912199,25.003613796372104,25.003613796372104,46136147,AAPL,synthetic (offline fallback)
2017-03-23,23.317180423739714,23.513039387931528,23.240214532131667,23.34896474379331,23.34896474379331,63444516,AAPL,synthetic (offline fallback)
2017-03-24,22.46261833672666,22.619227896017097,22.449756685407326,22.55301499913125,22.55301499913125,134305707,AAPL,synthetic (offline fallback)
2017-03-27,22.364546658213236,22.55159322531809,22.273323870785074,22.359338682375036,22.359338682375036,54624312,AAPL,synthetic (offline fallback)
2017-03-28,21.643957703322606,21.674154516167523,21.502137964268723,21.65573128159982,21.65573128159982,99663308,AAPL,synthetic (offline fallback)
2017-03-29,22.120220378901617,22.261653631912058,21.960327731572054,22.14158579242096,22.14158579242096,56804547,AAPL,synthetic (offline fallback)
2017-03-30,23.551850302785482,23.720716547628825,23.531350287572806,23.537814420828386,23.537814420828386,104654695,AAPL,synthetic (offline fallback)
2017-03-31,22.7374056586251,22.79131723676946,22.671661809839236,22.686497005344453,22.686497005344453,117241684,AAPL,synthetic (offline fallback)
2017-04-03,22.142497554875277,22.1982886348705,21.981645065593547,22.095992199289416,22.095992199289416,96274976,AAPL,synthetic (offline fallback)
2017-04-04,22.308549063991965,22.37167052554214,22.168290718869635,22.27161858892616,22.27161858892616,132580681,AAPL,synthetic (offline fallback)
2017-04-05,23.414872358121883,23.553395953030034,23.38268383554727,23.43179036466988,23.43179036466988,71841449,AAPL,synthetic (offline fallback)
2017-04-06,22.50201258928664,22.631997591533977,22.323211489354343,22.54035361826589,22.54035361826589,106947506,AAPL,synthetic (offline fallback)
2017-04-07,22.660868037651923,22.749227456711072,22.626439459400455,22.73205909379436,22.73205909379436,73164815,AAPL,synthetic (offline fallback)
2017-04-10,24.051245167694905,24.28392430182691,24.03460286582513,24.094119919751858,24.094119919751858,101075637,AAPL,synthetic (offline fallback)
2017-04-11,22.837552964350426,22.87974867273332,22.6816899299386,22.836206763444043,22.836206763444043,47620094,AAPL,synthetic (offline fallback)
2017-04-12,21.835504147760915,22.001048110101422,21.705795375326375,21.88713279403706,21.88713279403706,72289048,AAPL,synthetic (offline fallback)
2017-04-13,21.591139906951476,21.714747015530495,21.50295013820366,21.58491975003367,21.58491975003367,124911881,AAPL,synthetic (offline fallback)
2017-04-14,21.16215232424933,21.230797377195763,21.04021108549655,21.22362379220836,21.22362379220836,133364061,AAPL,synthetic (offline fallback)
2017-04-17,21.696138749359164,21.822148160375914,21.53086714630031,21.80479149480223,21.80479149480223,72624744,AAPL,synthetic (offline fallback)
2017-04-18,22.040283150953826,22.182761852791277,21.98122401550809,21.986236181448255,21.986236181448255,70983087,AAPL,synthetic (offline fallback)
2017-04-19,20.753020741744173,20.919319295456102,20.623879065591932,20.78259944726645,20.78259944726645,75827361,AAPL,synthetic (offline fallback)
2017-04-20,21.092919063064652,21.151001485336703,21.06053288499352,21.146018851295374,21.146018851295374,73508960,AAPL,synthetic (offline fallback)
2017-04-21,20.693788814424135,20.908655512059475,20.60618751031341,20.76191991466364,20.76191991466364,159220014,AAPL,synthetic (offline fallback)
2017-04-24,21.664895260903343,21.765942951519037,21.553189774916685,21.637435020659453,21.637435020659453,118133008,AAPL,synthetic (offline fallback)
2017-04-25,21.29667282896361,21.30905717877873,21.144966425886004,21.209190789054013,21.209190789054013,86297506,AAPL,synthetic (offline fallback)
2017-04-26,20.76201667350016,20.884012658528267,20.73493216371092,20.787152947493773,20.787152947493773,95438282,AAPL,synthetic (offline fallback)
2017-04-27,21.144311745714468,21.229371787579463,21.029580917659565,21.157994411743932,21.157994411743932,101283664,AAPL,synthetic (offline fallback)
2017-04-28,21.752555027175326,21.794436980475748,21.605279699592952,21.68284693969527,21.68284693969527,106358511,AAPL,synthetic (offline fallback)
2017-05-01,21.880346104744188,22.15513986281354,21.723360948802444,21.999834623013673,21.999834623013673,86376772,AAPL,synthetic (offline fallback)
2017-05-02,21.00843173429592,21.04713901137462,20.838081828573497,20.88519642047441,20.88519642047441,156931010,AAPL,synthetic (offline fallback)
2017-05-03,21.411765709036647,21.465404371365754,21.097625785693303,21.255910973725335,21.255910973725335,74822933,AAPL,synthetic (offline fallback)
2017-05-04,20.413353241825106,20.619746598224957,20.33490805490321,20.580446143133216,20.580446143133216,91277665,AAPL,synthetic (offline fallback)
2017-05-05,20.737169556180934,20.894561382316095,20.66113332994748,20.74323715398303,20.74323715398303,40702088,AAPL,synthetic (offline fallback)
2017-05-08,19.808785260232966,19.953065329714455,19.70762174794364,19.85160201126453,19.85160201126453,98992293,AAPL,synthetic (offline fallback)
2017-05-09,20.126919211207188,20.266644282880268,20.019152506603362,20.142919040243616,20.142919040243616,142586361,AAPL,synthetic (offline fallback)
2017-05-10,19.623708439857705,19.676936582118252,19.563584696278586,19.648370194052138,19.648370194052138,159671558,AAPL,synthetic (offline fallback)
2017-05-11,18.929238395737567,19.04871627405698,18.818615335764935,18.883252439806878,18.883252439806878,96778441,AAPL,synthetic (offline fallback)
2017-05-12,19.317033347147195,19.409963355475252,19.229969668868684,19.32355910089803,19.32355910089803,56734452,AAPL,synthetic (offline fallback)
2017-05-15,19.426116193950435,19.533495285764648,19.32346895861718,19.47934782934742,19.47934782934742,126386836,AAPL,synthetic (offline fallback)
2017-05-16,19.11049635847902,19.125700278875893,19.04656566499115,19.120373092053654,19.120373092053654,116867466,AAPL,synthetic (offline fallback)
2017-05-17,20.031396916520986,20.152199076927573,19.888746958264672,20.000509076110173,20.000509076110173,155038802,AAPL,synthetic (offline fallback)
2017-05-18,19.663562412532553,19.767162092534978,19.607978965040722,19.73363980346194,19.73363980346194,40339760,AAPL,synthetic (offline fallback)
2017-05-19,19.663585539995204,19.849973551180398,19.59991521302061,19.76118010124462,19.76118010124462,148093857,AAPL,synthetic (offline fallback)
2017-05-22,20.049285036217775,20.155518082779345,19.812979153827495,19.930138118452174,19.930138118452174,121004752,AAPL,synthetic (offline fallback)
2017-05-23,19.537332821538065,19.575639556142093,19.40867135931179,19.575059442866994,19.575059442866994,136021854,AAPL,synthetic (offline fallback)
2017-05-24,19.849050201654862,20.053747857370126,19.79752997353614,19.857232552263888,19.857232552263888,54236884,AAPL,synthetic (offline fallback)
2017-05-25,19.534198942897362,19.673922747309344,19.50104820435029,19.557538639958054,19.557538639958054,94862064,AAPL,synthetic (offline fallback)
2017-05-26,19.364451416477777,19.42420529330507,19.310936146148617,19.332663431136485,19.332663431136485,94955806,AAPL,synthetic (offline fallback)
2017-05-29,20.220415685613844,20.316132063124833,20.0164479027747,20.113444948046215,20.113444948046215,72112009,AAPL,synthetic (offline fallback)
2017-05-30,19.548243503805182,19.60621900807608,19.459662203852798,19.51429250793691,19.51429250793691,141613849,AAPL,synthetic (offline fallback)
2017-05-31,18.086670232607496,18.293358340380422,18.021992856379516,18.1694337374198,18.1694337374198,62565562,AAPL,synthetic (offline fallback)
2017-06-01,19.042127027777134,19.14220419389055,19.010710919544792,19.121526686919736,19.121526686919736,48579501,AAPL,synthetic (offline fallback)
2017-06-02,20.742550182383475,20.835518749777833,20.60656443368214,20.767406573476606,20.767406573476606,68119026,AAPL,synthetic (offline fallback)
2017-06-05,20.475594165596,20.551547905013113,20.397055213295335,20.4920841374759,20.4920841374759,158753618,AAPL,synthetic (offline fallback)
2017-06-06,19.11991368552122,19.294487519819437,19.020375184113835,19.219197248828078,19.219197248828078,53613613,AAPL,synthetic (offline fallback)
2017-06-07,19.06989519998099,19.15352818384813,19.0022440993269,19.023135898964807,19.023135898964807,109700299,AAPL,synthetic (offline fallback)
2017-06-08,18.78722414296785,18.87520451282094,18.767188196118017,18.848651174746244,18.848651174746244,61972164,AAPL,synthetic (offline fallback)
2017-06-09,18.822728613526404,18.982339009866347,18.727771332042412,18.738780662220726,18.738780662220726,87399215,AAPL,synthetic (offline fallback)
2017-06-12,18.186347901501897,18.188945848595672,18.025953605654976,18.087555521940853,18.087555521940853,106221318,AAPL,synthetic (offline fallback)
2017-06-13,18.423581486658264,18.439015849556796,18.343633085752984,18.43731287081554,18.43731287081554,42341231,AAPL,synthetic (offline fallback)
2017-06-14,18.78183795905066,18.837631812673703,18.720595247616213,18.757136350039875,18.757136350039875,68944146,AAPL,synthetic (offline fallback)
2017-06-15,17.831378636760718,17.99543123171679,17.776193445519684,17.897525055583944,17.897525055583944,110418769,AAPL,synthetic (offline fallback)
2017-06-16,18.347963734200558,18.368734348676682,18.312974519943563,18.313698274009216,18.313698274009216,41740115,AAPL,synthetic (offline fallback)
2017-06-19,19.539591101933727,19.66307889522354,19.477537129476794,19.56883824277762,19.56883824277762,99386855,AAPL,synthetic (offline fallback)
2017-06-20,19.624825745402497,19.829179954863623,19.601720262442687,19.689045622951408,19.689045622951408,112432079,AAPL,synthetic (offline fallback)
2017-06-21,19.465351530289247,19.493880180847885,19.449494047611896,19.48226223063017,19.48226223063017,65838040,AAPL,synthetic (offline fallback)
2017-06-22,19.37485916590553,19.580445196719698,19.374042206006447,19.401968450400283,19.401968450400283,59461302,AAPL,synthetic (offline fallback)
2017-06-23,19.766020151083627,19.85015172559016,19.631932660525184,19.78532029989448,19.78532029989448,98853704,AAPL,synthetic (offline fallback)
2017-06-26,18.815044296838103,18.89826549097462,18.640949360620816,18.761591776872084,18.761591776872084,126236371,AAPL,synthetic (offline fallback)
2017-06-27,18.823204361456543,18.884574617322958,18.728223649453966,18.867655099872028,18.867655099872028,41534711,AAPL,synthetic (offline fallback)
2017-06-28,18.74418492201966,18.872666029702298,18.629704088862642,18.647125347944606,18.647125347944606,80533681,AAPL,synthetic (offline fallback)
2017-06-29,19.664396114107596,19.906167968340498,19.472119336084795,19.742877584476606,19.742877584476606,159937313,AAPL,synthetic (offline fallback)
2017-06-30,19.737050446367686,19.75051626376395,19.517084347165977,19.64186027921791,19.64186027921791,80282863,AAPL,synthetic (offline fallback)
2017-07-03,20.630749393016853,20.71311958736901,20.55908511006278,20.69385596621043,20.69385596621043,79853732,AAPL,synthetic (offline fallback)
2017-07-04,19.985842256626146,20.035290801634062,19.96688665534762,19.98590300772775,19.98590300772775,128521638,AAPL,synthetic (offline fallback)
2017-07-05,20.344800541739612,20.376438090495636,20.243676932796916,20.374763431280755,20.374763431280755,97626657,AAPL,synthetic (offline fallback)
2017-07-06,20.569916887364087,20.73935025609871,20.425411577204468,20.5911501934684,20.5911501934684,86954693,AAPL,synthetic (offline fallback)
2017-07-07,20.095512188217974,20.16860575742968,19.952197601859016,20.047317000574203,20.047317000574203,134173380,AAPL,synthetic (offline fallback)
2017-07-10,20.257711150991742,20.338755132217205,20.083710285418093,20.166970263730363,20.166970263730363,43693505,AAPL,synthetic (offline fallback)
2017-07-11,21.01279072586825,21.178426790242362,20.83250356513773,20.938009074640416,20.938009074640416,125533401,AAPL,synthetic (offline fallback)
2017-07-12,20.711773404806387,20.885555446815303,20.53712293162024,20.736959873361133,20.736959873361133,85678839,AAPL,synthetic (offline fallback)
2017-07-13,19.712006924389712,19.8498939588736,19.688734513243148,19.701116823403968,19.701116823403968,146627084,AAPL,synthetic (offline fallback)
2017-07-14,19.651903815673986,19.75906688324219,19.625055866946507,19.6981202075756,19.6981202075756,126992659,AAPL,synthetic (offline fallback)
2017-07-17,19.112460942227784,19.218661442401334,18.99044812170352,19.169483464190225,19.169483464190225,152959088,AAPL,synthetic (offline fallback)
2017-07-18,18.91144219757066,19.01597499516042,18.89190707269491,18.976701226983362,18.976701226983362,55451235,AAPL,synthetic (offline fallback)
2017-07-19,18.91268241131312,18.977344678021055,18.86867786906928,18.93754210008177,18.93754210008177,62701339,AAPL,synthetic (offline fallback)
2017-07-20,18.028598608855244,18.074040976117434,17.980489675734713,18.01510859121211,18.01510859121211,148375738,AAPL,synthetic (offline fallback)
2017-07-21,17.05734730601535,17.173155595698532,17.02706973629727,17.155743135424675,17.155743135424675,86847981,AAPL,synthetic (offline fallback)
2017-07-24,17.421428576151072,17.465484395957507,17.418420051645988,17.423851556249623,17.423851556249623,137867874,AAPL,synthetic (offline fallback)
2017-07-25,17.228921753024103,17.275511881438195,17.091865160033965,17.150918084846946,17.150918084846946,99967283,AAPL,synthetic (offline fallback)
2017-07-26,15.913457772772222,15.945985331976095,15.817887055959865,15.860076984994723,15.860076984994723,45402913,AAPL,synthetic (offline fallback)
2017-07-27,16.24726435154362,16.29915471937818,16.169478913981425,16.27583743423958,16.27583743423958,48864717,AAPL,synthetic (offline fallback)
2017-07-28,16.35753925487255,16.478625563638385,16.314930797142875,16.42637593349011,16.42637593349011,126033388,AAPL,synthetic (offline fallback)
2017-07-31,16.087509946949968,16.1627818338869,15.917990096324496,16.065347945342456,16.065347945342456,51680484,AAPL,synthetic (offline fallback)
2017-08-01,15.310790267335513,15.520131061547614,15.226977177890719,15.417980457757375,15.417980457757375,40586012,AAPL,synthetic (offline fallback)
2017-08-02,15.895127898893822,15.988323226768664,15.716416045729842,15.842365497108027,15.842365497108027,66343574,AAPL,synthetic (offline fallback)
2017-08-03,16.01638583938951,16.047933677137486,15.979642843179919,16.026655116963923,16.026655116963923,149690617,AAPL,synthetic (offline fallback)
2017-08-04,17.374308134801403,17.379537521771358,17.279050315750972,17.279376949162266,17.279376949162266,115180035,AAPL,synthetic (offline fallback)
2017-08-07,17.43673401136022,17.560803487685742,17.35119817090101,17.527542393642616,17.527542393642616,126180333,AAPL,synthetic (offline fallback)
2017-08-08,17.80548828711629,17.82703853193333,17.64310913176967,17.756578879503824,17.756578879503824,118259776,AAPL,synthetic (offline fallback)
2017-08-09,17.663948879580804,17.722153188310806,17.65610622250492,17.669276634906574,17.669276634906574,107859900,AAPL,synthetic (offline fallback)
2017-08-10,18.11453987564556,18.269485029616437,18.027097806120384,18.132548244845758,18.132548244845758,70763672,AAPL,synthetic (offline fallback)
2017-08-11,18.420788742532807,18.520646177958717,18.333743034503406,18.49680191221311,18.49680191221311,91468116,AAPL,synthetic (offline fallback)
2017-08-14,19.269889439735667,19.3235183806893,19.211001042343128,19.235510893687334,19.235510893687334,105376808,AAPL,synthetic (offline fallback)
2017-08-15,18.96912531129488,19.097661332384224,18.832783774271086,18.93072599659309,18.93072599659309,158562972,AAPL,synthetic (offline fallback)
2017-08-16,18.783869966774727,18.87019588444427,18.642579502011095,18.683810995410973,18.683810995410973,147904630,AAPL,synthetic (offline fallback)
2017-08-17,18.474329136098373,18.481215360247347,18.416049439311287,18.418628426418024,18.418628426418024,128381407,AAPL,synthetic (offline fallback)
2017-08-18,18.839810410893747,18.898318179004004,18.70640814863865,18.873436949029855,18.873436949029855,137594126,AAPL,synthetic (offline fallback)
2017-08-21,19.69981664597812,19.8725007043226,19.640315260663726,19.75932358284535,19.75932358284535,136875154,AAPL,synthetic (offline fallback)
2017-08-22,19.407384322103148,19.505265389701382,19.271934065193804,19.487389298051447,19.487389298051447,120128178,AAPL,synthetic (offline fallback)
2017-08-23,19.32767591623791,19.427641679298304,19.128843964206887,19.242629784221187,19.242629784221187,139046198,AAPL,synthetic (offline fallback)
2017-08-24,19.389082862791366,19.543519464103163,19.25229582070256,19.434453037539825,19.434453037539825,48794804,AAPL,synthetic (offline fallback)
2017-08-25,19.385920604450217,19.423376968741852,19.238414312452747,19.300214343205134,19.300214343205134,42624991,AAPL,synthetic (offline fallback)
2017-08-28,19.885608211648666,20.02585961195749,19.77163248997074,19.854333345659384,19.854333345659384,93313226,AAPL,synthetic (offline fallback)
2017-08-29,18.6023011355274,18.629130271047856,18.539414820881877,18.583908480650265,18.583908480650265,46562126,AAPL,synthetic (offline fallback)
2017-08-30,18.102940669249154,18.160401094817114,18.013412622165337,18.11962168243892,18.11962168243892,80728974,AAPL,synthetic (offline fallback)
2017-08-31,17.72636854262868,17.773169127143888,17.618344643649564,17.69130404649107,17.69130404649107,63803798,AAPL,synthetic (offline fallback)
2017-09-01,16.467775702763102,16.594156786777308,16.375903580370363,16.468540045395034,16.468540045395034,154921857,AAPL,synthetic (offline fallback)
2017-09-04,15.948493238046296,15.993176599016726,15.903635109535163,15.966178013455872,15.966178013455872,118626111,AAPL,synthetic (offline fallback)
2017-09-05,15.535270645759246,15.549615251264388,15.48837399126828,15.502900367171799,15.502900367171799,45036376,AAPL,synthetic (offline fallback)
2017-09-06,15.40107423942146,15.518400070226129,15.297965823696648,15.407729089187294,15.407729089187294,114873903,AAPL,synthetic (offline fallback)
2017-09-07,15.93232768390554,15.99318615912279,15.816715207911725,15.970577285756809,15.970577285756809,127895959,AAPL,synthetic (offline fallback)
2017-09-08,15.880223834435148,15.966079173335123,15.817426378612247,15.851699013919871,15.851699013919871,79019626,AAPL,synthetic (offline fallback)
2017-09-11,15.34902838201091,15.443645985030344,15.251735170235259,15.351975300625323,15.351975300625323,145930552,AAPL,synthetic (offline fallback)
2017-09-12,15.352946076913717,15.416017568689593,15.276623268266915,15.330460430146253,15.330460430146253,156759851,AAPL,synthetic (offline fallback)
2017-09-13,15.819146796790038,15.94462025002104,15.713909505787067,15.840715191048552,15.840715191048552,157680633,AAPL,synthetic (offline fallback)
2017-09-14,15.318019383506629,15.469448548177834,15.26661273397098,15.373785698973313,15.373785698973313,51172797,AAPL,synthetic (offline fallback)
2017-09-15,15.026708240064487,15.04093491150092,14.879949695856299,14.948895919827997,14.948895919827997,93883036,AAPL,synthetic (offline fallback)
2017-09-18,15.289184000162834,15.417446335374887,15.211152757457645,15.218572347219613,15.218572347219613,133206414,AAPL,synthetic (offline fallback)
2017-09-19,15.160532047068218,15.300620088489957,15.094427881441545,15.120442388297004,15.120442388297004,93135881,AAPL,synthetic (offline fallback)
2017-09-20,15.409150716185925,15.538215261894486,15.312265177225242,15.4270990978093,15.4270990978093,97705254,AAPL,synthetic (offline fallback)
2017-09-21,15.413002798376056,15.512622720290262,15.360441744754601,15.426901725951534,15.426901725951534,79399892,AAPL,synthetic (offline fallback)
2017-09-22,15.820830966231975,15.893494657611255,15.750613849175116,15.755493214151304,15.755493214151304,90260103,AAPL,synthetic (offline fallback)
2017-09-25,15.272585306959524,15.345757305589578,15.254785369346104,15.288814232101842,15.288814232101842,123346215,AAPL,synthetic (offline fallback)
2017-09-26,15.26041985715737,15.291063195889894,15.215529762124369,15.289434128708717,15.289434128708717,43067799,AAPL,synthetic (offline fallback)
2017-09-27,15.287791817414693,15.346229121849596,15.118409479457817,15.202404411338822,15.202404411338822,135924349,AAPL,synthetic (offline fallback)
2017-09-28,14.688612672571445,14.755874525322266,14.650642077497894,14.690713930115766,14.690713930115766,127335956,AAPL,synthetic (offline fallback)
2017-09-29,14.118774916770704,14.187852217025034,13.96611995846999,14.044266208520089,14.044266208520089,56638115,AAPL,synthetic (offline fallback)
2017-10-02,14.280882320051266,14.377073826256396,14.187805563009812,14.341045526215355,14.341045526215355,132589061,AAPL,synthetic (offline fallback)
2017-10-03,14.219412384414488,14.275719850549967,14.156583814523149,14.197341840661823,14.197341840661823,102568212,AAPL,synthetic (offline fallback)
2017-10-04,13.867798060714726,13.928130003989544,13.706278245540245,13.782166047870948,13.782166047870948,78274899,AAPL,synthetic (offline fallback)
2017-10-05,13.749550750471956,13.803825882453287,13.732245287536825,13.748323681869916,13.748323681869916,94652501,AAPL,synthetic (offline fallback)
2017-10-06,14.200826399607033,14.31805762192854,14.155084702271331,14.212082560528414,14.212082560528414,102035544,AAPL,synthetic (offline fallback)
2017-10-09,13.246585700903498,13.375911692287907,13.235140482536767,13.293155022709605,13.293155022709605,65264264,AAPL,synthetic (offline fallback)
2017-10-10,12.735644322463433,12.735746606851242,12.690207050546404,12.694425153777715,12.694425153777715,112773054,AAPL,synthetic (offline fallback)
2017-10-11,12.304367795511286,12.335123773224884,12.298096944887265,12.332861444324058,12.332861444324058,115506998,AAPL,synthetic (offline fallback)
2017-10-12,12.920931773742769,12.979146103527626,12.912655677191088,12.924607864099597,12.924607864099597,84117429,AAPL,synthetic (offline fallback)
2017-10-13,13.000388451222639,13.095579099835431,12.905473961086994,13.048714454449781,13.048714454449781,95263513,AAPL,synthetic (offline fallback)
2017-10-16,13.43851069464078,13.521321251241883,13.322403820730027,13.376035462493974,13.376035462493974,113869840,AAPL,synthetic (offline fallback)
2017-10-17,12.951636048819795,12.973513712590282,12.787121520301778,12.906918018740043,12.906918018740043,100429625,AAPL,synthetic (offline fallback)
2017-10-18,12.45725859221038,12.459695989669854,12.408352771466388,12.458439082232378,12.458439082232378,92095247,AAPL,synthetic (offline fallback)
2017-10-19,12.600614960970148,12.684904440811097,12.534988618457838,12.644395507819619,12.644395507819619,154743598,AAPL,synthetic (offline fallback)
2017-10-20,12.731263453068353,12.796835414622933,12.656435723936053,12.672870400123289,12.672870400123289,145368382,AAPL,synthetic (offline fallback)
2017-10-23,12.880670728438359,13.001088862180833,12.821556064510498,12.894826606949122,12.894826606949122,85554764,AAPL,synthetic (offline fallback)
2017-10-24,12.78350126113242,12.915203437496105,12.744617546451655,12.82602742392456,12.82602742392456,126221587,AAPL,synthetic (offline fallback)
2017-10-25,12.87031243263354,12.98557627535552,12.780136382348642,12.938711039978712,12.938711039978712,137221201,AAPL,synthetic (offline fallback)
2017-10-26,12.97923181097822,13.076466580891806,12.896465792453412,13.004433041893552,13.004433041893552,53259997,AAPL,synthetic (offline fallback)
2017-10-27,13.247553237098266,13.311649997324144,13.230528180143986,13.305617813845767,13.305617813845767,111015567,AAPL,synthetic (offline fallback)
2017-10-30,13.60069346590306,13.676679855566254,13.54594156222815,13.626153422723046,13.626153422723046,135952382,AAPL,synthetic (offline fallback)
2017-10-31,13.032883788084893,13.153031951234329,12.920887749993879,13.003843264591499,13.003843264591499,46887331,AAPL,synthetic (offline fallback)
2017-11-01,12.1463764909517,12.196941067613265,12.09405210031808,12.160071169084175,12.160071169084175,80500675,AAPL,synthetic (offline fallback)
2017-11-02,12.568836244884938,12.641256198370096,12.546060452358848,12.555438585641596,12.555438585641596,135736349,AAPL,synthetic (offline fallback)
2017-11-03,13.01394028808046,13.070482362732228,12.930248064360882,13.042242005121395,13.042242005121395,152268210,AAPL,synthetic (offline fallback)
2017-11-06,12.630418802800271,12.638529041515088,12.566598639388529,12.627949947675718,12.627949947675718,159088689,AAPL,synthetic (offline fallback)
2017-11-07,11.968113202326219,12.01603511127671,11.868013251270558,11.899539695575191,11.899539695575191,112404553,AAPL,synthetic (offline fallback)
2017-11-08,11.930957495497537,12.039555129780785,11.87644728967828,11.943443867231816,11.943443867231816,45111519,AAPL,synthetic (offline fallback)
2017-11-09,12.326882737570301,12.363900304137365,12.29884885478293,12.312682664553332,12.312682664553332,43309355,AAPL,synthetic (offline fallback)
2017-11-10,12.992951819549866,13.146721066754498,12.885410374368133,13.054262228409128,13.054262228409128,137337270,AAPL,synthetic (offline fallback)
2017-11-13,13.346041603136348,13.363697448126787,13.274025349127058,13.285455695510814,13.285455695510814,128123524,AAPL,synthetic (offline fallback)
2017-11-14,13.111008790481778,13.226696858220974,13.083928982599419,13.129805681405552,13.129805681405552,63261017,AAPL,synthetic (offline fallback)
2017-11-15,12.802768410689639,12.84654100119108,12.739090762712417,12.762545958725282,12.762545958725282,55688124,AAPL,synthetic (offline fallback)
2017-11-16,12.76764238478826,12.794598893413681,12.662722470719382,12.772362294883331,12.772362294883331,57489903,AAPL,synthetic (offline fallback)
2017-11-17,12.68153180385559,12.7669535093335,12.574959003539776,12.658307125553335,12.658307125553335,145272097,AAPL,synthetic (offline fallback)
2017-11-20,12.298836931016186,12.383953773681915,12.273292166692046,12.274128652439268,12.274128652439268,131759720,AAPL,synthetic (offline fallback)
2017-11-21,13.065541183865161,13.130633308358275,13.048684203442269,13.083299421161332,13.083299421161332,153799636,AAPL,synthetic (offline fallback)
2017-11-22,13.908803503660275,13.929339130671057,13.795067041905847,13.86339092633842,13.86339092633842,53632749,AAPL,synthetic (offline fallback)
2017-11-23,14.368019662231823,14.417295318516413,14.317696244611314,14.40080965189693,14.40080965189693,123430702,AAPL,synthetic (offline fallback)
2017-11-24,14.003892138158827,14.111733231777155,13.968332786636276,13.971285913928128,13.971285913928128,150842742,AAPL,synthetic (offline fallback)
2017-11-27,14.36343606788541,14.456589896299795,14.251260429298727,14.380269840154924,14.380269840154924,103944733,AAPL,synthetic (offline fallback)
2017-11-28,14.709941311568867,14.825270015220118,14.672978646809083,14.694531540664476,14.694531540664476,132884991,AAPL,synthetic (offline fallback)
2017-11-29,14.895040700478415,15.003873423054712,14.830471735278486,14.915713566356747,14.915713566356747,112247560,AAPL,synthetic (offline fallback)
2017-11-30,15.539702822432478,15.63306564073064,15.509423695851826,15.537373336301894,15.537373336301894,40841271,AAPL,synthetic (offline fallback)
2017-12-01,15.8188303130881,15.889595493755515,15.72987956742018,15.869996468840903,15.869996468840903,91462620,AAPL,synthetic (offline fallback)
2017-12-04,16.27385035772495,16.326653384033584,16.17924283558754,16.261773211099452,16.261773211099452,71363433,AAPL,synthetic (offline fallback)
2017-12-05,16.608026643029795,16.68301752828612,16.561174134387883,16.60582531662442,16.60582531662442,50029933,AAPL,synthetic (offline fallback)
2017-12-06,16.767289765002538,16.805918533954475,16.69459890132064,16.79450459904672,16.79450459904672,111472469,AAPL,synthetic (offline fallback)
2017-12-07,15.882716899863617,15.907352850940653,15.749265763568586,15.885339313617163,15.885339313617163,151461219,AAPL,synthetic (offline fallback)
2017-12-08,15.941190151870527,16.03028799330545,15.820273544593602,15.934784154660047,15.934784154660047,46467663,AAPL,synthetic (offline fallback)
2017-12-11,15.634955806097414,15.774429869879896,15.582175570563837,15.663919507908846,15.663919507908846,79502384,AAPL,synthetic (offline fallback)
2017-12-12,15.050228865622481,15.130593923135386,15.000394049520565,15.056044650218334,15.056044650218334,120356785,AAPL,synthetic (offline fallback)
2017-12-13,15.838672615511882,15.891586033444653,15.716460807404987,15.88659701088742,15.88659701088742,77541732,AAPL,synthetic (offline fallback)
2017-12-14,16.930585630521787,17.08152753951345,16.80692793584407,16.812274308604483,16.812274308604483,53981018,AAPL,synthetic (offline fallback)
2017-12-15,17.655009995640956,17.67839556034604,17.595267509660243,17.599091417272728,17.599091417272728,62958973,AAPL,synthetic (offline fallback)
2017-12-18,17.773035945433573,17.806852271458105,17.728562515905786,17.758486731279827,17.758486731279827,42957466,AAPL,synthetic (offline fallback)
2017-12-19,18.641036756343713,18.809095892822608,18.43305767736014,18.575718237892318,18.575718237892318,159088989,AAPL,synthetic (offline fallback)
2017-12-20,18.48025318466603,18.705960107133098,18.457337722681665,18.59063989483097,18.59063989483097,98979443,AAPL,synthetic (offline fallback)
2017-12-21,18.5772576503967,18.85938606301435,18.535076269008723,18.72090387997999,18.72090387997999,153107732,AAPL,synthetic (offline fallback)
2017-12-22,18.067912178171813,18.22764116957228,17.96024160743384,18.089581202426597,18.089581202426597,122280024,AAPL,synthetic (offline fallback)
2017-12-25,18.252158067778524,18.418087515219923,18.226678480947484,18.327956860237553,18.327956860237553,81931884,AAPL,synthetic (offline fallback)
2017-12-26,18.35713306120067,18.409814438053186,18.31490502285765,18.37017251410639,18.37017251410639,153088882,AAPL,synthetic (offline fallback)
2017-12-27,17.6686902871292,17.710362122143312,17.598272511259214,17.657795958138017,17.657795958138017,71200645,AAPL,synthetic (offline fallback)
2017-12-28,17.685385578800446,17.82028913992303,17.604200702927272,17.636686393223417,17.636686393223417,61676597,AAPL,synthetic (offline fallback)
2017-12-29,17.540955188429695,17.724960061832174,17.398081255272047,17.601059143554313,17.601059143554313,136644343,AAPL,synthetic (offline fallback)
2018-01-01,18.594552251536733,18.652250040670285,18.546053193983745,18.572286085241313,18.572286085241313,106400545,AAPL,synthetic (offline fallback)
2018-01-02,19.098204401018933,19.153250201111007,18.972039636847924,19.097379984704958,19.097379984704958,110581957,AAPL,synthetic (offline fallback)
2018-01-03,19.13168543707231,19.170779730833704,19.05002569864353,19.111760892554177,19.111760892554177,156134565,AAPL,synthetic (offline fallback)
2018-01-04,19.232615702478142,19.322127514087516,19.209067853132517,19.262652261506094,19.262652261506094,73620372,AAPL,synthetic (offline fallback)
2018-01-05,19.37555323170747,19.49817937093407,19.278606762264392,19.295488427453034,19.295488427453034,148146007,AAPL,synthetic (offline fallback)
2018-01-08,19.18487844831682,19.19279190579943,19.091826756028706,19.190837701334917,19.190837701334917,149299595,AAPL,synthetic (offline fallback)
2018-01-09,18.718976198647713,18.774425869020117,18.574916452560345,18.619871065900554,18.619871065900554,131134161,AAPL,synthetic (offline fallback)
2018-01-10,18.502762624092817,18.690833646761746,18.46690849506446,18.546740022723082,18.546740022723082,58866639,AAPL,synthetic (offline fallback)
2018-01-11,18.208986647161304,18.289301685888518,18.026566897410774,18.168498474981835,18.168498474981835,50790914,AAPL,synthetic (offline fallback)
2018-01-12,17.541954886560735,17.618709835777434,17.466226868942297,17.54509555413975,17.54509555413975,54445361,AAPL,synthetic (offline fallback)
2018-01-15,17.795348641129454,17.849338323684115,17.686890882048495,17.812862733169222,17.812862733169222,124255328,AAPL,synthetic (offline fallback)
2018-01-16,18.05509788792777,18.067937773743424,17.99242363575016,18.02091318835308,18.02091318835308,87999206,AAPL,synthetic (offline fallback)
2018-01-17,17.122125210468806,17.168767214659923,17.096576743486164,17.13750647277709,17.13750647277709,158470526,AAPL,synthetic (offline fallback)
2018-01-18,16.94601416818031,17.095326938937482,16.861054418622633,17.08243269934021,17.08243269934021,40753561,AAPL,synthetic (offline fallback)
2018-01-19,17.426074653372023,17.60559830421149,17.387909743199792,17.587680894892607,17.587680894892607,84795103,AAPL,synthetic (offline fallback)
2018-01-22,18.216214097878535,18.234445640178738,18.126322436821845,18.14694238298999,18.14694238298999,71695488,AAPL,synthetic (offline fallback)
2018-01-23,18.781536348585817,18.82668431785209,18.698319052172163,18.71247281474128,18.71247281474128,145788280,AAPL,synthetic (offline fallback)
2018-01-24,18.847810447714977,18.84926693693786,18.7316109801172,18.741694545163053,18.741694545163053,54542353,AAPL,synthetic (offline fallback)
2018-01-25,18.29293949314065,18.42201870765764,18.191382400555476,18.29390147328187,18.29390147328187,88977020,AAPL,synthetic (offline fallback)
2018-01-26,17.661883439679126,17.74951365219116,17.61887619013705,17.73064117119801,17.73064117119801,144001054,AAPL,synthetic (offline fallback)
2018-01-29,17.897028155920747,17.974448164047566,17.75692674234804,17.91958446024036,17.91958446024036,156558880,AAPL,synthetic (offline fallback)
2018-01-30,18.12697896348046,18.22857932478259,18.10520411059924,18.126357708924193,18.126357708924193,149960799,AAPL,synthetic (offline fallback)
2018-01-31,18.762881272677348,18.83235730728929,18.720908799971177,18.819737858862048,18.819737858862048,118430964,AAPL,synthetic (offline fallback)
2018-02-01,19.543370061438512,19.606782775053848,19.398029650703556,19.447189625689138,19.447189625689138,51580057,AAPL,synthetic (offline fallback)
2018-02-02,19.50858585329695,19.61930871691064,19.312838663235393,19.3783919595084,19.3783919595084,89327818,AAPL,synthetic (offline fallback)
2018-02-05,18.721482707845283,18.809291125650507,18.557397983351606,18.694658824278118,18.694658824278118,97485488,AAPL,synthetic (offline fallback)
2018-02-06,18.524948408337256,18.551704147288213,18.4211616304792,18.52555217905621,18.52555217905621,101685633,AAPL,synthetic (offline fallback)
2018-02-07,18.57880618039635,18.781955945075488,18.577037056734927,18.65126449528089,18.65126449528089,45967450,AAPL,synthetic (offline fallback)
2018-02-08,18.636602204305078,18.723042540396584,18.498619303062952,18.55054064974671,18.55054064974671,121044048,AAPL,synthetic (offline fallback)
2018-02-09,18.261370241088013,18.30345564999784,18.16098590547665,18.25719079707365,18.25719079707365,87409086,AAPL,synthetic (offline fallback)
2018-02-12,18.379197187922948,18.40324766417102,18.37916260936157,18.395154859588878,18.395154859588878,53045984,AAPL,synthetic (offline fallback)
2018-02-13,18.172920222493442,18.173945127358046,18.07718257218669,18.146725020870406,18.146725020870406,149845745,AAPL,synthetic (offline fallback)
2018-02-14,17.810182550793435,17.954949729296548,17.774528015553173,17.841532524677053,17.841532524677053,82826055,AAPL,synthetic (offline fallback)
2018-02-15,18.010941354558486,18.067882569507027,17.929915923538378,18.0030087694693,18.0030087694693,67864263,AAPL,synthetic (offline fallback)
2018-02-16,17.736388274050395,17.837469810661386,17.663183454281253,17.81347431263349,17.81347431263349,99086704,AAPL,synthetic (offline fallback)
2018-02-19,17.997443651734063,18.07985857730326,17.876677349586625,17.938940075898234,17.938940075898234,154068133,AAPL,synthetic (offline fallback)
2018-02-20,18.072118722642813,18.182251422980354,17.970925428517383,18.07778128253821,18.07778128253821,138961186,AAPL,synthetic (offline fallback)
2018-02-21,17.60911831842111,17.610364468537643,17.469287825392538,17.548114009570728,17.548114009570728,51990765,AAPL,synthetic (offline fallback)
2018-02-22,17.317679483541028,17.337821554405103,17.161761196186845,17.328135428328554,17.328135428328554,122407657,AAPL,synthetic (offline fallback)
2018-02-23,18.01214350711666,18.0930600131386,17.88396875600351,18.019506261632458,18.019506261632458,119777385,AAPL,synthetic (offline fallback)
2018-02-26,17.390108356495872,17.52937687418723,17.350740067730275,17.45358621676622,17.45358621676622,146316950,AAPL,synthetic (offline fallback)
2018-02-27,16.481438753696274,16.540812685218345,16.382406767637807,16.44395851725376,16.44395851725376,155882266,AAPL,synthetic (offline fallback)
2018-02-28,15.521229662150331,15.663555337197497,15.477170033857373,15.562119440075023,15.562119440075023,129500490,AAPL,synthetic (offline fallback)
2018-03-01,15.559638882280955,15.586855849775507,15.475472177959427,15.582377733752972,15.582377733752972,118498428,AAPL,synthetic (offline fallback)
2018-03-02,15.60319475147088,15.64978827897332,15.577448016270225,15.603145733279714,15.603145733279714,82436470,AAPL,synthetic (offline fallback)
2018-03-05,15.561192942985222,15.599972139588472,15.452181519223812,15.555535821589753,15.555535821589753,147880474,AAPL,synthetic (offline fallback)
2018-03-06,16.032328756188097,16.155256502645607,15.963305464446126,16.114809035350312,16.114809035350312,153167028,AAPL,synthetic (offline fallback)
2018-03-07,14.89680694160036,14.95337651545329,14.83879348268214,14.907128899963453,14.907128899963453,158923656,AAPL,synthetic (offline fallback)
2018-03-08,15.13497684740265,15.230374903745451,15.036593558043883,15.098955410565342,15.098955410565342,154558161,AAPL,synthetic (offline fallback)
2018-03-09,15.83193184943826,15.883339882778781,15.773639118947482,15.849921734147024,15.849921734147024,117021212,AAPL,synthetic (offline fallback)
2018-03-12,15.290938646236315,15.389292521715028,15.211983604221182,15.301254679653786,15.301254679653786,154755507,AAPL,synthetic (offline fallback)
2018-03-13,15.130588542490312,15.145148749011735,15.058102849312005,15.123220235067105,15.123220235067105,133871661,AAPL,synthetic (offline fallback)
2018-03-14,14.770626297761666,14.857534346761584,14.739567602219868,14.776209951152223,14.776209951152223,68823219,AAPL,synthetic (offline fallback)
2018-03-15,14.330021485736568,14.409937730951242,14.274932578427798,14.374460799814583,14.374460799814583,43838223,AAPL,synthetic (offline fallback)
2018-03-16,14.23243935555596,14.296064328500085,14.19161543438296,14.233991406791795,14.233991406791795,157681056,AAPL,synthetic (offline fallback)
2018-03-19,14.924064395984145,14.934947350734678,14.81534847402144,14.879689894477819,14.879689894477819,91277245,AAPL,synthetic (offline fallback)
2018-03-20,15.720749138333192,15.865294080469527,15.666272500280957,15.77048179174207,15.77048179174207,144817232,AAPL,synthetic (offline fallback)
2018-03-21,15.588284652930605,15.702114575265854,15.569191204337107,15.605816940375009,15.605816940375009,74591842,AAPL,synthetic (offline fallback)
2018-03-22,16.519963402314747,16.67397860844886,16.444163210289325,16.58872189570019,16.58872189570019,83275019,AAPL,synthetic (offline fallback)
2018-03-23,16.661719198806022,16.75899058022799,16.565003596395478,16.6147965899435,16.6147965899435,138902240,AAPL,synthetic (offline fallback)
2018-03-26,17.575567667373374,17.60100224453759,17.498263665383536,17.58043876077148,17.58043876077148,103046194,AAPL,synthetic (offline fallback)
2018-03-27,17.488888941651485,17.609630013841752,17.387376116903702,17.533610148423417,17.533610148423417,121309361,AAPL,synthetic (offline fallback)
2018-03-28,17.619259490068007,17.654814466734763,17.541366672192236,17.61438388496711,17.61438388496711,78422023,AAPL,synthetic (offline fallback)
2018-03-29,17.75948627698648,17.946646113580773,17.655845269812858,17.823844626655195,17.823844626655195,113729706,AAPL,synthetic (offline fallback)
2018-03-30,19.60216554885324,19.694140886310656,19.568321256418137,19.663130822371567,19.663130822371567,98431001,AAPL,synthetic (offline fallback)
2018-04-02,20.14598468671524,20.265493190220507,20.13048955570848,20.234620429976136,20.234620429976136,151787042,AAPL,synthetic (offline fallback)
2018-04-03,19.711295849425454,19.876268673389134,19.612204898264384,19.774581187351636,19.774581187351636,50664136,AAPL,synthetic (offline fallback)
2018-04-04,20.505260330347635,20.516675107344515,20.391800645072717,20.422101273539162,20.422101273539162,128394783,AAPL,synthetic (offline fallback)
2018-04-05,20.14427527314527,20.290409503291656,20.128355661508213,20.188677341475426,20.188677341475426,154460952,AAPL,synthetic (offline fallback)
2018-04-06,19.90765082198343,19.949584582860126,19.85932048737738,19.879845371942952,19.879845371942952,145938537,AAPL,synthetic (offline fallback)
2018-04-09,20.420840902566333,20.60699443596317,20.35704864599818,20.47220370164226,20.47220370164226,52091764,AAPL,synthetic (offline fallback)
2018-04-10,20.547432118169084,20.726143752703422,20.297699436967758,20.500719154139134,20.500719154139134,159827140,AAPL,synthetic (offline fallback)
2018-04-11,20.623387497385092,20.812150125643118,20.591120131110557,20.687067379856664,20.687067379856664,81642105,AAPL,synthetic (offline fallback)
2018-04-12,20.706606326000383,20.740479109018768,20.656623764914222,20.70416978097078,20.70416978097078,140075834,AAPL,synthetic (offline fallback)
2018-04-13,20.923809850799884,20.930313193652374,20.79870322086387,20.92049282445325,20.92049282445325,115632839,AAPL,synthetic (offline fallback)
2018-04-16,21.33884252022262,21.345738606341733,21.041957159610995,21.190857943608847,21.190857943608847,156764650,AAPL,synthetic (offline fallback)
2018-04-17,20.08036607679308,20.092738663030683,20.010579563859682,20.042460255457947,20.042460255457947,80977144,AAPL,synthetic (offline fallback)
2018-04-18,20.422199194637294,20.530432964389416,20.313104436951416,20.458589133511612,20.458589133511612,112942617,AAPL,synthetic (offline fallback)
2018-04-19,19.91119718860685,19.955348241787384,19.852747068405584,19.870360678636064,19.870360678636064,121904353,AAPL,synthetic (offline fallback)
2018-04-20,19.149537283936013,19.185676915976295,18.914277072764307,19.02748503571331,19.02748503571331,58532330,AAPL,synthetic (offline fallback)
2018-04-23,18.90776716208191,19.031322911939156,18.9059483714493,19.0006596441794,19.0006596441794,133050234,AAPL,synthetic (offline fallback)
2018-04-24,19.00840054976104,19.17806602935619,18.956317828936278,19.056564991155316,19.056564991155316,139420699,AAPL,synthetic (offline fallback)
2018-04-25,18.66468410648409,18.697630723588603,18.623733090305283,18.67795839474289,18.67795839474289,55154220,AAPL,synthetic (offline fallback)
2018-04-26,19.124731666242933,19.192050176305575,19.02458980947976,19.14869174792262,19.14869174792262,61521244,AAPL,synthetic (offline fallback)
2018-04-27,18.39260378030828,18.49264315087491,18.38982284558279,18.410982913970663,18.410982913970663,99378878,AAPL,synthetic (offline fallback)
2018-04-30,18.122310521320628,18.193553109435204,18.06340847698621,18.193496155450283,18.193496155450283,61849203,AAPL,synthetic (offline fallback)
2018-05-01,17.961547484391875,18.095856130543165,17.784604547610698,17.88621311286719,17.88621311286719,49203739,AAPL,synthetic (offline fallback)
2018-05-02,17.792420850036933,17.880610101956307,17.78679882622943,17.8686812688866,17.8686812688866,46277683,AAPL,synthetic (offline fallback)
2018-05-03,18.00978112167397,18.118762072337724,17.880711556055253,18.020604989542132,18.020604989542132,74353530,AAPL,synthetic (offline fallback)
2018-05-04,17.57239263641068,17.645207635397195,17.475609556845868,17.517431838094595,17.517431838094595,98902220,AAPL,synthetic (offline fallback)
2018-05-07,17.892632566654036,17.990475611265854,17.872977363566207,17.894252973063207,17.894252973063207,45283732,AAPL,synthetic (offline fallback)
2018-05-08,17.881299408253824,18.032692580892892,17.84713648784196,17.93399275192536,17.93399275192536,56504034,AAPL,synthetic (offline fallback)
2018-05-09,16.939768151158308,17.10091031418,16.89910011015447,17.008585346175543,17.008585346175543,113396450,AAPL,synthetic (offline fallback)
2018-05-10,16.049956343129377,16.10629729439171,16.028642958468662,16.061038420901912,16.061038420901912,78231638,AAPL,synthetic (offline fallback)
2018-05-11,16.024907611772225,16.137672076005703,15.94520536565104,16.06138444044194,16.06138444044194,140852118,AAPL,synthetic (offline fallback)
2018-05-14,15.971794035512527,16.04092000635199,15.899611530647745,15.961966360167057,15.961966360167057,43646625,AAPL,synthetic (offline fallback)
2018-05-15,15.853005175951452,15.994690953332132,15.796005596529739,15.919938223034562,15.919938223034562,153839073,AAPL,synthetic (offline fallback)
2018-05-16,15.95232606197707,16.01902060097445,15.857834730889792,15.91351130181385,15.91351130181385,122035923,AAPL,synthetic (offline fallback)
2018-05-17,16.026473955403716,16.049534619989913,15.933225005192604,16.02092032629064,16.02092032629064,138649113,AAPL,synthetic (offline fallback)
2018-05-18,16.461687701227152,16.494857319412944,16.413634150819107,16.45231795506916,16.45231795506916,97362857,AAPL,synthetic (offline fallback)
2018-05-21,16.024663123597563,16.060990998134866,15.89257552115769,15.955683030708027,15.955683030708027,40077805,AAPL,synthetic (offline fallback)
2018-05-22,15.418838032304745,15.44038916961099,15.29634902630815,15.43911555817538,15.43911555817538,146228518,AAPL,synthetic (offline fallback)
2018-05-23,14.931773412332179,15.00736951474349,14.908944946646633,14.964357553948018,14.964357553948018,108162908,AAPL,synthetic (offline fallback)
2018-05-24,15.072940407089751,15.09803352154402,15.009546111401725,15.097750402711146,15.097750402711146,44454552,AAPL,synthetic (offline fallback)
2018-05-25,15.647805404465323,15.721068763720375,15.540057880270288,15.656848482448938,15.656848482448938,59999215,AAPL,synthetic (offline fallback)
2018-05-28,15.46122590208431,15.570075499904274,15.382490437293942,15.465446340182016,15.465446340182016,64724882,AAPL,synthetic (offline fallback)
2018-05-29,14.348154351437218,14.458277045401122,14.219077333116529,14.384000621716433,14.384000621716433,85089629,AAPL,synthetic (offline fallback)
2018-05-30,13.567435304449694,13.742938765610951,13.526012197165553,13.650282359272037,13.650282359272037,93085485,AAPL,synthetic (offline fallback)
2018-05-31,13.27569260639347,13.298071933842774,13.211099133095791,13.298070426467282,13.298070426467282,91350273,AAPL,synthetic (offline fallback)
2018-06-01,13.083495074745226,13.090216311390801,13.034217465228302,13.069386972119613,13.069386972119613,144179050,AAPL,synthetic (offline fallback)
2018-06-04,12.91278135376481,12.984184499136783,12.90712485616348,12.907505089420482,12.907505089420482,153152890,AAPL,synthetic (offline fallback)
2018-06-05,12.974668737382299,13.074532162898628,12.804101122998755,12.92814469611197,12.92814469611197,121449194,AAPL,synthetic (offline fallback)
2018-06-06,12.887117954300178,12.961079316926424,12.787218193876704,12.811957125020722,12.811957125020722,116048647,AAPL,synthetic (offline fallback)
2018-06-07,13.253852947124354,13.318909862262533,13.128245346390983,13.223729274456197,13.223729274456197,143684262,AAPL,synthetic (offline fallback)
2018-06-08,13.016583157939984,13.095089317797463,12.89034471210653,12.962819063124268,12.962819063124268,72118606,AAPL,synthetic (offline fallback)
2018-06-11,12.666171327207136,12.742666442588257,12.543608879074991,12.637101912581308,12.637101912581308,106978588,AAPL,synthetic (offline fallback)
2018-06-12,12.891348467673023,12.951700584797424,12.74497392954174,12.825557235352274,12.825557235352274,117135380,AAPL,synthetic (offline fallback)
2018-06-13,12.3251944655484,12.393679859670558,12.204442800468302,12.257135971571445,12.257135971571445,74262438,AAPL,synthetic (offline fallback)
2018-06-14,12.444445215030145,12.451107468482116,12.319057385409655,12.409036086245619,12.409036086245619,154223857,AAPL,synthetic (offline fallback)
2018-06-15,12.478848185519546,12.486244339585834,12.362762328934274,12.452459674654559,12.452459674654559,68262201,AAPL,synthetic (offline fallback)
2018-06-18,12.395779967286915,12.437078961380793,12.34695192890359,12.403416707738034,12.403416707738034,47099094,AAPL,synthetic (offline fallback)
2018-06-19,12.989167226580241,13.054424991507604,12.910157988422272,12.99077823693,12.99077823693,78805863,AAPL,synthetic (offline fallback)
2018-06-20,12.744406603434186,12.832926255081848,12.725150646172077,12.757336316803405,12.757336316803405,137918520,AAPL,synthetic (offline fallback)
2018-06-21,13.591764683530995,13.632695527700891,13.565130930376279,13.566480090699427,13.566480090699427,84947928,AAPL,synthetic (offline fallback)
2018-06-22,13.448279650364784,13.501658530455547,13.425641762246137,13.477404916906556,13.477404916906556,66027706,AAPL,synthetic (offline fallback)
2018-06-25,12.962199800773448,13.067931821735925,12.907485982412966,12.969635534441089,12.969635534441089,144667772,AAPL,synthetic (offline fallback)
2018-06-26,12.911001996125519,13.02855858579513,12.88750986989795,13.002873927409333,13.002873927409333,58372954,AAPL,synthetic (offline fallback)
2018-06-27,12.658207254665271,12.730971011073787,12.547543189673167,12.593110072536037,12.593110072536037,59051227,AAPL,synthetic (offline fallback)
2018-06-28,12.305043035257018,12.328380572365297,12.248609093255766,12.313187269727818,12.313187269727818,147864030,AAPL,synthetic (offline fallback)
2018-06-29,12.484706330849223,12.516349195548454,12.409939623563893,12.46766625631237,12.46766625631237,78559276,AAPL,synthetic (offline fallback)
2018-07-02,12.737720828292565,12.775701525783306,12.597619852292926,12.682256752832982,12.682256752832982,40221934,AAPL,synthetic (offline fallback)
2018-07-03,12.46561838181846,12.498705746426223,12.347647751547024,12.454398459444514,12.454398459444514,92022375,AAPL,synthetic (offline fallback)
2018-07-04,12.885140723435471,12.88556271845425,12.717581311325297,12.829549884705466,12.829549884705466,128930288,AAPL,synthetic (offline fallback)
2018-07-05,13.237146703518505,13.31379105849831,13.165654858161254,13.286642281872295,13.286642281872295,130840580,AAPL,synthetic (offline fallback)
2018-07-06,13.983156103522424,14.021542498076668,13.859913118167288,13.88330556825572,13.88330556825572,50467409,AAPL,synthetic (offline fallback)
2018-07-09,14.164519582082217,14.199032406751249,14.014652566966177,14.118474569008995,14.118474569008995,73758212,AAPL,synthetic (offline fallback)
2018-07-10,14.73658642548375,14.84432730842787,14.703360898175616,14.727343434621064,14.727343434621064,114159435,AAPL,synthetic (offline fallback)
2018-07-11,13.951792886768489,13.957977672163778,13.872627773576601,13.892399572235586,13.892399572235586,119227383,AAPL,synthetic (offline fallback)
2018-07-12,13.707716627258074,13.794317216554667,13.676385332359102,13.755943654190046,13.755943654190046,114507628,AAPL,synthetic (offline fallback)
2018-07-13,13.37662552979039,13.393146715542093,13.301260816061586,13.388217646229108,13.388217646229108,80548618,AAPL,synthetic (offline fallback)
2018-07-16,13.50256555129675,13.597411668976102,13.374863004643442,13.444314680875113,13.444314680875113,143533125,AAPL,synthetic (offline fallback)
2018-07-17,13.139865668348273,13.309946184228531,13.138249653462442,13.213878990241808,13.213878990241808,49363130,AAPL,synthetic (offline fallback)
2018-07-18,13.17401991880988,13.301478505484607,13.050939950112234,13.151906653790931,13.151906653790931,138712779,AAPL,synthetic (offline fallback)
2018-07-19,13.944927995624846,14.05662606583468,13.901220999955365,13.92270000854917,13.92270000854917,152782784,AAPL,synthetic (offline fallback)
2018-07-20,13.936598185792127,13.965678690638232,13.827448037260394,13.854748798731979,13.854748798731979,122219721,AAPL,synthetic (offline fallback)
2018-07-23,13.969705297326215,14.117365259622328,13.931980214859124,14.036362103722027,14.036362103722027,91540755,AAPL,synthetic (offline fallback)
2018-07-24,14.011425103763614,14.039103718840526,13.914074197188967,13.944090579984795,13.944090579984795,85665710,AAPL,synthetic (offline fallback)
2018-07-25,13.957467207037613,14.09463943241157,13.860126949618522,13.980932975923478,13.980932975923478,92291545,AAPL,synthetic (offline fallback)
2018-07-26,13.970198325951829,14.029899696335008,13.966117197795507,13.988957915519467,13.988957915519467,59968689,AAPL,synthetic (offline fallback)
2018-07-27,14.120546113214257,14.219280678315158,14.096090109009076,14.172502694615314,14.172502694615314,66641512,AAPL,synthetic (offline fallback)
2018-07-30,14.600097460874549,14.776978295823348,14.596945739329783,14.647901710034178,14.647901710034178,116281951,AAPL,synthetic (offline fallback)
2018-07-31,15.37677202903198,15.463181367611995,15.2778057105804,15.358179922587034,15.358179922587034,106022555,AAPL,synthetic (offline fallback)
2018-08-01,15.45351557651218,15.618710589660651,15.33802953930777,15.505256551639965,15.505256551639965,99636375,AAPL,synthetic (offline fallback)
2018-08-02,15.814510786509883,15.823521355553344,15.690084050498955,15.779466910069129,15.779466910069129,96977629,AAPL,synthetic (offline fallback)
2018-08-03,15.238399719517261,15.297297592676731,15.169209863457086,15.268767743295879,15.268767743295879,49353071,AAPL,synthetic (offline fallback)
2018-08-06,15.180029994948239,15.266180966715654,15.087346729532895,15.235473427896682,15.235473427896682,144118775,AAPL,synthetic (offline fallback)
2018-08-07,15.634258014464038,15.699695414940267,15.609839731733468,15.659052988636248,15.659052988636248,154667426,AAPL,synthetic (offline fallback)
2018-08-08,16.079839673841448,16.137801616278896,16.055471345601305,16.06361347129731,16.06361347129731,69430565,AAPL,synthetic (offline fallback)
2018-08-09,16.156043963828168,16.210014521846723,16.0851548200841,16.169497952831183,16.169497952831183,77730342,AAPL,synthetic (offline fallback)
2018-08-10,16.59362787083307,16.702429863581642,16.556089192105095,16.591925035676553,16.591925035676553,115644813,AAPL,synthetic (offline fallback)
2018-08-13,16.870402503332617,16.895301564676394,16.78492961459949,16.83524004411108,16.83524004411108,40256891,AAPL,synthetic (offline fallback)
2018-08-14,17.48759143214672,17.58232479316634,17.3689270351367,17.430988404829893,17.430988404829893,52253831,AAPL,synthetic (offline fallback)
2018-08-15,17.569385480593734,17.697756334114796,17.527457767381108,17.58574525189572,17.58574525189572,148202836,AAPL,synthetic (offline fallback)
2018-08-16,17.35936020340422,17.48851914666921,17.299258646009086,17.41391217481497,17.41391217481497,60704452,AAPL,synthetic (offline fallback)
2018-08-17,17.591782539923166,17.64732585719996,17.528147709498263,17.587767543903176,17.587767543903176,109246105,AAPL,synthetic (offline fallback)
2018-08-20,16.22927381389899,16.251315657770025,16.193128035235322,16.206391219939274,16.206391219939274,145881497,AAPL,synthetic (offline fallback)
2018-08-21,16.330652334385167,16.420513882336632,16.214637659820628,16.402531111213595,16.402531111213595,127967280,AAPL,synthetic (offline fallback)
2018-08-22,14.67058272767097,14.815990409202497,14.570594169286487,14.709884964463106,14.709884964463106,72634604,AAPL,synthetic (offline fallback)
2018-08-23,13.874423973048009,13.957632481512526,13.869738728665581,13.904423610818464,13.904423610818464,58319948,AAPL,synthetic (offline fallback)
2018-08-24,14.114637748828248,14.128982997502305,14.100789853115883,14.123443243489637,14.123443243489637,126146422,AAPL,synthetic (offline fallback)
2018-08-27,14.32188863715598,14.44353560980041,14.313170132142679,14.354661790047947,14.354661790047947,88552680,AAPL,synthetic (offline fallback)
2018-08-28,13.854355228836841,13.916652851556483,13.819300785370777,13.82503064975158,13.82503064975158,156109756,AAPL,synthetic (offline fallback)
2018-08-29,13.444962652623405,13.583053686838255,13.439853324766073,13.510018791768388,13.510018791768388,117407347,AAPL,synthetic (offline fallback)
2018-08-30,14.067933912821163,14.19103236603403,14.047815393734693,14.134921512209804,14.134921512209804,41323554,AAPL,synthetic (offline fallback)
2018-08-31,13.901513542297526,14.03967983461338,13.791272211631757,13.915452183671277,13.915452183671277,70115764,AAPL,synthetic (offline fallback)
2018-09-03,14.971859574760543,14.999915432152964,14.888165989895063,14.97975328176834,14.97975328176834,129334538,AAPL,synthetic (offline fallback)
2018-09-04,14.919374930467733,15.003845995166113,14.838670472820663,14.984767430856229,14.984767430856229,124179873,AAPL,synthetic (offline fallback)
2018-09-05,15.166372069068014,15.292684675642482,15.098258004070935,15.19402894750517,15.19402894750517,129023871,AAPL,synthetic (offline fallback)
2018-09-06,15.999987913711717,16.1387424261424,15.903046958931814,16.019261190692163,16.019261190692163,68033790,AAPL,synthetic (offline fallback)
2018-09-07,16.076512352652557,16.16367214966484,15.975631749571404,16.095503337909822,16.095503337909822,69915397,AAPL,synthetic (offline fallback)
2018-09-10,15.595341597698825,15.612492639265625,15.46698058415003,15.588238903159388,15.588238903159388,65095339,AAPL,synthetic (offline fallback)
2018-09-11,15.508208496074298,15.58467855609639,15.398724944120769,15.53904941700922,15.53904941700922,123493901,AAPL,synthetic (offline fallback)
2018-09-12,15.5966067593579,15.680688591683305,15.445655074390986,15.527764278232866,15.527764278232866,137710300,AAPL,synthetic (offline fallback)
2018-09-13,14.916526829709806,15.025335239824583,14.79129382405888,14.894711827444846,14.894711827444846,73828809,AAPL,synthetic (offline fallback)
2018-09-14,14.745823743190902,14.823953895192048,14.678068556093981,14.78161506732416,14.78161506732416,98562804,AAPL,synthetic (offline fallback)
2018-09-17,14.457894792247364,14.464287883589837,14.431555410697133,14.453796642530815,14.453796642530815,69608415,AAPL,synthetic (offline fallback)
2018-09-18,14.881156163274273,14.976519640268902,14.863511275945118,14.875621748362535,14.875621748362535,91031923,AAPL,synthetic (offline fallback)
2018-09-19,14.95173974229292,15.02204708606434,14.857610606138076,14.897450981425674,14.897450981425674,131722786,AAPL,synthetic (offline fallback)
2018-09-20,14.750823164574511,14.832879787016337,14.738835185483413,14.77743950965242,14.77743950965242,63813821,AAPL,synthetic (offline fallback)
2018-09-21,14.7710051286192,14.847582996106143,14.714845533779009,14.73708013298685,14.73708013298685,108365188,AAPL,synthetic (offline fallback)
2018-09-24,14.8401482492587,14.981695076861868,14.83486746564426,14.83828510332517,14.83828510332517,46872033,AAPL,synthetic (offline fallback)
2018-09-25,15.174100195342946,15.203983844661048,15.0698855374303,15.106503132583377,15.106503132583377,61338938,AAPL,synthetic (offline fallback)
2018-09-26,14.747268817010857,14.808601083450853,14.58654795805613,14.69037776772167,14.69037776772167,122133526,AAPL,synthetic (offline fallback)
2018-09-27,14.272158799875015,14.35329987567452,14.213404316507436,14.263729821131825,14.263729821131825,108175296,AAPL,synthetic (offline fallback)
2018-09-28,14.723052874369037,14.808138400699697,14.690812205494247,14.734646799716163,14.734646799716163,113374648,AAPL,synthetic (offline fallback)
2018-10-01,14.584782195690655,14.686052808233825,14.515639858295282,14.562649622612437,14.562649622612437,67053230,AAPL,synthetic (offline fallback)
2018-10-02,13.972071150757158,14.056363247152232,13.93385681292425,13.979639029483451,13.979639029483451,64744275,AAPL,synthetic (offline fallback)
2018-10-03,14.243099517419143,14.293997683979082,14.104128764615778,14.171661287922301,14.171661287922301,91060273,AAPL,synthetic (offline fallback)
2018-10-04,14.375975201100168,14.390752563947357,14.296375483563535,14.372591745906446,14.372591745906446,55480190,AAPL,synthetic (offline fallback)
2018-10-05,13.732218878175816,13.840420408290804,13.728662245082457,13.748950359430077,13.748950359430077,146584967,AAPL,synthetic (offline fallback)
2018-10-08,13.830590502309148,13.862992147189221,13.779093068245889,13.84968707766404,13.84968707766404,72152492,AAPL,synthetic (offline fallback)
2018-10-09,14.107832326372295,14.162344694694678,14.103765537941355,14.159359748086471,14.159359748086471,126310746,AAPL,synthetic (offline fallback)
2018-10-10,14.346344074070055,14.414943461566011,14.22731510600292,14.322430236216718,14.322430236216718,58816831,AAPL,synthetic (offline fallback)
2018-10-11,14.558646011708408,14.671351477499908,14.43309285448534,14.59454909296953,14.59454909296953,118132001,AAPL,synthetic (offline fallback)
2018-10-12,14.06266326417357,14.19636827063378,13.895036165522322,14.016486722983599,14.016486722983599,64463216,AAPL,synthetic (offline fallback)
2018-10-15,14.106050919928022,14.237046388919,14.084083381574871,14.16097859680836,14.16097859680836,73778013,AAPL,synthetic (offline fallback)
2018-10-16,14.046760409929375,14.165747810235336,13.937268455783341,14.041400465506841,14.041400465506841,89444259,AAPL,synthetic (offline fallback)
2018-10-17,13.900105903529452,13.931823748292786,13.779687176461572,13.852306148603143,13.852306148603143,54949799,AAPL,synthetic (offline fallback)
2018-10-18,14.116580495859361,14.266709428606942,14.017408710274976,14.208319940514983,14.208319940514983,54956292,AAPL,synthetic (offline fallback)
2018-10-19,14.924142326794048,15.038565082142847,14.803835019802156,14.834323514748199,14.834323514748199,130353878,AAPL,synthetic (offline fallback)
2018-10-22,15.631850693410941,15.711881779460768,15.566976195130627,15.651820155675189,15.651820155675189,81474554,AAPL,synthetic (offline fallback)
2018-10-23,16.310855215417526,16.43766437375089,16.269160067777932,16.30395397756587,16.30395397756587,108146846,AAPL,synthetic (offline fallback)
2018-10-24,16.282490860026016,16.358793646877444,16.251098322277453,16.254624781798164,16.254624781798164,117580639,AAPL,synthetic (offline fallback)
2018-10-25,16.472904658487334,16.504222308030272,16.344945428340786,16.43709829447779,16.43709829447779,114731220,AAPL,synthetic (offline fallback)
2018-10-26,16.840995953833588,16.91629523871978,16.7711949331536,16.827169879164778,16.827169879164778,115294760,AAPL,synthetic (offline fallback)
2018-10-29,16.94589193879304,16.97551796532666,16.861629193155142,16.89533848835867,16.89533848835867,157013598,AAPL,synthetic (offline fallback)
2018-10-30,16.9936294974022,16.99404228457603,16.85168935135275,16.967207955213382,16.967207955213382,115692458,AAPL,synthetic (offline fallback)
2018-10-31,17.473203634609444,17.49813888915649,17.328988339925154,17.381383980890615,17.381383980890615,81798510,AAPL,synthetic (offline fallback)
2018-11-01,17.385747996334885,17.41261041400525,17.22021060091401,17.35854745401734,17.35854745401734,74157500,AAPL,synthetic (offline fallback)
2018-11-02,17.111404100995102,17.170866851583085,16.88395802056656,17.011142019459484,17.011142019459484,136089703,AAPL,synthetic (offline fallback)
2018-11-05,16.864708264480864,16.99678331543355,16.69004818495277,16.81924187559206,16.81924187559206,90604408,AAPL,synthetic (offline fallback)
2018-11-06,17.035366617108192,17.18915758882428,16.913733050995955,17.12815411645811,17.12815411645811,107074820,AAPL,synthetic (offline fallback)
2018-11-07,17.270681142864206,17.380204592575627,17.122719827731263,17.136446082075338,17.136446082075338,137793573,AAPL,synthetic (offline fallback)
2018-11-08,17.274044459990463,17.381887790519794,17.26491202957677,17.303859569383242,17.303859569383242,68231193,AAPL,synthetic (offline fallback)
2018-11-09,17.707375492338656,17.708198875900393,17.529335729076486,17.628283869022873,17.628283869022873,66688302,AAPL,synthetic (offline fallback)
2018-11-12,17.457850000544738,17.482665445916478,17.438276428631408,17.456446845597863,17.456446845597863,46346599,AAPL,synthetic (offline fallback)
2018-11-13,17.880011053915556,18.01109983623525,17.76820487561318,17.823274744346158,17.823274744346158,48684929,AAPL,synthetic (offline fallback)
2018-11-14,17.977494200004912,18.091117236818334,17.900353714006677,18.01470242812678,18.01470242812678,113921307,AAPL,synthetic (offline fallback)
2018-11-15,17.465388146350147,17.564639983839186,17.410037639312005,17.432662965184196,17.432662965184196,100426415,AAPL,synthetic (offline fallback)
2018-11-16,18.13370423360757,18.196798138137034,18.09788354572621,18.147488551179006,18.147488551179006,75713936,AAPL,synthetic (offline fallback)
2018-11-19,17.98298666051869,18.082258045329226,17.833610391032778,17.898202707218996,17.898202707218996,65381573,AAPL,synthetic (offline fallback)
2018-11-20,17.110017818579006,17.211104352340353,17.04027608909672,17.087530551440956,17.087530551440956,123457401,AAPL,synthetic (offline fallback)
2018-11-21,16.6261142975582,16.739350143085833,16.501041039165635,16.579561741135336,16.579561741135336,50240699,AAPL,synthetic (offline fallback)
2018-11-22,15.988088413086935,16.094949369025933,15.978240242607166,16.092565056612003,16.092565056612003,124087259,AAPL,synthetic (offline fallback)
2018-11-23,16.11997812422124,16.243143210405783,16.058885301303498,16.124117476046198,16.124117476046198,148584737,AAPL,synthetic (offline fallback)
2018-11-26,16.02199231810561,16.071470929761286,15.980264758600958,16.00228302772052,16.00228302772052,94655256,AAPL,synthetic (offline fallback)
2018-11-27,15.865271458325719,15.975857818895726,15.774568492474643,15.854635459850748,15.854635459850748,99371718,AAPL,synthetic (offline fallback)
2018-11-28,16.188623275339975,16.241602511381583,16.13077504866264,16.142078051050483,16.142078051050483,51427625,AAPL,synthetic (offline fallback)
2018-11-29,16.28670920774669,16.39327172166749,16.25567583825634,16.30460698247725,16.30460698247725,115185622,AAPL,synthetic (offline fallback)
2018-11-30,16.458356510969484,16.49552155012346,16.37281387388277,16.455947996779397,16.455947996779397,83828637,AAPL,synthetic (offline fallback)
2018-12-03,16.70902479823301,16.816669702746967,16.619466780138126,16.650022441823833,16.650022441823833,96232593,AAPL,synthetic (offline fallback)
2018-12-04,16.824595675918484,16.970946267526358,16.739321397333576,16.940401395036947,16.940401395036947,42756127,AAPL,synthetic (offline fallback)
2018-12-05,16.023809307256197,16.087547613055083,15.960170627061455,15.995528389215734,15.995528389215734,145284472,AAPL,synthetic (offline fallback)
2018-12-06,15.818176690803403,15.897198233619902,15.79167665398737,15.834036924793633,15.834036924793633,80005195,AAPL,synthetic (offline fallback)
2018-12-07,14.842200201053297,14.98725482520487,14.80017036461381,14.882934112665863,14.882934112665863,133846226,AAPL,synthetic (offline fallback)
2018-12-10,14.920119600919827,14.973443405012143,14.805471452588115,14.905070954293555,14.905070954293555,157578179,AAPL,synthetic (offline fallback)
2018-12-11,14.96390532302456,15.050673277397607,14.858347853460302,14.909005090128543,14.909005090128543,102395384,AAPL,synthetic (offline fallback)
2018-12-12,15.41618748995083,15.46836101127263,15.342071466242741,15.368277936296717,15.368277936296717,44014109,AAPL,synthetic (offline fallback)
2018-12-13,15.906802372231612,15.97701868314533,15.85490140589283,15.913252635617155,15.913252635617155,159009660,AAPL,synthetic (offline fallback)
2018-12-14,16.057194675223624,16.13942740354461,15.968078443063877,16.015119386963566,16.015119386963566,64971562,AAPL,synthetic (offline fallback)
2018-12-17,15.832222209148247,15.923480116733504,15.68945314652566,15.791098970854906,15.791098970854906,68848052,AAPL,synthetic (offline fallback)
2018-12-18,16.015078432976946,16.122652571726043,15.890715984519412,16.01927730680898,16.01927730680898,124996942,AAPL,synthetic (offline fallback)
2018-12-19,15.753250865877265,15.870135827304548,15.671388464018932,15.786073928373275,15.786073928373275,79827671,AAPL,synthetic (offline fallback)
2018-12-20,15.761671011657873,15.818708300384237,15.698697420354872,15.791765412061597,15.791765412061597,50195231,AAPL,synthetic (offline fallback)
2018-12-21,16.276393781436422,16.38654632166556,16.17998732807561,16.235584664490496,16.235584664490496,121925044,AAPL,synthetic (offline fallback)
2018-12-24,15.987790224537973,15.998665964056144,15.876040529799983,15.989811983418871,15.989811983418871,71460730,AAPL,synthetic (offline fallback)
2018-12-25,16.3094201252177,16.393569213800877,16.237022990810228,16.360769162614833,16.360769162614833,143394032,AAPL,synthetic (offline fallback)
2018-12-26,16.597904808807932,16.79088302060117,16.573489839508504,16.68222659964177,16.68222659964177,58477201,AAPL,synthetic (offline fallback)
2018-12-27,16.28676653983027,16.346472315821753,16.113216229699276,16.246224179080368,16.246224179080368,148745323,AAPL,synthetic (offline fallback)
2018-12-28,16.682105330045207,16.79226437564021,16.52245514844365,16.70951453602964,16.70951453602964,126828587,AAPL,synthetic (offline fallback)
2018-12-31,17.072419404449207,17.21751682924709,16.99148505218792,17.055514604873622,17.055514604873622,68733218,AAPL,synthetic (offline fallback)
2019-01-01,17.176093902011477,17.21470888144371,17.05527899638623,17.11245063227435,17.11245063227435,109472006,AAPL,synthetic (offline fallback)
2019-01-02,16.68978207584644,16.758494211999867,16.588277873076432,16.755577432120592,16.755577432120592,152606762,AAPL,synthetic (offline fallback)
2019-01-03,16.357707256993493,16.371783286909707,16.26943044794432,16.359922589146695,16.359922589146695,47737433,AAPL,synthetic (offline fallback)
2019-01-04,16.10952983906219,16.152453675382805,16.038838311479946,16.117783472928746,16.117783472928746,138384132,AAPL,synthetic (offline fallback)
2019-01-07,16.392723259288697,16.487067662178845,16.331075245953347,16.374069450631954,16.374069450631954,95216108,AAPL,synthetic (offline fallback)
2019-01-08,16.004193173794203,16.12387935126657,15.89842216134145,15.944918259139776,15.944918259139776,153898949,AAPL,synthetic (offline fallback)
2019-01-09,16.087112865334003,16.235808914956785,16.038438017767778,16.151530911573907,16.151530911573907,65020351,AAPL,synthetic (offline fallback)
2019-01-10,15.62731828458875,15.65284898491827,15.58883527387497,15.600650628409122,15.600650628409122,126336110,AAPL,synthetic (offline fallback)
2019-01-11,15.56326385024336,15.616169753480055,15.436296784831201,15.515250800017736,15.515250800017736,156123831,AAPL,synthetic (offline fallback)
2019-01-14,15.56108544540364,15.571253163038563,15.550825192502137,15.569791001203315,15.569791001203315,81259549,AAPL,synthetic (offline fallback)
2019-01-15,16.664158086863313,16.7616557167649,16.61121500118592,16.671032236611353,16.671032236611353,52950153,AAPL,synthetic (offline fallback)
2019-01-16,16.03082664292537,16.093016422254212,15.926200260535884,16.010727606333788,16.010727606333788,87049133,AAPL,synthetic (offline fallback)
2019-01-17,16.76452361556014,16.7677704616004,16.687003218484662,16.747199454424006,16.747199454424006,111766621,AAPL,synthetic (offline fallback)
2019-01-18,16.861271183356333,16.974165924277752,16.79113473033512,16.831864942048774,16.831864942048774,115609948,AAPL,synthetic (offline fallback)
2019-01-21,17.07839075007008,17.200007944716898,16.89862081070765,17.049681786964996,17.049681786964996,97821668,AAPL,synthetic (offline fallback)
2019-01-22,17.066580568758322,17.154565713979206,17.05116006088312,17.117005845845366,17.117005845845366,151918717,AAPL,synthetic (offline fallback)
2019-01-23,17.39971547638341,17.48874041868981,17.224197408445143,17.348177519402306,17.348177519402306,109370139,AAPL,synthetic (offline fallback)
2019-01-24,17.338465325353017,17.405704520093938,17.27104694525025,17.277986334757173,17.277986334757173,116885439,AAPL,synthetic (offline fallback)
2019-01-25,18.024219189281457,18.04882142873417,17.943107283570328,18.014162806654046,18.014162806654046,154779142,AAPL,synthetic (offline fallback)
2019-01-28,17.70289718526129,17.805632767129406,17.627631525127725,17.782607115619562,17.782607115619562,152713107,AAPL,synthetic (offline fallback)
2019-01-29,18.376191905620477,18.463016444125422,18.33259330840722,18.382519851275664,18.382519851275664,80953825,AAPL,synthetic (offline fallback)
2019-01-30,18.055422359490418,18.170314428304547,17.97910432021135,18.044898256680735,18.044898256680735,74333641,AAPL,synthetic (offline fallback)
2019-01-31,17.95839590690585,18.116072959676053,17.924483548538536,18.020273936403623,18.020273936403623,129851964,AAPL,synthetic (offline fallback)
2019-02-01,17.463803929682193,17.546455536427437,17.399903716991226,17.4826924787284,17.4826924787284,103019404,AAPL,synthetic (offline fallback)
2019-02-04,17.64725011184653,17.8191119299154,17.62708123083181,17.722181411733903,17.722181411733903,93695977,AAPL,synthetic (offline fallback)
2019-02-05,18.515456821596814,18.588616505825232,18.349590499816767,18.481785288068874,18.481785288068874,123799286,AAPL,synthetic (offline fallback)
2019-02-06,18.456172388537667,18.465170509655177,18.35001919739151,18.44698826129997,18.44698826129997,119291393,AAPL,synthetic (offline fallback)
2019-02-07,18.259207287359914,18.398992666207768,18.19942401223305,18.34980669617439,18.34980669617439,149652015,AAPL,synthetic (offline fallback)
2019-02-08,17.804915631978343,17.904934723522967,17.780088453030746,17.786161999083095,17.786161999083095,83878905,AAPL,synthetic (offline fallback)
2019-02-11,17.67314799651251,17.787057821660976,17.604284323875124,17.676144577484486,17.676144577484486,130491445,AAPL,synthetic (offline fallback)
2019-02-12,16.929188163990986,17.03594245168675,16.838129707580464,16.90300131009713,16.90300131009713,67254664,AAPL,synthetic (offline fallback)
2019-02-13,16.444499691793645,16.485973243750273,16.40602206853748,16.463838071560986,16.463838071560986,152442457,AAPL,synthetic (offline fallback)
2019-02-14,16.541004089332855,16.64317659345118,16.457564028571515,16.580871770844936,16.580871770844936,50033963,AAPL,synthetic (offline fallback)
2019-02-15,17.193373757065576,17.31179880558448,17.18305846865213,17.23322617644952,17.23322617644952,130029646,AAPL,synthetic (offline fallback)
2019-02-18,18.703742571571816,18.759370476826685,18.678510384883694,18.73398879599328,18.73398879599328,52210150,AAPL,synthetic (offline fallback)
2019-02-19,18.397337792318446,18.427913623957153,18.284087419266715,18.39629885601035,18.39629885601035,145619078,AAPL,synthetic (offline fallback)
2019-02-20,19.260841733324984,19.362350267404736,19.233186544602006,19.252296112758742,19.252296112758742,155131638,AAPL,synthetic (offline fallback)
2019-02-21,19.399747899688787,19.524520527758753,19.358204995154026,19.41085400680177,19.41085400680177,138154500,AAPL,synthetic (offline fallback)
2019-02-22,19.302199749186705,19.40535280791292,19.22314535520592,19.32674391473938,19.32674391473938,134614794,AAPL,synthetic (offline fallback)
2019-02-25,19.57187774617974,19.64433761234364,19.430456086196045,19.592532385906473,19.592532385906473,97379863,AAPL,synthetic (offline fallback)
2019-02-26,19.784876092261303,19.87183340262799,19.628307328897083,19.637142445777883,19.637142445777883,69395109,AAPL,synthetic (offline fallback)
2019-02-27,19.66359288005039,19.712222584178736,19.646809410701174,19.709163925106633,19.709163925106633,158280401,AAPL,synthetic (offline fallback)
2019-02-28,19.45313249777866,19.501085340757378,19.400484738314635,19.485750006986944,19.485750006986944,103497668,AAPL,synthetic (offline fallback)
2019-03-01,18.914500466462254,18.985725619175188,18.647954466566052,18.729424491040696,18.729424491040696,137982629,AAPL,synthetic (offline fallback)
2019-03-04,17.930113645457347,17.966776051536183,17.853772155860263,17.907495763666567,17.907495763666567,125707926,AAPL,synthetic (offline fallback)
2019-03-05,18.19554037391983,18.392460110232008,18.11427509622185,18.271182007661167,18.271182007661167,124139091,AAPL,synthetic (offline fallback)
2019-03-06,18.173005096789293,18.2541217188304,17.99711362052188,18.12717847275967,18.12717847275967,82304548,AAPL,synthetic (offline fallback)
2019-03-07,17.76924109591539,17.83041215715797,17.626905761231082,17.817886003474936,17.817886003474936,91218478,AAPL,synthetic (offline fallback)
2019-03-08,17.87809642696277,17.880229683341234,17.787639931429553,17.82947216640987,17.82947216640987,92798566,AAPL,synthetic (offline fallback)
2019-03-11,18.236120550246508,18.356542768705875,18.211635757895177,18.24766925994735,18.24766925994735,112297158,AAPL,synthetic (offline fallback)
2019-03-12,18.325742628497473,18.37205608302238,18.291709073875317,18.349953328433983,18.349953328433983,126205830,AAPL,synthetic (offline fallback)
2019-03-13,18.107184053051906,18.140706017329855,17.993746322739348,18.020191669553295,18.020191669553295,63855992,AAPL,synthetic (offline fallback)
2019-03-14,18.694461851532164,18.742954662307035,18.61763971122173,18.662750030946555,18.662750030946555,67294517,AAPL,synthetic (offline fallback)
2019-03-15,19.596641559246812,19.642713395961586,19.387365339281114,19.539606068297697,19.539606068297697,45807606,AAPL,synthetic (offline fallback)
2019-03-18,19.86276601043459,19.973969824151165,19.774289075914556,19.836883657186018,19.836883657186018,120256142,AAPL,synthetic (offline fallback)
2019-03-19,20.395138245816025,20.484546769145513,20.37608585942147,20.42236807477719,20.42236807477719,65210580,AAPL,synthetic (offline fallback)
2019-03-20,21.237332512072733,21.2531322149731,21.124362586969717,21.198453207858947,21.198453207858947,125418492,AAPL,synthetic (offline fallback)
2019-03-21,22.023131400657352,22.152922313727544,21.77946714003714,21.94352804501186,21.94352804501186,40369312,AAPL,synthetic (offline fallback)
2019-03-22,22.377396336847948,22.467630253128277,22.328481595055454,22.368354731788145,22.368354731788145,143978131,AAPL,synthetic (offline fallback)
2019-03-25,22.911030783806442,23.024447757897924,22.64343169500931,22.787864023744742,22.787864023744742,122831648,AAPL,synthetic (offline fallback)
2019-03-26,23.216567115990514,23.21735418657886,22.993101440270703,23.157481690482104,23.157481690482104,121992099,AAPL,synthetic (offline fallback)
2019-03-27,22.43246742395627,22.560706701210556,22.336046924110022,22.418210615613425,22.418210615613425,124871783,AAPL,synthetic (offline fallback)
2019-03-28,22.925313770873736,22.985654366257894,22.775861163446617,22.90803058743908,22.90803058743908,83036483,AAPL,synthetic (offline fallback)
2019-03-29,22.007066165330368,22.09303590440734,21.922820757292012,21.9980093343982,21.9980093343982,159486723,AAPL,synthetic (offline fallback)
2019-04-01,21.39442228223156,21.526406823902732,21.349156300423854,21.47503346661771,21.47503346661771,129588512,AAPL,synthetic (offline fallback)
2019-04-02,22.35674645827537,22.560450564873733,22.27220312894001,22.362789254873142,22.362789254873142,61721853,AAPL,synthetic (offline fallback)
2019-04-03,22.982573876416225,23.01996965951349,22.95189696018582,22.967333684969915,22.967333684969915,150688289,AAPL,synthetic (offline fallback)
2019-04-04,24.04044222871091,24.277428934524316,23.880178903701065,24.070488344896702,24.070488344896702,128749638,AAPL,synthetic (offline fallback)
2019-04-05,23.89630348105567,24.029608414229973,23.751706839954544,23.87212028183488,23.87212028183488,77306001,AAPL,synthetic (offline fallback)
2019-04-08,23.036822559458788,23.102604235679994,22.987318606650852,23.03535008295963,23.03535008295963,153756090,AAPL,synthetic (offline fallback)
2019-04-09,22.92305779031767,22.98702675194127,22.750775628077033,22.869974848048965,22.869974848048965,69803747,AAPL,synthetic (offline fallback)
2019-04-10,22.997258256406745,23.06163325181996,22.912378876997685,22.951599786455752,22.951599786455752,117349640,AAPL,synthetic (offline fallback)
2019-04-11,23.02727363211513,23.177542805089807,22.996372396979403,23.01573216622186,23.01573216622186,120415228,AAPL,synthetic (offline fallback)
2019-04-12,23.711602448358356,23.908663798038365,23.604997749192293,23.809259427623758,23.809259427623758,155576867,AAPL,synthetic (offline fallback)
2019-04-15,23.68903282011195,23.793302883717093,23.53678338894008,23.562451367781883,23.562451367781883,108412118,AAPL,synthetic (offline fallback)
2019-04-16,23.80815953940539,23.826327005414196,23.63336516050022,23.818298345815048,23.818298345815048,159332918,AAPL,synthetic (offline fallback)
2019-04-17,23.14536613246798,23.274301379841386,23.10583985784472,23.15098393543825,23.15098393543825,74119052,AAPL,synthetic (offline fallback)
2019-04-18,23.445089177504332,23.481246143664983,23.32748788871973,23.469205253809836,23.469205253809836,136194928,AAPL,synthetic (offline fallback)
2019-04-19,23.446317009517355,23.489391674275925,23.378300548540274,23.480721784153992,23.480721784153992,69445782,AAPL,synthetic (offline fallback)
2019-04-22,23.10142691700089,23.1635226466485,22.91158184935933,22.994910487198457,22.994910487198457,159914309,AAPL,synthetic (offline fallback)
2019-04-23,22.945049918003225,23.022413980317207,22.727991980032776,22.850036428366767,22.850036428366767,131646224,AAPL,synthetic (offline fallback)
2019-04-24,22.771721106642442,22.971997202526694,22.627256290132518,22.741402718573728,22.741402718573728,115098935,AAPL,synthetic (offline fallback)
2019-04-25,22.574386939135685,22.752066866967414,22.53104187446872,22.581669538023608,22.581669538023608,47964766,AAPL,synthetic (offline fallback)
2019-04-26,23.750362831626827,23.78377973293102,23.562539290729653,23.706331782531024,23.706331782531024,99646683,AAPL,synthetic (offline fallback)
2019-04-29,23.654821883851167,23.73637407052742,23.575031486061484,23.64958607963285,23.64958607963285,57283378,AAPL,synthetic (offline fallback)
2019-04-30,23.48563230177076,23.659353096974307,23.464515464298433,23.499042471080703,23.499042471080703,150116350,AAPL,synthetic (offline fallback)
2019-05-01,22.216965621061043,22.311107069359476,22.12015344580276,22.194453392711026,22.194453392711026,85495337,AAPL,synthetic (offline fallback)
2019-05-02,21.60755061249564,21.66522417423052,21.51203288211885,21.636185525071845,21.636185525071845,139714700,AAPL,synthetic (offline fallback)
2019-05-03,21.49584609978069,21.574638986817735,21.35825734822256,21.47959050051457,21.47959050051457,148731771,AAPL,synthetic (offline fallback)
2019-05-06,21.08264861951711,21.20361594001935,20.90825178106437,21.069739974116743,21.069739974116743,53213448,AAPL,synthetic (offline fallback)
2019-05-07,21.969637511199956,22.16231496701104,21.822783661839818,21.929970403895073,21.929970403895073,131110568,AAPL,synthetic (offline fallback)
2019-05-08,21.792133015440207,21.977075825575756,21.743325082864526,21.83268528245812,21.83268528245812,76326717,AAPL,synthetic (offline fallback)
2019-05-09,22.715596436987408,22.718501690184006,22.620365431117825,22.66730580336918,22.66730580336918,53052381,AAPL,synthetic (offline fallback)
2019-05-10,22.655799023949964,22.865357981500818,22.63465974027773,22.717566599051732,22.717566599051732,71277414,AAPL,synthetic (offline fallback)
2019-05-13,22.711896889284606,22.804910858409436,22.553677025711472,22.75097624014541,22.75097624014541,105994121,AAPL,synthetic (offline fallback)
2019-05-14,22.667404910971122,22.837441544329216,22.650937674954786,22.70343015037642,22.70343015037642,142631399,AAPL,synthetic (offline fallback)
2019-05-15,22.64182923270334,22.768671195075076,22.556947952219378,22.714883827101662,22.714883827101662,122998591,AAPL,synthetic (offline fallback)
2019-05-16,23.87040305083273,23.9065964472002,23.68965508703613,23.797891189317415,23.797891189317415,67989442,AAPL,synthetic (offline fallback)
2019-05-17,22.244039194494825,22.40730618491817,22.078844056076182,22.30889466333852,22.30889466333852,75519919,AAPL,synthetic (offline fallback)
2019-05-20,20.98437197550179,21.066867712863736,20.973141073540695,21.028463385333495,21.028463385333495,76485372,AAPL,synthetic (offline fallback)
2019-05-21,20.763422143506883,20.80634952610404,20.648579237458552,20.68551587513178,20.68551587513178,128325597,AAPL,synthetic (offline fallback)
2019-05-22,20.66759174070769,20.774588489620406,20.554054074689965,20.70303011328347,20.70303011328347,102254638,AAPL,synthetic (offline fallback)
2019-05-23,21.131382081800762,21.26372350842784,21.041589982804368,21.143315962514492,21.143315962514492,42868931,AAPL,synthetic (offline fallback)
2019-05-24,21.3873895162044,21.604092731712807,21.30430379102736,21.452521237108595,21.452521237108595,49134338,AAPL,synthetic (offline fallback)
2019-05-27,21.271784647845166,21.326792619069877,21.1153392095025,21.218762067380318,21.218762067380318,49074859,AAPL,synthetic (offline fallback)
2019-05-28,21.923790245820236,21.937794873516445,21.679035397709153,21.86824035071534,21.86824035071534,155347557,AAPL,synthetic (offline fallback)
2019-05-29,22.60208129852988,22.67439187682477,22.512790780355463,22.552086981616373,22.552086981616373,100560613,AAPL,synthetic (offline fallback)
2019-05-30,22.721786445038784,22.81663998211897,22.488081878045268,22.68520452276978,22.68520452276978,98927533,AAPL,synthetic (offline fallback)
2019-05-31,23.346900058188833,23.378466742207447,23.324328203520935,23.341746962962894,23.341746962962894,131329693,AAPL,synthetic (offline fallback)
2019-06-03,23.502435592371963,23.749931199017038,23.27282090701806,23.539466232906094,23.539466232906094,62852046,AAPL,synthetic (offline fallback)
2019-06-04,23.11189417338288,23.35855239627117,23.079738866845716,23.168539118167672,23.168539118167672,43787206,AAPL,synthetic (offline fallback)
2019-06-05,23.74071718079303,23.748472737116174,23.60929957316397,23.6492014737396,23.6492014737396,72498488,AAPL,synthetic (offline fallback)
2019-06-06,23.78874843432282,23.90699872472981,23.71993802200663,23.73429217020827,23.73429217020827,65019408,AAPL,synthetic (offline fallback)
2019-06-07,23.695299810132106,23.841275608112493,23.57508259205911,23.74468668508907,23.74468668508907,135770049,AAPL,synthetic (offline fallback)
2019-06-10,24.74204709058469,24.796114249011847,24.535543637571802,24.739090885382097,24.739090885382097,138207535,AAPL,synthetic (offline fallback)
2019-06-11,23.061386400986322,23.2176092565762,22.998059016376672,23.082168322263318,23.082168322263318,116080777,AAPL,synthetic (offline fallback)
2019-06-12,22.046822042185816,22.143357692221436,21.991993204108137,22.12169584442596,22.12169584442596,149198472,AAPL,synthetic (offline fallback)
2019-06-13,21.34455939231026,21.3560779715914,21.28689077772726,21.333189780713457,21.333189780713457,95755122,AAPL,synthetic (offline fallback)
2019-06-14,21.0742320113637,21.27572556269218,21.046929571596113,21.10053336183383,21.10053336183383,68848678,AAPL,synthetic (offline fallback)
2019-06-17,20.884230160908697,21.052467109205214,20.75011214086728,20.94408017383093,20.94408017383093,79792164,AAPL,synthetic (offline fallback)
2019-06-18,19.9302325918344,20.06343273693712,19.919593759279465,20.019065144711483,20.019065144711483,56997927,AAPL,synthetic (offline fallback)
2019-06-19,19.3340133919512,19.49409392355969,19.18574178982827,19.425144719865983,19.425144719865983,148082123,AAPL,synthetic (offline fallback)
2019-06-20,18.89778020472703,19.07803400275264,18.74242249937947,18.91886108266401,18.91886108266401,112502279,AAPL,synthetic (offline fallback)
2019-06-21,20.42801984999753,20.522785443955122,20.403844945032343,20.43323614687434,20.43323614687434,132707744,AAPL,synthetic (offline fallback)
2019-06-24,21.630014302237427,21.831491921768116,21.54502076932332,21.686962148853983,21.686962148853983,73790471,AAPL,synthetic (offline fallback)
2019-06-25,21.438294841869478,21.550740141064097,21.268024747674826,21.396524156219662,21.396524156219662,126173444,AAPL,synthetic (offline fallback)
2019-06-26,21.14460994748844,21.196096965928852,21.027357857586377,21.148768633429107,21.148768633429107,79661612,AAPL,synthetic (offline fallback)
2019-06-27,20.416020221680586,20.532538129799946,20.26102860753333,20.380748158984797,20.380748158984797,93520060,AAPL,synthetic (offline fallback)
2019-06-28,19.142293857227596,19.246126001642267,19.139120331628565,19.152803620561237,19.152803620561237,118218808,AAPL,synthetic (offline fallback)
2019-07-01,19.03990815938729,19.228626629502717,19.02717162785394,19.08497451942244,19.08497451942244,157739218,AAPL,synthetic (offline fallback)
2019-07-02,18.48252217114543,18.540056646645716,18.35135471695924,18.476196795039044,18.476196795039044,106983820,AAPL,synthetic (offline fallback)
2019-07-03,18.362158212488872,18.439759952717854,18.306084275465956,18.431978982691376,18.431978982691376,125208435,AAPL,synthetic (offline fallback)
2019-07-04,17.54493674299884,17.572476670403752,17.408961643130834,17.516589373823596,17.516589373823596,111363297,AAPL,synthetic (offline fallback)
2019-07-05,17.042883480534226,17.16505815543155,16.9540162772218,17.090933745528798,17.090933745528798,90834966,AAPL,synthetic (offline fallback)
2019-07-08,17.22824182109515,17.35180899803043,17.11360861432681,17.180913599985946,17.180913599985946,151908199,AAPL,synthetic (offline fallback)
2019-07-09,17.371790069408345,17.468491329385735,17.356799564131155,17.3894467439317,17.3894467439317,155266245,AAPL,synthetic (offline fallback)
2019-07-10,17.68164664408474,17.768872712213142,17.56767562127044,17.6254637062994,17.6254637062994,77251713,AAPL,synthetic (offline fallback)
2019-07-11,16.87052557513998,16.94150834336377,16.72692648832393,16.927535306120877,16.927535306120877,147486999,AAPL,synthetic (offline fallback)
2019-07-12,17.359750680324396,17.397872520259334,17.307045003812654,17.395120336838918,17.395120336838918,94146710,AAPL,synthetic (offline fallback)
2019-07-15,16.98939513425368,17.11435378160644,16.959992564395208,16.970001734127848,16.970001734127848,128795823,AAPL,synthetic (offline fallback)
2019-07-16,17.378013902089418,17.45020186169161,17.191175001915322,17.317204688825775,17.317204688825775,102050730,AAPL,synthetic (offline fallback)
2019-07-17,17.404980974431336,17.531004138910227,17.208797366341607,17.318392015200665,17.318392015200665,132039534,AAPL,synthetic (offline fallback)
2019-07-18,16.619337448598312,16.6415282730851,16.543547333902698,16.617275269812087,16.617275269812087,144588689,AAPL,synthetic (offline fallback)
2019-07-19,16.55294225162901,16.609779080647947,16.346519226977005,16.46218234061994,16.46218234061994,90835299,AAPL,synthetic (offline fallback)
2019-07-22,16.638285267243372,16.74820381843812,16.595589951983705,16.652756406807164,16.652756406807164,124086530,AAPL,synthetic (offline fallback)
2019-07-23,17.024287546499814,17.04410542099201,16.854583558096888,16.968354710218737,16.968354710218737,100882060,AAPL,synthetic (offline fallback)
2019-07-24,16.85613888595001,16.912450925871973,16.73721293244093,16.903918538413134,16.903918538413134,135887766,AAPL,synthetic (offline fallback)
2019-07-25,17.706451269147713,17.778505419245153,17.653224511022728,17.684158591936367,17.684158591936367,62985680,AAPL,synthetic (offline fallback)
2019-07-26,18.10653216696931,18.33183135486868,18.045870336810403,18.234631898829512,18.234631898829512,127487803,AAPL,synthetic (offline fallback)
2019-07-29,18.039833454662364,18.26203803994947,17.993115140888875,18.10073833091107,18.10073833091107,111447549,AAPL,synthetic (offline fallback)
2019-07-30,18.54239641069843,18.704895646239265,18.398275195845116,18.516472786003863,18.516472786003863,94170081,AAPL,synthetic (offline fallback)
2019-07-31,19.54318525141672,19.71464770995729,19.462815096898773,19.620437123350246,19.620437123350246,84389985,AAPL,synthetic (offline fallback)
2019-08-01,20.882780843817823,20.88667995244861,20.749720771804295,20.856067374273707,20.856067374273707,124200129,AAPL,synthetic (offline fallback)
2019-08-02,20.112237442982256,20.172656367166304,19.936218005532165,20.057693066687072,20.057693066687072,81692599,AAPL,synthetic (offline fallback)
2019-08-05,19.441994873306424,19.609054220492872,19.36938273824086,19.471278909192105,19.471278909192105,43948414,AAPL,synthetic (offline fallback)
2019-08-06,20.38198244636018,20.524382745671264,20.232015556225182,20.4414027191086,20.4414027191086,153787384,AAPL,synthetic (offline fallback)
2019-08-07,19.718384686078895,19.865812510106803,19.636759542945278,19.74647522887041,19.74647522887041,93744418,AAPL,synthetic (offline fallback)
2019-08-08,18.85157044198909,18.98126700493582,18.792074087414626,18.906350400371565,18.906350400371565,59774011,AAPL,synthetic (offline fallback)
2019-08-09,18.60220333885985,18.620277263425134,18.59742537519577,18.60785344002096,18.60785344002096,67082703,AAPL,synthetic (offline fallback)
2019-08-12,18.88148021743637,18.95881650636154,18.77585421047025,18.875699121680775,18.875699121680775,139596830,AAPL,synthetic (offline fallback)
2019-08-13,18.80319257831779,18.9415225760015,18.691367313031478,18.82047034165576,18.82047034165576,79794195,AAPL,synthetic (offline fallback)
2019-08-14,18.536385031230022,18.544233448502958,18.428747899169952,18.443740688294856,18.443740688294856,73776228,AAPL,synthetic (offline fallback)
2019-08-15,18.02468063147738,18.104122757298377,17.93125162120879,18.063665842090426,18.063665842090426,98478207,AAPL,synthetic (offline fallback)
2019-08-16,17.74625320426133,17.85110869553117,17.604196553205192,17.672482966781914,17.672482966781914,43438675,AAPL,synthetic (offline fallback)
2019-08-19,17.147801054113764,17.220277143380667,17.10912065267383,17.201533789833935,17.201533789833935,107230150,AAPL,synthetic (offline fallback)
2019-08-20,18.482649624729806,18.540071730989276,18.342789516447645,18.478615138612785,18.478615138612785,44855569,AAPL,synthetic (offline fallback)
2019-08-21,18.732910919237383,18.859099666861205,18.603852436703704,18.666657050489547,18.666657050489547,140272124,AAPL,synthetic (offline fallback)
2019-08-22,19.277665840282463,19.412721853060734,19.104165628083745,19.212457387050858,19.212457387050858,91501299,AAPL,synthetic (offline fallback)
2019-08-23,18.89735530761857,19.014499314657286,18.786182459437008,18.921210672275794,18.921210672275794,66186411,AAPL,synthetic (offline fallback)
2019-08-26,18.84904916461256,18.994506789053972,18.80968638270678,18.81771373532621,18.81771373532621,94535308,AAPL,synthetic (offline fallback)
2019-08-27,18.43722142148045,18.596182980829266,18.341316584530485,18.41395470377414,18.41395470377414,61068708,AAPL,synthetic (offline fallback)
2019-08-28,16.946952741555982,17.02854573052671,16.921496835903774,16.97444825049229,16.97444825049229,78430135,AAPL,synthetic (offline fallback)
2019-08-29,16.26254192835213,16.278863171748565,16.212223716781462,16.232546620140845,16.232546620140845,55687803,AAPL,synthetic (offline fallback)
2019-08-30,15.377518185398019,15.479449291851186,15.2057003405173,15.292074080589389,15.292074080589389,120253552,AAPL,synthetic (offline fallback)
2019-09-02,14.189773678941924,14.211160951460778,14.168718420198951,14.169722076959562,14.169722076959562,157135910,AAPL,synthetic (offline fallback)
2019-09-03,13.612273273422522,13.721880064122628,13.4631580269937,13.589184309761919,13.589184309761919,98241133,AAPL,synthetic (offline fallback)
2019-09-04,14.277128681548584,14.350465673436025,14.199011157636432,14.248397288042964,14.248397288042964,51831710,AAPL,synthetic (offline fallback)
2019-09-05,14.169130990149013,14.286519721714752,14.127419797231433,14.231506685212555,14.231506685212555,48893567,AAPL,synthetic (offline fallback)
2019-09-06,14.90825908015101,14.968358737366286,14.788329823118406,14.887704014007094,14.887704014007094,139859246,AAPL,synthetic (offline fallback)
2019-09-09,15.062599884323943,15.172640203139645,15.004183183795377,15.108685586523912,15.108685586523912,81768543,AAPL,synthetic (offline fallback)
2019-09-10,15.497536363060302,15.65374156016422,15.412016719431191,15.525010365667017,15.525010365667017,75530814,AAPL,synthetic (offline fallback)
2019-09-11,15.160548498547886,15.18305766870106,14.9897857250064,15.062853461818808,15.062853461818808,52235528,AAPL,synthetic (offline fallback)
2019-09-12,15.327177677380458,15.455110005160932,15.218008751667307,15.33883188914405,15.33883188914405,119648410,AAPL,synthetic (offline fallback)
2019-09-13,15.688230667499386,15.727400826840876,15.670609828958762,15.72314426015774,15.72314426015774,47549883,AAPL,synthetic (offline fallback)
2019-09-16,15.484802891610272,15.602495913632476,15.418951389444716,15.431444848112635,15.431444848112635,148498039,AAPL,synthetic (offline fallback)
2019-09-17,15.678739006513679,15.853277998983952,15.53844906303453,15.72344123751268,15.72344123751268,64996794,AAPL,synthetic (offline fallback)
2019-09-18,15.999535344059359,16.061901558135133,15.99861412444083,16.021039703679104,16.021039703679104,48285808,AAPL,synthetic (offline fallback)
2019-09-19,15.806523189472141,15.815614674384742,15.659396683905873,15.74751478701679,15.74751478701679,124069055,AAPL,synthetic (offline fallback)
2019-09-20,15.204583966469633,15.306792245784454,15.125016353793026,15.202633427615728,15.202633427615728,82501463,AAPL,synthetic (offline fallback)
2019-09-23,14.574921700982763,14.724817409714342,14.521628453822588,14.64352355030194,14.64352355030194,123520197,AAPL,synthetic (offline fallback)
2019-09-24,14.714333977367282,14.75250763289653,14.601148565769977,14.690359767934027,14.690359767934027,44773951,AAPL,synthetic (offline fallback)
2019-09-25,14.830555044653416,14.903164175434748,14.725395379035653,14.84821547719136,14.84821547719136,143366695,AAPL,synthetic (offline fallback)
2019-09-26,14.561454052350888,14.63742787013723,14.490095406598394,14.494495938996376,14.494495938996376,77170430,AAPL,synthetic (offline fallback)
2019-09-27,14.485820278374005,14.534641606720378,14.414045136615453,14.512211618166717,14.512211618166717,130770315,AAPL,synthetic (offline fallback)
2019-09-30,14.81601159199254,14.877903956485552,14.69890132228869,14.769433555480319,14.769433555480319,152279943,AAPL,synthetic (offline fallback)
2019-10-01,15.131068245439197,15.185266473052176,15.01238588610658,15.050890734252706,15.050890734252706,104259482,AAPL,synthetic (offline fallback)
2019-10-02,15.72802907879571,15.786651067567606,15.63399915544519,15.768282819043739,15.768282819043739,80085928,AAPL,synthetic (offline fallback)
2019-10-03,16.392950542678857,16.523756602005,16.326279998798352,16.402458048080845,16.402458048080845,77513450,AAPL,synthetic (offline fallback)
2019-10-04,15.925201265530946,15.960222152404096,15.888915021380454,15.906656079791755,15.906656079791755,122362189,AAPL,synthetic (offline fallback)
2019-10-07,16.728993125095243,16.92235303968326,16.591635758923545,16.772131672647713,16.772131672647713,40697379,AAPL,synthetic (offline fallback)
2019-10-08,16.508701104693074,16.56599347317614,16.400371479290953,16.495325295478064,16.495325295478064,57626749,AAPL,synthetic (offline fallback)
2019-10-09,17.04670142633447,17.129196852002064,17.032971687670578,17.058211639933646,17.058211639933646,117656497,AAPL,synthetic (offline fallback)
2019-10-10,17.08952796387857,17.154807495520863,16.995935829120864,17.102101475311663,17.102101475311663,43081553,AAPL,synthetic (offline fallback)
2019-10-11,16.893611428621277,16.94031121476342,16.866070791530653,16.891131554133437,16.891131554133437,74765582,AAPL,synthetic (offline fallback)
2019-10-14,15.990167723057189,16.093295341910512,15.985902325205336,15.986749849514034,15.986749849514034,117721731,AAPL,synthetic (offline fallback)
2019-10-15,15.914258563488906,16.015214832853705,15.86760350124345,15.906438285470456,15.906438285470456,70012012,AAPL,synthetic (offline fallback)
2019-10-16,15.135084999249084,15.275657686779462,15.00985365156167,15.162323796091423,15.162323796091423,151687795,AAPL,synthetic (offline fallback)
2019-10-17,15.615144116344041,15.68870141585071,15.599215772348868,15.641194763547347,15.641194763547347,156979064,AAPL,synthetic (offline fallback)
2019-10-18,16.415715998005364,16.44996621548523,16.401517382391646,16.421558176972226,16.421558176972226,44031575,AAPL,synthetic (offline fallback)
2019-10-21,16.006062686677296,16.020561082131152,15.900998247858546,16.008212156126827,16.008212156126827,60908823,AAPL,synthetic (offline fallback)
2019-10-22,16.150658226419463,16.276549334685566,16.095929746080753,16.171949374345207,16.171949374345207,148891340,AAPL,synthetic (offline fallback)
2019-10-23,15.82531082957721,15.86998290286723,15.793973495961174,15.809946424418836,15.809946424418836,43892168,AAPL,synthetic (offline fallback)
2019-10-24,15.420697057826676,15.576496587228752,15.38845455829207,15.505111306550916,15.505111306550916,98398723,AAPL,synthetic (offline fallback)
2019-10-25,15.858076059509946,15.95314238988834,15.756091549784905,15.892903749344898,15.892903749344898,153926847,AAPL,synthetic (offline fallback)
2019-10-28,15.866755560756516,15.939064353859436,15.781502081890181,15.880091399152318,15.880091399152318,110625728,AAPL,synthetic (offline fallback)
2019-10-29,16.70873655189521,16.83696709799644,16.61393334053262,16.751760862547005,16.751760862547005,76720806,AAPL,synthetic (offline fallback)
2019-10-30,16.586873839975265,16.664809164872015,16.493680481144413,16.50619824374302,16.50619824374302,40763020,AAPL,synthetic (offline fallback)
2019-10-31,17.034643923687042,17.14593401199299,16.98123186982092,17.03368006369947,17.03368006369947,87210406,AAPL,synthetic (offline fallback)
2019-11-01,17.101515558053695,17.12294531262395,16.969475677183723,17.09245127671686,17.09245127671686,105027776,AAPL,synthetic (offline fallback)
2019-11-04,17.49393680896217,17.585930906172713,17.463073235859824,17.519334450130433,17.519334450130433,49712188,AAPL,synthetic (offline fallback)
2019-11-05,17.288132881449307,17.29891526860373,17.26147583129968,17.288951284406252,17.288951284406252,103388847,AAPL,synthetic (offline fallback)
2019-11-06,17.207086493448706,17.39830344387862,17.14647950956704,17.27004895390845,17.27004895390845,88487825,AAPL,synthetic (offline fallback)
2019-11-07,17.20960680882413,17.313741387847553,17.158022490402626,17.21837873095149,17.21837873095149,79099601,AAPL,synthetic (offline fallback)
2019-11-08,16.768480179697328,16.859530391924906,16.74952468864361,16.815749677239516,16.815749677239516,156666554,AAPL,synthetic (offline fallback)
2019-11-11,17.13348092252531,17.245320160704175,17.017461195743312,17.147751465706598,17.147751465706598,147242326,AAPL,synthetic (offline fallback)
2019-11-12,17.34562613100784,17.54248692801491,17.27913965081618,17.4798671353777,17.4798671353777,123282366,AAPL,synthetic (offline fallback)
2019-11-13,17.72853511707158,17.82269715885455,17.637865877805208,17.788732358595496,17.788732358595496,110904067,AAPL,synthetic (offline fallback)
2019-11-14,18.68097675828864,18.76601899527238,18.57749555219295,18.599292770910754,18.599292770910754,96858981,AAPL,synthetic (offline fallback)
2019-11-15,19.47057922246996,19.48090037416795,19.33330441092429,19.422194781980906,19.422194781980906,48441397,AAPL,synthetic (offline fallback)
2019-11-18,19.28636664879067,19.450226397944597,19.109002579421336,19.21034903070618,19.21034903070618,76896597,AAPL,synthetic (offline fallback)
2019-11-19,19.514508424632545,19.609025507942427,19.313099378518675,19.43360315131428,19.43360315131428,41251717,AAPL,synthetic (offline fallback)
2019-11-20,19.125449749528332,19.23407445317404,19.028007163493193,19.08691399028362,19.08691399028362,83925275,AAPL,synthetic (offline fallback)
2019-11-21,19.081703012860782,19.21141436818433,18.988917659846646,19.107662799258485,19.107662799258485,96836358,AAPL,synthetic (offline fallback)
2019-11-22,18.730929921875717,18.922809602735533,18.679663231123502,18.78939788408079,18.78939788408079,113347377,AAPL,synthetic (offline fallback)
2019-11-25,19.755579159560572,19.811716198028787,19.61259120348897,19.68784835786868,19.68784835786868,82594941,AAPL,synthetic (offline fallback)
2019-11-26,19.91233957816159,19.928938995310816,19.778782999008982,19.90848322685634,19.90848322685634,70534007,AAPL,synthetic (offline fallback)
2019-11-27,19.93829689361998,20.00554344217779,19.677643785841433,19.790225074984946,19.790225074984946,125201283,AAPL,synthetic (offline fallback)
2019-11-28,20.464529290076328,20.642718490360885,20.34595018655702,20.486968542324526,20.486968542324526,58233703,AAPL,synthetic (offline fallback)
2019-11-29,19.351507940631908,19.462078014401005,19.135593173305427,19.237646322575284,19.237646322575284,55049999,AAPL,synthetic (offline fallback)
2019-12-02,18.084514292742156,18.176507661475384,17.983902234350488,18.09302480601747,18.09302480601747,123547440,AAPL,synthetic (offline fallback)
2019-12-03,18.63993087402482,18.670455594407724,18.534418838873535,18.565517572892887,18.565517572892887,110304077,AAPL,synthetic (offline fallback)
2019-12-04,18.703422814620236,18.729547449674566,18.582391977930545,18.6087031161668,18.6087031161668,144336373,AAPL,synthetic (offline fallback)
2019-12-05,18.7035822885576,18.872095198931692,18.634168156965842,18.761157462594447,18.761157462594447,128672016,AAPL,synthetic (offline fallback)
2019-12-06,18.000732037364294,18.048590099900377,17.849008668361147,18.026961161927172,18.026961161927172,148184668,AAPL,synthetic (offline fallback)
2019-12-09,17.9653644936291,18.0939911718667,17.904294418716344,18.021211103705266,18.021211103705266,119726469,AAPL,synthetic (offline fallback)
2019-12-10,19.079737138656093,19.211019959207356,19.026704189435296,19.150398921460283,19.150398921460283,140970223,AAPL,synthetic (offline fallback)
2019-12-11,19.699517123741206,19.744150356959533,19.580773062585966,19.66017317434066,19.66017317434066,60299549,AAPL,synthetic (offline fallback)
2019-12-12,19.761350773662855,19.86338291778878,19.752759847404256,19.773014580558513,19.773014580558513,103671961,AAPL,synthetic (offline fallback)
2019-12-13,19.519341855435393,19.64205041269704,19.493614876656324,19.51627586860658,19.51627586860658,153343705,AAPL,synthetic (offline fallback)
2019-12-16,19.32420553862206,19.428431902643865,19.272052795999983,19.29201262138482,19.29201262138482,134659716,AAPL,synthetic (offline fallback)
2019-12-17,18.008077805365932,18.162857991044433,18.004984349250098,18.108983970562566,18.108983970562566,88368853,AAPL,synthetic (offline fallback)
2019-12-18,18.33344300610865,18.39165521232157,18.167547838362495,18.262942605079346,18.262942605079346,151162687,AAPL,synthetic (offline fallback)
2019-12-19,18.731222989694427,18.91438056016637,18.672587165622353,18.750860437503427,18.750860437503427,77501370,AAPL,synthetic (offline fallback)
2019-12-20,17.899703121285313,17.996048470387517,17.84307155130185,17.871159235722065,17.871159235722065,42803510,AAPL,synthetic (offline fallback)
2019-12-23,17.541899322697162,17.607013595981588,17.442134381267223,17.50929459082209,17.50929459082209,135588762,AAPL,synthetic (offline fallback)
2019-12-24,16.96183958659504,17.057616201829465,16.84700428568654,16.89237157203278,16.89237157203278,89451786,AAPL,synthetic (offline fallback)
2019-12-25,16.385362010739595,16.422661944624366,16.332092208405285,16.39051801144887,16.39051801144887,44116394,AAPL,synthetic (offline fallback)
2019-12-26,16.320310076395735,16.434703383651673,16.272034462737516,16.42495200642723,16.42495200642723,64495057,AAPL,synthetic (offline fallback)
2019-12-27,15.40823543206125,15.49972750741887,15.405168963953795,15.4055951774023,15.4055951774023,48636223,AAPL,synthetic (offline fallback)
2019-12-30,15.72929292984581,15.79788654398481,15.642077093319518,15.71982769816139,15.71982769816139,159612254,AAPL,synthetic (offline fallback)
2019-12-31,16.059308483099866,16.12843466721829,16.046457102504615,16.10929211400578,16.10929211400578,141724566,AAPL,synthetic (offline fallback)
2020-01-01,15.994611632180296,16.02398093733692,15.965943551390875,15.987537595032311,15.987537595032311,151547921,AAPL,synthetic (offline fallback)
2020-01-02,14.787634014112404,14.910041639342548,14.767183279076482,14.803667204399428,14.803667204399428,61842272,AAPL,synthetic (offline fallback)
2020-01-03,14.274888539465595,14.419113158413683,14.229714237717301,14.332624102316496,14.332624102316496,136262314,AAPL,synthetic (offline fallback)
2020-01-06,14.962350763605796,15.053992772436375,14.909191373626626,14.932270381577526,14.932270381577526,107648172,AAPL,synthetic (offline fallback)
2020-01-07,13.598265479044597,13.627630337796147,13.567837322089593,13.621301489757812,13.621301489757812,75505576,AAPL,synthetic (offline fallback)
2020-01-08,13.445213349254217,13.563790177552757,13.41956487058623,13.461624922950039,13.461624922950039,120265184,AAPL,synthetic (offline fallback)
2020-01-09,12.914096746078172,13.0189275203541,12.908139368414608,12.932043014730636,12.932043014730636,154252271,AAPL,synthetic (offline fallback)
2020-01-10,13.350805955607814,13.408786472158257,13.209359274756029,13.301504782190426,13.301504782190426,95262189,AAPL,synthetic (offline fallback)
2020-01-13,13.000773979361982,13.035432814345478,12.968118086744408,13.002370000585126,13.002370000585126,43510052,AAPL,synthetic (offline fallback)
2020-01-14,13.190241614472113,13.246219565189481,13.179471521386638,13.187112319818066,13.187112319818066,141091077,AAPL,synthetic (offline fallback)
2020-01-15,13.425619668089624,13.54835469630467,13.35993305054713,13.443390599897182,13.443390599897182,62564764,AAPL,synthetic (offline fallback)
2020-01-16,14.30685686389885,14.417987020459405,14.269591044290035,14.287017904168446,14.287017904168446,61908477,AAPL,synthetic (offline fallback)
2020-01-17,14.252358422900713,14.371821465480545,14.100372447407166,14.194898126187962,14.194898126187962,114024850,AAPL,synthetic (offline fallback)
2020-01-20,14.406067665763372,14.485198852364737,14.370471355500229,14.37812259898068,14.37812259898068,135870768,AAPL,synthetic (offline fallback)
2020-01-21,13.735135106685888,13.770851903132492,13.655228179415685,13.706890675642706,13.706890675642706,135160805,AAPL,synthetic (offline fallback)
2020-01-22,14.288552192986261,14.340658389015763,14.163845143079064,14.262612912698721,14.262612912698721,144154520,AAPL,synthetic (offline fallback)
2020-01-23,13.853896942473467,13.986405148909665,13.839310097183764,13.911500681894275,13.911500681894275,146035702,AAPL,synthetic (offline fallback)
2020-01-24,13.62523828055842,13.6913625857856,13.602305859241914,13.661144638800277,13.661144638800277,55396260,AAPL,synthetic (offline fallback)
2020-01-27,13.648271526183724,13.676199565693848,13.597595278689758,13.656669861664282,13.656669861664282,76061033,AAPL,synthetic (offline fallback)
2020-01-28,12.971719109180004,13.087641807177315,12.853279843407458,13.000027867521336,13.000027867521336,126415248,AAPL,synthetic (offline fallback)
2020-01-29,13.060416574466469,13.147002001426502,13.021573278608914,13.102260097411502,13.102260097411502,86896552,AAPL,synthetic (offline fallback)
2020-01-30,13.441056626420272,13.601511956409949,13.373904514180127,13.516975084952271,13.516975084952271,125918516,AAPL,synthetic (offline fallback)
2020-01-31,13.59417896484389,13.663650239274283,13.578984037966976,13.649316575368037,13.649316575368037,94579288,AAPL,synthetic (offline fallback)
2020-02-03,12.982299356475867,13.03537796230297,12.899988653508753,12.992297925875656,12.992297925875656,94168419,AAPL,synthetic (offline fallback)
2020-02-04,12.943305940800693,12.969255677039992,12.921391570724461,12.946002322518936,12.946002322518936,43236858,AAPL,synthetic (offline fallback)
2020-02-05,13.223818921567087,13.316457179687712,13.170122715708821,13.255355550887844,13.255355550887844,112999251,AAPL,synthetic (offline fallback)
2020-02-06,12.509310042676525,12.572576496113115,12.49896169211267,12.506348843949327,12.506348843949327,143676310,AAPL,synthetic (offline fallback)
2020-02-07,12.069400636007378,12.132710741712483,12.014623091939685,12.085129443128862,12.085129443128862,138240811,AAPL,synthetic (offline fallback)
2020-02-10,12.479273300202449,12.538540593920274,12.409143674160342,12.43857774713588,12.43857774713588,80553809,AAPL,synthetic (offline fallback)
2020-02-11,12.546836859316489,12.564428896717738,12.48743198023204,12.552923486864417,12.552923486864417,121209093,AAPL,synthetic (offline fallback)
2020-02-12,12.749865769998562,12.835790191499601,12.63175012281818,12.723286917218381,12.723286917218381,63913414,AAPL,synthetic (offline fallback)
2020-02-13,13.499047391308578,13.594290041276382,13.409418105647896,13.490822828718152,13.490822828718152,116025608,AAPL,synthetic (offline fallback)
2020-02-14,13.644557094691239,13.793771303310521,13.527728596800614,13.702191432034338,13.702191432034338,89103647,AAPL,synthetic (offline fallback)
2020-02-17,13.99443404433131,14.017486232152306,13.95481143149167,13.99824120936602,13.99824120936602,151203833,AAPL,synthetic (offline fallback)
2020-02-18,15.202271444453167,15.334733714774458,15.120589415967626,15.258833993483178,15.258833993483178,125267604,AAPL,synthetic (offline fallback)
2020-02-19,15.15092669128372,15.19436913892201,15.148520235325217,15.155842678526579,15.155842678526579,48797090,AAPL,synthetic (offline fallback)
2020-02-20,14.737566813776048,14.774215424962893,14.628675307356506,14.770584867696373,14.770584867696373,144509869,AAPL,synthetic (offline fallback)
2020-02-21,15.001438548484009,15.020169034918025,14.920131960980637,14.984268238830849,14.984268238830849,126897742,AAPL,synthetic (offline fallback)
2020-02-24,15.142022834340079,15.217774812282522,15.082359180447735,15.203247269085765,15.203247269085765,65845175,AAPL,synthetic (offline fallback)
2020-02-25,14.958328845261445,14.987285705316287,14.893482076576179,14.957669130147028,14.957669130147028,73906100,AAPL,synthetic (offline fallback)
2020-02-26,14.512218547238213,14.602546828113697,14.401281809250252,14.487340209380982,14.487340209380982,60713556,AAPL,synthetic (offline fallback)
2020-02-27,15.630379417130893,15.6693783023342,15.476936673548726,15.58793679003498,15.58793679003498,77223354,AAPL,synthetic (offline fallback)
2020-02-28,15.727200408530107,15.872668284498493,15.610524386975914,15.763337912297743,15.763337912297743,153253956,AAPL,synthetic (offline fallback)
2020-03-02,15.400897428212481,15.502687858910269,15.345303714732367,15.400077329178506,15.400077329178506,148266968,AAPL,synthetic (offline fallback)
2020-03-03,15.876261403478855,15.962443502275953,15.811796971147093,15.867495549659381,15.867495549659381,106107162,AAPL,synthetic (offline fallback)
2020-03-04,15.891520117617018,15.946195415973472,15.711599027688095,15.818102312277555,15.818102312277555,83464275,AAPL,synthetic (offline fallback)
2020-03-05,15.629399863262314,15.806370923889567,15.538763498436053,15.699166806419553,15.699166806419553,83892642,AAPL,synthetic (offline fallback)
2020-03-06,15.936300710605634,15.98998358640814,15.880279810829668,15.979978908968063,15.979978908968063,154833931,AAPL,synthetic (offline fallback)
2020-03-09,15.496743366581072,15.543817483775701,15.30167678089064,15.36745104637552,15.36745104637552,63918334,AAPL,synthetic (offline fallback)
2020-03-10,15.530213920709132,15.606016418846645,15.450577506722047,15.542948131467249,15.542948131467249,130902105,AAPL,synthetic (offline fallback)
2020-03-11,16.392476946939322,16.59697323727033,16.297259271743908,16.48600172859581,16.48600172859581,159429738,AAPL,synthetic (offline fallback)
2020-03-12,16.709032159180115,16.86641724247533,16.6219781771077,16.73828482986123,16.73828482986123,142634626,AAPL,synthetic (offline fallback)
2020-03-13,16.411418955824526,16.689045235746136,16.26678181607526,16.54888424310204,16.54888424310204,126302114,AAPL,synthetic (offline fallback)
2020-03-16,16.310410974949818,16.383535039451115,16.208548929335457,16.298630941614277,16.298630941614277,147976762,AAPL,synthetic (offline fallback)
2020-03-17,16.141318002978796,16.20185069838716,16.05174154840455,16.102200054345914,16.102200054345914,66146236,AAPL,synthetic (offline fallback)
2020-03-18,15.94212554216442,16.08418306021647,15.922106633949696,15.985846626927342,15.985846626927342,158048582,AAPL,synthetic (offline fallback)
2020-03-19,15.792050062480175,15.923701482926301,15.719863439841783,15.81438268721972,15.81438268721972,50951133,AAPL,synthetic (offline fallback)
2020-03-20,16.29522447573043,16.357498015241244,16.16974441601534,16.250195793120806,16.250195793120806,41660691,AAPL,synthetic (offline fallback)
2020-03-23,15.367091069201235,15.59171248784587,15.29088913381265,15.448204126500134,15.448204126500134,63913881,AAPL,synthetic (offline fallback)
2020-03-24,15.802555314148089,15.991513217922291,15.674228531208229,15.86545730909232,15.86545730909232,113071572,AAPL,synthetic (offline fallback)
2020-03-25,15.67817002379365,15.737562830153916,15.669303660083678,15.688906657172712,15.688906657172712,69729112,AAPL,synthetic (offline fallback)
2020-03-26,15.838459950059882,15.882889535779935,15.802780300834772,15.874288290362374,15.874288290362374,116021359,AAPL,synthetic (offline fallback)
2020-03-27,15.344343596229141,15.387093241441198,15.231690032850098,15.357883116618869,15.357883116618869,53330277,AAPL,synthetic (offline fallback)
2020-03-30,15.93002937642197,16.08800815238261,15.8122344342618,15.990653958564936,15.990653958564936,123648558,AAPL,synthetic (offline fallback)
2020-03-31,16.630451631356458,16.642501171984794,16.57359422703696,16.619766111324903,16.619766111324903,67558164,AAPL,synthetic (offline fallback)
2020-04-01,17.122555092459137,17.191306100862246,17.09750817182756,17.130224281117027,17.130224281117027,102816179,AAPL,synthetic (offline fallback)
2020-04-02,16.371927266825704,16.447524132482055,16.292463239517293,16.34499771470617,16.34499771470617,54013564,AAPL,synthetic (offline fallback)
2020-04-03,16.800322763862543,16.8998820979403,16.73852270126022,16.7902285036473,16.7902285036473,156428871,AAPL,synthetic (offline fallback)
2020-04-06,17.02570595108067,17.15579355423324,16.935367343251983,17.015155359996005,17.015155359996005,85327804,AAPL,synthetic (offline fallback)
2020-04-07,16.11496205291457,16.27531109875957,16.082610652633793,16.185188323635355,16.185188323635355,112565848,AAPL,synthetic (offline fallback)
2020-04-08,16.202919528580022,16.25803611687329,16.136746188095618,16.179010596778184,16.179010596778184,98343431,AAPL,synthetic (offline fallback)
2020-04-09,16.354901130621162,16.389927923313103,16.268364026353634,16.371151122216776,16.371151122216776,111435997,AAPL,synthetic (offline fallback)
2020-04-10,16.652325645760353,16.766750416580848,16.553809857536088,16.660652555320517,16.660652555320517,94634196,AAPL,synthetic (offline fallback)
2020-04-13,16.810499748465727,16.830210463965297,16.685812436602767,16.75779993437207,16.75779993437207,48778930,AAPL,synthetic (offline fallback)
2020-04-14,16.87467777570226,16.972470776138575,16.833479632003954,16.911177282420862,16.911177282420862,139505208,AAPL,synthetic (offline fallback)
2020-04-15,17.73949030327761,17.864263238346076,17.62506481298064,17.667872645370707,17.667872645370707,117096534,AAPL,synthetic (offline fallback)
2020-04-16,18.420907097717524,18.498877707950392,18.291618150276015,18.341425887767038,18.341425887767038,70479446,AAPL,synthetic (offline fallback)
2020-04-17,16.843156166845795,16.921203655205165,16.690207337842963,16.805204078554592,16.805204078554592,50083729,AAPL,synthetic (offline fallback)
2020-04-20,16.58908171031058,16.7400848407771,16.529549938437764,16.638028501306145,16.638028501306145,146451258,AAPL,synthetic (offline fallback)
2020-04-21,16.448259642272703,16.65283403631785,16.37820016417918,16.556854056852686,16.556854056852686,79905828,AAPL,synthetic (offline fallback)
2020-04-22,15.727759627171833,15.770987218297304,15.625061666786005,15.677020874758021,15.677020874758021,148974738,AAPL,synthetic (offline fallback)
2020-04-23,15.736357510541756,15.796269996847453,15.62558212222571,15.731100881632237,15.731100881632237,131904439,AAPL,synthetic (offline fallback)
2020-04-24,16.332056892035297,16.394843711614257,16.277114371417593,16.368650522946677,16.368650522946677,155175965,AAPL,synthetic (offline fallback)
2020-04-27,15.873056569082607,15.964471035671062,15.752803115935638,15.817368564708072,15.817368564708072,119187909,AAPL,synthetic (offline fallback)
2020-04-28,15.954217864520592,16.037823385864908,15.833787265998161,15.995561217986534,15.995561217986534,61717988,AAPL,synthetic (offline fallback)
2020-04-29,15.526447355887235,15.61118989290063,15.505849688319492,15.546229400725181,15.546229400725181,44252019,AAPL,synthetic (offline fallback)
2020-04-30,15.249586861351151,15.353423713976657,15.145109155044576,15.225611531000784,15.225611531000784,69490137,AAPL,synthetic (offline fallback)
2020-05-01,15.902088574882836,15.957838562580612,15.846413472267832,15.955392485637434,15.955392485637434,92711815,AAPL,synthetic (offline fallback)
2020-05-04,15.681374096054986,15.74789418809184,15.574095575478298,15.686526221532912,15.686526221532912,114859873,AAPL,synthetic (offline fallback)
2020-05-05,15.976536028113065,15.99919302475248,15.830270236156093,15.924504119397612,15.924504119397612,147506184,AAPL,synthetic (offline fallback)
2020-05-06,15.03415460150684,15.072279347673547,15.023198502127153,15.02463901336259,15.02463901336259,56906995,AAPL,synthetic (offline fallback)
2020-05-07,16.023758018948364,16.027785945759646,15.866608554792244,15.964016216139882,15.964016216139882,116194729,AAPL,synthetic (offline fallback)
2020-05-08,16.34983348130421,16.373624521991804,16.195699233313515,16.294419304865208,16.294419304865208,50274559,AAPL,synthetic (offline fallback)
2020-05-11,16.203545328373636,16.33025325784424,16.131127737942556,16.203169171748414,16.203169171748414,97773519,AAPL,synthetic (offline fallback)
2020-05-12,16.397023317078467,16.644897061017303,16.365780946248943,16.51278161720953,16.51278161720953,48843665,AAPL,synthetic (offline fallback)
2020-05-13,15.741250630710972,15.86595262735462,15.726251616780093,15.79364314981773,15.79364314981773,84866404,AAPL,synthetic (offline fallback)
2020-05-14,16.45492221183689,16.541961283305593,16.32793415829312,16.417326495791716,16.417326495791716,112737956,AAPL,synthetic (offline fallback)
2020-05-15,16.17526273022564,16.370327679502164,16.10760976245778,16.250841400109692,16.250841400109692,128672325,AAPL,synthetic (offline fallback)
2020-05-18,16.135420183970183,16.24632446314498,16.04404994560198,16.151249664655765,16.151249664655765,102940472,AAPL,synthetic (offline fallback)
2020-05-19,15.926445108769087,15.988118360600842,15.879129355737822,15.910289135477448,15.910289135477448,71066279,AAPL,synthetic (offline fallback)
2020-05-20,15.701407797897373,15.704824633561802,15.570752428926045,15.632488656204428,15.632488656204428,149562039,AAPL,synthetic (offline fallback)
2020-05-21,15.949121827210265,16.046028666127576,15.924796481682632,15.9766825486587,15.9766825486587,152024066,AAPL,synthetic (offline fallback)
2020-05-22,16.07786541505048,16.26691632569764,15.97578534963654,16.108963174477026,16.108963174477026,156108824,AAPL,synthetic (offline fallback)
2020-05-25,16.432081775152742,16.46848492800891,16.425746298448246,16.434667561364805,16.434667561364805,135032260,AAPL,synthetic (offline fallback)
2020-05-26,16.454212386271312,16.510753324979152,16.38912187920473,16.436908613023633,16.436908613023633,133346129,AAPL,synthetic (offline fallback)
2020-05-27,16.684100830548658,16.734637184523066,16.663636937684892,16.69182481361151,16.69182481361151,49295248,AAPL,synthetic (offline fallback)
2020-05-28,16.548833074188497,16.612733127432328,16.397742863729306,16.49690403640847,16.49690403640847,108707728,AAPL,synthetic (offline fallback)
2020-05-29,17.55222033944371,17.68336419462176,17.513161683960398,17.59440171231638,17.59440171231638,88876375,AAPL,synthetic (offline fallback)
2020-06-01,16.79139485481066,16.847942518715843,16.670048411147185,16.785344026994547,16.785344026994547,71075549,AAPL,synthetic (offline fallback)
2020-06-02,17.486553442162986,17.60381318637009,17.448950349833016,17.463228887774616,17.463228887774616,48161783,AAPL,synthetic (offline fallback)
2020-06-03,18.21810309308224,18.330485223023913,18.15437056548981,18.24000383704743,18.24000383704743,65598938,AAPL,synthetic (offline fallback)
2020-06-04,17.800465326195553,17.80475234953512,17.66367900807942,17.75573632153516,17.75573632153516,149823298,AAPL,synthetic (offline fallback)
2020-06-05,19.08534162522384,19.179135331672313,19.074283854976606,19.076816660879782,19.076816660879782,149041518,AAPL,synthetic (offline fallback)
2020-06-08,19.7760741934053,19.908777453297194,19.72320495766979,19.72938387372952,19.72938387372952,129136257,AAPL,synthetic (offline fallback)
2020-06-09,20.400202896243723,20.473931873183904,20.344329535572896,20.38833052011309,20.38833052011309,52188058,AAPL,synthetic (offline fallback)
2020-06-10,20.43865338794129,20.529780757936972,20.303881818696706,20.415599812643894,20.415599812643894,122385415,AAPL,synthetic (offline fallback)
2020-06-11,20.241758108599647,20.434074031252816,20.064514581370695,20.280233265632152,20.280233265632152,55214911,AAPL,synthetic (offline fallback)
2020-06-12,20.11572173775351,20.2300220780417,20.099444492586752,20.15385919013615,20.15385919013615,121924221,AAPL,synthetic (offline fallback)
2020-06-15,20.483161903641665,20.503006648479214,20.32069163242952,20.408198723605057,20.408198723605057,74221900,AAPL,synthetic (offline fallback)
2020-06-16,21.352645435333915,21.41142794226941,21.181876813972284,21.312013413978896,21.312013413978896,54701434,AAPL,synthetic (offline fallback)
2020-06-17,21.37589214484864,21.49833421003126,21.232911348563196,21.441694464474462,21.441694464474462,152024698,AAPL,synthetic (offline fallback)
2020-06-18,20.871950065706212,20.970982219801055,20.78557878970804,20.86063129005947,20.86063129005947,108251865,AAPL,synthetic (offline fallback)
2020-06-19,21.251426912723627,21.4310220043978,21.104563971729508,21.40385075787107,21.40385075787107,150733198,AAPL,synthetic (offline fallback)
2020-06-22,21.98897915704885,22.15833551130768,21.886697652503365,22.026905534353386,22.026905534353386,42435971,AAPL,synthetic (offline fallback)
2020-06-23,22.54984813134893,22.619433880610035,22.35983381703047,22.485021946149963,22.485021946149963,128738657,AAPL,synthetic (offline fallback)
2020-06-24,23.005618805455704,23.18126518641708,22.95340426322902,23.014259204506402,23.014259204506402,97583118,AAPL,synthetic (offline fallback)
2020-06-25,22.841394765152124,22.941284589914222,22.667251312772144,22.83331775279143,22.83331775279143,96271624,AAPL,synthetic (offline fallback)
2020-06-26,22.01217327779133,22.34017705289582,21.876064136831857,22.21318356881882,22.21318356881882,144791485,AAPL,synthetic (offline fallback)
2020-06-29,21.62089072679961,21.80649007256697,21.459053847052285,21.64636331979465,21.64636331979465,45653887,AAPL,synthetic (offline fallback)
2020-06-30,20.628142978539437,20.659847966797305,20.555199999118294,20.607230417558636,20.607230417558636,153300834,AAPL,synthetic (offline fallback)
2020-07-01,20.797404680649823,20.90020516278159,20.641644553179113,20.768414681411816,20.768414681411816,43397361,AAPL,synthetic (offline fallback)
2020-07-02,20.783596332676353,20.82587466922143,20.70500099303946,20.723765430608854,20.723765430608854,83534603,AAPL,synthetic (offline fallback)
2020-07-03,20.448608380788887,20.573558039277906,20.356379489040627,20.461514957187216,20.461514957187216,56576119,AAPL,synthetic (offline fallback)
2020-07-06,18.749463279829,18.847710814693645,18.701603824771297,18.75878578553844,18.75878578553844,102776797,AAPL,synthetic (offline fallback)
2020-07-07,17.964549249625847,18.08646771222498,17.85293874099697,18.03662997710681,18.03662997710681,111491763,AAPL,synthetic (offline fallback)
2020-07-08,18.69504122795075,18.738034062054727,18.642890012454295,18.706518886056195,18.706518886056195,117047547,AAPL,synthetic (offline fallback)
2020-07-09,18.2458692074611,18.388243542297378,18.244332979352226,18.31518715760465,18.31518715760465,135771925,AAPL,synthetic (offline fallback)
2020-07-10,18.43350398338821,18.6300105688522,18.406426087744855,18.53626179630707,18.53626179630707,130116426,AAPL,synthetic (offline fallback)
2020-07-13,17.688081341774176,17.858273472346088,17.682096309411378,17.745853644614588,17.745853644614588,153815891,AAPL,synthetic (offline fallback)
2020-07-14,18.677915190364168,18.68182572496304,18.54369762302319,18.593758820428985,18.593758820428985,93953216,AAPL,synthetic (offline fallback)
2020-07-15,18.498713402925546,18.562494965973272,18.363222867518544,18.51374070271264,18.51374070271264,61043449,AAPL,synthetic (offline fallback)
2020-07-16,18.70577212155594,18.778196722964747,18.567039532068534,18.693441327800972,18.693441327800972,58682401,AAPL,synthetic (offline fallback)
2020-07-17,20.083264545222665,20.224961963349028,19.934110778020326,20.114250321630113,20.114250321630113,73063345,AAPL,synthetic (offline fallback)
2020-07-20,21.036087461069094,21.181083771234732,20.86664675235439,21.149696291838442,21.149696291838442,112350988,AAPL,synthetic (offline fallback)
2020-07-21,21.001210009210595,21.062214372292857,20.874722631977907,20.94239665209008,20.94239665209008,46492034,AAPL,synthetic (offline fallback)
2020-07-22,20.413636316901457,20.71269527545348,20.319265287344564,20.547536277140917,20.547536277140917,154579818,AAPL,synthetic (offline fallback)
2020-07-23,20.306091398475537,20.417711615253815,20.22311824335802,20.339944755665908,20.339944755665908,158685659,AAPL,synthetic (offline fallback)
2020-07-24,20.677612021213832,20.829524970623137,20.655016591562827,20.68100049234708,20.68100049234708,59777037,AAPL,synthetic (offline fallback)
2020-07-27,20.63516231915271,20.720883249383625,20.515137160254028,20.62090360499536,20.62090360499536,133709809,AAPL,synthetic (offline fallback)
2020-07-28,20.335953132921908,20.470721354067862,20.196014538376197,20.38037029155949,20.38037029155949,111554460,AAPL,synthetic (offline fallback)
2020-07-29,21.197174057880986,21.406722549759134,21.106773693841408,21.314700855466544,21.314700855466544,97685695,AAPL,synthetic (offline fallback)
2020-07-30,21.19685362716803,21.29193405767594,21.070258668771864,21.24791832169884,21.24791832169884,128154837,AAPL,synthetic (offline fallback)
2020-07-31,22.736869577376687,22.838830816822227,22.71270457404565,22.788057798273076,22.788057798273076,109067842,AAPL,synthetic (offline fallback)
2020-08-03,22.81004184527556,23.017127689148605,22.691476941273976,22.863067712058008,22.863067712058008,78841767,AAPL,synthetic (offline fallback)
2020-08-04,24.244581453704466,24.388383371028766,24.139786902242136,24.174230194718337,24.174230194718337,107460929,AAPL,synthetic (offline fallback)
2020-08-05,24.372875454613258,24.64082077008615,24.160270467137956,24.461936677544852,24.461936677544852,56291233,AAPL,synthetic (offline fallback)
2020-08-06,25.247117331982643,25.27388754667469,25.176531441146125,25.224341320136496,25.224341320136496,70523290,AAPL,synthetic (offline fallback)
2020-08-07,24.675416219733602,24.68043107938194,24.582072667480265,24.663703646091612,24.663703646091612,156756544,AAPL,synthetic (offline fallback)
2020-08-10,24.089382024198724,24.120249064977525,23.934427714621958,24.02017113820444,24.02017113820444,62246883,AAPL,synthetic (offline fallback)
2020-08-11,24.36987919000601,24.553123921319155,24.320134027642492,24.379616301857492,24.379616301857492,111786455,AAPL,synthetic (offline fallback)
2020-08-12,25.209117001796926,25.383458142677405,25.07217449472615,25.14942752902043,25.14942752902043,75637085,AAPL,synthetic (offline fallback)
2020-08-13,25.178103256984883,25.318829505654637,25.13278910585414,25.19111851071086,25.19111851071086,95772589,AAPL,synthetic (offline fallback)
2020-08-14,24.266355847600604,24.499878268572655,24.09735212049882,24.234773633950415,24.234773633950415,69658425,AAPL,synthetic (offline fallback)
2020-08-17,23.141553470468395,23.275694897873137,22.958877819637877,23.2463672317941,23.2463672317941,108253558,AAPL,synthetic (offline fallback)
2020-08-18,22.058689334335448,22.34407546464458,21.996742460913254,22.234673085943882,22.234673085943882,106903370,AAPL,synthetic (offline fallback)
2020-08-19,21.042371119389546,21.070435057664312,20.94074523084993,21.018564640550018,21.018564640550018,114114829,AAPL,synthetic (offline fallback)
2020-08-20,21.13025741370365,21.191228154042456,20.93146950549454,21.102959693315917,21.102959693315917,76984336,AAPL,synthetic (offline fallback)
2020-08-21,21.91902259125065,22.060414481457897,21.819745761199744,21.887799492072524,21.887799492072524,109463697,AAPL,synthetic (offline fallback)
2020-08-24,21.852589570288973,22.009168281582596,21.735684624803007,21.887057254304217,21.887057254304217,127473374,AAPL,synthetic (offline fallback)
2020-08-25,20.485048612375298,20.505587269601566,20.303842235550256,20.3939048507783,20.3939048507783,126393379,AAPL,synthetic (offline fallback)
2020-08-26,20.246543160359447,20.322358857976038,20.162136768251788,20.274514558770694,20.274514558770694,108152767,AAPL,synthetic (offline fallback)
2020-08-27,20.202325781993533,20.28886675252041,20.15396071440171,20.176849743772824,20.176849743772824,75897896,AAPL,synthetic (offline fallback)
2020-08-28,21.595481835309833,21.60698921609104,21.533584935286164,21.55702606949699,21.55702606949699,103871651,AAPL,synthetic (offline fallback)
2020-08-31,20.669641546805217,20.758643043287105,20.46467330624503,20.56361103446205,20.56361103446205,104434624,AAPL,synthetic (offline fallback)
2020-09-01,20.2874259020783,20.39329509108344,20.164908432009458,20.306739415706698,20.306739415706698,154155252,AAPL,synthetic (offline fallback)
2020-09-02,21.43545323470989,21.5222042269323,21.414668060107093,21.47754016534766,21.47754016534766,85244172,AAPL,synthetic (offline fallback)
2020-09-03,21.71373877597617,21.853610355011533,21.583833222113828,21.811770385362443,21.811770385362443,78689144,AAPL,synthetic (offline fallback)
2020-09-04,22.332207580835455,22.373949167125357,22.163293205074822,22.228686342994514,22.228686342994514,129985954,AAPL,synthetic (offline fallback)
2020-09-07,22.34882143732439,22.511439040922493,22.246694638704483,22.32060300065526,22.32060300065526,116232383,AAPL,synthetic (offline fallback)
2020-09-08,22.59503366978762,22.66565843660402,22.401918557725647,22.56436456190097,22.56436456190097,91252014,AAPL,synthetic (offline fallback)
2020-09-09,23.34330387805293,23.43617712064846,22.984834701302336,23.127063229879138,23.127063229879138,40006075,AAPL,synthetic (offline fallback)
2020-09-10,22.58303510073231,22.649402714816425,22.44552920054373,22.561035063323153,22.561035063323153,124589317,AAPL,synthetic (offline fallback)
2020-09-11,23.103952743765426,23.333992076508412,23.04903847175174,23.19457311089887,23.19457311089887,128430837,AAPL,synthetic (offline fallback)
2020-09-14,22.219758372188746,22.25447236891097,22.183066556807006,22.232824841794844,22.232824841794844,151640177,AAPL,synthetic (offline fallback)
2020-09-15,22.40863325006197,22.484720405146618,22.369343945798335,22.47435607090633,22.47435607090633,100305271,AAPL,synthetic (offline fallback)
2020-09-16,22.581992826036597,22.751731411010027,22.432127339264124,22.608843205425913,22.608843205425913,101813428,AAPL,synthetic (offline fallback)
2020-09-17,22.170245861480893,22.348641000282566,22.102534749518355,22.19705477186968,22.19705477186968,65006194,AAPL,synthetic (offline fallback)
2020-09-18,22.15160012092019,22.23374688733264,22.038721725142466,22.190679531337935,22.190679531337935,95160838,AAPL,synthetic (offline fallback)
2020-09-21,21.704205502307833,21.8477770180695,21.675357815128265,21.795306560295785,21.795306560295785,40181266,AAPL,synthetic (offline fallback)
2020-09-22,21.22857550310909,21.371363280060134,21.05626310673127,21.12763810849883,21.12763810849883,100086808,AAPL,synthetic (offline fallback)
2020-09-23,20.933631610940385,20.94910617117739,20.86265512185813,20.914880497531335,20.914880497531335,124833275,AAPL,synthetic (offline fallback)
2020-09-24,20.242486027370987,20.285082991585362,20.163030451179594,20.256187638897625,20.256187638897625,134308732,AAPL,synthetic (offline fallback)
2020-09-25,20.50622790523639,20.570490624081366,20.374555031516962,20.459724720946188,20.459724720946188,119524084,AAPL,synthetic (offline fallback)
2020-09-28,19.817673118084326,19.857226762702062,19.650765321101268,19.789706269077595,19.789706269077595,136648345,AAPL,synthetic (offline fallback)
2020-09-29,20.237932638306045,20.35071867978173,20.064822625546807,20.221208239156898,20.221208239156898,119848853,AAPL,synthetic (offline fallback)
2020-09-30,19.57198577812009,19.65577950208609,19.44741542388525,19.531847943523424,19.531847943523424,133581465,AAPL,synthetic (offline fallback)
2020-10-01,19.216708659724393,19.291143156614247,19.18725013836046,19.208990406100682,19.208990406100682,92494578,AAPL,synthetic (offline fallback)
2020-10-02,18.898704341368358,18.999675195803427,18.708956527971512,18.860781639716645,18.860781639716645,112262530,AAPL,synthetic (offline fallback)
2020-10-05,19.672426572355317,19.729453854457812,19.510638245879004,19.62808012659745,19.62808012659745,116715679,AAPL,synthetic (offline fallback)
2020-10-06,19.84360186315263,19.94741828075719,19.71285732306161,19.83391981212492,19.83391981212492,108706423,AAPL,synthetic (offline fallback)
2020-10-07,19.703562564691225,19.722245333967784,19.639314213854128,19.716598854145,19.716598854145,108560174,AAPL,synthetic (offline fallback)
2020-10-08,20.107223824097787,20.1448227628738,19.99481641136709,20.015329574967073,20.015329574967073,133823228,AAPL,synthetic (offline fallback)
2020-10-09,18.804692241491622,18.93345069932217,18.692529427175856,18.831691324332933,18.831691324332933,68667405,AAPL,synthetic (offline fallback)
2020-10-12,18.836511724193443,18.874690725150852,18.769427475480295,18.814424703381494,18.814424703381494,78024719,AAPL,synthetic (offline fallback)
2020-10-13,20.00004511860802,20.011170395226383,19.92642995040533,19.975241357394914,19.975241357394914,102252164,AAPL,synthetic (offline fallback)
2020-10-14,20.028808500595474,20.134586527779174,19.950559119335505,20.065501753055027,20.065501753055027,117447953,AAPL,synthetic (offline fallback)
2020-10-15,20.066179312901102,20.25337228897234,19.957393432396497,20.11492717826163,20.11492717826163,101751135,AAPL,synthetic (offline fallback)
2020-10-16,20.43046510591178,20.469291706014687,20.383669702197817,20.452176237590354,20.452176237590354,63928450,AAPL,synthetic (offline fallback)
2020-10-19,20.975371602625096,21.116597329630064,20.87044401023481,21.006390701207675,21.006390701207675,138834746,AAPL,synthetic (offline fallback)
2020-10-20,19.722590687351847,19.929903448949833,19.62180615144768,19.809244079939617,19.809244079939617,105497652,AAPL,synthetic (offline fallback)
2020-10-21,18.77782952725486,18.926692842603373,18.688047418285986,18.814602390064906,18.814602390064906,92018682,AAPL,synthetic (offline fallback)
2020-10-22,18.963329109485468,19.00595379899196,18.938776152503717,18.948195773788456,18.948195773788456,145368259,AAPL,synthetic (offline fallback)
2020-10-23,18.609748875388036,18.70686569890413,18.426394643192026,18.539339601320105,18.539339601320105,92330252,AAPL,synthetic (offline fallback)
2020-10-26,19.34772538898336,19.374639813889477,19.26392867102588,19.315600184854876,19.315600184854876,158128536,AAPL,synthetic (offline fallback)
2020-10-27,18.98347363323945,19.265555723939563,18.9175438325057,19.1326818326504,19.1326818326504,85914397,AAPL,synthetic (offline fallback)
2020-10-28,18.06394204043523,18.18472490536437,17.951308353693197,18.029255355134563,18.029255355134563,147335664,AAPL,synthetic (offline fallback)
2020-10-29,17.28913301897205,17.327160958672952,17.2288986442102,17.318131456975312,17.318131456975312,102022317,AAPL,synthetic (offline fallback)
2020-10-30,15.868055299072688,15.949490343537986,15.777785960866916,15.846516077009554,15.846516077009554,69074318,AAPL,synthetic (offline fallback)
2020-11-02,15.72531905220376,15.79206612264163,15.723503050657007,15.725985924865933,15.725985924865933,85186929,AAPL,synthetic (offline fallback)
2020-11-03,15.624211323299578,15.680113022217075,15.533773227168137,15.633248323822206,15.633248323822206,149235171,AAPL,synthetic (offline fallback)
2020-11-04,15.419062275839181,15.480508731818452,15.405245953404966,15.42379286391332,15.42379286391332,153361853,AAPL,synthetic (offline fallback)
2020-11-05,15.974520547208048,16.069268562465982,15.820148922021692,15.975595272227581,15.975595272227581,56555998,AAPL,synthetic (offline fallback)
2020-11-06,16.681780087172463,16.775911646865787,16.53317358002344,16.614769152396622,16.614769152396622,158454042,AAPL,synthetic (offline fallback)
2020-11-09,16.528098769960994,16.622853356635478,16.52116491268112,16.529073664002727,16.529073664002727,117725460,AAPL,synthetic (offline fallback)
2020-11-10,15.496500580779738,15.531564788550769,15.373944158501029,15.446198361454808,15.446198361454808,61998805,AAPL,synthetic (offline fallback)
2020-11-11,15.816897004529801,15.892847344076717,15.732531205780045,15.772423225205886,15.772423225205886,110386190,AAPL,synthetic (offline fallback)
2020-11-12,16.101547881428534,16.203496486045513,15.927826803586852,16.06939083460272,16.06939083460272,91072401,AAPL,synthetic (offline fallback)
2020-11-13,16.151155411431812,16.31885195801732,16.06084984442434,16.23818977781747,16.23818977781747,54938722,AAPL,synthetic (offline fallback)
2020-11-16,16.816968460914744,16.895464473407678,16.680094081623697,16.76082141929212,16.76082141929212,158070595,AAPL,synthetic (offline fallback)
2020-11-17,16.132263585957187,16.19927115550268,16.08300565763854,16.15445502354119,16.15445502354119,112409035,AAPL,synthetic (offline fallback)
2020-11-18,17.280127155589394,17.367284581313033,17.12925237155901,17.243103077740024,17.243103077740024,51645872,AAPL,synthetic (offline fallback)
2020-11-19,16.65725133783447,16.742208758261302,16.576687272424234,16.7059927171223,16.7059927171223,81006266,AAPL,synthetic (offline fallback)
2020-11-20,17.075178322596283,17.157990217880336,17.021107831988175,17.136100967978006,17.136100967978006,140774538,AAPL,synthetic (offline fallback)
2020-11-23,16.30580667890635,16.36884658161924,16.163736603765965,16.209696692991912,16.209696692991912,93065562,AAPL,synthetic (offline fallback)
2020-11-24,15.667284560416496,15.748725558660258,15.623218387441202,15.712394045539705,15.712394045539705,99368073,AAPL,synthetic (offline fallback)
2020-11-25,16.603688814475174,16.607301195569686,16.470117898179737,16.546795637469764,16.546795637469764,57096786,AAPL,synthetic (offline fallback)
2020-11-26,16.41136773546028,16.416821418868125,16.343375740383284,16.405539487681867,16.405539487681867,53318963,AAPL,synthetic (offline fallback)
2020-11-27,16.860830581879984,16.958720810812615,16.767333114951064,16.8821081186241,16.8821081186241,157351025,AAPL,synthetic (offline fallback)
2020-11-30,17.021074683276982,17.127900346046733,16.961610666633327,17.023364098537236,17.023364098537236,154298965,AAPL,synthetic (offline fallback)
2020-12-01,16.905527154054155,17.045071786100586,16.81165120481656,16.971772794592425,16.971772794592425,51437401,AAPL,synthetic (offline fallback)
2020-12-02,17.73264259692733,17.758870264987017,17.64988347660113,17.73337433161426,17.73337433161426,105907764,AAPL,synthetic (offline fallback)
2020-12-03,17.547815477778638,17.69409690131288,17.464759316047907,17.605000408784875,17.605000408784875,121724825,AAPL,synthetic (offline fallback)
2020-12-04,16.625403462189958,16.684490198999665,16.562956710901204,16.645150126158402,16.645150126158402,145676922,AAPL,synthetic (offline fallback)
2020-12-07,16.26590981042767,16.41042927306524,16.097219587081874,16.220882284512488,16.220882284512488,107159676,AAPL,synthetic (offline fallback)
2020-12-08,16.533490787014404,16.626432014908392,16.46692849780489,16.520892416552307,16.520892416552307,144292833,AAPL,synthetic (offline fallback)
2020-12-09,16.66459571958107,16.767808737007666,16.578899840618817,16.739025991093044,16.739025991093044,54507625,AAPL,synthetic (offline fallback)
2020-12-10,15.97619733141968,16.032648550678577,15.83386002015015,15.935490688067373,15.935490688067373,41756149,AAPL,synthetic (offline fallback)
2020-12-11,15.572122915207217,15.613256120556603,15.478559595726676,15.572454597367164,15.572454597367164,95787533,AAPL,synthetic (offline fallback)
2020-12-14,15.264860524511823,15.402071986518052,15.215481922496641,15.289730123805066,15.289730123805066,71780884,AAPL,synthetic (offline fallback)
2020-12-15,15.152607734006892,15.166868977229173,15.02354509659897,15.11874131634935,15.11874131634935,130618040,AAPL,synthetic (offline fallback)
2020-12-16,14.479041257303503,14.584217188925049,14.455394029103294,14.486307886467017,14.486307886467017,80430589,AAPL,synthetic (offline fallback)
2020-12-17,14.154917752103316,14.280651873198673,14.149152242921174,14.204590979766175,14.204590979766175,88842297,AAPL,synthetic (offline fallback)
2020-12-18,13.963432667497715,14.06998458234507,13.788559058299777,13.886454093304096,13.886454093304096,104183685,AAPL,synthetic (offline fallback)
2020-12-21,14.233055587632727,14.35377252959555,14.12473760280435,14.233793785324284,14.233793785324284,155374714,AAPL,synthetic (offline fallback)
2020-12-22,14.602558440577884,14.631630795892235,14.60001302156607,14.606124607891603,14.606124607891603,48623921,AAPL,synthetic (offline fallback)
2020-12-23,14.527587684119252,14.611000384297176,14.408003820491013,14.545264770066886,14.545264770066886,106309065,AAPL,synthetic (offline fallback)
2020-12-24,14.428091621804535,14.520970184141765,14.328470378199018,14.377197819236228,14.377197819236228,86676027,AAPL,synthetic (offline fallback)
2020-12-25,14.421204256607881,14.487087062475581,14.317723478244517,14.443948210573222,14.443948210573222,44320694,AAPL,synthetic (offline fallback)
2020-12-28,14.039357800907748,14.111633542716483,13.949314161008942,14.104732383245876,14.104732383245876,137756574,AAPL,synthetic (offline fallback)
2020-12-29,13.610547774175865,13.674521735812135,13.49873319716877,13.638315835085328,13.638315835085328,149678219,AAPL,synthetic (offline fallback)
2020-12-30,13.316097139494513,13.347895065147187,13.153766274022319,13.263304891350716,13.263304891350716,60782933,AAPL,synthetic (offline fallback)
2020-12-31,13.04870135443451,13.13678048666923,12.917607172854728,13.016207739194536,13.016207739194536,131168740,AAPL,synthetic (offline fallback)
2021-01-01,12.563574934055925,12.616171764507998,12.505285495185664,12.573194017891401,12.573194017891401,124153176,AAPL,synthetic (offline fallback)
2021-01-04,12.692640455272919,12.757394644904545,12.619035385377936,12.64056429553667,12.64056429553667,124640379,AAPL,synthetic (offline fallback)
2021-01-05,12.953201675690913,13.034468849161073,12.891296835972376,12.92420200632784,12.92420200632784,95239529,AAPL,synthetic (offline fallback)
2021-01-06,12.321570353623832,12.357951249808169,12.254927298817984,12.331432639964406,12.331432639964406,78423300,AAPL,synthetic (offline fallback)
2021-01-07,12.339736658661977,12.405517266818181,12.327438999794364,12.345881568928565,12.345881568928565,48484614,AAPL,synthetic (offline fallback)
2021-01-08,12.282022277448535,12.284176225017594,12.18191824744321,12.269900190342893,12.269900190342893,44190198,AAPL,synthetic (offline fallback)
2021-01-11,12.367472447555636,12.407024088384413,12.350497862870403,12.398414685676238,12.398414685676238,61284887,AAPL,synthetic (offline fallback)
2021-01-12,12.398897956854919,12.413720331250735,12.318515278475754,12.398730385577059,12.398730385577059,103342624,AAPL,synthetic (offline fallback)
2021-01-13,11.915794110188958,11.949915852097732,11.85194434537729,11.904775762912209,11.904775762912209,56923687,AAPL,synthetic (offline fallback)
2021-01-14,11.422576110902328,11.512989265873488,11.355177089477401,11.480678662803719,11.480678662803719,122391900,AAPL,synthetic (offline fallback)
2021-01-15,11.48875568116239,11.541606288124278,11.395698155667086,11.495284554101767,11.495284554101767,114366141,AAPL,synthetic (offline fallback)
2021-01-18,11.83602400824385,11.874709821163771,11.787989870220187,11.846794741513369,11.846794741513369,81349448,AAPL,synthetic (offline fallback)
2021-01-19,11.14317473983216,11.149256308550104,11.044932703783214,11.108912586531916,11.108912586531916,50478927,AAPL,synthetic (offline fallback)
2021-01-20,11.169981382607505,11.28369354924227,11.152728258145927,11.232134296439096,11.232134296439096,102089668,AAPL,synthetic (offline fallback)
2021-01-21,11.63540430080302,11.650770343868427,11.566571338232636,11.648736490081744,11.648736490081744,138765613,AAPL,synthetic (offline fallback)
2021-01-22,11.582025564384208,11.677293769881237,11.502506711511021,11.598788875718242,11.598788875718242,87250589,AAPL,synthetic (offline fallback)
2021-01-25,11.830709800365508,11.918687587806614,11.76877711688734,11.796732698765819,11.796732698765819,136799095,AAPL,synthetic (offline fallback)
2021-01-26,11.555189916369251,11.610837191616646,11.55335013878648,11.556699680242016,11.556699680242016,74344810,AAPL,synthetic (offline fallback)
2021-01-27,11.58240548131592,11.635869665805687,11.481646835610192,11.52033066862573,11.52033066862573,49607439,AAPL,synthetic (offline fallback)
2021-01-28,11.015550683903859,11.074579549263934,10.978436689530072,10.993710137993322,10.993710137993322,117998024,AAPL,synthetic (offline fallback)
2021-01-29,10.237611197517253,10.297487301539395,10.178297154505767,10.250225832513651,10.250225832513651,146583663,AAPL,synthetic (offline fallback)
2021-02-01,10.572493743139924,10.655668070790897,10.5415893971171,10.564897834207251,10.564897834207251,146035716,AAPL,synthetic (offline fallback)
2021-02-02,10.233012466942446,10.305935312099738,10.17229696003535,10.243893596569581,10.243893596569581,155099299,AAPL,synthetic (offline fallback)
2021-02-03,10.126412533068736,10.158075243572327,10.028262038451311,10.100371872768864,10.100371872768864,52931819,AAPL,synthetic (offline fallback)
2021-02-04,9.634956484295529,9.728638491606901,9.553922150937854,9.673617999630604,9.673617999630604,45216171,AAPL,synthetic (offline fallback)
2021-02-05,9.22802883005222,9.303151160402335,9.18899405301725,9.250888589184083,9.250888589184083,108339499,AAPL,synthetic (offline fallback)
2021-02-08,9.215009186391018,9.215089634187436,9.181705571373616,9.202428824266706,9.202428824266706,154039548,AAPL,synthetic (offline fallback)
2021-02-09,9.028319602871294,9.064538621838047,8.939763071470122,8.995241676393295,8.995241676393295,159749568,AAPL,synthetic (offline fallback)
2021-02-10,9.046871285845643,9.150232461100073,9.000446551943757,9.107031477800145,9.107031477800145,73535460,AAPL,synthetic (offline fallback)
2021-02-11,9.2780193000213,9.3420653501888,9.152658697530091,9.239919290711827,9.239919290711827,119771432,AAPL,synthetic (offline fallback)
2021-02-12,9.33131555645739,9.360623608105469,9.305349616505067,9.335240141685874,9.335240141685874,149632879,AAPL,synthetic (offline fallback)
2021-02-15,9.353448698611668,9.42593020452826,9.349608507179429,9.406611337336917,9.406611337336917,60977889,AAPL,synthetic (offline fallback)
2021-02-16,9.772919544688783,9.879036933734366,9.678033427533363,9.861726198990581,9.861726198990581,157079856,AAPL,synthetic (offline fallback)
2021-02-17,9.505376086109786,9.597043040933432,9.433463300170411,9.549189277170598,9.549189277170598,138094701,AAPL,synthetic (offline fallback)
2021-02-18,9.536287013681298,9.61336439891496,9.517852428428162,9.536850780490843,9.536850780490843,48171874,AAPL,synthetic (offline fallback)
2021-02-19,9.868977844887423,9.925746466461288,9.82458291671324,9.870929269498054,9.870929269498054,141029600,AAPL,synthetic (offline fallback)
2021-02-22,10.281591690855267,10.305694411553846,10.262051583521766,10.262097796497951,10.262097796497951,116995849,AAPL,synthetic (offline fallback)
2021-02-23,9.808728252816264,9.846593406142173,9.761852147925039,9.82492426252456,9.82492426252456,157400968,AAPL,synthetic (offline fallback)
2021-02-24,9.70021501246306,9.785060437683706,9.676068606411928,9.732567249864653,9.732567249864653,65125567,AAPL,synthetic (offline fallback)
2021-02-25,10.14207167937664,10.205471983212536,10.115342887258597,10.154655929784562,10.154655929784562,159104015,AAPL,synthetic (offline fallback)
2021-02-26,10.32371892963026,10.37127507287969,10.299666997894649,10.322678085113852,10.322678085113852,45707883,AAPL,synthetic (offline fallback)
2021-03-01,10.397025244678636,10.425899787122464,10.369432654689609,10.389832172849701,10.389832172849701,49102924,AAPL,synthetic (offline fallback)
2021-03-02,10.300741248696163,10.333221506088949,10.271229739981324,10.325186065765728,10.325186065765728,93725710,AAPL,synthetic (offline fallback)
2021-03-03,10.238991059516842,10.28826348172627,10.195803352271037,10.2113760258437,10.2113760258437,118955632,AAPL,synthetic (offline fallback)
2021-03-04,10.283592812474494,10.352246169872181,10.246239979508651,10.302799190945418,10.302799190945418,60030235,AAPL,synthetic (offline fallback)
2021-03-05,10.204861768709767,10.264212782431681,10.154836845715478,10.231557458204845,10.231557458204845,72765541,AAPL,synthetic (offline fallback)
2021-03-08,10.206553999395489,10.312192128343387,10.137668461636368,10.223188911992153,10.223188911992153,86784098,AAPL,synthetic (offline fallback)
2021-03-09,10.282828800696246,10.326394609357221,10.205058431554185,10.249778180554745,10.249778180554745,55069334,AAPL,synthetic (offline fallback)
2021-03-10,10.061247993154803,10.128734004236488,10.044717754749527,10.065257884789903,10.065257884789903,61116725,AAPL,synthetic (offline fallback)
2021-03-11,10.196156914276353,10.256801450835475,10.192905843536005,10.217445375617084,10.217445375617084,57855450,AAPL,synthetic (offline fallback)
2021-03-12,11.100846878733917,11.138372576790651,11.001358201516897,11.070090588656948,11.070090588656948,154484675,AAPL,synthetic (offline fallback)
2021-03-15,10.572424609324921,10.650501706448972,10.43222818082542,10.504896554064318,10.504896554064318,152372468,AAPL,synthetic (offline fallback)
2021-03-16,10.621060323549276,10.719844316140351,10.513633754837699,10.614383367950804,10.614383367950804,115427977,AAPL,synthetic (offline fallback)
2021-03-17,10.415483064592786,10.497032948590897,10.295611777254539,10.377072048254997,10.377072048254997,122037908,AAPL,synthetic (offline fallback)
2021-03-18,10.596972451227192,10.663242855594948,10.512844367242284,10.564136644095772,10.564136644095772,56450974,AAPL,synthetic (offline fallback)
2021-03-19,10.563927252704758,10.631886443826788,10.469684855334595,10.583155992606128,10.583155992606128,46055314,AAPL,synthetic (offline fallback)
2021-03-22,10.827317368215866,10.84157207081121,10.796084983296929,10.826452307161867,10.826452307161867,85239078,AAPL,synthetic (offline fallback)
2021-03-23,11.167803528276275,11.252759136836309,11.081932685487104,11.210939117553746,11.210939117553746,158107609,AAPL,synthetic (offline fallback)
2021-03-24,11.272996103100672,11.36467311244884,11.186715606246182,11.279931307160151,11.279931307160151,97347060,AAPL,synthetic (offline fallback)
2021-03-25,11.642221436679424,11.698121422449404,11.567778688592213,11.664133340565606,11.664133340565606,136937468,AAPL,synthetic (offline fallback)
2021-03-26,10.872011742184622,10.964967032989653,10.82816763937889,10.885168186396003,10.885168186396003,84382284,AAPL,synthetic (offline fallback)
2021-03-29,11.419329678750017,11.529897827514775,11.384615147450663,11.445077499000808,11.445077499000808,77101516,AAPL,synthetic (offline fallback)
2021-03-30,11.578143609565824,11.675314095282193,11.551948490296061,11.588124350107492,11.588124350107492,137456350,AAPL,synthetic (offline fallback)
2021-03-31,12.012660018193879,12.093244009619083,11.962297330378163,11.993510004052274,11.993510004052274,96504003,AAPL,synthetic (offline fallback)
2021-04-01,11.53823515188909,11.597696220136973,11.45644706826279,11.542372812424192,11.542372812424192,127833739,AAPL,synthetic (offline fallback)
2021-04-02,11.180088368800764,11.28875380711917,11.114795634080595,11.242971653844418,11.242971653844418,127189117,AAPL,synthetic (offline fallback)
2021-04-05,11.27491887050577,11.376744971881022,11.255555764559164,11.300212834055426,11.300212834055426,127250498,AAPL,synthetic (offline fallback)
2021-04-06,11.247204533858898,11.320492347753323,11.176154883592226,11.298706274855181,11.298706274855181,121123850,AAPL,synthetic (offline fallback)
2021-04-07,11.40946104638219,11.427797738371055,11.364016117185434,11.401113371464541,11.401113371464541,137131353,AAPL,synthetic (offline fallback)
2021-04-08,11.79992639292983,11.886052789096968,11.73226070495276,11.782135932128968,11.782135932128968,95569707,AAPL,synthetic (offline fallback)
2021-04-09,11.182121839337942,11.228461802488013,11.148619371983406,11.173522197583027,11.173522197583027,76381595,AAPL,synthetic (offline fallback)
2021-04-12,11.496465991822795,11.57180843949826,11.44966166584551,11.523687398075555,11.523687398075555,101486788,AAPL,synthetic (offline fallback)
2021-04-13,11.539837054539104,11.54901018606072,11.480599971276877,11.53129741631351,11.53129741631351,45184921,AAPL,synthetic (offline fallback)
2021-04-14,11.448131782314741,11.501369164266716,11.39532585419282,11.464300375431462,11.464300375431462,83418014,AAPL,synthetic (offline fallback)
2021-04-15,10.937041845629684,11.054539046467529,10.873209592570728,10.974516266770292,10.974516266770292,100075989,AAPL,synthetic (offline fallback)
2021-04-16,11.17445263814897,11.216987418564539,11.122047588441347,11.149635892760871,11.149635892760871,102446789,AAPL,synthetic (offline fallback)
2021-04-19,10.391077399215288,10.42086762692363,10.314802476890215,10.365639257422307,10.365639257422307,80829626,AAPL,synthetic (offline fallback)
2021-04-20,10.61752270211915,10.667829619957352,10.56559317416726,10.587383740355987,10.587383740355987,127057271,AAPL,synthetic (offline fallback)
2021-04-21,10.082547943110802,10.165737901279659,10.047659780536113,10.100982699162765,10.100982699162765,74206144,AAPL,synthetic (offline fallback)
2021-04-22,10.158367837816883,10.250684519332108,10.063583572140566,10.122553363979776,10.122553363979776,117709549,AAPL,synthetic (offline fallback)
2021-04-23,10.07366054197059,10.127611163820388,10.006722754648562,10.088599202491928,10.088599202491928,72354690,AAPL,synthetic (offline fallback)
2021-04-26,10.483328402817323,10.536395622773329,10.38322351620959,10.4628160105476,10.4628160105476,158393772,AAPL,synthetic (offline fallback)
2021-04-27,10.39293209288302,10.437563838971474,10.361628487008142,10.40888618812823,10.40888618812823,117873627,AAPL,synthetic (offline fallback)
2021-04-28,10.188080444461747,10.238490887200104,10.106453642895108,10.194930892503372,10.194930892503372,91510914,AAPL,synthetic (offline fallback)
2021-04-29,9.97021566627603,10.059231350710283,9.947481820807829,10.043164529003247,10.043164529003247,130716489,AAPL,synthetic (offline fallback)
2021-04-30,10.430253043645756,10.48963548127267,10.378406386922604,10.439708701680859,10.439708701680859,91096288,AAPL,synthetic (offline fallback)
2021-05-03,10.619707111744596,10.659901567166601,10.559243229195742,10.616805858265618,10.616805858265618,136388342,AAPL,synthetic (offline fallback)
2021-05-04,10.484557090739012,10.528459987267752,10.418223259449823,10.497470542076211,10.497470542076211,59102438,AAPL,synthetic (offline fallback)
2021-05-05,10.482521989002645,10.505121057059291,10.35592340076115,10.427583595335381,10.427583595335381,138423917,AAPL,synthetic (offline fallback)
2021-05-06,9.927166654817464,9.971036072409879,9.877913670489347,9.961907794686848,9.961907794686848,155423628,AAPL,synthetic (offline fallback)
2021-05-07,10.066691256657359,10.093726509001804,10.046914881897198,10.083740277117396,10.083740277117396,69111213,AAPL,synthetic (offline fallback)
2021-05-10,9.545357447301976,9.638221016180271,9.452016244923671,9.571339977461378,9.571339977461378,66871144,AAPL,synthetic (offline fallback)
2021-05-11,9.78352327961488,9.815874972721568,9.71682650413981,9.800098489375474,9.800098489375474,154585335,AAPL,synthetic (offline fallback)
2021-05-12,9.87341557562017,9.881225884445165,9.81448070715457,9.842959105820967,9.842959105820967,88733104,AAPL,synthetic (offline fallback)
2021-05-13,10.62784613392743,10.699188150677173,10.577557460572033,10.580929284240533,10.580929284240533,123444543,AAPL,synthetic (offline fallback)
2021-05-14,10.200118163607348,10.242641059948491,10.17555831223689,10.221607845356559,10.221607845356559,62824571,AAPL,synthetic (offline fallback)
2021-05-17,10.170047611235344,10.27773312925266,10.090189548386869,10.192154625247309,10.192154625247309,91305499,AAPL,synthetic (offline fallback)
2021-05-18,10.747392083276345,10.844170381959245,10.654769065841421,10.78483039192652,10.78483039192652,124377142,AAPL,synthetic (offline fallback)
2021-05-19,11.254894898334946,11.317002952215203,11.138725150122696,11.21096075572282,11.21096075572282,147381421,AAPL,synthetic (offline fallback)
2021-05-20,11.001442699348251,11.043478979678532,10.934836052259987,10.964568709817325,10.964568709817325,92335449,AAPL,synthetic (offline fallback)
2021-05-21,11.045018823211976,11.06088593737274,11.041155854479419,11.048531653027439,11.048531653027439,49016863,AAPL,synthetic (offline fallback)
2021-05-24,11.007354023891555,11.127154521343464,10.96243978167985,11.053649999533372,11.053649999533372,89637992,AAPL,synthetic (offline fallback)
2021-05-25,11.110525035783583,11.239761199447221,11.071652879722294,11.1542495568085,11.1542495568085,117149423,AAPL,synthetic (offline fallback)
2021-05-26,10.931486652054089,10.965561778383904,10.913910760816906,10.925893814284613,10.925893814284613,145011386,AAPL,synthetic (offline fallback)
2021-05-27,10.918882611129055,10.982451793734095,10.892108421547292,10.900917748733319,10.900917748733319,140064915,AAPL,synthetic (offline fallback)
2021-05-28,10.340186937307475,10.452021282222288,10.32684535913681,10.404679661800893,10.404679661800893,131137581,AAPL,synthetic (offline fallback)
2021-05-31,10.441458854292254,10.525118181332157,10.424798049370592,10.451533398075611,10.451533398075611,59836283,AAPL,synthetic (offline fallback)
2021-06-01,10.647515679612528,10.718258656773697,10.529651067376424,10.596072935780256,10.596072935780256,102385006,AAPL,synthetic (offline fallback)
2021-06-02,10.522964056382152,10.533318720713766,10.490528426142717,10.529835064594696,10.529835064594696,109133228,AAPL,synthetic (offline fallback)
2021-06-03,10.099828835117913,10.176956773736862,10.0165672295916,10.054894374142117,10.054894374142117,96230848,AAPL,synthetic (offline fallback)
2021-06-04,10.379429238656941,10.460007667245536,10.309476892566611,10.35925832910487,10.35925832910487,150764919,AAPL,synthetic (offline fallback)
2021-06-07,10.443294292962632,10.553286799058878,10.34508724034128,10.477375506558793,10.477375506558793,155188167,AAPL,synthetic (offline fallback)
2021-06-08,10.249739606169285,10.26823408074697,10.189890337375822,10.258746928364367,10.258746928364367,65227427,AAPL,synthetic (offline fallback)
2021-06-09,10.174087310636788,10.227844947530329,10.134236454907175,10.17801686702858,10.17801686702858,154775459,AAPL,synthetic (offline fallback)
2021-06-10,9.718975141175617,9.790659799149246,9.668620286761053,9.746827037692443,9.746827037692443,141580436,AAPL,synthetic (offline fallback)
2021-06-11,9.428634166702542,9.481787524254935,9.374203764744044,9.456147812850514,9.456147812850514,124572504,AAPL,synthetic (offline fallback)
2021-06-14,9.34966073769606,9.416821603951101,9.255148527596251,9.307587595723177,9.307587595723177,85773015,AAPL,synthetic (offline fallback)
2021-06-15,9.631879044418971,9.705056281620779,9.592511071087177,9.660203552008825,9.660203552008825,131217751,AAPL,synthetic (offline fallback)
2021-06-16,9.508540785096349,9.580150063065707,9.430286146461867,9.4778769318631,9.4778769318631,110340487,AAPL,synthetic (offline fallback)
2021-06-17,9.65453816614242,9.713182455920068,9.622869010110326,9.66719691034441,9.66719691034441,147891148,AAPL,synthetic (offline fallback)
2021-06-18,9.51476380238713,9.539269594102526,9.48221901419521,9.51549571518806,9.51549571518806,125351937,AAPL,synthetic (offline fallback)
2021-06-21,9.606270147347622,9.688705647698402,9.56721291195874,9.59010570526516,9.59010570526516,155717050,AAPL,synthetic (offline fallback)
2021-06-22,9.537032274450148,9.59589642923033,9.511086455643891,9.554188501620782,9.554188501620782,90307638,AAPL,synthetic (offline fallback)
2021-06-23,9.81781406996365,9.856350326452832,9.769158820910693,9.801115782174382,9.801115782174382,49872971,AAPL,synthetic (offline fallback)
2021-06-24,9.59511048404686,9.680543441957033,9.557545886299962,9.654381523286936,9.654381523286936,99036607,AAPL,synthetic (offline fallback)
2021-06-25,9.24303872543832,9.252674308530182,9.195535410630637,9.230862090650232,9.230862090650232,159680659,AAPL,synthetic (offline fallback)
2021-06-28,8.797831378328352,8.919106360494384,8.789079253212206,8.863470610962603,8.863470610962603,118605911,AAPL,synthetic (offline fallback)
2021-06-29,8.719197741159983,8.761354758142216,8.690614638301627,8.725135546476137,8.725135546476137,124362665,AAPL,synthetic (offline fallback)
2021-06-30,8.428408929249033,8.4942083500197,8.38037930739471,8.406864414385495,8.406864414385495,115039516,AAPL,synthetic (offline fallback)
2021-07-01,8.532221721596823,8.591378389194293,8.472990932271529,8.516322718638762,8.516322718638762,111129382,AAPL,synthetic (offline fallback)
2021-07-02,8.368142990134334,8.457159329163362,8.343731182459198,8.400866308676967,8.400866308676967,47363099,AAPL,synthetic (offline fallback)
2021-07-05,8.989899696370205,9.041159169531312,8.989256560805732,9.021556275889994,9.021556275889994,89580055,AAPL,synthetic (offline fallback)
2021-07-06,8.526754182526355,8.589242204935106,8.521472965213222,8.54440706526731,8.54440706526731,50373749,AAPL,synthetic (offline fallback)
2021-07-07,8.609221062734756,8.610856320680684,8.564617414105925,8.60441422748838,8.60441422748838,80366787,AAPL,synthetic (offline fallback)
2021-07-08,8.255003057067725,8.348838529238028,8.245148105487141,8.305632528263178,8.305632528263178,126378775,AAPL,synthetic (offline fallback)
2021-07-09,8.178648787371058,8.203370675173295,8.154201749729806,8.178973253190588,8.178973253190588,66833417,AAPL,synthetic (offline fallback)
2021-07-12,8.226527415068762,8.276507912719111,8.188211452820182,8.218848642410572,8.218848642410572,118532206,AAPL,synthetic (offline fallback)
2021-07-13,7.646768748581216,7.672417959412113,7.599447649577205,7.653267226121617,7.653267226121617,67177142,AAPL,synthetic (offline fallback)
2021-07-14,7.727415986928122,7.746737191794505,7.667126843991709,7.715257028055853,7.715257028055853,64084620,AAPL,synthetic (offline fallback)
2021-07-15,8.203664436113483,8.26647761406638,8.19620260208855,8.198162055396487,8.198162055396487,155199668,AAPL,synthetic (offline fallback)
2021-07-16,8.06740781641134,8.11098317554755,8.045565453268964,8.08053839052373,8.08053839052373,113189324,AAPL,synthetic (offline fallback)
2021-07-19,8.104480815566154,8.206127173147898,8.054570801449898,8.151831282553887,8.151831282553887,63700420,AAPL,synthetic (offline fallback)
2021-07-20,8.427076510480132,8.485244160361718,8.407069058445197,8.42370501314799,8.42370501314799,56939932,AAPL,synthetic (offline fallback)
2021-07-21,8.359300702958627,8.414590317165551,8.303424410852896,8.383270368363075,8.383270368363075,45939592,AAPL,synthetic (offline fallback)
2021-07-22,8.222321848375664,8.261204281074574,8.19377485548754,8.23661260083026,8.23661260083026,99624979,AAPL,synthetic (offline fallback)
2021-07-23,7.692890072343034,7.729516368931999,7.675724134901348,7.68184839353085,7.68184839353085,52147282,AAPL,synthetic (offline fallback)
2021-07-26,7.879090381099223,7.922631491889942,7.833317790673436,7.845730334537532,7.845730334537532,110014916,AAPL,synthetic (offline fallback)
2021-07-27,7.819565356935618,7.889122282732272,7.755055480053501,7.820458299760404,7.820458299760404,92052333,AAPL,synthetic (offline fallback)
2021-07-28,7.59242581039729,7.609365261540696,7.5286732890299675,7.579826664134435,7.579826664134435,116282088,AAPL,synthetic (offline fallback)
2021-07-29,7.580103921487903,7.663285147850971,7.5214615038590935,7.613094795952881,7.613094795952881,64900221,AAPL,synthetic (offline fallback)
2021-07-30,7.486405786037882,7.506094169495887,7.458771645212563,7.480895577224372,7.480895577224372,57431462,AAPL,synthetic (offline fallback)
2021-08-02,7.363028597445537,7.393603246472916,7.326219163742738,7.364352102699828,7.364352102699828,52093333,AAPL,synthetic (offline fallback)
2021-08-03,7.531112459386714,7.569439936020291,7.492858727030495,7.50344214528287,7.50344214528287,51471823,AAPL,synthetic (offline fallback)
2021-08-04,7.199061647939819,7.27338595418951,7.171893972970707,7.21075298564875,7.21075298564875,48676261,AAPL,synthetic (offline fallback)
2021-08-05,7.443251088551867,7.474895313095786,7.402474979631622,7.448650711178639,7.448650711178639,71044979,AAPL,synthetic (offline fallback)
2021-08-06,7.159698630480939,7.182185027897347,7.078105300693174,7.1370282641457,7.1370282641457,136052099,AAPL,synthetic (offline fallback)
2021-08-09,6.990653188224991,7.003382436354633,6.971940660147095,6.992583850256121,6.992583850256121,112843579,AAPL,synthetic (offline fallback)
2021-08-10,7.404140077560583,7.435904112243365,7.377932593394409,7.428852334211522,7.428852334211522,70043839,AAPL,synthetic (offline fallback)
2021-08-11,7.767049474522648,7.789612613430563,7.694431968526466,7.708045161008094,7.708045161008094,151801937,AAPL,synthetic (offline fallback)
2021-08-12,7.7106717577221255,7.800086393817892,7.680899281300704,7.735702776825349,7.735702776825349,131327719,AAPL,synthetic (offline fallback)
2021-08-13,7.509576780917078,7.533324291458837,7.506222844181902,7.5110346745849785,7.5110346745849785,133494823,AAPL,synthetic (offline fallback)
2021-08-16,7.39617554027624,7.417510625500079,7.330758925472359,7.388491033279822,7.388491033279822,147827278,AAPL,synthetic (offline fallback)
2021-08-17,7.414467443837959,7.461827480278288,7.407024327082746,7.408519495239187,7.408519495239187,129485262,AAPL,synthetic (offline fallback)
2021-08-18,7.415799943703484,7.430359071079148,7.383030825561537,7.4200236520181315,7.4200236520181315,154815216,AAPL,synthetic (offline fallback)
2021-08-19,7.398742574728942,7.416455768638643,7.384233322147324,7.402845832345743,7.402845832345743,79627881,AAPL,synthetic (offline fallback)
2021-08-20,7.39392223700257,7.447275369065841,7.36943365445254,7.399137116277513,7.399137116277513,142738936,AAPL,synthetic (offline fallback)
2021-08-23,7.3323433646653156,7.361637084004584,7.31624821934268,7.3569730506371664,7.3569730506371664,53404885,AAPL,synthetic (offline fallback)
2021-08-24,7.113749187994388,7.138781091438463,7.044002076723889,7.0681549403049075,7.0681549403049075,76017387,AAPL,synthetic (offline fallback)
2021-08-25,6.961767362579118,6.997437807872345,6.932309359119236,6.9663649736501565,6.9663649736501565,147032728,AAPL,synthetic (offline fallback)
2021-08-26,7.1671554108961,7.178650959615614,7.122347464688535,7.154343462857258,7.154343462857258,56007130,AAPL,synthetic (offline fallback)
2021-08-27,6.872728885327543,6.896616604013945,6.815909853162446,6.879635754622822,6.879635754622822,100102420,AAPL,synthetic (offline fallback)
2021-08-30,6.836612040555495,6.856555235569594,6.8176554568490415,6.843895937523538,6.843895937523538,80865778,AAPL,synthetic (offline fallback)
2021-08-31,6.676512034108275,6.704287440874588,6.644928746677064,6.685646840561419,6.685646840561419,52061301,AAPL,synthetic (offline fallback)
2021-09-01,6.678860598079713,6.759603873191747,6.629138638825857,6.710059269367074,6.710059269367074,68312204,AAPL,synthetic (offline fallback)
2021-09-02,6.635538039341277,6.658471327579037,6.622267195103359,6.638737003860843,6.638737003860843,104196247,AAPL,synthetic (offline fallback)
2021-09-03,6.915793277180182,6.949481214315355,6.8635517140494935,6.9242479429197035,6.9242479429197035,115683962,AAPL,synthetic (offline fallback)
2021-09-06,7.054467060103805,7.074984726841046,6.978938494463229,7.0297604501207624,7.0297604501207624,121049229,AAPL,synthetic (offline fallback)
2021-09-07,6.747026518844018,6.819997789760494,6.704251249446606,6.771336295667708,6.771336295667708,55777057,AAPL,synthetic (offline fallback)
2021-09-08,6.897475589267359,6.9147871407224155,6.871492827795666,6.909438878709365,6.909438878709365,78388003,AAPL,synthetic (offline fallback)
2021-09-09,6.738248767480633,6.805867720086949,6.6973273558025035,6.756459597624117,6.756459597624117,52498516,AAPL,synthetic (offline fallback)
2021-09-10,6.673982172105978,6.692267435493572,6.6183372462519205,6.6452243577726335,6.6452243577726335,41109871,AAPL,synthetic (offline fallback)
2021-09-13,6.691801812640513,6.756541878749246,6.662304229330507,6.709301181960523,6.709301181960523,86865834,AAPL,synthetic (offline fallback)
2021-09-14,6.628479556639451,6.648169754297119,6.5564477453787235,6.617316807998528,6.617316807998528,114592835,AAPL,synthetic (offline fallback)
2021-09-15,6.811407060679885,6.816687651318015,6.775639192450289,6.791640097986967,6.791640097986967,84496412,AAPL,synthetic (offline fallback)
2021-09-16,6.641130672689094,6.66628150738062,6.607239372097095,6.644043213502874,6.644043213502874,44811462,AAPL,synthetic (offline fallback)
2021-09-17,6.501648831173651,6.5416766029561915,6.472630412688319,6.528614837360595,6.528614837360595,66395751,AAPL,synthetic (offline fallback)
2021-09-20,6.382378696040118,6.445161336607043,6.373791966422661,6.4086056684960395,6.4086056684960395,91935194,AAPL,synthetic (offline fallback)
2021-09-21,6.323727969824157,6.36518252462268,6.266873087823277,6.307459189570076,6.307459189570076,82689774,AAPL,synthetic (offline fallback)
2021-09-22,6.4875843636532595,6.543058539340991,6.4519767563115105,6.512212130636367,6.512212130636367,138973027,AAPL,synthetic (offline fallback)
2021-09-23,6.643004454810848,6.652148099235747,6.608323494723283,6.63520092880938,6.63520092880938,111758141,AAPL,synthetic (offline fallback)
2021-09-24,6.9781001748233775,7.016501032604451,6.9303264764977754,6.975707177105163,6.975707177105163,159861715,AAPL,synthetic (offline fallback)
2021-09-27,7.479147610204157,7.4956027400562,7.451357618142974,7.470695284587536,7.470695284587536,61060061,AAPL,synthetic (offline fallback)
2021-09-28,7.24453076121506,7.307876770110079,7.176335580237514,7.234296008935238,7.234296008935238,84436349,AAPL,synthetic (offline fallback)
2021-09-29,7.233078176233904,7.295452081035874,7.195817122003312,7.253395025302805,7.253395025302805,50481118,AAPL,synthetic (offline fallback)
2021-09-30,6.976439024803167,7.025352304583277,6.937756157644296,6.9969160912427935,6.9969160912427935,42415231,AAPL,synthetic (offline fallback)
2021-10-01,6.846003428166642,6.8935431495022,6.816385266111938,6.83135167214764,6.83135167214764,150877628,AAPL,synthetic (offline fallback)
2021-10-04,6.688208264313586,6.738592002686949,6.65964368262472,6.700859714155341,6.700859714155341,99148372,AAPL,synthetic (offline fallback)
2021-10-05,6.433667948529757,6.520070386809519,6.379559515150648,6.487190157214399,6.487190157214399,119177105,AAPL,synthetic (offline fallback)
2021-10-06,6.2920213789136925,6.3039367526233985,6.277243806334216,6.279799219873074,6.279799219873074,73153047,AAPL,synthetic (offline fallback)
2021-10-07,6.2343945757817165,6.28417496979411,6.216320530637717,6.253836401476011,6.253836401476011,46184494,AAPL,synthetic (offline fallback)
2021-10-08,6.0349321906708155,6.050103511672597,5.994887424632303,6.0264866263082215,6.0264866263082215,147133001,AAPL,synthetic (offline fallback)
2021-10-11,6.21515501016541,6.217691803027046,6.145495937799336,6.189293261506043,6.189293261506043,119010095,AAPL,synthetic (offline fallback)
2021-10-12,6.017362036406542,6.060772299661886,5.9717575280955995,6.017059454300706,6.017059454300706,104005979,AAPL,synthetic (offline fallback)
2021-10-13,6.59190754003032,6.594733346432427,6.531995690232644,6.572274201770979,6.572274201770979,88518792,AAPL,synthetic (offline fallback)
2021-10-14,6.4798568753345185,6.521300911309438,6.418484864052508,6.476868493280305,6.476868493280305,90672937,AAPL,synthetic (offline fallback)
2021-10-15,6.5256971163439355,6.532299768022366,6.473775487993126,6.4947671647137915,6.4947671647137915,131443387,AAPL,synthetic (offline fallback)
2021-10-18,6.214551358128444,6.257959320575471,6.18057364313523,6.2344162114598705,6.2344162114598705,67270938,AAPL,synthetic (offline fallback)
2021-10-19,6.590319009356641,6.629360348152482,6.551955371084672,6.5904814313843225,6.5904814313843225,80944704,AAPL,synthetic (offline fallback)
2021-10-20,6.8561467705867996,6.860334664212952,6.8112059246283545,6.8423287914922915,6.8423287914922915,76892812,AAPL,synthetic (offline fallback)
2021-10-21,6.909162412557673,6.949373655292068,6.903615233641939,6.913111425636558,6.913111425636558,102611630,AAPL,synthetic (offline fallback)
2021-10-22,6.641332459367021,6.671942872945741,6.600117203797747,6.618454731556465,6.618454731556465,156117542,AAPL,synthetic (offline fallback)
2021-10-25,6.658755344278345,6.723877688494777,6.622778867748699,6.667397081773179,6.667397081773179,150734233,AAPL,synthetic (offline fallback)
2021-10-26,6.4725405713726785,6.480647324404563,6.397185992913141,6.432606222135055,6.432606222135055,105376798,AAPL,synthetic (offline fallback)
2021-10-27,6.791856421684823,6.841836801230844,6.714920331058276,6.748888995536013,6.748888995536013,64018871,AAPL,synthetic (offline fallback)
2021-10-28,6.940780690858399,6.9688600035876025,6.886407435704309,6.934912257226228,6.934912257226228,152849028,AAPL,synthetic (offline fallback)
2021-10-29,6.9710867199114395,6.996955847659095,6.908998508984769,6.959549154678605,6.959549154678605,77566960,AAPL,synthetic (offline fallback)
2021-11-01,6.4614989804411564,6.484050740262793,6.421954596491405,6.438481317616137,6.438481317616137,82759332,AAPL,synthetic (offline fallback)
2021-11-02,6.208993039712396,6.249521781144343,6.179694779447995,6.2311859830872045,6.2311859830872045,146271209,AAPL,synthetic (offline fallback)
2021-11-03,6.3546782813147535,6.40486304837328,6.327812850770237,6.379789131615803,6.379789131615803,71598764,AAPL,synthetic (offline fallback)
2021-11-04,6.671146386982149,6.675862161048725,6.636058293894804,6.6460955465382225,6.6460955465382225,95425403,AAPL,synthetic (offline fallback)
2021-11-05,6.907201951602884,6.928039485955251,6.877514381168478,6.901529133319704,6.901529133319704,150012191,AAPL,synthetic (offline fallback)
2021-11-08,6.538416093951552,6.583468893821058,6.50425005628364,6.542862071700439,6.542862071700439,78146659,AAPL,synthetic (offline fallback)
2021-11-09,6.613935178447686,6.6399567608552506,6.5710231840177755,6.6137144793997145,6.6137144793997145,114917818,AAPL,synthetic (offline fallback)
2021-11-10,6.79739240941249,6.854762001249161,6.77414629920865,6.846399790925085,6.846399790925085,44475840,AAPL,synthetic (offline fallback)
2021-11-11,6.47325276997347,6.493097103164187,6.469655186641666,6.476955560900431,6.476955560900431,159471891,AAPL,synthetic (offline fallback)
2021-11-12,6.463151916399938,6.500568810678392,6.438089022187926,6.47778614359782,6.47778614359782,90274364,AAPL,synthetic (offline fallback)
2021-11-15,6.557838501046942,6.596624161631239,6.491236632457021,6.5398264136894175,6.5398264136894175,120434694,AAPL,synthetic (offline fallback)
2021-11-16,6.497858531557424,6.539564441852736,6.452070152632285,6.478519552498129,6.478519552498129,100072133,AAPL,synthetic (offline fallback)
2021-11-17,6.11855730153698,6.148916257969094,6.090401482993783,6.107990229829577,6.107990229829577,92077272,AAPL,synthetic (offline fallback)
2021-11-18,6.052278408640089,6.08711081049999,5.9976773937861445,6.045106639529544,6.045106639529544,88759944,AAPL,synthetic (offline fallback)
2021-11-19,5.95690334821695,5.988009113130101,5.948380950906992,5.983782741114318,5.983782741114318,42132290,AAPL,synthetic (offline fallback)
2021-11-22,5.96862599879741,6.0084541513154,5.9444287197663535,5.958068722613937,5.958068722613937,73295108,AAPL,synthetic (offline fallback)
2021-11-23,5.8681380672545185,5.883875302033018,5.835254206334213,5.857078767225936,5.857078767225936,85679122,AAPL,synthetic (offline fallback)
2021-11-24,5.801654786357184,5.815201051978747,5.751846491633402,5.7800629107328865,5.7800629107328865,84295620,AAPL,synthetic (offline fallback)
2021-11-25,5.812098984934565,5.821693855440535,5.739413984843295,5.7753984678188806,5.7753984678188806,72824128,AAPL,synthetic (offline fallback)
2021-11-26,5.824260203206983,5.85839495841645,5.821210052609301,5.85398487696629,5.85398487696629,117093375,AAPL,synthetic (offline fallback)
2021-11-29,5.797496164916441,5.843360860902053,5.758297491991005,5.804260627146926,5.804260627146926,139496114,AAPL,synthetic (offline fallback)
2021-11-30,5.725454154115343,5.747548958206049,5.697539913454429,5.738232048733473,5.738232048733473,146953566,AAPL,synthetic (offline fallback)
2021-12-01,5.7586939111238,5.7740426664792865,5.7071393461551665,5.75571520438264,5.75571520438264,117961098,AAPL,synthetic (offline fallback)
2021-12-02,5.45665060089962,5.462814042100582,5.425903493148508,5.456431221946781,5.456431221946781,89322350,AAPL,synthetic (offline fallback)
2021-12-03,5.531573087925258,5.580687157043111,5.4955021739725485,5.535460344023604,5.535460344023604,117539492,AAPL,synthetic (offline fallback)
2021-12-06,5.554655712396308,5.597626264963611,5.527119905806954,5.537584374830699,5.537584374830699,55886075,AAPL,synthetic (offline fallback)
2021-12-07,5.527707770356106,5.587941156119034,5.513562469545671,5.5460332097347536,5.5460332097347536,138024983,AAPL,synthetic (offline fallback)
2021-12-08,5.680044735407392,5.743026022604935,5.630948390228564,5.697841169686053,5.697841169686053,104197122,AAPL,synthetic (offline fallback)
2021-12-09,5.379912632597347,5.437482968448599,5.352859330622847,5.396494310140696,5.396494310140696,59817133,AAPL,synthetic (offline fallback)
2021-12-10,5.089174763978672,5.116969774594513,5.064108147139864,5.094682027429611,5.094682027429611,91099717,AAPL,synthetic (offline fallback)
2021-12-13,5.120703461372033,5.147204731050918,5.080122907549873,5.139647021503612,5.139647021503612,76131715,AAPL,synthetic (offline fallback)
2021-12-14,5.139853151720501,5.155329789708031,5.100466176645038,5.14060221182876,5.14060221182876,81947682,AAPL,synthetic (offline fallback)
2021-12-15,5.165812373579953,5.178824668158244,5.139826264245759,5.1683783213829475,5.1683783213829475,46070917,AAPL,synthetic (offline fallback)
2021-12-16,5.090166988379675,5.1350168468489095,5.049801362812712,5.102205874484726,5.102205874484726,41927166,AAPL,synthetic (offline fallback)
2021-12-17,5.215503250601623,5.216431613666644,5.197751156997414,5.201867601496855,5.201867601496855,81956535,AAPL,synthetic (offline fallback)
2021-12-20,5.343185183271504,5.351671270795231,5.3030144850130245,5.34413912057424,5.34413912057424,76200061,AAPL,synthetic (offline fallback)
2021-12-21,5.438506803192239,5.46409238303369,5.385044721570672,5.421224254201581,5.421224254201581,159858853,AAPL,synthetic (offline fallback)
2021-12-22,5.380004729712174,5.387770850849624,5.378173225203103,5.383154680270366,5.383154680270366,71508473,AAPL,synthetic (offline fallback)
2021-12-23,5.07498717240094,5.077667992599232,5.064306760955391,5.075355565382856,5.075355565382856,79517487,AAPL,synthetic (offline fallback)
2021-12-24,5.185579422617672,5.198304483223948,5.1568260880764685,5.19434928776645,5.19434928776645,149825106,AAPL,synthetic (offline fallback)
2021-12-27,5.387903732537427,5.415718023680523,5.367046560651061,5.388017633191401,5.388017633191401,143172759,AAPL,synthetic (offline fallback)
2021-12-28,5.507595502127836,5.5143786001824555,5.491635503105018,5.495852547413376,5.495852547413376,46822137,AAPL,synthetic (offline fallback)
2021-12-29,5.348283013975457,5.360089109702592,5.338762553321924,5.354890963865995,5.354890963865995,50293325,AAPL,synthetic (offline fallback)
2021-12-30,5.47533222155682,5.483687386730469,5.455073306293895,5.466830011331766,5.466830011331766,51398448,AAPL,synthetic (offline fallback)
2021-12-31,5.598415115924467,5.6455822923409436,5.584098749807594,5.612098764572451,5.612098764572451,95165483,AAPL,synthetic (offline fallback)
2022-01-03,5.89752695289799,5.905749544385415,5.848107738457722,5.884127901065264,5.884127901065264,108709620,AAPL,synthetic (offline fallback)
2022-01-04,5.719234272408843,5.730608546809153,5.692901284792023,5.7292014643539115,5.7292014643539115,82175543,AAPL,synthetic (offline fallback)
2022-01-05,5.705978128687908,5.737102641189092,5.66618529847495,5.691436283490664,5.691436283490664,41556544,AAPL,synthetic (offline fallback)
2022-01-06,5.825445656108981,5.863632842374217,5.823788862839861,5.824380204408929,5.824380204408929,64189943,AAPL,synthetic (offline fallback)
2022-01-07,5.8634958261936605,5.871341673294192,5.818714496951823,5.836863030341789,5.836863030341789,113752063,AAPL,synthetic (offline fallback)
2022-01-10,5.629784386590264,5.658524442204044,5.618787760794847,5.649343561827947,5.649343561827947,84700750,AAPL,synthetic (offline fallback)
2022-01-11,5.696922792858926,5.731419053038403,5.655559237410777,5.722264012537123,5.722264012537123,54825658,AAPL,synthetic (offline fallback)
2022-01-12,5.812727578987977,5.859137670141781,5.765474547629035,5.823493189794094,5.823493189794094,118153373,AAPL,synthetic (offline fallback)
2022-01-13,5.816670247287309,5.850107770146325,5.801133740498769,5.84093250456496,5.84093250456496,113604754,AAPL,synthetic (offline fallback)
2022-01-14,5.855932743229033,5.92013493937292,5.814344926951581,5.880325537161526,5.880325537161526,98836968,AAPL,synthetic (offline fallback)
2022-01-17,5.850646494942594,5.896519685927358,5.838961498543293,5.839757378024956,5.839757378024956,152822409,AAPL,synthetic (offline fallback)
2022-01-18,6.087928387207583,6.1178395712496965,6.071412794046932,6.088004708749502,6.088004708749502,141320083,AAPL,synthetic (offline fallback)
2022-01-19,5.926236191289111,5.93518228283211,5.891063172245535,5.934776589582148,5.934776589582148,44773455,AAPL,synthetic (offline fallback)
2022-01-20,5.830246153126452,5.877566248413479,5.8137242869563055,5.837022281033647,5.837022281033647,148593592,AAPL,synthetic (offline fallback)
2022-01-21,5.830742192798144,5.8702556026972195,5.793983201828935,5.841207960996554,5.841207960996554,45953830,AAPL,synthetic (offline fallback)
2022-01-24,6.01954647509759,6.0631899756707055,5.977788752747919,5.989889886336467,5.989889886336467,97827139,AAPL,synthetic (offline fallback)
2022-01-25,5.730390960961565,5.747046203836833,5.686267162614373,5.743063128091762,5.743063128091762,148201724,AAPL,synthetic (offline fallback)
2022-01-26,5.507650252463883,5.567363132155301,5.496895515456567,5.529582799046516,5.529582799046516,157807157,AAPL,synthetic (offline fallback)
2022-01-27,5.218110801465038,5.2469931459422225,5.198603375591691,5.205678849876399,5.205678849876399,42709323,AAPL,synthetic (offline fallback)
2022-01-28,5.209690121203168,5.249185024127957,5.192859507008162,5.213064365058074,5.213064365058074,48642491,AAPL,synthetic (offline fallback)
2022-01-31,5.072154138482051,5.091592307899929,5.009676656206729,5.04131980793803,5.04131980793803,68954951,AAPL,synthetic (offline fallback)
2022-02-01,4.976363835726598,5.002536796509394,4.955269870563603,4.984232028722314,4.984232028722314,73160706,AAPL,synthetic (offline fallback)
2022-02-02,5.09982634872093,5.115690802176595,5.063233520092366,5.086915997348404,5.086915997348404,73533570,AAPL,synthetic (offline fallback)
2022-02-03,5.007799868093301,5.037667985951931,4.9911796799983845,4.991594198342657,4.991594198342657,90005352,AAPL,synthetic (offline fallback)
2022-02-04,5.020468609382202,5.059626536283936,5.01854457458228,5.028332959826802,5.028332959826802,78258528,AAPL,synthetic (offline fallback)
2022-02-07,4.97510474196417,5.015158752533183,4.971874869980788,4.986217836315923,4.986217836315923,109924181,AAPL,synthetic (offline fallback)
2022-02-08,5.09768424474118,5.105097291348105,5.059638330611495,5.086371647630892,5.086371647630892,142477551,AAPL,synthetic (offline fallback)
2022-02-09,5.167801988205251,5.16834845650467,5.151539548780736,5.158904550610944,5.158904550610944,105511568,AAPL,synthetic (offline fallback)
2022-02-10,5.037986528097483,5.088902984391368,5.022314623191383,5.059397037792535,5.059397037792535,79830903,AAPL,synthetic (offline fallback)
2022-02-11,5.019905430675995,5.075346239011266,4.9928228101768255,5.036957076266183,5.036957076266183,108157211,AAPL,synthetic (offline fallback)
2022-02-14,5.149987699333394,5.192016857721334,5.127497643901407,5.1894759266845885,5.1894759266845885,114452649,AAPL,synthetic (offline fallback)
2022-02-15,5.259646902593738,5.2771431166644165,5.232202599838895,5.250269079025228,5.250269079025228,147550086,AAPL,synthetic (offline fallback)
2022-02-16,5.044837383777309,5.081523658014051,5.044687705046476,5.0488031256305455,5.0488031256305455,153689396,AAPL,synthetic (offline fallback)
2022-02-17,5.145413356354041,5.165152645193508,5.12996729157354,5.147917567356119,5.147917567356119,150191726,AAPL,synthetic (offline fallback)
2022-02-18,4.965247582533865,4.999254001838347,4.936173555010076,4.990571400150699,4.990571400150699,138022449,AAPL,synthetic (offline fallback)
2022-02-21,5.186944033422044,5.217730762184115,5.177869298234161,5.204087896917912,5.204087896917912,55380954,AAPL,synthetic (offline fallback)
2022-02-22,5.361311022779437,5.387549979212174,5.329132612660257,5.36900952063558,5.36900952063558,106960066,AAPL,synthetic (offline fallback)
2022-02-23,5.407667875013821,5.422964901442181,5.407103586542265,5.4185970595739334,5.4185970595739334,58264710,AAPL,synthetic (offline fallback)
2022-02-24,5.448174706442569,5.4793108238940205,5.403464652351764,5.446249412471402,5.446249412471402,98858857,AAPL,synthetic (offline fallback)
2022-02-25,5.424729432757077,5.4538061772370785,5.368601261476737,5.4152505544683045,5.4152505544683045,45366229,AAPL,synthetic (offline fallback)
2022-02-28,5.561561526777199,5.585414347879056,5.523859203004249,5.523949848750721,5.523949848750721,75929611,AAPL,synthetic (offline fallback)
2022-03-01,5.467356642770115,5.488308557821799,5.451898256148096,5.4676849832136405,5.4676849832136405,110570395,AAPL,synthetic (offline fallback)
2022-03-02,5.524973352470171,5.525685611878358,5.488868115462843,5.506547299901833,5.506547299901833,76488256,AAPL,synthetic (offline fallback)
2022-03-03,5.630476486937447,5.653488388361215,5.587251503981414,5.644530907914617,5.644530907914617,41208903,AAPL,synthetic (offline fallback)
2022-03-04,5.530230143452767,5.566076237304383,5.5043741859604856,5.558158997244211,5.558158997244211,86617584,AAPL,synthetic (offline fallback)
2022-03-07,5.459282160727152,5.469772970016911,5.429854910963688,5.465058207745017,5.465058207745017,104940657,AAPL,synthetic (offline fallback)
2022-03-08,5.261913881207325,5.316854473264333,5.253764391776287,5.287256575181749,5.287256575181749,131621258,AAPL,synthetic (offline fallback)
2022-03-09,5.131081048608182,5.135358776497786,5.1281111479439705,5.130855190920372,5.130855190920372,56373807,AAPL,synthetic (offline fallback)
2022-03-10,4.856658080383559,4.894491894267346,4.829267210401309,4.8680559634485965,4.8680559634485965,97207946,AAPL,synthetic (offline fallback)
2022-03-11,4.94906210923144,4.984303049105473,4.927996971287279,4.978248655944828,4.978248655944828,63850167,AAPL,synthetic (offline fallback)
2022-03-14,5.286108097401155,5.291648380381795,5.219743615922947,5.2587202854493995,5.2587202854493995,58460042,AAPL,synthetic (offline fallback)
2022-03-15,5.49070660641429,5.505642999183665,5.459174250758213,5.499575690402747,5.499575690402747,54636865,AAPL,synthetic (offline fallback)
2022-03-16,5.199314717631854,5.244017570801109,5.175690467111996,5.2249843231875515,5.2249843231875515,131183581,AAPL,synthetic (offline fallback)
2022-03-17,5.366166552240982,5.39389265540512,5.328621375461142,5.351746189867899,5.351746189867899,150343643,AAPL,synthetic (offline fallback)
2022-03-18,5.593507606355311,5.641930616683498,5.552790289545486,5.6057609201133785,5.6057609201133785,119605598,AAPL,synthetic (offline fallback)
2022-03-21,5.542525677657088,5.548494077271497,5.4872598889962525,5.524457948427305,5.524457948427305,85399717,AAPL,synthetic (offline fallback)
2022-03-22,5.5326482584499415,5.571326310593558,5.494729271498302,5.544847938644501,5.544847938644501,153908652,AAPL,synthetic (offline fallback)
2022-03-23,5.19808186877205,5.24552288979193,5.147903192607562,5.206530469688062,5.206530469688062,99659097,AAPL,synthetic (offline fallback)
2022-03-24,5.259718040068992,5.275081720010419,5.234438620668094,5.254282510408573,5.254282510408573,103529692,AAPL,synthetic (offline fallback)
2022-03-25,5.089235223576532,5.0930891078227924,5.045533697494113,5.080194214579044,5.080194214579044,116142677,AAPL,synthetic (offline fallback)
2022-03-28,5.126832928625345,5.133627533788301,5.085061163192387,5.115040452414785,5.115040452414785,118530657,AAPL,synthetic (offline fallback)
2022-03-29,4.870008059127792,4.87512848413293,4.862763509267978,4.871319532413652,4.871319532413652,99059564,AAPL,synthetic (offline fallback)
2022-03-30,4.967196356155304,5.004318068769741,4.9326978567439665,4.959331599321898,4.959331599321898,97519632,AAPL,synthetic (offline fallback)
2022-03-31,5.137537510525341,5.152482552065695,5.109087311413385,5.126071074821812,5.126071074821812,78151089,AAPL,synthetic (offline fallback)
2022-04-01,5.004056950040169,5.023132879369004,4.984622224881133,5.001047782503163,5.001047782503163,121693624,AAPL,synthetic (offline fallback)
2022-04-04,4.822591945104674,4.855690854820328,4.815319273019996,4.824656774402426,4.824656774402426,120682374,AAPL,synthetic (offline fallback)
2022-04-05,4.483361237495459,4.513092958000575,4.462897901094974,4.502885229318656,4.502885229318656,92334047,AAPL,synthetic (offline fallback)
2022-04-06,4.472703999747106,4.4901786442788465,4.4458892067860685,4.464678639569633,4.464678639569633,125450258,AAPL,synthetic (offline fallback)
2022-04-07,4.382703454829063,4.385864273502204,4.3602074995100315,4.382149020525913,4.382149020525913,56542777,AAPL,synthetic (offline fallback)
2022-04-08,4.1637674698543785,4.18134198777715,4.159726026811376,4.168940489476241,4.168940489476241,89944884,AAPL,synthetic (offline fallback)
2022-04-11,4.249793855963366,4.253103337870017,4.214471325617685,4.233565333818503,4.233565333818503,158401988,AAPL,synthetic (offline fallback)
2022-04-12,4.155763039776981,4.182407448402871,4.1522274490850775,4.1736408340406115,4.1736408340406115,128039557,AAPL,synthetic (offline fallback)
2022-04-13,4.053508336992494,4.06154560278849,4.024315634926261,4.033614112741946,4.033614112741946,126443644,AAPL,synthetic (offline fallback)
2022-04-14,3.963353896378798,3.9908747695586433,3.949210608093524,3.9636187447329045,3.9636187447329045,143586859,AAPL,synthetic (offline fallback)
2022-04-15,4.107119263302326,4.125818425668639,4.07870515014082,4.103210731310068,4.103210731310068,119511068,AAPL,synthetic (offline fallback)
2022-04-18,4.180192950586869,4.214975032474912,4.163604444190508,4.18515291066417,4.18515291066417,139147580,AAPL,synthetic (offline fallback)
2022-04-19,4.148677402659279,4.171860920104134,4.126089698832024,4.169530134896788,4.169530134896788,125371480,AAPL,synthetic (offline fallback)
2022-04-20,4.250458958045033,4.281667959737121,4.22455830343566,4.252239922396487,4.252239922396487,102825851,AAPL,synthetic (offline fallback)
2022-04-21,4.1083224807043255,4.109797260367867,4.0926628432364565,4.104200899660247,4.104200899660247,55212990,AAPL,synthetic (offline fallback)
2022-04-22,4.118332181115147,4.142988039570409,4.083607984467687,4.1099943328578,4.1099943328578,136720457,AAPL,synthetic (offline fallback)
2022-04-25,4.12764047225409,4.153305186958524,4.123361747150677,4.130094159522883,4.130094159522883,79133607,AAPL,synthetic (offline fallback)
2022-04-26,4.0476040102838375,4.091240770762979,4.037223446258787,4.074403888850225,4.074403888850225,83083305,AAPL,synthetic (offline fallback)
2022-04-27,4.109566487370131,4.146772373953887,4.1056572539727965,4.128661480799579,4.128661480799579,54963922,AAPL,synthetic (offline fallback)
2022-04-28,4.062243230624022,4.0833922965281975,4.021720314875009,4.0373888273167715,4.0373888273167715,66045274,AAPL,synthetic (offline fallback)
2022-04-29,4.086193996932129,4.127907583926911,4.049607661665505,4.099630980029737,4.099630980029737,55123011,AAPL,synthetic (offline fallback)
2022-05-02,4.185300580049137,4.189094551618922,4.1492896071939285,4.167459069427356,4.167459069427356,51696416,AAPL,synthetic (offline fallback)
2022-05-03,3.821843629461998,3.86272177347271,3.798038369559507,3.832583525786445,3.832583525786445,42561705,AAPL,synthetic (offline fallback)
2022-05-04,3.9766119520187546,3.980947143905812,3.968973165047257,3.9787898131636847,3.9787898131636847,75365319,AAPL,synthetic (offline fallback)
2022-05-05,3.622991336916983,3.6369049716674864,3.5903267979723976,3.616208686299649,3.616208686299649,130707209,AAPL,synthetic (offline fallback)
2022-05-06,3.5345542706286737,3.562093835436969,3.5207966698184383,3.543272788620517,3.543272788620517,143666242,AAPL,synthetic (offline fallback)
2022-05-09,3.6855135517868365,3.705047384885886,3.661645468000962,3.667992850583173,3.667992850583173,67277034,AAPL,synthetic (offline fallback)
2022-05-10,3.6315884089582493,3.647170818995215,3.597530112715979,3.630763553670887,3.630763553670887,90863397,AAPL,synthetic (offline fallback)
2022-05-11,3.4667019217971755,3.472522767419336,3.4515172665993266,3.461915641537513,3.461915641537513,139840926,AAPL,synthetic (offline fallback)
2022-05-12,3.3367411817791544,3.3528532155407382,3.326571950995485,3.3394221400814144,3.3394221400814144,124825495,AAPL,synthetic (offline fallback)
2022-05-13,3.4643041687200116,3.4713966186511644,3.45648062938427,3.457471648569913,3.457471648569913,148532141,AAPL,synthetic (offline fallback)
2022-05-16,3.258575835410101,3.2729980154563756,3.238351345280136,3.2432147437365453,3.2432147437365453,90455705,AAPL,synthetic (offline fallback)
2022-05-17,3.371940985768781,3.3829768321655767,3.3549574395390436,3.3732695743455525,3.3732695743455525,60227927,AAPL,synthetic (offline fallback)
2022-05-18,3.385674267089098,3.4032207428824264,3.3573447902787636,3.368196230782683,3.368196230782683,57187151,AAPL,synthetic (offline fallback)
2022-05-19,3.2313660446448895,3.2424704268967295,3.2108255919116804,3.2373058126412477,3.2373058126412477,125063685,AAPL,synthetic (offline fallback)
2022-05-20,3.182678535261031,3.187255982428098,3.1734795480800453,3.1753996044776103,3.1753996044776103,43152075,AAPL,synthetic (offline fallback)
2022-05-23,3.075108201887016,3.0846884104121313,3.0581583548109346,3.0706025746664936,3.0706025746664936,95236687,AAPL,synthetic (offline fallback)
2022-05-24,3.1519734178152703,3.1636574680590956,3.129917761965296,3.1621103410822426,3.1621103410822426,82395636,AAPL,synthetic (offline fallback)
2022-05-25,3.2436437473602173,3.249629649418321,3.2253513314789664,3.24156451350663,3.24156451350663,150275338,AAPL,synthetic (offline fallback)
2022-05-26,3.0635317228094334,3.072735826531161,3.0496755614051696,3.063464026952545,3.063464026952545,159782978,AAPL,synthetic (offline fallback)
2022-05-27,3.015318562024899,3.034009037603113,3.0023293078198705,3.0230563059910467,3.0230563059910467,98130063,AAPL,synthetic (offline fallback)
2022-05-30,2.941757975020648,2.9473834689697735,2.9242049815194795,2.9386018951259008,2.9386018951259008,109617421,AAPL,synthetic (offline fallback)
2022-05-31,3.0700897075810354,3.0838751664689235,3.047516194363685,3.068742932548856,3.068742932548856,85464866,AAPL,synthetic (offline fallback)
2022-06-01,2.9334176691330045,2.9525547578275133,2.9263347283291687,2.9340565917666734,2.9340565917666734,133226171,AAPL,synthetic (offline fallback)
2022-06-02,3.098762664529328,3.1118281744011487,3.088256449106642,3.0994003116162387,3.0994003116162387,75347814,AAPL,synthetic (offline fallback)
2022-06-03,3.0962397746376533,3.1040150934154576,3.0808563127996615,3.0970760804973887,3.0970760804973887,129322606,AAPL,synthetic (offline fallback)
2022-06-06,2.9766516556701976,2.981420654874329,2.9691394263279554,2.9799388227996393,2.9799388227996393,148434572,AAPL,synthetic (offline fallback)
2022-06-07,2.9150424663480528,2.9189996906609674,2.9086433869522437,2.913820112152795,2.913820112152795,60602850,AAPL,synthetic (offline fallback)
2022-06-08,2.8324754901782723,2.8489367144568436,2.8135744598756802,2.837957694058146,2.837957694058146,67141516,AAPL,synthetic (offline fallback)
2022-06-09,2.7430048086604977,2.7578000187405696,2.717100901792913,2.721314763977856,2.721314763977856,85384052,AAPL,synthetic (offline fallback)
2022-06-10,2.7195357514615885,2.7319777757105226,2.715341944753905,2.7310827686876755,2.7310827686876755,139325774,AAPL,synthetic (offline fallback)
2022-06-13,2.6201385822662893,2.62834687888634,2.6081217866956563,2.6247429279165457,2.6247429279165457,116914823,AAPL,synthetic (offline fallback)
2022-06-14,2.4398888834423316,2.450511772583823,2.438212091688876,2.4435963721583076,2.4435963721583076,63302493,AAPL,synthetic (offline fallback)
2022-06-15,2.427764853411766,2.4329329838086906,2.4124434861384807,2.4129937597848246,2.4129937597848246,84162905,AAPL,synthetic (offline fallback)
2022-06-16,2.2630770612107876,2.2902045752149025,2.261866183184403,2.2720753975899473,2.2720753975899473,117207622,AAPL,synthetic (offline fallback)
2022-06-17,2.217686633441011,2.2211468357528066,2.2127634389367095,2.2148565630498793,2.2148565630498793,155768990,AAPL,synthetic (offline fallback)
2022-06-20,2.149585475281194,2.150418938894681,2.1422631786684585,2.1479848352265534,2.1479848352265534,94127876,AAPL,synthetic (offline fallback)
2022-06-21,2.088104053471996,2.0952708683912817,2.069180920755744,2.0860163538822643,2.0860163538822643,48943648,AAPL,synthetic (offline fallback)
2022-06-22,2.2417162779648643,2.244014645886463,2.227586192115659,2.2334324112922994,2.2334324112922994,52553040,AAPL,synthetic (offline fallback)
2022-06-23,2.2469013358855956,2.249490244709977,2.2299915180880827,2.238735574564797,2.238735574564797,43452033,AAPL,synthetic (offline fallback)
2022-06-24,2.2553004596296504,2.265409047899021,2.2449095909144354,2.258355722418857,2.258355722418857,55111960,AAPL,synthetic (offline fallback)
2022-06-27,2.131238689378079,2.1376012995079887,2.123724496901999,2.1299989185052985,2.1299989185052985,89507507,AAPL,synthetic (offline fallback)
2022-06-28,2.0723302302972035,2.085353554619481,2.0658744944228107,2.083984509575021,2.083984509575021,73781097,AAPL,synthetic (offline fallback)
2022-06-29,2.1006037018310817,2.1103103740454676,2.0937742595972773,2.099979421994803,2.099979421994803,76123238,AAPL,synthetic (offline fallback)
2022-06-30,2.026401836467884,2.040447973924624,2.020127185167687,2.0312401861674974,2.0312401861674974,131998202,AAPL,synthetic (offline fallback)
2022-07-01,2.0926338680987735,2.0949951182206275,2.0866366439131814,2.0938046132486874,2.0938046132486874,97256893,AAPL,synthetic (offline fallback)
2022-07-04,2.0031132724638745,2.026245946623602,2.00294635131511,2.0132927131470097,2.0132927131470097,127472800,AAPL,synthetic (offline fallback)
2022-07-05,1.9974599628810885,2.003128331026568,1.9773921445580422,1.9950367575986758,1.9950367575986758,105032937,AAPL,synthetic (offline fallback)
2022-07-06,1.948184699451719,1.9736301277212223,1.9324486189999062,1.9581511130907479,1.9581511130907479,64614430,AAPL,synthetic (offline fallback)
2022-07-07,1.9702004266788713,1.9862661155653902,1.9544494099569651,1.9693243652114498,1.9693243652114498,153791659,AAPL,synthetic (offline fallback)
2022-07-08,1.9237223963833554,1.9380132102996732,1.923627335228684,1.9308269063828665,1.9308269063828665,97144263,AAPL,synthetic (offline fallback)
2022-07-11,1.9104426432495933,1.9194011321008855,1.8970506580266069,1.9153246585260675,1.9153246585260675,140328100,AAPL,synthetic (offline fallback)
2022-07-12,1.9088603360686491,1.9238637420104605,1.8919711305659292,1.9022704976346196,1.9022704976346196,51638435,AAPL,synthetic (offline fallback)
2022-07-13,1.8647394544474845,1.8702897604082682,1.860009528065928,1.8614563037479621,1.8614563037479621,141941522,AAPL,synthetic (offline fallback)
2022-07-14,1.896052843293732,1.8982711681843145,1.8768855890953344,1.8895384527378258,1.8895384527378258,125913554,AAPL,synthetic (offline fallback)
2022-07-15,1.9126583062193596,1.9190548186803058,1.8947492016954546,1.9037503131684896,1.9037503131684896,69998046,AAPL,synthetic (offline fallback)
2022-07-18,1.895180644099793,1.9074475791794108,1.892846320698604,1.89958486222687,1.89958486222687,135196244,AAPL,synthetic (offline fallback)
2022-07-19,1.8855429070378644,1.9003847006298062,1.8602690307198742,1.8771017400901238,1.8771017400901238,129109840,AAPL,synthetic (offline fallback)
2022-07-20,1.9122701122605479,1.9316433736357685,1.9103789329771013,1.920714566443633,1.920714566443633,147221439,AAPL,synthetic (offline fallback)
2022-07-21,1.912899188984056,1.9240342323923856,1.902848483564873,1.9086271070148604,1.9086271070148604,65165390,AAPL,synthetic (offline fallback)
2022-07-22,1.8902518128047905,1.9030012437389863,1.888099322636695,1.893053556950995,1.893053556950995,146289515,AAPL,synthetic (offline fallback)
2022-07-25,1.8940039935389168,1.9091109851426968,1.891710531106479,1.89930476401756,1.89930476401756,131449960,AAPL,synthetic (offline fallback)
2022-07-26,1.9932544495293394,2.0025558042144693,1.9715893937646953,1.9895868260703211,1.9895868260703211,80547076,AAPL,synthetic (offline fallback)
2022-07-27,1.9218364070518812,1.934491917796889,1.909071918976823,1.916403681307407,1.916403681307407,82049089,AAPL,synthetic (offline fallback)
2022-07-28,1.965762019933011,1.9816481477550236,1.9560866267279031,1.9603792006085419,1.9603792006085419,97209093,AAPL,synthetic (offline fallback)
2022-07-29,1.8575255741326506,1.8717285603388882,1.8433383279301194,1.8563290221902708,1.8563290221902708,147590724,AAPL,synthetic (offline fallback)
2022-08-01,1.8700487818199247,1.884171143785929,1.8533662857659225,1.869308774996026,1.869308774996026,140522867,AAPL,synthetic (offline fallback)
2022-08-02,1.9625787466918518,1.9698973528774752,1.947854076404929,1.9594815905657623,1.9594815905657623,57520836,AAPL,synthetic (offline fallback)
2022-08-03,1.991517579824406,1.9965337310569227,1.9716873106458392,1.98970437769188,1.98970437769188,47121288,AAPL,synthetic (offline fallback)
2022-08-04,2.004030294910343,2.0187536949123435,1.9855505408206802,2.000780891652059,2.000780891652059,113686429,AAPL,synthetic (offline fallback)
2022-08-05,1.9698835902381164,1.9700766542340018,1.9572740557311676,1.9686787620184607,1.9686787620184607,77709157,AAPL,synthetic (offline fallback)
2022-08-08,1.9762484466064825,1.9790349508009815,1.9670686319059427,1.9712643973627149,1.9712643973627149,131300880,AAPL,synthetic (offline fallback)
2022-08-09,1.9482908491548543,1.9641913417027161,1.9337493153105185,1.957848327402025,1.957848327402025,131236005,AAPL,synthetic (offline fallback)
2022-08-10,1.9148883736015148,1.9251765223151254,1.9128959919567352,1.915642792860844,1.915642792860844,63725581,AAPL,synthetic (offline fallback)
2022-08-11,1.8928263681554003,1.908422138118102,1.8905075446475152,1.900717270948984,1.900717270948984,123303975,AAPL,synthetic (offline fallback)
2022-08-12,1.9136478301989854,1.9162452855992962,1.9056513665237873,1.9120606171073762,1.9120606171073762,131740391,AAPL,synthetic (offline fallback)
2022-08-15,1.8820856409004085,1.8836984489226658,1.8684948179824206,1.8728603232606464,1.8728603232606464,158446633,AAPL,synthetic (offline fallback)
2022-08-16,1.8296630383965884,1.8356135471902726,1.8204003974087803,1.8322689909316905,1.8322689909316905,126720899,AAPL,synthetic (offline fallback)
2022-08-17,1.7655246565594294,1.7693202202247658,1.7549970439410405,1.7648509139735042,1.7648509139735042,83144028,AAPL,synthetic (offline fallback)
2022-08-18,1.7894426303725135,1.789637287038115,1.7785895160486445,1.7853907572062027,1.7853907572062027,159965470,AAPL,synthetic (offline fallback)
2022-08-19,1.8026252181372504,1.8224874292971076,1.795738047028037,1.8138770033630234,1.8138770033630234,73101677,AAPL,synthetic (offline fallback)
2022-08-22,1.8236234109284615,1.8308582214049756,1.8161524677121488,1.8264842907094148,1.8264842907094148,136636874,AAPL,synthetic (offline fallback)
2022-08-23,1.8788466700100115,1.8853800251874817,1.8636390930641165,1.8767943072673121,1.8767943072673121,85384913,AAPL,synthetic (offline fallback)
2022-08-24,1.8658251312911383,1.8867207585108359,1.8644608929419422,1.8821831553121187,1.8821831553121187,152203237,AAPL,synthetic (offline fallback)
2022-08-25,1.8977695257484826,1.9098749367464087,1.8971498182461568,1.9033471427112938,1.9033471427112938,133870751,AAPL,synthetic (offline fallback)
2022-08-26,1.9262935108159938,1.9376475674329898,1.9114835511373025,1.919952725018439,1.919952725018439,111962408,AAPL,synthetic (offline fallback)
2022-08-29,1.9217505487949975,1.9240149087180367,1.9078780106063762,1.9159853666428424,1.9159853666428424,65715994,AAPL,synthetic (offline fallback)
2022-08-30,1.892138711519033,1.8982552460906204,1.8827036549143434,1.8900163088557385,1.8900163088557385,62612580,AAPL,synthetic (offline fallback)
2022-08-31,2.010053178475175,2.0211521232252463,1.999390764013417,2.004747428125851,2.004747428125851,153729758,AAPL,synthetic (offline fallback)
2022-09-01,1.981493239418186,1.982038172426323,1.979577111228347,1.980215381277448,1.980215381277448,136200348,AAPL,synthetic (offline fallback)
2022-09-02,1.9477566117716523,1.9576975422736487,1.936365439987005,1.944516687774173,1.944516687774173,101505919,AAPL,synthetic (offline fallback)
2022-09-05,1.9671672014451047,1.9821175740926162,1.961433072063745,1.96903179801471,1.96903179801471,145288713,AAPL,synthetic (offline fallback)
2022-09-06,1.98431456396236,1.995609763141046,1.9753484131249541,1.9836253770318808,1.9836253770318808,133977399,AAPL,synthetic (offline fallback)
2022-09-07,1.906014387993546,1.925137431349992,1.891536085037382,1.9096371820016353,1.9096371820016353,86525675,AAPL,synthetic (offline fallback)
2022-09-08,1.9792285939832357,1.9859493527620995,1.959754418495441,1.9717547561037874,1.9717547561037874,139271418,AAPL,synthetic (offline fallback)
2022-09-09,1.9762106164148288,1.9821511035001855,1.9640898779129758,1.9672308406261756,1.9672308406261756,135524739,AAPL,synthetic (offline fallback)
2022-09-12,1.9155759183893393,1.9175455874141818,1.8954959099976034,1.907678627914513,1.907678627914513,97457814,AAPL,synthetic (offline fallback)
2022-09-13,1.9717951434772276,1.9747248051414845,1.9698826604318365,1.974212223394564,1.974212223394564,42338321,AAPL,synthetic (offline fallback)
2022-09-14,2.0054404321903934,2.0157879065024518,2.001795114153639,2.011195109240268,2.011195109240268,128964565,AAPL,synthetic (offline fallback)
2022-09-15,1.947128638429571,1.9560167227527767,1.9264222640412936,1.9396978093923445,1.9396978093923445,80756145,AAPL,synthetic (offline fallback)
2022-09-16,2.0483094404919386,2.0565458070517737,2.0429302359282118,2.0449726144895695,2.0449726144895695,83763318,AAPL,synthetic (offline fallback)
2022-09-19,2.0894756079309795,2.0938252725711433,2.0818164237778207,2.087417929393536,2.087417929393536,125636075,AAPL,synthetic (offline fallback)
2022-09-20,2.0836368506074168,2.096697402913148,2.070312281084761,2.087605171459419,2.087605171459419,137311361,AAPL,synthetic (offline fallback)
2022-09-21,2.1920221986658333,2.195447207014779,2.175271527095792,2.1892265750738185,2.1892265750738185,50544430,AAPL,synthetic (offline fallback)
2022-09-22,2.193604365686973,2.2053298026798576,2.1806114789236952,2.2007697069188357,2.2007697069188357,138868361,AAPL,synthetic (offline fallback)
2022-09-23,2.203989556476906,2.207388851158668,2.18448847971691,2.199805115633306,2.199805115633306,75146855,AAPL,synthetic (offline fallback)
2022-09-26,2.167717151622376,2.1780482646798904,2.154151613937542,2.1587869836452818,2.1587869836452818,107944698,AAPL,synthetic (offline fallback)
2022-09-27,2.2072231896293926,2.2143158775072957,2.187792812183688,2.1964755347297213,2.1964755347297213,144223050,AAPL,synthetic (offline fallback)
2022-09-28,2.2325951537939397,2.242459171825309,2.2227850197358334,2.227859677282332,2.227859677282332,66177737,AAPL,synthetic (offline fallback)
2022-09-29,2.2204457323503357,2.2306218588571483,2.2091006887759814,2.2296901719501765,2.2296901719501765,66513450,AAPL,synthetic (offline fallback)
2022-09-30,2.183055621148652,2.190812290446945,2.1754097669147927,2.181764037798836,2.181764037798836,153637584,AAPL,synthetic (offline fallback)
2022-10-03,2.2046983234601285,2.2212650276162242,2.19061395823267,2.190636528496459,2.190636528496459,82859423,AAPL,synthetic (offline fallback)
2022-10-04,2.181592422592098,2.1881374016534076,2.1801115821339354,2.1872921445173312,2.1872921445173312,114378465,AAPL,synthetic (offline fallback)
2022-10-05,2.110259684787021,2.119433778341746,2.0940437149171407,2.1106344167808917,2.1106344167808917,101228369,AAPL,synthetic (offline fallback)
2022-10-06,2.035390769573423,2.036189752550018,2.0251345643893157,2.0267959930963,2.0267959930963,158065720,AAPL,synthetic (offline fallback)
2022-10-07,2.064535276193448,2.0665004402988396,2.0526877522312694,2.060720055443114,2.060720055443114,106031574,AAPL,synthetic (offline fallback)
2022-10-10,1.928244951150033,1.935026556565237,1.90142703725996,1.914003864779071,1.914003864779071,100335555,AAPL,synthetic (offline fallback)
2022-10-11,1.9225677019039726,1.9294126670558038,1.9102938593719117,1.92680398885672,1.92680398885672,95957454,AAPL,synthetic (offline fallback)
2022-10-12,1.8945736008479077,1.909022479662366,1.8875548743240185,1.9002158497422241,1.9002158497422241,85058124,AAPL,synthetic (offline fallback)
2022-10-13,1.9833282440576379,1.9969406939995682,1.972993966435505,1.976071366389768,1.976071366389768,92808890,AAPL,synthetic (offline fallback)
2022-10-14,1.9406398892886516,1.9511343346645367,1.9244957795452247,1.9476272667611272,1.9476272667611272,95260361,AAPL,synthetic (offline fallback)
2022-10-17,1.9860397099712164,1.9885965609594591,1.9787274183837678,1.9872127695512678,1.9872127695512678,131637157,AAPL,synthetic (offline fallback)
2022-10-18,1.9642433232712244,1.9765103717922539,1.9584071645318393,1.9646302368321484,1.9646302368321484,45508842,AAPL,synthetic (offline fallback)
2022-10-19,1.9781376989001438,1.986184735890705,1.955538478197692,1.9720087579561414,1.9720087579561414,100117165,AAPL,synthetic (offline fallback)
2022-10-20,2.018836128495993,2.033958827815174,2.0114385286533625,2.015122652604582,2.015122652604582,105894621,AAPL,synthetic (offline fallback)
2022-10-21,1.9919314360886267,1.997624334539953,1.9809788447128698,1.9892038502273734,1.9892038502273734,130383629,AAPL,synthetic (offline fallback)
2022-10-24,2.0450871751863176,2.0555094598257155,2.0437107290969685,2.0475591782993536,2.0475591782993536,119947892,AAPL,synthetic (offline fallback)
2022-10-25,1.9975808940715325,2.009888979856214,1.988661434693176,1.9903261313250016,1.9903261313250016,91830049,AAPL,synthetic (offline fallback)
2022-10-26,2.0325975390015976,2.0347333705107915,2.003383458029499,2.0083418463287015,2.0083418463287015,53142396,AAPL,synthetic (offline fallback)
2022-10-27,2.0675203822742647,2.0787025257029166,2.0534708065847993,2.0632415364545493,2.0632415364545493,84647737,AAPL,synthetic (offline fallback)
2022-10-28,2.104626661191417,2.112621681733829,2.0997071237006315,2.1039975309556667,2.1039975309556667,70671708,AAPL,synthetic (offline fallback)
2022-10-31,2.2163884755113976,2.2395531658397716,2.2040875042055648,2.225051912970537,2.225051912970537,64494164,AAPL,synthetic (offline fallback)
2022-11-01,2.171019674312693,2.1781919449052496,2.156809840186078,2.175179584214303,2.175179584214303,126542093,AAPL,synthetic (offline fallback)
2022-11-02,2.085931638620779,2.0950905311575307,2.0701208352511373,2.087269851405544,2.087269851405544,97375984,AAPL,synthetic (offline fallback)
2022-11-03,2.021841948096724,2.0270569356333095,2.0211591497891988,2.025089788559303,2.025089788559303,135230821,AAPL,synthetic (offline fallback)
2022-11-04,2.0677090670379683,2.079745874598177,2.05808896395514,2.067808804701354,2.067808804701354,56609276,AAPL,synthetic (offline fallback)
2022-11-07,2.111847982651706,2.112993127053426,2.097955312480696,2.100643051301165,2.100643051301165,158304045,AAPL,synthetic (offline fallback)
2022-11-08,2.1159381309609664,2.1167963628342847,2.098899362601933,2.108050857093669,2.108050857093669,96802326,AAPL,synthetic (offline fallback)
2022-11-09,2.0385011627203453,2.056810043133281,2.031326976075445,2.0394729678152705,2.0394729678152705,70386842,AAPL,synthetic (offline fallback)
2022-11-10,2.0804981162841805,2.0918920018161677,2.071496674100349,2.088067024811775,2.088067024811775,83547335,AAPL,synthetic (offline fallback)
2022-11-11,2.02119080310433,2.03095226658195,2.009617889606129,2.0131139825989233,2.0131139825989233,140972736,AAPL,synthetic (offline fallback)
2022-11-14,2.086397683910424,2.092451389646011,2.0735043540957627,2.086704769269579,2.086704769269579,125196931,AAPL,synthetic (offline fallback)
2022-11-15,2.269066735984903,2.2931475456978996,2.2666934648268096,2.2808805597564055,2.2808805597564055,60652355,AAPL,synthetic (offline fallback)
2022-11-16,2.314552086696325,2.31830110712718,2.306309373407998,2.309615767192243,2.309615767192243,158815178,AAPL,synthetic (offline fallback)
2022-11-17,2.36196571293181,2.3713947147355445,2.3420939303648933,2.3547200977836296,2.3547200977836296,55705407,AAPL,synthetic (offline fallback)
2022-11-18,2.301757613087488,2.3266594768894215,2.296690186806553,2.3186319795086088,2.3186319795086088,73044621,AAPL,synthetic (offline fallback)
2022-11-21,2.184617831744744,2.1963920301439903,2.171208981767627,2.1900352429227037,2.1900352429227037,127504429,AAPL,synthetic (offline fallback)
2022-11-22,2.1474368584181427,2.153296812838142,2.1334230014798536,2.1481486733317072,2.1481486733317072,103566542,AAPL,synthetic (offline fallback)
2022-11-23,2.0788679394805523,2.081746252952211,2.061535585763325,2.074297157793465,2.074297157793465,93504684,AAPL,synthetic (offline fallback)
2022-11-24,1.9765384806042274,1.9904660462433605,1.9652984760150778,1.9796013985849397,1.9796013985849397,151153565,AAPL,synthetic (offline fallback)
2022-11-25,2.0913796909697377,2.0992168726195386,2.0790984204246072,2.0966137313841537,2.0966137313841537,135270819,AAPL,synthetic (offline fallback)
2022-11-28,2.121562539524329,2.1271364643670605,2.099553974375835,2.1169444088920426,2.1169444088920426,155459658,AAPL,synthetic (offline fallback)
2022-11-29,2.141614674508021,2.150532071519792,2.1402036490883862,2.1446278060600497,2.1446278060600497,73907775,AAPL,synthetic (offline fallback)
2022-11-30,2.1274460394052785,2.134229737807531,2.1154588505895138,2.1239920800511176,2.1239920800511176,142077881,AAPL,synthetic (offline fallback)
2022-12-01,2.106087286914914,2.123063716749368,2.095504095929135,2.1131336302481363,2.1131336302481363,65583265,AAPL,synthetic (offline fallback)
2022-12-02,2.1698116190074592,2.1848793106781974,2.166653951138158,2.178650401633966,2.178650401633966,136705899,AAPL,synthetic (offline fallback)
2022-12-05,2.1822455530861196,2.1971089888101742,2.172814025822123,2.1773121828717437,2.1773121828717437,105855849,AAPL,synthetic (offline fallback)
2022-12-06,2.2154521015644066,2.225505532289065,2.2098268673259325,2.213775034744698,2.213775034744698,111746157,AAPL,synthetic (offline fallback)
2022-12-07,2.20765242762236,2.2188739030278954,2.193900365556839,2.2015599029587185,2.2015599029587185,53837256,AAPL,synthetic (offline fallback)
2022-12-08,2.176709053095373,2.1898886630256036,2.1717527845616194,2.1801925189240943,2.1801925189240943,145501899,AAPL,synthetic (offline fallback)
2022-12-09,2.0881017462640017,2.096118189873281,2.0745507739582214,2.093094437722073,2.093094437722073,73449905,AAPL,synthetic (offline fallback)
2022-12-12,1.9815131185737735,1.9936557360512883,1.965880002001575,1.9734571572907385,1.9734571572907385,111775233,AAPL,synthetic (offline fallback)
2022-12-13,1.9492535373428723,1.9678929521123036,1.941156334816526,1.9582003123248077,1.9582003123248077,59948441,AAPL,synthetic (offline fallback)
2022-12-14,1.9697426455393585,1.978514368983464,1.9585106794082172,1.9623751393885058,1.9623751393885058,151112912,AAPL,synthetic (offline fallback)
2022-12-15,1.896688922597643,1.8988678903276914,1.8790851721009212,1.88920481105844,1.88920481105844,78405675,AAPL,synthetic (offline fallback)
2022-12-16,1.8928526216878923,1.8960641498631088,1.8756313384030325,1.887981123385823,1.887981123385823,131526810,AAPL,synthetic (offline fallback)
2022-12-19,1.8878434012100327,1.9029546707107012,1.8854598427808056,1.8917468743714538,1.8917468743714538,131859844,AAPL,synthetic (offline fallback)
2022-12-20,1.7737294167278146,1.7837232610195368,1.771017638801824,1.7780849629958417,1.7780849629958417,106036469,AAPL,synthetic (offline fallback)
2022-12-21,1.728887923456061,1.7390920992193755,1.724829392988933,1.7299780991167006,1.7299780991167006,54489080,AAPL,synthetic (offline fallback)
2022-12-22,1.7455210438425832,1.757223966885152,1.7332184027115634,1.7523290507854776,1.7523290507854776,73588593,AAPL,synthetic (offline fallback)
2022-12-23,1.7684844527212218,1.779196705395583,1.7649238953536215,1.7736014382994016,1.7736014382994016,113424270,AAPL,synthetic (offline fallback)
2022-12-26,1.7177676779329836,1.720078621331309,1.7142071675076296,1.7144515807572454,1.7144515807572454,104306602,AAPL,synthetic (offline fallback)
2022-12-27,1.7267104095302102,1.7284464520178944,1.7217690445683838,1.7233532358386485,1.7233532358386485,110171928,AAPL,synthetic (offline fallback)
2022-12-28,1.7712958924964768,1.7777523464826321,1.770929489250662,1.7768908321572758,1.7768908321572758,69927734,AAPL,synthetic (offline fallback)
2022-12-29,1.8229674087019403,1.8352596330352449,1.8132358227532552,1.8192772489387408,1.8192772489387408,104575675,AAPL,synthetic (offline fallback)
2022-12-30,1.817310059780748,1.823755865907822,1.80558484823666,1.8148366009791408,1.8148366009791408,50238771,AAPL,synthetic (offline fallback)
2023-01-02,1.7990576480753786,1.809933715174878,1.7857729009046819,1.790945277105574,1.790945277105574,98109712,AAPL,synthetic (offline fallback)
2023-01-03,1.7623522428040954,1.772798323173,1.7476547052353448,1.7593483150839377,1.7593483150839377,50968501,AAPL,synthetic (offline fallback)
2023-01-04,1.7896299576928676,1.8002849009318849,1.7833057951549602,1.7839645444908718,1.7839645444908718,119663272,AAPL,synthetic (offline fallback)
2023-01-05,1.7972374785207037,1.8032219943179992,1.789146804673648,1.7946688895896155,1.7946688895896155,108015558,AAPL,synthetic (offline fallback)
2023-01-06,1.832812122339131,1.8417798000190848,1.8187842438017015,1.8274398378591157,1.8274398378591157,142217278,AAPL,synthetic (offline fallback)
2023-01-09,1.827870202559516,1.8466618156459287,1.8194860153508359,1.8349556111052978,1.8349556111052978,95446218,AAPL,synthetic (offline fallback)
2023-01-10,1.8768956985573364,1.8869908656492793,1.8657773127521198,1.8775814539617186,1.8775814539617186,59444396,AAPL,synthetic (offline fallback)
2023-01-11,1.8830512477831625,1.8851011351160134,1.8783062480982478,1.8832714931915482,1.8832714931915482,68227001,AAPL,synthetic (offline fallback)
2023-01-12,1.9232785702951027,1.936792258724057,1.9139648282842665,1.924685996623735,1.924685996623735,137695758,AAPL,synthetic (offline fallback)
2023-01-13,1.9745752318265917,1.9763857889253904,1.9617732748230978,1.971949266081962,1.971949266081962,154987708,AAPL,synthetic (offline fallback)
2023-01-16,1.932989911017064,1.93412520499814,1.9268410767528341,1.9293181504719379,1.9293181504719379,47377077,AAPL,synthetic (offline fallback)
2023-01-17,1.837482662335485,1.8487370766050066,1.8220721907828337,1.8353229071383776,1.8353229071383776,121169721,AAPL,synthetic (offline fallback)
2023-01-18,1.9192012754504333,1.933858176532075,1.9141129020496037,1.9202205893020499,1.9202205893020499,97854933,AAPL,synthetic (offline fallback)
2023-01-19,1.9315097321934764,1.937853747079808,1.9302929568465323,1.9357823721511531,1.9357823721511531,70941587,AAPL,synthetic (offline fallback)
2023-01-20,1.847492029785915,1.848370082282851,1.8323635764252972,1.8414308529208758,1.8414308529208758,101375862,AAPL,synthetic (offline fallback)
2023-01-23,1.804534385918352,1.8169202547873493,1.7927930446326512,1.8026430556187791,1.8026430556187791,152294929,AAPL,synthetic (offline fallback)
2023-01-24,1.8404101980025713,1.8480672500323765,1.8269366289875462,1.8460514387390246,1.8460514387390246,63710299,AAPL,synthetic (offline fallback)
2023-01-25,1.830142950022983,1.8316281431675412,1.8194351526670944,1.8312069959668842,1.8312069959668842,140450971,AAPL,synthetic (offline fallback)
2023-01-26,1.794774999779769,1.8135425629234045,1.7911703820487828,1.8042108403090498,1.8042108403090498,50760772,AAPL,synthetic (offline fallback)
2023-01-27,1.8813929410869719,1.892912811929458,1.8724776455726628,1.8811933241962224,1.8811933241962224,126476019,AAPL,synthetic (offline fallback)
2023-01-30,1.8222371738545273,1.8299310537536837,1.80940278235825,1.823322305577485,1.823322305577485,48989317,AAPL,synthetic (offline fallback)
2023-01-31,1.7771266353846606,1.7877331397605098,1.7737225725975807,1.7801946243152689,1.7801946243152689,47281074,AAPL,synthetic (offline fallback)
2023-02-01,1.8009456262809194,1.8061456807833651,1.785125085088021,1.792424796263815,1.792424796263815,44468078,AAPL,synthetic (offline fallback)
2023-02-02,1.807908255542389,1.817677952438457,1.7946364403626334,1.8142007425288422,1.8142007425288422,136572307,AAPL,synthetic (offline fallback)
2023-02-03,1.8456239121652318,1.8550903179195124,1.8404289311595121,1.8417209760159623,1.8417209760159623,108831162,AAPL,synthetic (offline fallback)
2023-02-06,1.9046943707667126,1.9149986051173244,1.8810184631041709,1.8922807733372198,1.8922807733372198,122844240,AAPL,synthetic (offline fallback)
2023-02-07,1.9103039630897753,1.9159850994479979,1.8955172092596484,1.904150123653565,1.904150123653565,58656953,AAPL,synthetic (offline fallback)
2023-02-08,1.9318887335329888,1.9362600506563388,1.918228216355275,1.932071539082794,1.932071539082794,150576697,AAPL,synthetic (offline fallback)
2023-02-09,1.9119858807989418,1.921723327724003,1.904536919044734,1.9185130572766869,1.9185130572766869,137044569,AAPL,synthetic (offline fallback)
2023-02-10,1.9148294716263183,1.9233700388491466,1.9057508157816763,1.9226859249538109,1.9226859249538109,98635699,AAPL,synthetic (offline fallback)
2023-02-13,1.9268030950873294,1.934182382891252,1.9130596949176315,1.9291849731240567,1.9291849731240567,147874326,AAPL,synthetic (offline fallback)
2023-02-14,1.937251670275395,1.941701094181376,1.9360778173050586,1.9412525961501974,1.9412525961501974,57163425,AAPL,synthetic (offline fallback)
2023-02-15,1.9782885180264453,1.9974224588939586,1.966460814012269,1.9825681704229252,1.9825681704229252,75088979,AAPL,synthetic (offline fallback)
2023-02-16,2.011282443443681,2.0175856638119165,1.9956419034921677,2.0132532983652665,2.0132532983652665,45811346,AAPL,synthetic (offline fallback)
2023-02-17,2.015838626274529,2.027161346397863,2.0010093101115682,2.0164571569212004,2.0164571569212004,59735971,AAPL,synthetic (offline fallback)
2023-02-20,1.9775596485523705,1.9858258843312036,1.9599493192663449,1.974685225958949,1.974685225958949,140977064,AAPL,synthetic (offline fallback)
2023-02-21,1.971689365688861,1.9902686611278713,1.9630287700920117,1.9790383040817523,1.9790383040817523,89153425,AAPL,synthetic (offline fallback)
2023-02-22,1.9743324898443324,1.9947277409384794,1.9635536910351177,1.9783817057797866,1.9783817057797866,117438363,AAPL,synthetic (offline fallback)
2023-02-23,1.9880332212056047,1.99507886456071,1.9788685494358327,1.988985977806948,1.988985977806948,145788424,AAPL,synthetic (offline fallback)
2023-02-24,2.1027056727967204,2.105169857061393,2.094244314423006,2.1039395398804337,2.1039395398804337,131682480,AAPL,synthetic (offline fallback)
2023-02-27,2.086618579129412,2.1014636458544995,2.063064183917168,2.075185817829959,2.075185817829959,87978301,AAPL,synthetic (offline fallback)
2023-02-28,2.1012567734170746,2.1015910834229343,2.099128225532657,2.0997937635760344,2.0997937635760344,81794329,AAPL,synthetic (offline fallback)
2023-03-01,2.151192689147386,2.1646444827978573,2.1500018127441836,2.1616567711761547,2.1616567711761547,53000355,AAPL,synthetic (offline fallback)
2023-03-02,2.171035907165264,2.1718801268246226,2.158495620467337,2.168315659580644,2.168315659580644,139558891,AAPL,synthetic (offline fallback)
2023-03-03,2.3131365823766696,2.3327982834455425,2.302477557602316,2.3093561866947487,2.3093561866947487,158160171,AAPL,synthetic (offline fallback)
2023-03-06,2.2845936588287317,2.285568621847546,2.2779335575395643,2.2854515809786617,2.2854515809786617,100019323,AAPL,synthetic (offline fallback)
2023-03-07,2.299012524895099,2.3164639496495467,2.295458889523905,2.307411942828861,2.307411942828861,99961056,AAPL,synthetic (offline fallback)
2023-03-08,2.269316353352683,2.27872059858124,2.239642773259805,2.257410400491184,2.257410400491184,141804663,AAPL,synthetic (offline fallback)
2023-03-09,2.2289498101675704,2.249994800575998,2.208462294925781,2.2361269990827,2.2361269990827,81084576,AAPL,synthetic (offline fallback)
2023-03-10,2.257010085367056,2.2630804400864273,2.2393928300285295,2.2525448283182796,2.2525448283182796,88785912,AAPL,synthetic (offline fallback)
2023-03-13,2.3076692077234098,2.326688382806255,2.285704566085769,2.3062850870678893,2.3062850870678893,147234494,AAPL,synthetic (offline fallback)
2023-03-14,2.3318323671590586,2.3446990526350393,2.3121501690698576,2.3276369606382694,2.3276369606382694,85522330,AAPL,synthetic (offline fallback)
2023-03-15,2.4223865752057367,2.4317901779811004,2.4053052418839633,2.410045758106248,2.410045758106248,151288419,AAPL,synthetic (offline fallback)
2023-03-16,2.4086636833774713,2.415817326427983,2.4015445455069404,2.4046121124731132,2.4046121124731132,59368635,AAPL,synthetic (offline fallback)
2023-03-17,2.3797698862892958,2.40103318752054,2.37529168991909,2.3837650590818518,2.3837650590818518,99616535,AAPL,synthetic (offline fallback)
2023-03-20,2.574763258049696,2.587801702060383,2.5645915422971677,2.56624850498199,2.56624850498199,98769358,AAPL,synthetic (offline fallback)
2023-03-21,2.592166607164917,2.6063326689270836,2.578655196055259,2.5970836613761565,2.5970836613761565,76805967,AAPL,synthetic (offline fallback)
2023-03-22,2.545819923877328,2.5543590260628886,2.537501138736466,2.544571368778535,2.544571368778535,155563377,AAPL,synthetic (offline fallback)
2023-03-23,2.485233549462552,2.4956115314508276,2.4688102283548865,2.494911938656511,2.494911938656511,97916058,AAPL,synthetic (offline fallback)
2023-03-24,2.4211774443999485,2.430679497584556,2.4063620394070444,2.4287060535153984,2.4287060535153984,145482742,AAPL,synthetic (offline fallback)
2023-03-27,2.497423060387961,2.4984346518168534,2.490291281353883,2.4970381169636116,2.4970381169636116,66313834,AAPL,synthetic (offline fallback)
2023-03-28,2.4741284055665815,2.4745386536635547,2.454854635837254,2.4713993378230366,2.4713993378230366,81874664,AAPL,synthetic (offline fallback)
2023-03-29,2.468878377227191,2.4839986428949725,2.453623558267502,2.4815520902516823,2.4815520902516823,97388571,AAPL,synthetic (offline fallback)
2023-03-30,2.4817595115832685,2.5011730147478257,2.460427638313208,2.478062583922968,2.478062583922968,107678733,AAPL,synthetic (offline fallback)
2023-03-31,2.5238241941648067,2.5466416444363573,2.5073609795040284,2.5300437676907297,2.5300437676907297,67531732,AAPL,synthetic (offline fallback)
2023-04-03,2.4813916451547704,2.4965005318349967,2.4544397927654096,2.4719018556131402,2.4719018556131402,114664331,AAPL,synthetic (offline fallback)
2023-04-04,2.3966406169729377,2.4117959625819716,2.3844908919185808,2.3991738885749667,2.3991738885749667,73419752,AAPL,synthetic (offline fallback)
2023-04-05,2.4074188312165212,2.426608663796187,2.3918405338091673,2.415561366852301,2.415561366852301,131186701,AAPL,synthetic (offline fallback)
2023-04-06,2.4582420204350597,2.4606157823153945,2.4564414135122057,2.457683109689858,2.457683109689858,97254503,AAPL,synthetic (offline fallback)
2023-04-07,2.4748835231491677,2.498098350800948,2.461888684054796,2.481704998093985,2.481704998093985,156331334,AAPL,synthetic (offline fallback)
2023-04-10,2.436845010519979,2.4427406289770546,2.4170236477800215,2.427603523430829,2.427603523430829,68524038,AAPL,synthetic (offline fallback)
2023-04-11,2.4749301074537686,2.486559881444357,2.474081265285179,2.47492617078027,2.47492617078027,141108456,AAPL,synthetic (offline fallback)
2023-04-12,2.4238807167419485,2.4442788672767564,2.422123438385802,2.4249841569658983,2.4249841569658983,98822029,AAPL,synthetic (offline fallback)
2023-04-13,2.394973755857935,2.4157161961262634,2.390208934763773,2.3907292478433493,2.3907292478433493,50336181,AAPL,synthetic (offline fallback)
2023-04-14,2.322465372421006,2.3332722987287418,2.3176945737368904,2.3294884126658717,2.3294884126658717,124619107,AAPL,synthetic (offline fallback)
2023-04-17,2.408237906135767,2.4301418138450446,2.4073259691177156,2.417587832710617,2.417587832710617,65382745,AAPL,synthetic (offline fallback)
2023-04-18,2.466216807533047,2.4678501121406966,2.456559387315048,2.463199253615966,2.463199253615966,56622475,AAPL,synthetic (offline fallback)
2023-04-19,2.4992387173572572,2.5080619728181492,2.4824945920245756,2.5075110266352567,2.5075110266352567,103803022,AAPL,synthetic (offline fallback)
2023-04-20,2.5914115499151253,2.60061083998237,2.5779202673847115,2.599991601398731,2.599991601398731,134305241,AAPL,synthetic (offline fallback)
2023-04-21,2.831452824739654,2.83573413110699,2.807418654574648,2.824362916625126,2.824362916625126,70910919,AAPL,synthetic (offline fallback)
2023-04-24,2.681978665605165,2.6956410313089973,2.6771412705582796,2.677760677524482,2.677760677524482,114765244,AAPL,synthetic (offline fallback)
2023-04-25,2.605865436004498,2.6214527737682087,2.5925820579149708,2.615704378275915,2.615704378275915,41723824,AAPL,synthetic (offline fallback)
2023-04-26,2.5606856776355182,2.565799595592099,2.5574869561736313,2.5654507667437656,2.5654507667437656,62152868,AAPL,synthetic (offline fallback)
2023-04-27,2.491084498684021,2.522523185843722,2.4835286582954588,2.497856674380628,2.497856674380628,130574913,AAPL,synthetic (offline fallback)
2023-04-28,2.4274679735218787,2.4367127441751846,2.40564334823942,2.414600668229764,2.414600668229764,41545691,AAPL,synthetic (offline fallback)
2023-05-01,2.398989655582631,2.4053370997703727,2.3774998051300704,2.3924868016123737,2.3924868016123737,82932640,AAPL,synthetic (offline fallback)
2023-05-02,2.300708559312016,2.312135450652649,2.284320912031511,2.3036169552804164,2.3036169552804164,100941606,AAPL,synthetic (offline fallback)
2023-05-03,2.333262537223144,2.3425902902435096,2.315196114259996,2.329236256539411,2.329236256539411,47932003,AAPL,synthetic (offline fallback)
2023-05-04,2.3244423202278788,2.3416246131524727,2.312520884677601,2.333938083992866,2.333938083992866,157426881,AAPL,synthetic (offline fallback)
2023-05-05,2.3645602423402794,2.3800706785944543,2.355323524280472,2.3693414275164977,2.3693414275164977,101060369,AAPL,synthetic (offline fallback)
2023-05-08,2.407608517069827,2.4258394802956906,2.3931491524576933,2.4068513461914325,2.4068513461914325,80629869,AAPL,synthetic (offline fallback)
2023-05-09,2.4549137131649217,2.4603726164018767,2.448974597823932,2.45158766318836,2.45158766318836,157265045,AAPL,synthetic (offline fallback)
2023-05-10,2.4247918277078844,2.434459055388028,2.4198398112551347,2.4255009893239388,2.4255009893239388,107022383,AAPL,synthetic (offline fallback)
2023-05-11,2.5841882680133517,2.584246233379226,2.5666041566757727,2.58226695673273,2.58226695673273,121424635,AAPL,synthetic (offline fallback)
2023-05-12,2.60260797248373,2.624245982595254,2.577343573926641,2.601996478904826,2.601996478904826,50840484,AAPL,synthetic (offline fallback)
2023-05-15,2.4595750909467498,2.4665244089685556,2.4535129870304133,2.4607826762581215,2.4607826762581215,59051933,AAPL,synthetic (offline fallback)
2023-05-16,2.38364905948987,2.3905017396576085,2.3794436995638923,2.3857686641114615,2.3857686641114615,45424905,AAPL,synthetic (offline fallback)
2023-05-17,2.25670181518009,2.2738952773628585,2.253410704096874,2.2595913684610327,2.2595913684610327,101715470,AAPL,synthetic (offline fallback)
2023-05-18,2.263337430048689,2.2746209311133447,2.2524018700265387,2.261763666558904,2.261763666558904,140362704,AAPL,synthetic (offline fallback)
2023-05-19,2.2567942832851995,2.259416630181371,2.2492473252611926,2.2540163281474603,2.2540163281474603,148206694,AAPL,synthetic (offline fallback)
2023-05-22,2.224034395988762,2.2276726608296546,2.213825907544417,2.222711710256653,2.222711710256653,108920274,AAPL,synthetic (offline fallback)
2023-05-23,2.3552562185334653,2.369107955581415,2.3540923849495496,2.363613462094768,2.363613462094768,115139809,AAPL,synthetic (offline fallback)
2023-05-24,2.3987468379878423,2.4215806700250293,2.3971041167373826,2.4059569702665966,2.4059569702665966,116547184,AAPL,synthetic (offline fallback)
2023-05-25,2.465190813993459,2.474106946847105,2.456510384982863,2.4622443805378755,2.4622443805378755,111651696,AAPL,synthetic (offline fallback)
2023-05-26,2.4033098121644887,2.4086428351185583,2.374729667267199,2.392745791872913,2.392745791872913,126552758,AAPL,synthetic (offline fallback)
2023-05-29,2.321110467109555,2.331355867967832,2.3142359573835423,2.3200496328026863,2.3200496328026863,106864295,AAPL,synthetic (offline fallback)
2023-05-30,2.320795586381938,2.3306019167133827,2.3127269372024593,2.323665325228632,2.323665325228632,124481403,AAPL,synthetic (offline fallback)
2023-05-31,2.3385121661491106,2.3396762562489837,2.323031753683618,2.336939356030688,2.336939356030688,98363341,AAPL,synthetic (offline fallback)
2023-06-01,2.2038084752045184,2.2284277710017437,2.1881666643691675,2.211350206065322,2.211350206065322,58020450,AAPL,synthetic (offline fallback)
2023-06-02,2.2085077543240286,2.2087488800962722,2.1951488113265394,2.1998692429515194,2.1998692429515194,49593587,AAPL,synthetic (offline fallback)
2023-06-05,2.202924318863573,2.2160660000652266,2.191000317966828,2.2016918504416627,2.2016918504416627,148873423,AAPL,synthetic (offline fallback)
2023-06-06,2.1841783033051336,2.2014524180426296,2.179525755320392,2.18857377280167,2.18857377280167,92917856,AAPL,synthetic (offline fallback)
2023-06-07,2.137170338730228,2.1397160433993068,2.1246269979324324,2.138240285085136,2.138240285085136,78672559,AAPL,synthetic (offline fallback)
2023-06-08,2.1023298021925516,2.119037359318657,2.093993830678314,2.1056590780721045,2.1056590780721045,75188075,AAPL,synthetic (offline fallback)
2023-06-09,2.1039648183723725,2.1179620938840005,2.078894221855561,2.0957181466538644,2.0957181466538644,46209042,AAPL,synthetic (offline fallback)
2023-06-12,2.1007095878028097,2.1137815070917916,2.0814746065933516,2.101984904648207,2.101984904648207,153412624,AAPL,synthetic (offline fallback)
2023-06-13,2.139582797794414,2.148364655640002,2.126817646772748,2.138586008761763,2.138586008761763,49986512,AAPL,synthetic (offline fallback)
2023-06-14,2.208607033494838,2.2094131870204166,2.1899590878511743,2.2048121562967964,2.2048121562967964,66281356,AAPL,synthetic (offline fallback)
2023-06-15,2.182537507025802,2.188201456717745,2.180695403521354,2.1873985624383327,2.1873985624383327,94909285,AAPL,synthetic (offline fallback)
2023-06-16,2.16183637453878,2.176725039820696,2.147182962650768,2.160580799679037,2.160580799679037,82973373,AAPL,synthetic (offline fallback)
2023-06-19,2.189638100193358,2.1915619269768962,2.1842217689957666,2.1878368394470322,2.1878368394470322,44797840,AAPL,synthetic (offline fallback)
2023-06-20,2.215456297658442,2.2297054115221,2.211022230067025,2.2258336605111877,2.2258336605111877,133546302,AAPL,synthetic (offline fallback)
2023-06-21,2.2019393142485457,2.2088295289614766,2.193049779816568,2.2002713117440384,2.2002713117440384,70069197,AAPL,synthetic (offline fallback)
2023-06-22,2.2489175076578176,2.2525101934068243,2.2340749394014954,2.24922629537722,2.24922629537722,143898820,AAPL,synthetic (offline fallback)
2023-06-23,2.312514866487235,2.3289378809439683,2.2966116538517394,2.3116135709533694,2.3116135709533694,83222628,AAPL,synthetic (offline fallback)
2023-06-26,2.39762062046873,2.414391862756548,2.379303543144194,2.3973643682520103,2.3973643682520103,41604780,AAPL,synthetic (offline fallback)
2023-06-27,2.525210145214896,2.5396918501779875,2.5136308653737025,2.5232482953944793,2.5232482953944793,53067896,AAPL,synthetic (offline fallback)
2023-06-28,2.4700563614685302,2.4712334973521783,2.438187383479111,2.460186022136707,2.460186022136707,137201620,AAPL,synthetic (offline fallback)
2023-06-29,2.4534772366500253,2.4716846019902277,2.4337742692407573,2.4621897498296774,2.4621897498296774,88665812,AAPL,synthetic (offline fallback)
2023-06-30,2.46145258733436,2.481992893330336,2.443395945861032,2.4639817586744424,2.4639817586744424,157744776,AAPL,synthetic (offline fallback)
2023-07-03,2.4630436021893076,2.4707253942241674,2.4532735391075753,2.4581277010356675,2.4581277010356675,134662390,AAPL,synthetic (offline fallback)
2023-07-04,2.4186823624218454,2.4348448763702963,2.4028532965616765,2.415197769173223,2.415197769173223,43644179,AAPL,synthetic (offline fallback)
2023-07-05,2.3217117331496846,2.3349817152096777,2.301936061889323,2.318516315337344,2.318516315337344,77498192,AAPL,synthetic (offline fallback)
2023-07-06,2.3448196572802598,2.3515883254441157,2.3065797722740755,2.3256084301229665,2.3256084301229665,126996069,AAPL,synthetic (offline fallback)
2023-07-07,2.2811541275589677,2.2859792467774325,2.276755720161223,2.276959043252707,2.276959043252707,47571760,AAPL,synthetic (offline fallback)
2023-07-10,2.2911392002521866,2.3022505466984513,2.2778237562759025,2.2833920770414005,2.2833920770414005,159891289,AAPL,synthetic (offline fallback)
2023-07-11,2.232773884842821,2.2376028124769185,2.22567661749864,2.2348326488308228,2.2348326488308228,59954545,AAPL,synthetic (offline fallback)
2023-07-12,2.1620723650384117,2.184532349293607,2.156704877635088,2.16853185136364,2.16853185136364,135654230,AAPL,synthetic (offline fallback)
2023-07-13,2.181735202841843,2.1917364810062487,2.1704729768823,2.1837944167830172,2.1837944167830172,140858702,AAPL,synthetic (offline fallback)
2023-07-14,2.1985366867233003,2.2001435464460743,2.193201365886073,2.193850883370821,2.193850883370821,100642840,AAPL,synthetic (offline fallback)
2023-07-17,2.232432583298435,2.2474929194252495,2.222016878622946,2.22971125735528,2.22971125735528,136431039,AAPL,synthetic (offline fallback)
2023-07-18,2.3704822720076906,2.3802177949845507,2.3515465444467267,2.367618036353049,2.367618036353049,146178756,AAPL,synthetic (offline fallback)
2023-07-19,2.3860771896331006,2.3923912951397286,2.376552930376474,2.3876125036471105,2.3876125036471105,128124112,AAPL,synthetic (offline fallback)
2023-07-20,2.419049652531308,2.4397136115169915,2.4163592346537883,2.421765439321415,2.421765439321415,124951890,AAPL,synthetic (offline fallback)
2023-07-21,2.3487958001808003,2.3655152099619094,2.3356803359806007,2.3500638281929564,2.3500638281929564,86635128,AAPL,synthetic (offline fallback)
2023-07-24,2.270721928455844,2.2832347727147844,2.2547697104890805,2.265797384715021,2.265797384715021,75094198,AAPL,synthetic (offline fallback)
2023-07-25,2.3802799731655733,2.394917818021327,2.3573607721967202,2.3742915770117703,2.3742915770117703,144126515,AAPL,synthetic (offline fallback)
2023-07-26,2.3029961113885955,2.3182375724337287,2.2916164781927884,2.3099692732652564,2.3099692732652564,66918373,AAPL,synthetic (offline fallback)
2023-07-27,2.244001615592063,2.253873861697646,2.2168281854889336,2.238881232245504,2.238881232245504,89743133,AAPL,synthetic (offline fallback)
2023-07-28,2.2327324725757416,2.2396937553192635,2.2301807437318164,2.2370996573027147,2.2370996573027147,101505327,AAPL,synthetic (offline fallback)
2023-07-31,2.235124463892293,2.2379966820809267,2.2177238066430163,2.2319845861951655,2.2319845861951655,86886314,AAPL,synthetic (offline fallback)
2023-08-01,2.173671561584539,2.1830045961450835,2.163352510066388,2.174924094340248,2.174924094340248,84758862,AAPL,synthetic (offline fallback)
2023-08-02,2.166548046813995,2.1751292166884246,2.1430095561366174,2.1564185603465242,2.1564185603465242,111903537,AAPL,synthetic (offline fallback)
2023-08-03,2.2325061103755544,2.2468208525732054,2.2251667274520015,2.235309689182443,2.235309689182443,79536158,AAPL,synthetic (offline fallback)
2023-08-04,2.1849343604011717,2.1935132945909963,2.179642646189708,2.1837642219578797,2.1837642219578797,158651763,AAPL,synthetic (offline fallback)
2023-08-07,2.1004066645470596,2.1089448079263415,2.095932980966375,2.0965913306808917,2.0965913306808917,61350977,AAPL,synthetic (offline fallback)
2023-08-08,2.152311188134106,2.1747060446153417,2.135458265729396,2.157969116757753,2.157969116757753,86679378,AAPL,synthetic (offline fallback)
2023-08-09,2.190859733688757,2.2063069274572005,2.1785816575495804,2.1913386971435083,2.1913386971435083,141434320,AAPL,synthetic (offline fallback)
2023-08-10,2.1499846096839885,2.15780332173411,2.146911526638808,2.1517054461282856,2.1517054461282856,97061963,AAPL,synthetic (offline fallback)
2023-08-11,2.049915894672395,2.0699941614189634,2.0378173800655035,2.0530805961508594,2.0530805961508594,124601740,AAPL,synthetic (offline fallback)
2023-08-14,2.0047637303547683,2.0183432166403006,1.9947588523584991,2.007411845840967,2.007411845840967,117635155,AAPL,synthetic (offline fallback)
2023-08-15,2.0115353894423222,2.012483238734312,1.997075183665284,2.004847131610173,2.004847131610173,79758576,AAPL,synthetic (offline fallback)
2023-08-16,2.0730973050104495,2.0831532653332845,2.0670911427009724,2.076826563206581,2.076826563206581,129296949,AAPL,synthetic (offline fallback)
2023-08-17,2.0167724665131153,2.019570234898786,2.0020992811377223,2.013351332317479,2.013351332317479,68520049,AAPL,synthetic (offline fallback)
2023-08-18,2.0108523469176167,2.019879109891705,2.0002277017852017,2.0089563240610713,2.0089563240610713,129974090,AAPL,synthetic (offline fallback)
2023-08-21,2.0420922041661105,2.059593908838596,2.030539394275985,2.0506865089963795,2.0506865089963795,55376549,AAPL,synthetic (offline fallback)
2023-08-22,1.9140580349133425,1.9232509338848147,1.898967110791471,1.9110815095710092,1.9110815095710092,123290376,AAPL,synthetic (offline fallback)
2023-08-23,1.9666283016126618,1.9874409670981528,1.954879329411802,1.975003381720797,1.975003381720797,53501554,AAPL,synthetic (offline fallback)
2023-08-24,1.90685549073303,1.9116454821618534,1.9011844419925965,1.90326920722546,1.90326920722546,144259797,AAPL,synthetic (offline fallback)
2023-08-25,1.921410028196716,1.93163977560247,1.903809797720608,1.924338052733431,1.924338052733431,115057382,AAPL,synthetic (offline fallback)
2023-08-28,1.9401244970946652,1.9533158886039965,1.935720328423839,1.940075797778055,1.940075797778055,44854382,AAPL,synthetic (offline fallback)
2023-08-29,1.998955858460516,2.0218384301359937,1.9859708491899655,2.006747738546392,2.006747738546392,53058061,AAPL,synthetic (offline fallback)
2023-08-30,2.042952665817379,2.0550761549885364,2.028251912686712,2.0422028772172203,2.0422028772172203,62490417,AAPL,synthetic (offline fallback)
2023-08-31,1.9041371130246303,1.9071249388986788,1.8898930504020806,1.8988566750587943,1.8988566750587943,155225514,AAPL,synthetic (offline fallback)
2023-09-01,1.8474701877617794,1.8534771219393618,1.8393785240761076,1.8519535752904663,1.8519535752904663,110735686,AAPL,synthetic (offline fallback)
2023-09-04,1.857582736605777,1.8643796192461457,1.855806775430496,1.860972500357085,1.860972500357085,73496212,AAPL,synthetic (offline fallback)
2023-09-05,1.8528474266177504,1.8576686730452179,1.8453490931689625,1.850323838265899,1.850323838265899,73216788,AAPL,synthetic (offline fallback)
2023-09-06,1.8812096709253832,1.8850901364335269,1.8684793334113394,1.8785067721183748,1.8785067721183748,43096583,AAPL,synthetic (offline fallback)
2023-09-07,1.9109505619829021,1.9368110404386136,1.9098781294383083,1.9250080058945596,1.9250080058945596,64382893,AAPL,synthetic (offline fallback)
2023-09-08,1.9736734273247538,1.9835906332626705,1.960163822661295,1.9618118828649416,1.9618118828649416,142639566,AAPL,synthetic (offline fallback)
2023-09-11,1.952995808677004,1.9583476003320772,1.9371452680764303,1.9499039231435178,1.9499039231435178,111861462,AAPL,synthetic (offline fallback)
2023-09-12,1.8504487246266152,1.8546003516132101,1.8415505121553293,1.8465879597934922,1.8465879597934922,84110487,AAPL,synthetic (offline fallback)
2023-09-13,1.8207879933806772,1.8277557418235744,1.8151070462342045,1.821572401329019,1.821572401329019,42545817,AAPL,synthetic (offline fallback)
2023-09-14,1.8352862843407758,1.8520766245857536,1.8318424720947786,1.8455587761927215,1.8455587761927215,81155905,AAPL,synthetic (offline fallback)
2023-09-15,1.7903446121779594,1.7988307405593529,1.7790479063287108,1.7867279778256833,1.7867279778256833,85945300,AAPL,synthetic (offline fallback)
2023-09-18,1.8189910400963494,1.8232047085247352,1.8130381707708807,1.8220804943419746,1.8220804943419746,54234473,AAPL,synthetic (offline fallback)
2023-09-19,1.8766385521411308,1.8913850650339736,1.8598493382054024,1.8735812514682273,1.8735812514682273,112866331,AAPL,synthetic (offline fallback)
2023-09-20,1.880332636616806,1.8832647372345643,1.8735145062914649,1.8815677036988294,1.8815677036988294,119250646,AAPL,synthetic (offline fallback)
2023-09-21,1.7198181598426918,1.723922126562473,1.7183498211954165,1.718590882922514,1.718590882922514,159783114,AAPL,synthetic (offline fallback)
2023-09-22,1.6464066022383048,1.6622536157614232,1.6405720223807698,1.650243400229171,1.650243400229171,83055204,AAPL,synthetic (offline fallback)
2023-09-25,1.7597069152014193,1.7619620198175798,1.754501206249158,1.7551555041699596,1.7551555041699596,73117562,AAPL,synthetic (offline fallback)
2023-09-26,1.7178927084866875,1.7255926751457349,1.7051933783436182,1.7240391444340373,1.7240391444340373,138759343,AAPL,synthetic (offline fallback)
2023-09-27,1.626200883096853,1.6343209595471258,1.6138732978685726,1.6153189505542465,1.6153189505542465,82048408,AAPL,synthetic (offline fallback)
2023-09-28,1.6967872752021287,1.7008458200437613,1.6832315135971065,1.685471280745963,1.685471280745963,115674196,AAPL,synthetic (offline fallback)
2023-09-29,1.6951815019401995,1.6967058684436647,1.6792838933986767,1.686918807029342,1.686918807029342,128500763,AAPL,synthetic (offline fallback)
2023-10-02,1.7575458355999984,1.757589022670407,1.7485939373152455,1.7508463324867767,1.7508463324867767,145589482,AAPL,synthetic (offline fallback)
2023-10-03,1.7674005875682817,1.7688864992026736,1.76033347660413,1.7678489937583635,1.7678489937583635,78241286,AAPL,synthetic (offline fallback)
2023-10-04,1.8015957789005577,1.8086711011223133,1.7890771921718174,1.7953128300973504,1.7953128300973504,114707338,AAPL,synthetic (offline fallback)
2023-10-05,1.8166687537510604,1.820531944135609,1.8028945977578985,1.817193067548846,1.817193067548846,55731547,AAPL,synthetic (offline fallback)
2023-10-06,1.8499299259977506,1.871803249340649,1.8484283856450532,1.8585919917871043,1.8585919917871043,133513387,AAPL,synthetic (offline fallback)
2023-10-09,2.006863857433824,2.0171846563384777,1.9909128958625861,1.997854325094297,1.997854325094297,45402527,AAPL,synthetic (offline fallback)
2023-10-10,2.070724117012058,2.07363235156199,2.0492697699717386,2.063735332228009,2.063735332228009,123584714,AAPL,synthetic (offline fallback)
2023-10-11,1.9593706754455937,1.9652238300649434,1.957223895128774,1.9595549075522074,1.9595549075522074,65080740,AAPL,synthetic (offline fallback)
2023-10-12,1.982738750991201,1.9929126191420794,1.9703228466807712,1.9900532969030478,1.9900532969030478,95511090,AAPL,synthetic (offline fallback)
2023-10-13,2.063957396316037,2.0730881304039124,2.0473936689720653,2.067593470389735,2.067593470389735,49160188,AAPL,synthetic (offline fallback)
2023-10-16,2.141262000235438,2.1580263893843017,2.1247951688483395,2.1530249156935426,2.1530249156935426,122640879,AAPL,synthetic (offline fallback)
2023-10-17,2.1292719625419085,2.1433126340460067,2.1065650154968947,2.1232520280309854,2.1232520280309854,97857132,AAPL,synthetic (offline fallback)
2023-10-18,2.196780652841992,2.213063694584312,2.184963565442289,2.207398076229163,2.207398076229163,119634042,AAPL,synthetic (offline fallback)
2023-10-19,2.27941456727083,2.288185864050977,2.270481426460664,2.2774548342153764,2.2774548342153764,81702258,AAPL,synthetic (offline fallback)
2023-10-20,2.475339955197903,2.496057098450146,2.455622345352248,2.4816211369327217,2.4816211369327217,40804434,AAPL,synthetic (offline fallback)
2023-10-23,2.40817960198628,2.433859180255535,2.4039786410357995,2.4185311822951374,2.4185311822951374,109716984,AAPL,synthetic (offline fallback)
2023-10-24,2.3791389248776595,2.3855313838211174,2.365051184256701,2.3774389008647203,2.3774389008647203,123836552,AAPL,synthetic (offline fallback)
2023-10-25,2.3513886509749073,2.3568813240787603,2.3399135656724517,2.3537456875659784,2.3537456875659784,119773073,AAPL,synthetic (offline fallback)
2023-10-26,2.322367279671908,2.3434921363372525,2.297709584945743,2.31654217842327,2.31654217842327,71459140,AAPL,synthetic (offline fallback)
2023-10-27,2.242160112949731,2.2556310792355307,2.228097973416644,2.250719183435787,2.250719183435787,125987442,AAPL,synthetic (offline fallback)
2023-10-30,2.051915588779045,2.0700797137885725,2.0502071725752313,2.0565880415096696,2.0565880415096696,105018738,AAPL,synthetic (offline fallback)
2023-10-31,2.01212369061523,2.0357375249097482,2.0023794074837116,2.0266403668592643,2.0266403668592643,65222985,AAPL,synthetic (offline fallback)
2023-11-01,2.039655529503718,2.0599870503366677,2.0369247343036103,2.0531096391901795,2.0531096391901795,53359886,AAPL,synthetic (offline fallback)
2023-11-02,2.031269220868729,2.0355373918042847,2.0058135916097473,2.0203701779109298,2.0203701779109298,79037126,AAPL,synthetic (offline fallback)
2023-11-03,2.167614869156722,2.170441092743445,2.140150414538562,2.1541497214254526,2.1541497214254526,42762700,AAPL,synthetic (offline fallback)
2023-11-06,2.1565898518275297,2.1659926591909526,2.152488736468073,2.1559901014856964,2.1559901014856964,125934211,AAPL,synthetic (offline fallback)
2023-11-07,2.2449845290559196,2.2618638929330284,2.22653721156172,2.2505467244477697,2.2505467244477697,41814365,AAPL,synthetic (offline fallback)
2023-11-08,2.2690975576468166,2.283570232653704,2.2616699111018166,2.2711310074732998,2.2711310074732998,45811305,AAPL,synthetic (offline fallback)
2023-11-09,2.340173744005048,2.355592832324391,2.322243119093498,2.3340568285074843,2.3340568285074843,58983341,AAPL,synthetic (offline fallback)
2023-11-10,2.3526381921366215,2.3721946014670974,2.3356816964129705,2.3562743170457527,2.3562743170457527,79127847,AAPL,synthetic (offline fallback)
2023-11-13,2.464008861146184,2.48349050618847,2.4490774261764887,2.4622535166717725,2.4622535166717725,42387100,AAPL,synthetic (offline fallback)
2023-11-14,2.4676064526246084,2.4816790065218077,2.4563033118521003,2.467700886975869,2.467700886975869,115584781,AAPL,synthetic (offline fallback)
2023-11-15,2.503280676114987,2.5087152998427733,2.5030274906119723,2.5075596712509762,2.5075596712509762,55887690,AAPL,synthetic (offline fallback)
2023-11-16,2.5333261700563856,2.5458610666990373,2.5291318225348354,2.5373315464180903,2.5373315464180903,136384635,AAPL,synthetic (offline fallback)
2023-11-17,2.518228434646665,2.5319989531263474,2.5154135519739973,2.516014436004039,2.516014436004039,107100832,AAPL,synthetic (offline fallback)
2023-11-20,2.540453101131134,2.557992766359457,2.5347646234918937,2.5479202001791847,2.5479202001791847,50000124,AAPL,synthetic (offline fallback)
2023-11-21,2.7278464775091185,2.7326541621716673,2.7150263572582807,2.724154735600848,2.724154735600848,88032739,AAPL,synthetic (offline fallback)
2023-11-22,2.6984778571897663,2.7150947910924144,2.6868387020600957,2.702300901933745,2.702300901933745,56830642,AAPL,synthetic (offline fallback)
2023-11-23,2.7394517002778964,2.7458798320633186,2.725725425739022,2.7384053503523704,2.7384053503523704,157689774,AAPL,synthetic (offline fallback)
2023-11-24,2.8577136499384372,2.865993154837208,2.8415166522088846,2.8458978018636754,2.8458978018636754,111103264,AAPL,synthetic (offline fallback)
2023-11-27,2.9472419423856033,2.9653733213057034,2.935235271624191,2.9487298010737963,2.9487298010737963,137043323,AAPL,synthetic (offline fallback)
2023-11-28,2.9591281326326833,2.966915269720368,2.934061564872253,2.9509851457978424,2.9509851457978424,84927189,AAPL,synthetic (offline fallback)
2023-11-29,2.731848571222787,2.7592768259993736,2.727406740661569,2.7466146422669695,2.7466146422669695,57613090,AAPL,synthetic (offline fallback)
2023-11-30,2.789458263152759,2.8035301686989547,2.7775964842828182,2.793399999278652,2.793399999278652,68189188,AAPL,synthetic (offline fallback)
2023-12-01,2.6057623340107203,2.6151870651546636,2.6047827265016243,2.6055459020911824,2.6055459020911824,90014727,AAPL,synthetic (offline fallback)
2023-12-04,2.7516815095627303,2.756905758358732,2.722875390031372,2.735895414803555,2.735895414803555,132463833,AAPL,synthetic (offline fallback)
2023-12-05,2.736379515214476,2.7628287424191913,2.7236820080449573,2.752564197011192,2.752564197011192,91716495,AAPL,synthetic (offline fallback)
2023-12-06,2.844247432836895,2.853864455442849,2.8433526171434145,2.845068603809239,2.845068603809239,151436009,AAPL,synthetic (offline fallback)
2023-12-07,2.77543745937912,2.792062107162794,2.754892840044715,2.7633613862120767,2.7633613862120767,83454013,AAPL,synthetic (offline fallback)
2023-12-08,2.6213558887608985,2.6300573933640763,2.6062099602181834,2.6275439155291744,2.6275439155291744,99470773,AAPL,synthetic (offline fallback)
2023-12-11,2.649867704944308,2.672842235808087,2.6450407606974946,2.6515607700645236,2.6515607700645236,53336668,AAPL,synthetic (offline fallback)
2023-12-12,2.652350370901432,2.6654151958287486,2.637480559346688,2.649713331267823,2.649713331267823,120384945,AAPL,synthetic (offline fallback)
2023-12-13,2.6111823104423495,2.620471081115713,2.5961082236417736,2.609737753626797,2.609737753626797,52113771,AAPL,synthetic (offline fallback)
2023-12-14,2.6300183097562333,2.634950012791134,2.615043261935526,2.6177220540407444,2.6177220540407444,116906765,AAPL,synthetic (offline fallback)
2023-12-15,2.8538916077552874,2.8646987352081843,2.829387441983167,2.8500570798826637,2.8500570798826637,85905752,AAPL,synthetic (offline fallback)
2023-12-18,2.9414766896187285,2.9559104336745627,2.9191576506870387,2.9298063372874608,2.9298063372874608,82851899,AAPL,synthetic (offline fallback)
2023-12-19,3.0294184179086567,3.050049135740168,3.026451951809033,3.0326938032516546,3.0326938032516546,113301436,AAPL,synthetic (offline fallback)
2023-12-20,3.11172878056868,3.1329182502732587,3.092444834816213,3.118657115096797,3.118657115096797,124605474,AAPL,synthetic (offline fallback)
2023-12-21,3.2716956927116243,3.2938158479223634,3.260681510034834,3.273912686787612,3.273912686787612,151475846,AAPL,synthetic (offline fallback)
2023-12-22,3.24333745342539,3.266244187564133,3.224413390210825,3.254654895095638,3.254654895095638,74738247,AAPL,synthetic (offline fallback)
2023-12-25,3.050868906930877,3.067782574025587,3.0409503075277837,3.0464499244197514,3.0464499244197514,137431056,AAPL,synthetic (offline fallback)
2023-12-26,3.0249454776043403,3.0418160905379543,3.020792839971913,3.028451316840481,3.028451316840481,140256141,AAPL,synthetic (offline fallback)
2023-12-27,3.104994029802981,3.1233820038033553,3.090916436500424,3.1112643684057524,3.1112643684057524,159482506,AAPL,synthetic (offline fallback)
2023-12-28,3.0200817763242847,3.0286747622268835,3.003376215788756,3.0155705574694216,3.0155705574694216,155724645,AAPL,synthetic (offline fallback)
2023-12-29,2.9891494413301105,3.0166831054530707,2.9830641773507374,2.9994409652011194,2.9994409652011194,134854971,AAPL,synthetic (offline fallback)
2024-01-01,2.9419010757381794,2.9420163226493545,2.9187658033818034,2.9351165343751973,2.9351165343751973,75368398,AAPL,synthetic (offline fallback)
2024-01-02,3.075187777660648,3.0859414310384468,3.0603586153549878,3.079607051244063,3.079607051244063,123348737,AAPL,synthetic (offline fallback)
2024-01-03,3.1674829766889587,3.1765128621185723,3.1458881515853347,3.1565068889567134,3.1565068889567134,134162626,AAPL,synthetic (offline fallback)
2024-01-04,3.2209553445912333,3.253784488880831,3.196792700337791,3.224754791753125,3.224754791753125,74973907,AAPL,synthetic (offline fallback)
2024-01-05,3.2970322526968863,3.3079993832933567,3.277453127999864,3.290793799459305,3.290793799459305,137611096,AAPL,synthetic (offline fallback)
2024-01-08,3.289996084913212,3.2991594333526897,3.2754671022724007,3.288224760582685,3.288224760582685,124228550,AAPL,synthetic (offline fallback)
2024-01-09,3.317043039092227,3.329064223569801,3.286670501280937,3.309656859275327,3.309656859275327,98891604,AAPL,synthetic (offline fallback)
2024-01-10,3.195506926999017,3.2059716757029313,3.1818343848319564,3.194453266372771,3.194453266372771,143409348,AAPL,synthetic (offline fallback)
2024-01-11,2.973705461954438,3.0110616695111054,2.949434605600968,2.9886192465178487,2.9886192465178487,50529677,AAPL,synthetic (offline fallback)
2024-01-12,3.0133259427222523,3.0334148333726767,2.9871569645796567,3.0042339872122383,3.0042339872122383,122066992,AAPL,synthetic (offline fallback)
2024-01-15,3.0352765962953305,3.0547685423966215,3.0273448361728543,3.0360752321427995,3.0360752321427995,134341826,AAPL,synthetic (offline fallback)
2024-01-16,3.1599331987614137,3.184984860601476,3.138628247527821,3.152466429972061,3.152466429972061,44844389,AAPL,synthetic (offline fallback)
2024-01-17,3.3189763520034306,3.323591824618161,3.289915763421331,3.312117819036737,3.312117819036737,88897388,AAPL,synthetic (offline fallback)
2024-01-18,3.4757360311000434,3.4930447849841952,3.444993792385847,3.4838181039408265,3.4838181039408265,102043744,AAPL,synthetic (offline fallback)
2024-01-19,3.364243174505695,3.388029274982891,3.3595832800831382,3.373501365150271,3.373501365150271,64968553,AAPL,synthetic (offline fallback)
2024-01-22,3.342732661324996,3.356072601960563,3.330596650530828,3.3361735263056453,3.3361735263056453,145521103,AAPL,synthetic (offline fallback)
2024-01-23,3.3863449382222877,3.394251317197842,3.377674483321755,3.389428460895356,3.389428460895356,115198027,AAPL,synthetic (offline fallback)
2024-01-24,3.6846552607759984,3.7029856256063787,3.6527219263510835,3.6743330017599245,3.6743330017599245,73008893,AAPL,synthetic (offline fallback)
2024-01-25,3.8601262045856397,3.868390411965662,3.8313734896243976,3.8621909427882053,3.8621909427882053,92432572,AAPL,synthetic (offline fallback)
2024-01-26,4.025689375257706,4.03249863895778,3.99259507802504,4.013367416892884,4.013367416892884,53442468,AAPL,synthetic (offline fallback)
2024-01-29,3.9673104920313067,3.9776482723543194,3.9529884710661736,3.962278740955109,3.962278740955109,50508693,AAPL,synthetic (offline fallback)
2024-01-30,3.8518314437040897,3.8827602631848093,3.8160761904951954,3.8485066226926534,3.8485066226926534,129572551,AAPL,synthetic (offline fallback)
2024-01-31,3.9482642508500385,3.9742576518197184,3.9472959704648267,3.952699312274169,3.952699312274169,158040955,AAPL,synthetic (offline fallback)
2024-02-01,3.8151433267716888,3.828646306437922,3.801726959834449,3.8124849464324546,3.8124849464324546,73215978,AAPL,synthetic (offline fallback)
2024-02-02,3.7973609011001432,3.820934769770467,3.7729606578855988,3.783820280217691,3.783820280217691,69359424,AAPL,synthetic (offline fallback)
2024-02-05,3.7705863211475963,3.7992321819838004,3.7521294667498415,3.771199693110815,3.771199693110815,122068413,AAPL,synthetic (offline fallback)
2024-02-06,3.974900591746868,3.9878434075957636,3.9499627923748664,3.9685765723877036,3.9685765723877036,101315806,AAPL,synthetic (offline fallback)
2024-02-07,3.9251881400107558,3.944830080052282,3.9189766098743126,3.9246422998619326,3.9246422998619326,56732264,AAPL,synthetic (offline fallback)
2024-02-08,3.6332572227649633,3.6393610676556136,3.6258456593148525,3.6318995746554212,3.6318995746554212,120074591,AAPL,synthetic (offline fallback)
2024-02-09,3.714445753436217,3.7290851730579906,3.6719634489891533,3.6953399873818227,3.6953399873818227,65176875,AAPL,synthetic (offline fallback)
2024-02-12,3.625394605271156,3.6285162852889283,3.6103596611438187,3.6123713199757135,3.6123713199757135,53810723,AAPL,synthetic (offline fallback)
2024-02-13,3.619736473264751,3.6296841461895917,3.607376966042217,3.618874415958727,3.618874415958727,95709993,AAPL,synthetic (offline fallback)
2024-02-14,3.6126447117049123,3.6312896522812212,3.6034551894775557,3.6103219667912816,3.6103219667912816,128729211,AAPL,synthetic (offline fallback)
2024-02-15,3.573615535793992,3.5830747943551438,3.5659431451083403,3.581156059213717,3.581156059213717,102538384,AAPL,synthetic (offline fallback)
2024-02-16,3.6681805085703556,3.681580915465219,3.661289730895367,3.670084969386591,3.670084969386591,117794659,AAPL,synthetic (offline fallback)
2024-02-19,3.5069713172852857,3.5220005595153134,3.4873787963404856,3.503719188390047,3.503719188390047,68555217,AAPL,synthetic (offline fallback)
2024-02-20,3.457698674757298,3.4752367495090035,3.435873900542722,3.4488976371596958,3.4488976371596958,99250347,AAPL,synthetic (offline fallback)
2024-02-21,3.532016208947318,3.533505435180562,3.51589091257599,3.524095231576714,3.524095231576714,125552513,AAPL,synthetic (offline fallback)
2024-02-22,3.447921590771838,3.461741980767293,3.4277946344610144,3.45943381563673,3.45943381563673,103399598,AAPL,synthetic (offline fallback)
2024-02-23,3.3041936816201685,3.3131273467770628,3.292356115605522,3.294537562707158,3.294537562707158,68755466,AAPL,synthetic (offline fallback)
2024-02-26,3.364948177043532,3.3905040398276083,3.3425222061685,3.3658445722642103,3.3658445722642103,154575403,AAPL,synthetic (offline fallback)
2024-02-27,3.4771276295133786,3.5090711494952567,3.4709559664434924,3.4874538900417646,3.4874538900417646,48079671,AAPL,synthetic (offline fallback)
2024-02-28,3.4978693640715353,3.5082902883567906,3.4530032493947505,3.4839018642373034,3.4839018642373034,149307740,AAPL,synthetic (offline fallback)
2024-02-29,3.2960124262968002,3.3130579843061763,3.2814748970235934,3.281606707783638,3.281606707783638,126946632,AAPL,synthetic (offline fallback)
2024-03-01,3.3603206427373262,3.3734895698172727,3.344967734616476,3.3576639215562527,3.3576639215562527,53437998,AAPL,synthetic (offline fallback)
2024-03-04,3.193526467500579,3.224296155390915,3.1672805606253966,3.186750222993795,3.186750222993795,70623330,AAPL,synthetic (offline fallback)
2024-03-05,3.227620555292076,3.2304373407249822,3.2030249487279683,3.220206520453728,3.220206520453728,84250246,AAPL,synthetic (offline fallback)
2024-03-06,3.144660939372586,3.157310134323274,3.112731493186675,3.131548156237585,3.131548156237585,154912889,AAPL,synthetic (offline fallback)
2024-03-07,3.025534420991412,3.0422881700943596,3.0157690450074988,3.018940434459961,3.018940434459961,102012571,AAPL,synthetic (offline fallback)
2024-03-08,2.965608122772592,2.98486509559009,2.955616570742542,2.9774675691365804,2.9774675691365804,70970467,AAPL,synthetic (offline fallback)
2024-03-11,2.979231950066294,2.98025908607806,2.942481695142988,2.961376557408193,2.961376557408193,150397101,AAPL,synthetic (offline fallback)
2024-03-12,2.913178439764928,2.914594429681109,2.8797425533928713,2.9038947733502907,2.9038947733502907,54160089,AAPL,synthetic (offline fallback)
2024-03-13,2.9537979494621425,2.9704091040397906,2.940516822218179,2.9583199563362266,2.9583199563362266,137987599,AAPL,synthetic (offline fallback)
2024-03-14,2.910323818818453,2.93387940000928,2.898609615718151,2.91934129980961,2.91934129980961,139682832,AAPL,synthetic (offline fallback)
2024-03-15,3.013010595700543,3.0307610220293535,2.9890883336026866,3.00845447103533,3.00845447103533,86377924,AAPL,synthetic (offline fallback)
2024-03-18,3.0330211349958613,3.039662908994272,3.015325110628788,3.0355551560784533,3.0355551560784533,45174456,AAPL,synthetic (offline fallback)
2024-03-19,2.9769277222438992,2.9922480291235094,2.958125571491869,2.9739835200104805,2.9739835200104805,146345248,AAPL,synthetic (offline fallback)
2024-03-20,2.9056341000159946,2.9164016621334055,2.875077137801093,2.8991683153370786,2.8991683153370786,156090620,AAPL,synthetic (offline fallback)
2024-03-21,2.7557967662250134,2.7823132153593266,2.746417577719728,2.76048773387632,2.76048773387632,85378935,AAPL,synthetic (offline fallback)
2024-03-22,2.7771794747807097,2.789273272285772,2.7619822574831008,2.7865096117287362,2.7865096117287362,62288454,AAPL,synthetic (offline fallback)
2024-03-25,2.7609693264053035,2.780345073298235,2.746583596933099,2.7577773221418207,2.7577773221418207,72543152,AAPL,synthetic (offline fallback)
2024-03-26,2.5657496454987196,2.589009123459071,2.5632630813689894,2.569861844791975,2.569861844791975,56371740,AAPL,synthetic (offline fallback)
2024-03-27,2.528892526089482,2.5437824773727966,2.5129126805570476,2.5277846300444167,2.5277846300444167,113187115,AAPL,synthetic (offline fallback)
2024-03-28,2.4487082169195635,2.4782765926797836,2.4340813732869258,2.458616390105094,2.458616390105094,102230922,AAPL,synthetic (offline fallback)
2024-03-29,2.581993448799836,2.591871543116908,2.5807214453649174,2.583948330189263,2.583948330189263,82708210,AAPL,synthetic (offline fallback)
2024-04-01,2.452940038747576,2.4681021256943043,2.43330328121093,2.447690096757506,2.447690096757506,118079876,AAPL,synthetic (offline fallback)
2024-04-02,2.339562507868814,2.350141518656107,2.3301478791865833,2.335317373731565,2.335317373731565,114688907,AAPL,synthetic (offline fallback)
2024-04-03,2.418757242839948,2.431851225560862,2.4175562798481214,2.424491344069178,2.424491344069178,41349848,AAPL,synthetic (offline fallback)
2024-04-04,2.5295181243655183,2.5541891960413774,2.5198831472806886,2.5384147428614283,2.5384147428614283,143621943,AAPL,synthetic (offline fallback)
2024-04-05,2.4761436801170453,2.481466226993355,2.462608952918703,2.4760265861722806,2.4760265861722806,135492296,AAPL,synthetic (offline fallback)
2024-04-08,2.4289181663803046,2.4356346701336067,2.416427409701726,2.4248369272494723,2.4248369272494723,142586114,AAPL,synthetic (offline fallback)
2024-04-09,2.4791516666062576,2.498486028535681,2.4760208980075253,2.4761418532386896,2.4761418532386896,154517316,AAPL,synthetic (offline fallback)
2024-04-10,2.290626484186973,2.300460792732422,2.2780324530987355,2.29415140086019,2.29415140086019,47368181,AAPL,synthetic (offline fallback)
2024-04-11,2.1546913434489787,2.1570615122413623,2.1526653057677945,2.1527679027476623,2.1527679027476623,72437101,AAPL,synthetic (offline fallback)
2024-04-12,2.1420355998558933,2.146882116147952,2.1179412122400105,2.132424620468958,2.132424620468958,95127314,AAPL,synthetic (offline fallback)
2024-04-15,2.251619066889043,2.2664524586959494,2.2450123060081273,2.250234196117439,2.250234196117439,101201210,AAPL,synthetic (offline fallback)
2024-04-16,2.2062281170015154,2.229667142430816,2.193488480925078,2.2170906279491898,2.2170906279491898,134350481,AAPL,synthetic (offline fallback)
2024-04-17,2.227035287972838,2.2295105713109398,2.2254166052955315,2.225678512094355,2.225678512094355,126931892,AAPL,synthetic (offline fallback)
2024-04-18,2.326685542946158,2.3374042576141565,2.3108294840619843,2.3125055573812263,2.3125055573812263,124746227,AAPL,synthetic (offline fallback)
2024-04-19,2.4734090407496283,2.492020433703889,2.4662302469584865,2.482998810321784,2.482998810321784,59022291,AAPL,synthetic (offline fallback)
2024-04-22,2.43494301652266,2.4458508315888867,2.422353329945733,2.434725902310382,2.434725902310382,121315670,AAPL,synthetic (offline fallback)
2024-04-23,2.4326428107140834,2.4501917588147504,2.4103153211428263,2.4342957128369633,2.4342957128369633,135508737,AAPL,synthetic (offline fallback)
2024-04-24,2.588039691953181,2.60538806814563,2.5778734109777397,2.587295459317706,2.587295459317706,130249210,AAPL,synthetic (offline fallback)
2024-04-25,2.4587656850634216,2.4661307002997894,2.44977881555666,2.4573336580011698,2.4573336580011698,109956635,AAPL,synthetic (offline fallback)
2024-04-26,2.556121816134718,2.561180600770368,2.5466579981678032,2.547409888405313,2.547409888405313,50595525,AAPL,synthetic (offline fallback)
2024-04-29,2.4607420345715556,2.4704314952950295,2.4503854303731134,2.460116304335926,2.460116304335926,57968862,AAPL,synthetic (offline fallback)
2024-04-30,2.4793096170350815,2.4894032719536536,2.460912632194294,2.469845714902486,2.469845714902486,129177898,AAPL,synthetic (offline fallback)
2024-05-01,2.4498713514344184,2.458390155431826,2.435183772805945,2.450736380444478,2.450736380444478,144187550,AAPL,synthetic (offline fallback)
2024-05-02,2.373128877967917,2.376624058441808,2.3662007002552934,2.3756242582097533,2.3756242582097533,139043203,AAPL,synthetic (offline fallback)
2024-05-03,2.296243390189763,2.3035928456494994,2.2821451966968245,2.3008624842520833,2.3008624842520833,91204151,AAPL,synthetic (offline fallback)
2024-05-06,2.3101994918832567,2.3433964487879564,2.291578595952557,2.322862019219938,2.322862019219938,61194321,AAPL,synthetic (offline fallback)
2024-05-07,2.4017211858021588,2.4029181699693782,2.398013209127964,2.399735778238644,2.399735778238644,111016508,AAPL,synthetic (offline fallback)
2024-05-08,2.405356880784458,2.41454503880874,2.3837621706826932,2.390625842275472,2.390625842275472,63447563,AAPL,synthetic (offline fallback)
2024-05-09,2.4001833023325716,2.418141071237175,2.3756191324527456,2.3968882845912995,2.3968882845912995,135408144,AAPL,synthetic (offline fallback)
2024-05-10,2.4454362345860323,2.4456883170662946,2.431389353542082,2.440408402545466,2.440408402545466,134260767,AAPL,synthetic (offline fallback)
2024-05-13,2.367027839006884,2.374928214826872,2.3544338207771456,2.3699644476750654,2.3699644476750654,46139973,AAPL,synthetic (offline fallback)
2024-05-14,2.4236540963658033,2.433670823653676,2.404577096086415,2.4254319383982406,2.4254319383982406,152285939,AAPL,synthetic (offline fallback)
2024-05-15,2.495489503343709,2.506577724236868,2.4830510124755385,2.4881397265331646,2.4881397265331646,135533715,AAPL,synthetic (offline fallback)
2024-05-16,2.712379757031408,2.7193223872157897,2.6779510416639396,2.6961326435479904,2.6961326435479904,85389990,AAPL,synthetic (offline fallback)
2024-05-17,2.676320213051336,2.6889388874973044,2.6567070938914683,2.664426628744369,2.664426628744369,94142803,AAPL,synthetic (offline fallback)
2024-05-20,2.633088061011207,2.6383616556322163,2.612928717557472,2.6267425500149737,2.6267425500149737,49459369,AAPL,synthetic (offline fallback)
2024-05-21,2.6925847864022394,2.693193121011398,2.6844698434759002,2.692300878594911,2.692300878594911,152359249,AAPL,synthetic (offline fallback)
2024-05-22,2.7654020598518794,2.765444620254114,2.749383414050678,2.7636632824628835,2.7636632824628835,52098769,AAPL,synthetic (offline fallback)
2024-05-23,2.712531467512886,2.7264497599790873,2.711422730526142,2.71867709678766,2.71867709678766,150691070,AAPL,synthetic (offline fallback)
2024-05-24,2.674208307856542,2.692850157195814,2.6729500611431645,2.6858771078378854,2.6858771078378854,118537421,AAPL,synthetic (offline fallback)
2024-05-27,2.722674692272585,2.7525330873743337,2.7136582662861217,2.731909626113344,2.731909626113344,150245640,AAPL,synthetic (offline fallback)
2024-05-28,2.6655075816745297,2.6665166305911514,2.6575619040541247,2.6651094140520564,2.6651094140520564,84490205,AAPL,synthetic (offline fallback)
2024-05-29,2.6307615130453814,2.6438245462660426,2.6182653468451837,2.6330680195018954,2.6330680195018954,147483362,AAPL,synthetic (offline fallback)
2024-05-30,2.6295792657046055,2.6552089347738566,2.6286616284778876,2.641222633773153,2.641222633773153,91135779,AAPL,synthetic (offline fallback)
2024-05-31,2.720371922233168,2.73654047274111,2.7165681516936053,2.7206765567603672,2.7206765567603672,82010813,AAPL,synthetic (offline fallback)
2024-06-03,2.6708832050891798,2.6837472665826416,2.66750007208277,2.6734371154335004,2.6734371154335004,80445685,AAPL,synthetic (offline fallback)
2024-06-04,2.5241551088199516,2.533238528841725,2.5149170364689617,2.533067825919913,2.533067825919913,154237146,AAPL,synthetic (offline fallback)
2024-06-05,2.3869878425453637,2.402527855847748,2.3819538465898233,2.389641628066206,2.389641628066206,95864627,AAPL,synthetic (offline fallback)
2024-06-06,2.294656236272332,2.304021630638789,2.2916014815676493,2.2968677961065596,2.2968677961065596,97428519,AAPL,synthetic (offline fallback)
2024-06-07,2.198700402388476,2.215807454715622,2.1886241176981516,2.202775341648186,2.202775341648186,117225934,AAPL,synthetic (offline fallback)
2024-06-10,2.1986770802205426,2.2021041546867823,2.179047852542669,2.192581680140082,2.192581680140082,106700708,AAPL,synthetic (offline fallback)
2024-06-11,2.099997938712164,2.1240050812397917,2.088564094879468,2.112055037200713,2.112055037200713,104936699,AAPL,synthetic (offline fallback)
2024-06-12,2.053414146657033,2.0762208644727744,2.048777818315734,2.0657204634915103,2.0657204634915103,85487342,AAPL,synthetic (offline fallback)
2024-06-13,2.016094911450538,2.0243393532294545,2.005275530175667,2.0160750382865107,2.0160750382865107,59708970,AAPL,synthetic (offline fallback)
2024-06-14,1.9893679633151644,1.992723429569154,1.977126482448429,1.9887944316581814,1.9887944316581814,159347824,AAPL,synthetic (offline fallback)
2024-06-17,2.0764517785908194,2.089832696815252,2.061645847730489,2.0739368286189945,2.0739368286189945,98954638,AAPL,synthetic (offline fallback)
2024-06-18,2.1155894471414736,2.131809290651437,2.1118945082552307,2.119015727163177,2.119015727163177,156670266,AAPL,synthetic (offline fallback)
2024-06-19,2.1151057911275255,2.1294853175278035,2.1108798118077927,2.1209463926770145,2.1209463926770145,95273567,AAPL,synthetic (offline fallback)
2024-06-20,2.091833931361464,2.0963157899826785,2.0856465685981758,2.0918798447730427,2.0918798447730427,111931324,AAPL,synthetic (offline fallback)
2024-06-21,2.062562623172524,2.0681852534740846,2.0584408096629994,2.065298595280446,2.065298595280446,105488469,AAPL,synthetic (offline fallback)
2024-06-24,2.096302055123357,2.1009708301932832,2.075513666398228,2.086592692348561,2.086592692348561,155890474,AAPL,synthetic (offline fallback)
2024-06-25,2.121803174099686,2.1382036959274267,2.1160125694140848,2.1238690227370163,2.1238690227370163,53280403,AAPL,synthetic (offline fallback)
2024-06-26,2.0683206102898484,2.073891759003362,2.0663758033841146,2.0686506747898132,2.0686506747898132,102101883,AAPL,synthetic (offline fallback)
2024-06-27,2.0871025290369927,2.0999771759854053,2.0689396596429743,2.0717174283303623,2.0717174283303623,58423254,AAPL,synthetic (offline fallback)
2024-06-28,1.9531356473921258,1.9646153453314816,1.9513584858172903,1.9542774939755898,1.9542774939755898,144163776,AAPL,synthetic (offline fallback)
2024-07-01,1.9709151828740255,1.9823322955110194,1.9601850527202502,1.9676322463280778,1.9676322463280778,103629301,AAPL,synthetic (offline fallback)
2024-07-02,2.017384786565015,2.0289236509550896,2.0134287106576307,2.0134807916762076,2.0134807916762076,150765284,AAPL,synthetic (offline fallback)
2024-07-03,2.0019766756792774,2.010404674238844,1.9901098337816605,1.9975935460700478,1.9975935460700478,73052205,AAPL,synthetic (offline fallback)
2024-07-04,2.1092225547509287,2.1177024752465683,2.102512971035522,2.107392364992258,2.107392364992258,59546545,AAPL,synthetic (offline fallback)
2024-07-05,2.0537818678078104,2.057575274471612,2.0419937014110845,2.052588241801645,2.052588241801645,115483802,AAPL,synthetic (offline fallback)
2024-07-08,2.0676735383620644,2.082346293752253,2.0507660947295063,2.0670513499742946,2.0670513499742946,57492871,AAPL,synthetic (offline fallback)
2024-07-09,2.062097501637736,2.078165693197184,2.050832938349041,2.0656669363158273,2.0656669363158273,84730165,AAPL,synthetic (offline fallback)
2024-07-10,2.062476413320871,2.0699463051288096,2.0512337808206174,2.0604642537493505,2.0604642537493505,77663082,AAPL,synthetic (offline fallback)
2024-07-11,2.067086147402435,2.080981823074792,2.0483571339654945,2.0545820891937647,2.0545820891937647,66488169,AAPL,synthetic (offline fallback)
2024-07-12,2.0690500868981094,2.0866752141476463,2.049228932756294,2.061562397999736,2.061562397999736,55686146,AAPL,synthetic (offline fallback)
2024-07-15,2.1127644333815137,2.121444986616137,2.094358115237766,2.11083986654909,2.11083986654909,118767374,AAPL,synthetic (offline fallback)
2024-07-16,2.199243010733869,2.2088428223732177,2.1871230180199417,2.193610937915511,2.193610937915511,130980616,AAPL,synthetic (offline fallback)
2024-07-17,2.1886265200857875,2.206258512234315,2.1867893199799746,2.194348344234302,2.194348344234302,87268920,AAPL,synthetic (offline fallback)
2024-07-18,2.243637805206593,2.2501551499848,2.228260530408839,2.2453926614443644,2.2453926614443644,73723837,AAPL,synthetic (offline fallback)
2024-07-19,2.2089979173673853,2.209939218308266,2.202524858689557,2.2027343331839235,2.2027343331839235,58913496,AAPL,synthetic (offline fallback)
2024-07-22,2.2613686543205986,2.267733327921535,2.240589576470676,2.251324367098851,2.251324367098851,121244541,AAPL,synthetic (offline fallback)
2024-07-23,2.199436040316701,2.217054665187745,2.1980854496314803,2.204534242936017,2.204534242936017,137057077,AAPL,synthetic (offline fallback)
2024-07-24,2.271000366149351,2.2799826120552877,2.2691368994212935,2.2742998405944546,2.2742998405944546,105762852,AAPL,synthetic (offline fallback)
2024-07-25,2.439779477961254,2.4525552463878473,2.4111857798771026,2.423917055984373,2.423917055984373,91811045,AAPL,synthetic (offline fallback)
2024-07-26,2.4166616372165843,2.4288158664084953,2.403165254417515,2.4159639460900424,2.4159639460900424,117803673,AAPL,synthetic (offline fallback)
2024-07-29,2.277799004630821,2.2877014210169584,2.2574072233833187,2.2654070335180068,2.2654070335180068,149808440,AAPL,synthetic (offline fallback)
2024-07-30,2.2294992639731825,2.233607573475297,2.2163183930455936,2.2281165573323003,2.2281165573323003,158762512,AAPL,synthetic (offline fallback)
2024-07-31,2.3167211170886297,2.3261607084126967,2.2979140234568534,2.315011386618397,2.315011386618397,63208111,AAPL,synthetic (offline fallback)
2024-08-01,2.3540426324201253,2.3592204738347577,2.3464424812752958,2.3562020271664808,2.3562020271664808,97207604,AAPL,synthetic (offline fallback)
2024-08-02,2.382048546898948,2.3872295222378703,2.3543983809300038,2.375331903005036,2.375331903005036,145162028,AAPL,synthetic (offline fallback)
2024-08-05,2.4600087131523614,2.4613718859048626,2.4446038552254885,2.450028930314831,2.450028930314831,115938463,AAPL,synthetic (offline fallback)
2024-08-06,2.479807085864456,2.4901328023414937,2.4762870346998733,2.487530885907833,2.487530885907833,137909196,AAPL,synthetic (offline fallback)
2024-08-07,2.5790574297878175,2.585899303998945,2.5625327414350867,2.5817872868527183,2.5817872868527183,159500914,AAPL,synthetic (offline fallback)
2024-08-08,2.6639637469680664,2.678126791235062,2.6465268285635357,2.6566705604394802,2.6566705604394802,52469898,AAPL,synthetic (offline fallback)
2024-08-09,2.7840971651866337,2.7964061696999045,2.7618456426610103,2.7851796138615152,2.7851796138615152,113483977,AAPL,synthetic (offline fallback)
2024-08-12,2.8137982741971057,2.823612698589149,2.81250515173466,2.8179693095213767,2.8179693095213767,103801757,AAPL,synthetic (offline fallback)
2024-08-13,2.9081144130998324,2.9293131266318264,2.896599554007363,2.8993334151975403,2.8993334151975403,74167713,AAPL,synthetic (offline fallback)
2024-08-14,2.882444711039615,2.892870225202573,2.8721347509615036,2.872934265473121,2.872934265473121,118441943,AAPL,synthetic (offline fallback)
2024-08-15,2.8179444366815916,2.8434268194170835,2.803808281177154,2.8217507704289058,2.8217507704289058,52463695,AAPL,synthetic (offline fallback)
2024-08-16,2.974869886537046,2.9868099243366952,2.9573332256019143,2.972975804888617,2.972975804888617,99457863,AAPL,synthetic (offline fallback)
2024-08-19,2.983499883130896,2.994721516738751,2.974169599224328,2.9943556932868245,2.9943556932868245,89762634,AAPL,synthetic (offline fallback)
2024-08-20,3.0621379205648314,3.0892646796432204,3.060263563386754,3.070386337624243,3.070386337624243,86831570,AAPL,synthetic (offline fallback)
2024-08-21,3.084437732127919,3.1096425359209534,3.0723112481299024,3.0832892201626514,3.0832892201626514,113700879,AAPL,synthetic (offline fallback)
2024-08-22,3.0310729405004295,3.046051570842319,3.022581034345368,3.0307873786142303,3.0307873786142303,153261055,AAPL,synthetic (offline fallback)
2024-08-23,3.0241943489542678,3.046556569110069,3.0078725551214602,3.032991931108069,3.032991931108069,153692338,AAPL,synthetic (offline fallback)
2024-08-26,3.1565652354966747,3.174021868736712,3.1412134365567397,3.163359885073381,3.163359885073381,124098503,AAPL,synthetic (offline fallback)
2024-08-27,3.2070930833220475,3.2284727742553447,3.2047214579232652,3.2173730183798646,3.2173730183798646,79721532,AAPL,synthetic (offline fallback)
2024-08-28,3.0639903294909874,3.0800227839911667,3.051055615211201,3.059813135108656,3.059813135108656,155904385,AAPL,synthetic (offline fallback)
2024-08-29,3.023015610515267,3.0560205672526366,3.0041657251343,3.0409661832894312,3.0409661832894312,159804617,AAPL,synthetic (offline fallback)
2024-08-30,3.199355631829339,3.2142900599414297,3.191714874492683,3.2090943722126593,3.2090943722126593,141547637,AAPL,synthetic (offline fallback)
2024-09-02,3.171341532655848,3.1903773450170116,3.1628600317661286,3.189165217817369,3.189165217817369,144777064,AAPL,synthetic (offline fallback)
2024-09-03,3.0243783735652077,3.027803783410741,3.0039221617344767,3.020581316143929,3.020581316143929,138055767,AAPL,synthetic (offline fallback)
2024-09-04,3.1896311714141574,3.2131632836614767,3.179716232583171,3.2069751364320696,3.2069751364320696,131214335,AAPL,synthetic (offline fallback)
2024-09-05,3.280484446585434,3.2877961217763794,3.2795586046998975,3.280172214879124,3.280172214879124,127075874,AAPL,synthetic (offline fallback)
2024-09-06,3.2901868863666097,3.3138931791995176,3.2681694631941633,3.2740830728839736,3.2740830728839736,116606332,AAPL,synthetic (offline fallback)
2024-09-09,3.2536580071527266,3.2587047760835266,3.221023363966059,3.2374052552568515,3.2374052552568515,117529509,AAPL,synthetic (offline fallback)
2024-09-10,3.3307887778485554,3.356253030994361,3.3250965887848833,3.3489323647671583,3.3489323647671583,86771998,AAPL,synthetic (offline fallback)
2024-09-11,3.2970599561369927,3.303513107197443,3.27044966610687,3.2941109731073532,3.2941109731073532,146423450,AAPL,synthetic (offline fallback)
2024-09-12,3.4042950858530303,3.4275223887719557,3.3930899883334167,3.4144253919719088,3.4144253919719088,116158215,AAPL,synthetic (offline fallback)
2024-09-13,3.4616882814711176,3.4946348464571058,3.4459689215828377,3.4741235876057677,3.4741235876057677,113609172,AAPL,synthetic (offline fallback)
2024-09-16,3.5007236785777427,3.517995013462907,3.477441061648182,3.501915765244223,3.501915765244223,129020123,AAPL,synthetic (offline fallback)
2024-09-17,3.5317860581822593,3.5630331703336973,3.506237069920781,3.5188196529944133,3.5188196529944133,49034608,AAPL,synthetic (offline fallback)
2024-09-18,3.508287189552376,3.53777970940547,3.49492114368331,3.5019871964530984,3.5019871964530984,150268586,AAPL,synthetic (offline fallback)
2024-09-19,3.603911028660857,3.6403168582105345,3.6003166197882077,3.6116595653857186,3.6116595653857186,109907622,AAPL,synthetic (offline fallback)
2024-09-20,3.529645103640831,3.5507671099742026,3.50457186585185,3.5221953013419394,3.5221953013419394,153327991,AAPL,synthetic (offline fallback)
2024-09-23,3.3359162661886828,3.3685997297705845,3.322979527119609,3.3585229036539137,3.3585229036539137,52340218,AAPL,synthetic (offline fallback)
2024-09-24,3.415657842597647,3.4393954880966944,3.393314390668826,3.423390725587326,3.423390725587326,68035022,AAPL,synthetic (offline fallback)
2024-09-25,3.4822687038018927,3.5026944283721906,3.4669066033635794,3.4908970655290283,3.4908970655290283,153916128,AAPL,synthetic (offline fallback)
2024-09-26,3.544054730657632,3.5625629096628955,3.5334340609350043,3.5432222078147295,3.5432222078147295,123139642,AAPL,synthetic (offline fallback)
2024-09-27,3.5858578520564364,3.593165924269845,3.576944687314908,3.588041117276473,3.588041117276473,117600277,AAPL,synthetic (offline fallback)
2024-09-30,3.5541936366402225,3.562650161468148,3.5477991118107948,3.555702724099119,3.555702724099119,88517752,AAPL,synthetic (offline fallback)
2024-10-01,3.6375879565279337,3.6405490426826037,3.614980015152026,3.639495629426524,3.639495629426524,106677553,AAPL,synthetic (offline fallback)
2024-10-02,3.636364206611174,3.6573331904404984,3.632841153960273,3.6361197803746212,3.6361197803746212,105554459,AAPL,synthetic (offline fallback)
2024-10-03,3.5932949858591705,3.611801259644666,3.5632348042030717,3.587481855728132,3.587481855728132,63738535,AAPL,synthetic (offline fallback)
2024-10-04,3.558999509392299,3.5590795672876836,3.5567650944312135,3.557405816209907,3.557405816209907,107989977,AAPL,synthetic (offline fallback)
2024-10-07,3.7621437805661517,3.7813887566501663,3.7457509406391636,3.7653558378841465,3.7653558378841465,101892045,AAPL,synthetic (offline fallback)
2024-10-08,3.5843302916695614,3.5946953413080203,3.578411306265401,3.5800154964674205,3.5800154964674205,77569082,AAPL,synthetic (offline fallback)
2024-10-09,3.645205690791262,3.662668257532337,3.6190127951971243,3.63619385473322,3.63619385473322,81103720,AAPL,synthetic (offline fallback)
2024-10-10,3.4528167328008172,3.4594305397901675,3.4482235175683926,3.4585859227558404,3.4585859227558404,132144950,AAPL,synthetic (offline fallback)
2024-10-11,3.447768866369444,3.449519049940298,3.4345354105348656,3.448383396539927,3.448383396539927,121046340,AAPL,synthetic (offline fallback)
2024-10-14,3.4166575305658475,3.4358259376521314,3.3764653739101766,3.4047893891546965,3.4047893891546965,96390798,AAPL,synthetic (offline fallback)
2024-10-15,3.189642960579754,3.218346389055677,3.1697624515893232,3.2002302247298577,3.2002302247298577,112529175,AAPL,synthetic (offline fallback)
2024-10-16,3.25822932611524,3.2802674249675707,3.235955389275626,3.2406839179628832,3.2406839179628832,68949484,AAPL,synthetic (offline fallback)
2024-10-17,3.1913783311477024,3.216439286732478,3.1749838651220683,3.2042512983471947,3.2042512983471947,99916850,AAPL,synthetic (offline fallback)
2024-10-18,3.0044866578483074,3.030838569524604,2.9936814900838145,3.007602816580527,3.007602816580527,107413130,AAPL,synthetic (offline fallback)
2024-10-21,3.0811530130250837,3.0991144465309874,3.0807693733745256,3.08996116359022,3.08996116359022,70328920,AAPL,synthetic (offline fallback)
2024-10-22,3.256181328307193,3.2677639335534066,3.220779195805298,3.2349478391748088,3.2349478391748088,60337679,AAPL,synthetic (offline fallback)
2024-10-23,3.3904776148870948,3.4193894789191526,3.3707119356739215,3.395605148735804,3.395605148735804,103089175,AAPL,synthetic (offline fallback)
2024-10-24,3.432108163138042,3.439673442014288,3.4225084906288252,3.4372727461104398,3.4372727461104398,152894664,AAPL,synthetic (offline fallback)
2024-10-25,3.439933421583625,3.4700839280754643,3.4148525682511135,3.4437637347795858,3.4437637347795858,95403626,AAPL,synthetic (offline fallback)
2024-10-28,3.5929227115099325,3.593313994767629,3.568029852480808,3.5918925264763795,3.5918925264763795,148171865,AAPL,synthetic (offline fallback)
2024-10-29,3.7876959424058767,3.8028955563351183,3.7769296155912815,3.791431736157933,3.791431736157933,142151905,AAPL,synthetic (offline fallback)
2024-10-30,3.934702973383718,3.9418846579667797,3.922875207607113,3.936272209291768,3.936272209291768,129369991,AAPL,synthetic (offline fallback)
2024-10-31,3.7771974563328383,3.832223319094327,3.75947701179766,3.8176169717736865,3.8176169717736865,147320480,AAPL,synthetic (offline fallback)
2024-11-01,3.8452155182020564,3.8644039452990806,3.8356872622243032,3.8445562555868493,3.8445562555868493,89353855,AAPL,synthetic (offline fallback)
2024-11-04,3.9010983161336603,3.9022628000239052,3.8948956849095864,3.9008899311222667,3.9008899311222667,131109898,AAPL,synthetic (offline fallback)
2024-11-05,3.696209471892837,3.701124784489156,3.6750988718854978,3.684728938385847,3.684728938385847,57368129,AAPL,synthetic (offline fallback)
2024-11-06,3.757891470090478,3.7677127659409164,3.718055732990594,3.743191273536099,3.743191273536099,78356794,AAPL,synthetic (offline fallback)
2024-11-07,4.02699076743009,4.039170196353759,4.016011383192231,4.029259741034591,4.029259741034591,107994591,AAPL,synthetic (offline fallback)
2024-11-08,4.1286422070006985,4.143410820111589,4.1095021874372195,4.118557148642923,4.118557148642923,44570741,AAPL,synthetic (offline fallback)
2024-11-11,4.312998538659364,4.352962512111799,4.309401372126509,4.327298991076023,4.327298991076023,131829720,AAPL,synthetic (offline fallback)
2024-11-12,4.365912463620156,4.3696439063687045,4.3538507060764475,4.3558850983924104,4.3558850983924104,151040315,AAPL,synthetic (offline fallback)
2024-11-13,4.33964969006667,4.363839944612486,4.301059368148807,4.3471155454040264,4.3471155454040264,52636787,AAPL,synthetic (offline fallback)
2024-11-14,4.386765050198503,4.418916472538611,4.367382890140964,4.402411627926314,4.402411627926314,159041470,AAPL,synthetic (offline fallback)
2024-11-15,4.289744167592295,4.304084742550992,4.258639739350032,4.2921338819537755,4.2921338819537755,50579372,AAPL,synthetic (offline fallback)
2024-11-18,4.182781871663392,4.192925641797883,4.137128533751689,4.165281784541198,4.165281784541198,55242491,AAPL,synthetic (offline fallback)
2024-11-19,4.339718118975228,4.359610387314144,4.327557524162263,4.337362858898414,4.337362858898414,131489548,AAPL,synthetic (offline fallback)
2024-11-20,4.554660457052338,4.573691528335912,4.509695644137615,4.53430386109404,4.53430386109404,122273922,AAPL,synthetic (offline fallback)
2024-11-21,4.382200259880473,4.425284605510623,4.342906230918314,4.392065709714749,4.392065709714749,152326295,AAPL,synthetic (offline fallback)
2024-11-22,4.549114245951289,4.567459912810018,4.501264463732264,4.534858675933651,4.534858675933651,91017584,AAPL,synthetic (offline fallback)
2024-11-25,4.514944958925408,4.541343117764505,4.494360041871462,4.523795675193368,4.523795675193368,108703222,AAPL,synthetic (offline fallback)
2024-11-26,4.577921272940423,4.60408993936452,4.562170816368133,4.574828752685024,4.574828752685024,57822448,AAPL,synthetic (offline fallback)
2024-11-27,4.646062677866691,4.681849144502884,4.607678718298905,4.643044473836145,4.643044473836145,123020409,AAPL,synthetic (offline fallback)
2024-11-28,4.799356376323209,4.826931405679044,4.787188393395393,4.789851035722633,4.789851035722633,159772157,AAPL,synthetic (offline fallback)
2024-11-29,4.807717472111379,4.8158249446641115,4.781506677387214,4.804103720276557,4.804103720276557,111623687,AAPL,synthetic (offline fallback)
2024-12-02,5.004866838452193,5.0632204345523135,4.9875168068983555,5.015990065346709,5.015990065346709,151987462,AAPL,synthetic (offline fallback)
2024-12-03,5.079680141882656,5.117739488350098,5.039915260336151,5.066300443377571,5.066300443377571,87227822,AAPL,synthetic (offline fallback)
2024-12-04,5.192381520624203,5.231492664247032,5.12160542973595,5.16554666180358,5.16554666180358,157913065,AAPL,synthetic (offline fallback)
2024-12-05,5.030075629635489,5.067836936557386,5.003851120387709,5.038900812251293,5.038900812251293,104400426,AAPL,synthetic (offline fallback)
2024-12-06,5.352297560743751,5.420507389388708,5.351293868243117,5.38192882598754,5.38192882598754,57267550,AAPL,synthetic (offline fallback)
2024-12-09,5.473123357927561,5.496350202347364,5.426927080579433,5.464937107814297,5.464937107814297,83510281,AAPL,synthetic (offline fallback)
2024-12-10,5.585036755467978,5.620418701463236,5.547667941369476,5.590591238095628,5.590591238095628,99030943,AAPL,synthetic (offline fallback)
2024-12-11,5.317124217405194,5.345615517826507,5.292870736417915,5.319216310754546,5.319216310754546,48042602,AAPL,synthetic (offline fallback)
2024-12-12,5.1918189025654975,5.228040086215715,5.140550574959886,5.18317060997322,5.18317060997322,147492899,AAPL,synthetic (offline fallback)
2024-12-13,5.386841047737259,5.429587182226958,5.348006421040438,5.394226700429777,5.394226700429777,68700331,AAPL,synthetic (offline fallback)
2024-12-16,5.442209539168195,5.45655866890794,5.397256029617937,5.446602528649053,5.446602528649053,121019013,AAPL,synthetic (offline fallback)
2024-12-17,5.126879810574776,5.140276975764038,5.115191191202311,5.12842017542661,5.12842017542661,150397294,AAPL,synthetic (offline fallback)
2024-12-18,5.331246604689096,5.3516695541151265,5.283155315158618,5.307842935519041,5.307842935519041,92152216,AAPL,synthetic (offline fallback)
2024-12-19,5.216427390885655,5.249399138782777,5.178575643833768,5.215956865611588,5.215956865611588,113119914,AAPL,synthetic (offline fallback)
2024-12-20,5.44234659860566,5.496526945156883,5.399218830357534,5.462596557351369,5.462596557351369,102003308,AAPL,synthetic (offline fallback)
2024-12-23,5.429432425499537,5.492830351063516,5.421706112639374,5.448981384244205,5.448981384244205,131698817,AAPL,synthetic (offline fallback)
2024-12-24,5.489388123246461,5.521937792055835,5.47960265524137,5.487096219316198,5.487096219316198,44632192,AAPL,synthetic (offline fallback)
2024-12-25,5.677008900995833,5.726453162280701,5.659468498422645,5.696309615737691,5.696309615737691,83156174,AAPL,synthetic (offline fallback)
2024-12-26,5.512594448986219,5.5451891676092675,5.47606880459842,5.538553151690421,5.538553151690421,113382061,AAPL,synthetic (offline fallback)
2024-12-27,5.378962786957887,5.410182244213801,5.325739538396313,5.36872672977111,5.36872672977111,50964070,AAPL,synthetic (offline fallback)
2024-12-30,5.348277727583227,5.393671194140629,5.307624954648751,5.337317571523295,5.337317571523295,115845260,AAPL,synthetic (offline fallback)
2024-12-31,5.473008214405725,5.509789395151814,5.467596404703705,5.479059340149169,5.479059340149169,40335235,AAPL,synthetic (offline fallback)
2025-01-01,5.262983038760852,5.292514343813927,5.248335120692106,5.258350548276949,5.258350548276949,41458875,AAPL,synthetic (offline fallback)
2025-01-02,4.992338183172291,5.025898636875166,4.9607329278540115,4.989522271771743,4.989522271771743,59195761,AAPL,synthetic (offline fallback)
2025-01-03,5.136299851363293,5.154377249038268,5.109542745483773,5.127033977381802,5.127033977381802,119668752,AAPL,synthetic (offline fallback)
2025-01-06,5.038891507235833,5.074815092645021,5.02466013414554,5.029766255256715,5.029766255256715,102158814,AAPL,synthetic (offline fallback)
2025-01-07,4.9299453729973095,4.995267896170486,4.91513186995858,4.968788207814598,4.968788207814598,97876050,AAPL,synthetic (offline fallback)
2025-01-08,4.684028716615674,4.700520426247783,4.660783925135646,4.687410668767128,4.687410668767128,107315719,AAPL,synthetic (offline fallback)
2025-01-09,4.593668312404768,4.601952292615243,4.5694994775001785,4.586542144247484,4.586542144247484,99364450,AAPL,synthetic (offline fallback)
2025-01-10,4.581604265879363,4.597449168375854,4.574490384997257,4.587252870405625,4.587252870405625,81202281,AAPL,synthetic (offline fallback)
2025-01-13,4.725942300334972,4.733819050759946,4.7121161293293286,4.725429081321835,4.725429081321835,40878309,AAPL,synthetic (offline fallback)
2025-01-14,4.624075917038345,4.642557885364673,4.585776458768533,4.613685436320802,4.613685436320802,43352137,AAPL,synthetic (offline fallback)
2025-01-15,4.863775402396412,4.8696038920152755,4.844871511509426,4.862594882521175,4.862594882521175,122684007,AAPL,synthetic (offline fallback)
2025-01-16,4.779732979745651,4.793221770937792,4.744399867789999,4.758207997055644,4.758207997055644,129232011,AAPL,synthetic (offline fallback)
2025-01-17,4.672723388001246,4.692154400925034,4.651294964435396,4.656978336314653,4.656978336314653,68778657,AAPL,synthetic (offline fallback)
2025-01-20,4.890966986999758,4.9076278954792425,4.8805977986885045,4.892707286085094,4.892707286085094,69151014,AAPL,synthetic (offline fallback)
2025-01-21,4.925528048496387,4.954633105000933,4.9005833795507305,4.928456234150662,4.928456234150662,88943264,AAPL,synthetic (offline fallback)
2025-01-22,4.803155143578,4.858150038177692,4.779083202359621,4.844581021775907,4.844581021775907,117349276,AAPL,synthetic (offline fallback)
2025-01-23,4.8181745858599925,4.826751164978195,4.79791955005612,4.822898646870743,4.822898646870743,107097608,AAPL,synthetic (offline fallback)
2025-01-24,5.009605436930718,5.074836596836767,4.969245854505942,5.030026371585257,5.030026371585257,44407694,AAPL,synthetic (offline fallback)
2025-01-27,5.272118435534338,5.315423373508835,5.2491336537198094,5.268621711229889,5.268621711229889,91700569,AAPL,synthetic (offline fallback)
2025-01-28,5.137229985593995,5.163937066910863,5.099902039952756,5.134875069583796,5.134875069583796,130319520,AAPL,synthetic (offline fallback)
2025-01-29,5.140688592481479,5.17038231506293,5.128740132769412,5.129979415368031,5.129979415368031,110834740,AAPL,synthetic (offline fallback)
2025-01-30,5.1679839769701905,5.172888114849901,5.1331365729738945,5.1464204166735925,5.1464204166735925,136829254,AAPL,synthetic (offline fallback)
2025-01-31,4.99649423877163,5.029286076370372,4.960325014510689,4.9968880349680695,4.9968880349680695,123404649,AAPL,synthetic (offline fallback)
2025-02-03,5.024541882848875,5.032220303995438,4.9570888159373645,4.990401305230404,4.990401305230404,147967936,AAPL,synthetic (offline fallback)
2025-02-04,4.996670706586807,5.018608260939342,4.959252276640269,4.993188684808689,4.993188684808689,108669318,AAPL,synthetic (offline fallback)
2025-02-05,5.142806641849238,5.171560099331267,5.110969436835933,5.163100980490397,5.163100980490397,108314669,AAPL,synthetic (offline fallback)
2025-02-06,5.343049414015701,5.390413768337558,5.301570562425586,5.352074165100821,5.352074165100821,106903051,AAPL,synthetic (offline fallback)
2025-02-07,5.295797644691701,5.3108158196295925,5.269646708864683,5.30172624758587,5.30172624758587,71746488,AAPL,synthetic (offline fallback)
2025-02-10,5.279855548329689,5.290676061486307,5.259629359574117,5.270493142061541,5.270493142061541,92329329,AAPL,synthetic (offline fallback)
2025-02-11,5.359724275784595,5.379045807073734,5.3424483102905675,5.374998676665206,5.374998676665206,60245460,AAPL,synthetic (offline fallback)
2025-02-12,5.282203131090252,5.310360355529982,5.260719782488267,5.286929263334031,5.286929263334031,91604142,AAPL,synthetic (offline fallback)
2025-02-13,5.3768646838112355,5.393518501991512,5.348939548182595,5.379463614804417,5.379463614804417,57970960,AAPL,synthetic (offline fallback)
2025-02-14,5.360843869173485,5.390862850325113,5.321902918651913,5.3680604879777345,5.3680604879777345,98915918,AAPL,synthetic (offline fallback)
2025-02-17,5.238731011135392,5.254176702275279,5.2039810247869,5.226009617370371,5.226009617370371,154498247,AAPL,synthetic (offline fallback)
2025-02-18,5.097723408062499,5.122754691291319,5.082183474901902,5.087934404592177,5.087934404592177,94249349,AAPL,synthetic (offline fallback)
2025-02-19,5.324331755437834,5.336326937665696,5.294398328077611,5.305763168620361,5.305763168620361,128634537,AAPL,synthetic (offline fallback)
2025-02-20,5.278228809072964,5.333072091460518,5.2336286667001355,5.283475699574008,5.283475699574008,92682950,AAPL,synthetic (offline fallback)
2025-02-21,5.562002158491905,5.575999787602555,5.541629016644748,5.54200890303376,5.54200890303376,148710073,AAPL,synthetic (offline fallback)
2025-02-24,5.437556196096783,5.465264454683121,5.392644964559279,5.459898051191454,5.459898051191454,65244408,AAPL,synthetic (offline fallback)
2025-02-25,5.486409672100524,5.5185904184800165,5.4842737684837415,5.509356986345697,5.509356986345697,140115913,AAPL,synthetic (offline fallback)
2025-02-26,5.887965074025117,5.913394741153952,5.867249691776943,5.909483898585211,5.909483898585211,126980550,AAPL,synthetic (offline fallback)
2025-02-27,5.722286672576768,5.747812751740452,5.678553388521282,5.722128541108802,5.722128541108802,146653390,AAPL,synthetic (offline fallback)
2025-02-28,5.415844219643693,5.428347587317478,5.376012962001954,5.39637875646707,5.39637875646707,55954296,AAPL,synthetic (offline fallback)
2025-03-03,5.616615077087512,5.672881629944619,5.573827173142355,5.626779439123834,5.626779439123834,147374169,AAPL,synthetic (offline fallback)
2025-03-04,5.471558131835458,5.501643453269185,5.4672427959215915,5.479394104934528,5.479394104934528,149045250,AAPL,synthetic (offline fallback)
2025-03-05,5.4743493165739325,5.489762502002393,5.448345228549836,5.477899290386231,5.477899290386231,75513324,AAPL,synthetic (offline fallback)
2025-03-06,5.388849388557762,5.410122498876398,5.3521465039326,5.379604622097032,5.379604622097032,114981545,AAPL,synthetic (offline fallback)
2025-03-07,5.419354663761577,5.434076735864915,5.387783963698331,5.427131069131293,5.427131069131293,110398663,AAPL,synthetic (offline fallback)
2025-03-10,5.264600849577474,5.279124167741239,5.261413356243638,5.273039034900388,5.273039034900388,45868081,AAPL,synthetic (offline fallback)
2025-03-11,5.224754587605042,5.260261432594838,5.208612354917065,5.245928128171713,5.245928128171713,103032992,AAPL,synthetic (offline fallback)
2025-03-12,5.310730551918311,5.324753300371223,5.280909132451536,5.319854972106172,5.319854972106172,119079843,AAPL,synthetic (offline fallback)
2025-03-13,5.182239735775251,5.190108643523986,5.12312344345598,5.1639985035846925,5.1639985035846925,64609226,AAPL,synthetic (offline fallback)
2025-03-14,5.059573132655167,5.105261252024555,5.0168776735805425,5.058193368655795,5.058193368655795,83381711,AAPL,synthetic (offline fallback)
2025-03-17,4.996523899758266,5.036483082104105,4.959906391818592,5.007638671929623,5.007638671929623,110248139,AAPL,synthetic (offline fallback)
2025-03-18,4.819736588776678,4.853283744550106,4.783092839347178,4.801928962144595,4.801928962144595,151571781,AAPL,synthetic (offline fallback)
2025-03-19,4.734335446687834,4.751987589679841,4.7138465776092,4.742661855949256,4.742661855949256,47270298,AAPL,synthetic (offline fallback)
2025-03-20,4.781763537328217,4.8161266164986305,4.727054365509166,4.761480265917661,4.761480265917661,152329058,AAPL,synthetic (offline fallback)
2025-03-21,4.727750503372521,4.743170586545314,4.670910797076189,4.707926268885181,4.707926268885181,137941090,AAPL,synthetic (offline fallback)
2025-03-24,4.673700515890572,4.679264451209375,4.641958582201816,4.672915303132454,4.672915303132454,141511405,AAPL,synthetic (offline fallback)
2025-03-25,4.651126309798428,4.7023398931099925,4.620396511799619,4.672130566957226,4.672130566957226,45716140,AAPL,synthetic (offline fallback)
2025-03-26,4.620890641992623,4.623329155622609,4.553409047485765,4.589368555596364,4.589368555596364,108141868,AAPL,synthetic (offline fallback)
2025-03-27,4.685966670160422,4.70268191679742,4.675830960898162,4.6805287000718305,4.6805287000718305,84239976,AAPL,synthetic (offline fallback)
2025-03-28,4.869310401748596,4.911270142769235,4.8560149538694395,4.874046322834155,4.874046322834155,150301322,AAPL,synthetic (offline fallback)
2025-03-31,4.825145913566699,4.843705839213163,4.781991537210554,4.811345129409164,4.811345129409164,128909559,AAPL,synthetic (offline fallback)
2025-04-01,4.89060236474219,4.913407384434112,4.8563391754070935,4.880319977776344,4.880319977776344,117976982,AAPL,synthetic (offline fallback)
2025-04-02,4.868329166279551,4.8821424521729195,4.842365081217509,4.849257931706058,4.849257931706058,43334747,AAPL,synthetic (offline fallback)
2025-04-03,4.891148421344228,4.903203636969351,4.875619310136836,4.900886695740712,4.900886695740712,145015486,AAPL,synthetic (offline fallback)
2025-04-04,5.124276382762873,5.168494312772907,5.090569833352519,5.11938521851733,5.11938521851733,98767348,AAPL,synthetic (offline fallback)
2025-04-07,5.177897572889815,5.20443645656056,5.139739747430839,5.196384285175924,5.196384285175924,59206383,AAPL,synthetic (offline fallback)
2025-04-08,4.953115410711287,4.963331081348729,4.9107362029383035,4.943233870449067,4.943233870449067,144886015,AAPL,synthetic (offline fallback)
2025-04-09,5.0115731228360385,5.022766788127128,5.009308736482288,5.011918123777712,5.011918123777712,148501637,AAPL,synthetic (offline fallback)
2025-04-10,5.202257380834379,5.236241502054002,5.1809000500146345,5.197875427522375,5.197875427522375,119390883,AAPL,synthetic (offline fallback)
2025-04-11,5.163519476558321,5.192643960929426,5.162796129409176,5.165787511285406,5.165787511285406,113251983,AAPL,synthetic (offline fallback)
2025-04-14,5.316352785315164,5.338371354303471,5.2813716240379165,5.320358837084044,5.320358837084044,76392870,AAPL,synthetic (offline fallback)
2025-04-15,5.201664467468154,5.253317950825715,5.194735083719385,5.215248591690781,5.215248591690781,129804835,AAPL,synthetic (offline fallback)
2025-04-16,5.005859968862734,5.00817537124889,4.966606869844799,4.994017701411144,4.994017701411144,159737623,AAPL,synthetic (offline fallback)
2025-04-17,5.039795443596491,5.081863534892224,4.990511305378094,5.0173722445369275,5.0173722445369275,152103273,AAPL,synthetic (offline fallback)
2025-04-18,4.757396986984125,4.767913276398233,4.7309159141134725,4.765355154284202,4.765355154284202,122426076,AAPL,synthetic (offline fallback)
2025-04-21,4.740265527593589,4.752659661586151,4.714553267442527,4.732406791059034,4.732406791059034,83232242,AAPL,synthetic (offline fallback)
2025-04-22,4.9272328118079125,4.929216600944347,4.894566586879852,4.920852675970154,4.920852675970154,149009926,AAPL,synthetic (offline fallback)
2025-04-23,4.643816899220595,4.674589869450848,4.624416939147182,4.643704087701608,4.643704087701608,151289445,AAPL,synthetic (offline fallback)
2025-04-24,4.440489943681503,4.49659876125262,4.43696649966643,4.460920008034945,4.460920008034945,40670262,AAPL,synthetic (offline fallback)
2025-04-25,4.300333586097384,4.334845681519203,4.289261312840749,4.317191320458223,4.317191320458223,80608871,AAPL,synthetic (offline fallback)
2025-04-28,4.300005187617749,4.31771033461956,4.280918959559917,4.310103526803835,4.310103526803835,106280609,AAPL,synthetic (offline fallback)
2025-04-29,4.2352197174193495,4.273388174394704,4.222512183992873,4.262572706883125,4.262572706883125,109340596,AAPL,synthetic (offline fallback)
2025-04-30,4.471633982786038,4.489016588201237,4.423424936268511,4.452824840156556,4.452824840156556,125503914,AAPL,synthetic (offline fallback)
2025-05-01,4.5956831652802865,4.606342206374911,4.580121399437507,4.590619208759301,4.590619208759301,101637298,AAPL,synthetic (offline fallback)
2025-05-02,4.664517096713527,4.665665349066841,4.636175412419309,4.664936395868933,4.664936395868933,41648426,AAPL,synthetic (offline fallback)
2025-05-05,4.657282473533888,4.714586551160212,4.651357273097036,4.688086518584378,4.688086518584378,59888956,AAPL,synthetic (offline fallback)
2025-05-06,4.720651772639185,4.770493290634837,4.6907130100592465,4.7466234571891555,4.7466234571891555,123200113,AAPL,synthetic (offline fallback)
2025-05-07,4.626758719361821,4.653508822943388,4.621338284746902,4.626791218704731,4.626791218704731,118173783,AAPL,synthetic (offline fallback)
2025-05-08,4.778192188462934,4.7997015979498485,4.726294909459103,4.750112044109407,4.750112044109407,72971158,AAPL,synthetic (offline fallback)
2025-05-09,4.584927014762842,4.607307082477713,4.573071374536696,4.5945568962874415,4.5945568962874415,76966642,AAPL,synthetic (offline fallback)
2025-05-12,4.727771156410875,4.746810818508492,4.691828480456265,4.715551304848909,4.715551304848909,122673393,AAPL,synthetic (offline fallback)
2025-05-13,4.885175448391334,4.8986898004611605,4.878104691656787,4.892218811150365,4.892218811150365,100515328,AAPL,synthetic (offline fallback)
2025-05-14,4.9271524277363685,4.950289169398801,4.896916378201723,4.9263360462737555,4.9263360462737555,55708124,AAPL,synthetic (offline fallback)
2025-05-15,4.919812540656021,4.9474857208046545,4.881336321560397,4.90194958369382,4.90194958369382,87937088,AAPL,synthetic (offline fallback)
2025-05-16,4.9576219038838465,4.968166879495299,4.923972762983302,4.962772541636622,4.962772541636622,138884463,AAPL,synthetic (offline fallback)
2025-05-19,4.554120590684877,4.575584080468269,4.5272590852413215,4.563568613981101,4.563568613981101,111884813,AAPL,synthetic (offline fallback)
2025-05-20,4.628842479310068,4.660238081528681,4.587259258348826,4.6092338230255425,4.6092338230255425,143947014,AAPL,synthetic (offline fallback)
2025-05-21,4.5955055774054765,4.61770463087463,4.558467328083654,4.594877579573049,4.594877579573049,101034180,AAPL,synthetic (offline fallback)
2025-05-22,4.604689549188689,4.628526362177096,4.579818623460094,4.589664752562449,4.589664752562449,98257231,AAPL,synthetic (offline fallback)
2025-05-23,4.678811581038508,4.711745097568434,4.658407750200248,4.688449846244994,4.688449846244994,153925700,AAPL,synthetic (offline fallback)
2025-05-26,4.699727152585725,4.717037255663151,4.668283450971213,4.679977541467428,4.679977541467428,100893060,AAPL,synthetic (offline fallback)
2025-05-27,4.533992052191478,4.536873546195575,4.499470755649781,4.530273233238354,4.530273233238354,56219473,AAPL,synthetic (offline fallback)
2025-05-28,4.5192249540641765,4.555435880263594,4.51223580647947,4.513337923617833,4.513337923617833,88246523,AAPL,synthetic (offline fallback)
2025-05-29,4.5256989946055075,4.565169504138597,4.505618933308631,4.523912556121323,4.523912556121323,117720211,AAPL,synthetic (offline fallback)
2025-05-30,4.5334703010716995,4.54182972409223,4.51543607304585,4.5403554092779865,4.5403554092779865,81440078,AAPL,synthetic (offline fallback)
2025-06-02,4.562447588897807,4.566345807357844,4.547725392635363,4.562470622218145,4.562470622218145,89229509,AAPL,synthetic (offline fallback)
2025-06-03,4.688311843250395,4.71488917831721,4.681415150398146,4.694545122779824,4.694545122779824,144747793,AAPL,synthetic (offline fallback)
2025-06-04,4.57122117517011,4.596798509420378,4.538451868685007,4.558100054289406,4.558100054289406,92217037,AAPL,synthetic (offline fallback)
2025-06-05,4.579623084181861,4.597008149615649,4.54720407415463,4.582414560538853,4.582414560538853,76584781,AAPL,synthetic (offline fallback)
2025-06-06,4.728595152006842,4.770551678590431,4.720681489537713,4.749920020935159,4.749920020935159,52939016,AAPL,synthetic (offline fallback)
2025-06-09,4.502123890392037,4.551075246707974,4.488470630502741,4.524921672961654,4.524921672961654,88342001,AAPL,synthetic (offline fallback)
2025-06-10,4.527051882510829,4.566717112983758,4.495461176852372,4.550624821964286,4.550624821964286,131994601,AAPL,synthetic (offline fallback)
2025-06-11,4.484773360275573,4.490048888220064,4.442123488321476,4.476474369503694,4.476474369503694,75989955,AAPL,synthetic (offline fallback)
2025-06-12,4.415662411841152,4.4333955940637235,4.41474087268763,4.430969252434376,4.430969252434376,96475786,AAPL,synthetic (offline fallback)
2025-06-13,4.324487746425214,4.340764234286544,4.300929029404495,4.320598096329743,4.320598096329743,118805531,AAPL,synthetic (offline fallback)
2025-06-16,4.303206403653793,4.338686863191289,4.298929185932092,4.3014440007370425,4.3014440007370425,151353631,AAPL,synthetic (offline fallback)
2025-06-17,4.530314192359902,4.55316228843656,4.493925630907206,4.531193813914789,4.531193813914789,137706199,AAPL,synthetic (offline fallback)
2025-06-18,4.374115127673981,4.3855829941032605,4.3542343959702015,4.368369779549024,4.368369779549024,74344291,AAPL,synthetic (offline fallback)
2025-06-19,4.222364425718466,4.258049924968478,4.203927830807497,4.220360131908435,4.220360131908435,59720299,AAPL,synthetic (offline fallback)
2025-06-20,4.026072480467966,4.073049372729148,4.016254014610315,4.0590694239058775,4.0590694239058775,120493687,AAPL,synthetic (offline fallback)
2025-06-23,4.278217770019205,4.296576498162571,4.262352315524252,4.282375424353535,4.282375424353535,70569101,AAPL,synthetic (offline fallback)
2025-06-24,4.227129494779187,4.230464389436668,4.217594748546906,4.221745463096446,4.221745463096446,87094820,AAPL,synthetic (offline fallback)
2025-06-25,4.240813212674895,4.267414798257208,4.191224865704477,4.22004700100591,4.22004700100591,132924580,AAPL,synthetic (offline fallback)
2025-06-26,4.1913481604372915,4.212251675410471,4.15558705604765,4.170249314279945,4.170249314279945,59222074,AAPL,synthetic (offline fallback)
2025-06-27,4.038534512856322,4.07598089356849,4.023654685526806,4.055117720265407,4.055117720265407,85678088,AAPL,synthetic (offline fallback)
2025-06-30,4.0237629556750285,4.036660182031591,4.001343075529242,4.027989024676879,4.027989024676879,88825794,AAPL,synthetic (offline fallback)
2025-07-01,4.314350415295881,4.347309584826877,4.309003334911306,4.334716406025983,4.334716406025983,45108762,AAPL,synthetic (offline fallback)
2025-07-02,4.551098330760317,4.557131876261296,4.524162334245363,4.530441081410413,4.530441081410413,133105154,AAPL,synthetic (offline fallback)
2025-07-03,4.4236575720715035,4.459514432909478,4.394612794892049,4.41025670442369,4.41025670442369,114225297,AAPL,synthetic (offline fallback)
2025-07-04,4.50902806449513,4.51162794574091,4.4805463883713745,4.5042906153092135,4.5042906153092135,104994152,AAPL,synthetic (offline fallback)
2025-07-07,4.390964796899209,4.416172879398264,4.386503990608493,4.388777936511809,4.388777936511809,61357011,AAPL,synthetic (offline fallback)
2025-07-08,4.167401104484524,4.188252966844435,4.1267011189928,4.150211371805707,4.150211371805707,46393153,AAPL,synthetic (offline fallback)
2025-07-09,4.307866514034706,4.31277255621685,4.276693594967728,4.292268515049839,4.292268515049839,46675022,AAPL,synthetic (offline fallback)
2025-07-10,4.475618341380616,4.486851323153601,4.442850135846918,4.46012327506525,4.46012327506525,115010409,AAPL,synthetic (offline fallback)
2025-07-11,4.624766337627638,4.626586983415523,4.594612585117302,4.6184388935486815,4.6184388935486815,129735442,AAPL,synthetic (offline fallback)
2025-07-14,4.544280116265513,4.5739594379043105,4.541766107413369,4.5490460831496025,4.5490460831496025,135436500,AAPL,synthetic (offline fallback)
2025-07-15,4.536617287811793,4.572508504972852,4.517190618498649,4.526200804715806,4.526200804715806,136042689,AAPL,synthetic (offline fallback)
2025-07-16,4.648695709898432,4.660992010004553,4.615738610160123,4.637342911464054,4.637342911464054,87216136,AAPL,synthetic (offline fallback)
2025-07-17,4.694439412471531,4.729873706208001,4.680802217175019,4.697125756977527,4.697125756977527,40160801,AAPL,synthetic (offline fallback)
2025-07-18,4.636729649948502,4.645506486708642,4.619474604085583,4.641620742751091,4.641620742751091,69401512,AAPL,synthetic (offline fallback)
2025-07-21,4.43288280465444,4.449130416454038,4.378744772881188,4.417862338620122,4.417862338620122,134443481,AAPL,synthetic (offline fallback)
2025-07-22,4.457700497265176,4.483062704676041,4.434255545045368,4.435556653430176,4.435556653430176,131672527,AAPL,synthetic (offline fallback)
2025-07-23,4.577110144790718,4.627101967279109,4.556758023080566,4.5874235323118695,4.5874235323118695,100904324,AAPL,synthetic (offline fallback)
2025-07-24,4.417980203052807,4.433426320468292,4.4046357354020165,4.4214737422172234,4.4214737422172234,42868748,AAPL,synthetic (offline fallback)
2025-07-25,4.517825753563829,4.542544034857695,4.509196989105034,4.51307439232153,4.51307439232153,133205659,AAPL,synthetic (offline fallback)
2025-07-28,4.56857328782772,4.606530758008853,4.521187832169427,4.5619138197502025,4.5619138197502025,137870922,AAPL,synthetic (offline fallback)
2025-07-29,4.662886210787377,4.692088378339997,4.635450152374325,4.670204884554745,4.670204884554745,67238064,AAPL,synthetic (offline fallback)
2025-07-30,4.825873349935727,4.8533440551328075,4.785142520218355,4.798757672706037,4.798757672706037,136511149,AAPL,synthetic (offline fallback)
2025-07-31,4.705195262260763,4.709831618932578,4.670476540493509,4.699244675473296,4.699244675473296,116769316,AAPL,synthetic (offline fallback)
2025-08-01,4.481065023554767,4.484123101719372,4.472459482253664,4.4739329024099135,4.4739329024099135,146558311,AAPL,synthetic (offline fallback)
2025-08-04,4.4244382398981825,4.446394609103338,4.366173660920482,4.401214561205118,4.401214561205118,115178767,AAPL,synthetic (offline fallback)
2025-08-05,4.520493767202771,4.540732906940661,4.496864992684812,4.526591923380568,4.526591923380568,50737592,AAPL,synthetic (offline fallback)
2025-08-06,4.451288027936585,4.462360816054988,4.442381576946813,4.452469248567943,4.452469248567943,117636655,AAPL,synthetic (offline fallback)
2025-08-07,4.343347168846072,4.367537500130461,4.3273783697212345,4.359739644674324,4.359739644674324,52931017,AAPL,synthetic (offline fallback)
2025-08-08,4.121609334324466,4.134337625324661,4.100035398625298,4.12374152072011,4.12374152072011,71047324,AAPL,synthetic (offline fallback)
2025-08-11,4.342406760916767,4.381756518723688,4.329605607347476,4.36189037683213,4.36189037683213,144730338,AAPL,synthetic (offline fallback)
2025-08-12,4.493140006466248,4.5068906694108515,4.470617653513998,4.483081996538529,4.483081996538529,156172850,AAPL,synthetic (offline fallback)
2025-08-13,4.604677243703925,4.621643294825785,4.571329343060588,4.598882696344671,4.598882696344671,97031532,AAPL,synthetic (offline fallback)
2025-08-14,4.743563186770971,4.75220253743533,4.737598246205385,4.747509354151712,4.747509354151712,74934244,AAPL,synthetic (offline fallback)
2025-08-15,4.83784768506266,4.874886257711144,4.832988564823769,4.839305628105975,4.839305628105975,87080620,AAPL,synthetic (offline fallback)
2025-08-18,4.81430951005629,4.835285630444116,4.794734767588058,4.803336771160048,4.803336771160048,69060066,AAPL,synthetic (offline fallback)
2025-08-19,4.764236840859665,4.785090094690987,4.741080324840565,4.780525948857629,4.780525948857629,108795227,AAPL,synthetic (offline fallback)
2025-08-20,4.7227488253028165,4.742444376529126,4.702823665873476,4.719857895339305,4.719857895339305,90542055,AAPL,synthetic (offline fallback)
2025-08-21,5.1264289456447045,5.140113318005625,5.099032572265206,5.115693512308613,5.115693512308613,47029968,AAPL,synthetic (offline fallback)
2025-08-22,5.182596190850492,5.2358547934185795,5.174330923303423,5.210455570535032,5.210455570535032,113205662,AAPL,synthetic (offline fallback)
2025-08-25,5.146430206767519,5.16860205785838,5.128808620345227,5.1358769348516535,5.1358769348516535,117245940,AAPL,synthetic (offline fallback)
2025-08-26,5.1876946798299794,5.237618818534452,5.16376323208525,5.2138797610176155,5.2138797610176155,120041134,AAPL,synthetic (offline fallback)
2025-08-27,5.052620857282022,5.08395844470813,5.048031432013242,5.054403967359179,5.054403967359179,153409978,AAPL,synthetic (offline fallback)
2025-08-28,5.281811193667041,5.30534550626352,5.249274624871408,5.300310194855963,5.300310194855963,124488256,AAPL,synthetic (offline fallback)
2025-08-29,5.213780556305823,5.2281996608772925,5.172541335879748,5.191489650893042,5.191489650893042,121086387,AAPL,synthetic (offline fallback)
2025-09-01,5.258564657476116,5.2777500166837426,5.22500141119328,5.2768826334625265,5.2768826334625265,65395660,AAPL,synthetic (offline fallback)
2025-09-02,5.4315775569358395,5.476398573707158,5.416634008044076,5.458600740233263,5.458600740233263,95744213,AAPL,synthetic (offline fallback)
2025-09-03,5.529819149035561,5.548483730733216,5.4908353113370465,5.527607794023847,5.527607794023847,92139084,AAPL,synthetic (offline fallback)
2025-09-04,5.539220255774628,5.570691559695833,5.5373600294777585,5.546103574503457,5.546103574503457,155305718,AAPL,synthetic (offline fallback)
2025-09-05,5.525090910026751,5.558479282020939,5.480531876463252,5.550143233614141,5.550143233614141,96923304,AAPL,synthetic (offline fallback)
2025-09-08,5.551844499142583,5.577080455217277,5.532364247331395,5.543100559568588,5.543100559568588,122621969,AAPL,synthetic (offline fallback)
2025-09-09,5.421123421180021,5.467498958384482,5.419210250207943,5.453706575777631,5.453706575777631,104877571,AAPL,synthetic (offline fallback)
2025-09-10,5.3690676995090545,5.399545226846052,5.34884243225954,5.385810692639923,5.385810692639923,46835252,AAPL,synthetic (offline fallback)
2025-09-11,5.610442544384425,5.657645597993257,5.598744398750663,5.620140967685283,5.620140967685283,152274845,AAPL,synthetic (offline fallback)
2025-09-12,5.618006572177654,5.621723405927211,5.580663320321771,5.604518361796421,5.604518361796421,120405583,AAPL,synthetic (offline fallback)
2025-09-15,5.503021276625603,5.520890581951105,5.4398923857494355,5.481717103312833,5.481717103312833,67647153,AAPL,synthetic (offline fallback)
2025-09-16,5.420839487971802,5.433913820741339,5.376518577950677,5.40296460761515,5.40296460761515,47163503,AAPL,synthetic (offline fallback)
2025-09-17,5.575496709051232,5.617866124445551,5.542107852172135,5.578061620995478,5.578061620995478,152419109,AAPL,synthetic (offline fallback)
2025-09-18,5.649439951713474,5.698806781226399,5.610534716183333,5.690880515298257,5.690880515298257,76867585,AAPL,synthetic (offline fallback)
2025-09-19,5.793249206520164,5.832927708965768,5.76704192532315,5.786464235434385,5.786464235434385,42055363,AAPL,synthetic (offline fallback)
2025-09-22,5.771260934719252,5.811377065196561,5.744327920610829,5.745911574710226,5.745911574710226,113882017,AAPL,synthetic (offline fallback)
2025-09-23,5.8642502251861925,5.898077863071859,5.808775591042947,5.842624502981488,5.842624502981488,41966212,AAPL,synthetic (offline fallback)
2025-09-24,5.747392035073978,5.761515791773079,5.728992527769207,5.739420857466579,5.739420857466579,65873921,AAPL,synthetic (offline fallback)
2025-09-25,5.67935985680028,5.7260319418961,5.672369240877595,5.699699280952052,5.699699280952052,147210633,AAPL,synthetic (offline fallback)
2025-09-26,5.84901537089717,5.861937343503753,5.845908559895333,5.858247506229203,5.858247506229203,44582702,AAPL,synthetic (offline fallback)
2025-09-29,6.04180763021968,6.086935157274809,5.989975168462845,6.006958601113175,6.006958601113175,130261189,AAPL,synthetic (offline fallback)
2025-09-30,5.819064376253111,5.872078386159711,5.801254128806472,5.8439020622007245,5.8439020622007245,114154442,AAPL,synthetic (offline fallback)
2025-10-01,5.684556641325156,5.713026673736565,5.669408576737016,5.70419918632409,5.70419918632409,76714391,AAPL,synthetic (offline fallback)
2025-10-02,5.740633938323525,5.756335317962052,5.696000396457847,5.724447178620209,5.724447178620209,74302873,AAPL,synthetic (offline fallback)
2025-10-03,6.00578989555873,6.045305681355243,5.976002586998668,6.013568312275051,6.013568312275051,96983661,AAPL,synthetic (offline fallback)
2025-10-06,5.6664260362889385,5.732432796381653,5.617021515833612,5.686586494441937,5.686586494441937,103955706,AAPL,synthetic (offline fallback)
2025-10-07,5.76382915659116,5.782164975367935,5.734210673984128,5.737528820566406,5.737528820566406,146840243,AAPL,synthetic (offline fallback)
2025-10-08,5.514766504441994,5.5334326902257,5.501304953224429,5.507149192269096,5.507149192269096,71337469,AAPL,synthetic (offline fallback)
2025-10-09,5.3969401151970935,5.428392573545225,5.377090758629812,5.403128877887666,5.403128877887666,110828640,AAPL,synthetic (offline fallback)
2025-10-10,5.3271347050761095,5.3837979222155266,5.322586704797001,5.3455089540098495,5.3455089540098495,122371461,AAPL,synthetic (offline fallback)
2025-10-13,5.312869423819844,5.343052768162029,5.265804261613674,5.280435826903712,5.280435826903712,41515898,AAPL,synthetic (offline fallback)
2025-10-14,5.199017063433269,5.216604479360597,5.171063710478544,5.199398467680038,5.199398467680038,147484166,AAPL,synthetic (offline fallback)
2025-10-15,5.224393923527432,5.249067842639098,5.172582695219101,5.202584770436112,5.202584770436112,159036592,AAPL,synthetic (offline fallback)
2025-10-16,5.1388975824083625,5.1732724997908885,5.116433136432033,5.1251575442993795,5.1251575442993795,50387776,AAPL,synthetic (offline fallback)
2025-10-17,4.90948775234517,4.9230162211996635,4.88376327893499,4.91717183981615,4.91717183981615,71427905,AAPL,synthetic (offline fallback)
2025-10-20,5.025470449492605,5.045293314195816,5.005372946921063,5.033215679280147,5.033215679280147,134358242,AAPL,synthetic (offline fallback)
2025-10-21,5.170448567926781,5.1726990600326745,5.113943104870113,5.148111198160421,5.148111198160421,137105987,AAPL,synthetic (offline fallback)
2025-10-22,5.302909501721393,5.32139774270098,5.265557600137672,5.279744348855383,5.279744348855383,58731406,AAPL,synthetic (offline fallback)
2025-10-23,5.0181142689038225,5.0784266908830755,4.987134082544524,5.0465300072877755,5.0465300072877755,150095370,AAPL,synthetic (offline fallback)
2025-10-24,5.10303440092605,5.10935940051546,5.070490946208159,5.09463161722567,5.09463161722567,79529174,AAPL,synthetic (offline fallback)
2025-10-27,5.198835636343704,5.225166974331694,5.188047515703092,5.200726851612921,5.200726851612921,75226576,AAPL,synthetic (offline fallback)
2025-10-28,5.029642256460212,5.0466180365347775,5.006966955279408,5.045282478205103,5.045282478205103,82883835,AAPL,synthetic (offline fallback)
2025-10-29,5.052659131224442,5.080112567582511,5.028045764412188,5.048694702858764,5.048694702858764,120586029,AAPL,synthetic (offline fallback)
2025-10-30,5.013146080967111,5.060859752078094,5.003998303027252,5.033525771653423,5.033525771653423,64757198,AAPL,synthetic (offline fallback)
2025-10-31,5.301504151961608,5.331178544209729,5.282338957054019,5.308933293047612,5.308933293047612,105143539,AAPL,synthetic (offline fallback)
2025-11-03,5.611910970507621,5.654137667127399,5.594158765745743,5.625386139715374,5.625386139715374,49028120,AAPL,synthetic (offline fallback)
2025-11-04,5.3360278154968634,5.348914975971412,5.2997444254325625,5.344040529813152,5.344040529813152,57631699,AAPL,synthetic (offline fallback)
2025-11-05,5.787941449401497,5.823251429013052,5.7879135863652476,5.7891828556116565,5.7891828556116565,132218377,AAPL,synthetic (offline fallback)
2025-11-06,5.599156274817436,5.652787554339519,5.573574595694092,5.616267356492241,5.616267356492241,86040897,AAPL,synthetic (offline fallback)
2025-11-07,5.83361666570947,5.838594194031765,5.798565598425619,5.806214023293682,5.806214023293682,135235304,AAPL,synthetic (offline fallback)
2025-11-10,6.0094752274705545,6.059397979236272,5.967667254282582,6.000595248391306,6.000595248391306,128522006,AAPL,synthetic (offline fallback)
2025-11-11,5.837220710096444,5.838423760629736,5.769633782543671,5.805963209337573,5.805963209337573,159619994,AAPL,synthetic (offline fallback)
2025-11-12,5.902349154738431,5.93317782257787,5.8800298662711095,5.905185060263972,5.905185060263972,56508512,AAPL,synthetic (offline fallback)
2025-11-13,5.876896263481526,5.892843358194004,5.857154673722134,5.8865877643132345,5.8865877643132345,152152509,AAPL,synthetic (offline fallback)
2025-11-14,6.026623509027634,6.06173045379059,5.979620431607744,5.994998412575035,5.994998412575035,147039757,AAPL,synthetic (offline fallback)
2025-11-17,6.031148044631262,6.045871176388684,6.012253024536359,6.041625305689131,6.041625305689131,92157090,AAPL,synthetic (offline fallback)
2025-11-18,6.270524929518933,6.278905740858312,6.224356998528015,6.273880678134402,6.273880678134402,56234666,AAPL,synthetic (offline fallback)
2025-11-19,6.304936596424331,6.3251317789472195,6.285641083218013,6.291346393387031,6.291346393387031,56006561,AAPL,synthetic (offline fallback)
2025-11-20,6.238188360775759,6.317595369859889,6.1946018049235425,6.261438191716596,6.261438191716596,101295859,AAPL,synthetic (offline fallback)
2025-11-21,6.487957494079872,6.5011688658866476,6.4428472549778935,6.474142424793813,6.474142424793813,41284000,AAPL,synthetic (offline fallback)
2025-11-24,6.603729695239732,6.630545778171864,6.553471361568308,6.592193085751241,6.592193085751241,51481758,AAPL,synthetic (offline fallback)
2025-11-25,6.768026241126705,6.798319393499673,6.727155584039161,6.742351528631496,6.742351528631496,103782104,AAPL,synthetic (offline fallback)
2025-11-26,6.628750888779909,6.673308919468225,6.584315548967923,6.61109837348138,6.61109837348138,107581850,AAPL,synthetic (offline fallback)
2025-11-27,6.434097713379582,6.449184760110585,6.407064314146192,6.40910262934104,6.40910262934104,143267969,AAPL,synthetic (offline fallback)
2025-11-28,6.300044649965353,6.334690998183998,6.2465077558281115,6.302132330252839,6.302132330252839,156932318,AAPL,synthetic (offline fallback)
2025-12-01,6.17180685337345,6.231033318339857,6.141105709290901,6.1878210019209385,6.1878210019209385,72148448,AAPL,synthetic (offline fallback)
2025-12-02,6.378030220720903,6.396302291914932,6.303691113632336,6.3379115181438,6.3379115181438,79631039,AAPL,synthetic (offline fallback)
2025-12-03,6.498924118125413,6.5502416534129635,6.463215657949536,6.528826711470125,6.528826711470125,63872964,AAPL,synthetic (offline fallback)
2025-12-04,6.473076014409312,6.536552808682854,6.4616697768485,6.500896857584574,6.500896857584574,66953373,AAPL,synthetic (offline fallback)
2025-12-05,6.796173930108615,6.813120353096311,6.753894443819316,6.784671306106465,6.784671306106465,92674404,AAPL,synthetic (offline fallback)
2025-12-08,7.10907335239185,7.135466191088288,7.019055601627702,7.074585046400715,7.074585046400715,159174889,AAPL,synthetic (offline fallback)
2025-12-09,7.134870907599574,7.152074640679775,7.125708073828127,7.130815951012857,7.130815951012857,147223936,AAPL,synthetic (offline fallback)
2025-12-10,6.97908082700199,7.015316818873312,6.915302436276652,6.95822069993562,6.95822069993562,149567858,AAPL,synthetic (offline fallback)
2025-12-11,7.2580647285160556,7.361235354850143,7.201073026931129,7.301783486710615,7.301783486710615,94200859,AAPL,synthetic (offline fallback)
2025-12-12,7.279909805469439,7.336174490487741,7.210726166079588,7.290836106811176,7.290836106811176,118876697,AAPL,synthetic (offline fallback)
2025-12-15,7.280581571348095,7.365722552691622,7.223575680516393,7.321743265558975,7.321743265558975,126725548,AAPL,synthetic (offline fallback)
2025-12-16,7.268176672528907,7.291614645605622,7.233512767349658,7.251199924883848,7.251199924883848,69175677,AAPL,synthetic (offline fallback)
2025-12-17,7.034800013705103,7.068267855071159,7.003952421787637,7.067605676424731,7.067605676424731,95503145,AAPL,synthetic (offline fallback)
2025-12-18,6.745263477240233,6.781022895144059,6.738491734696602,6.771220657340017,6.771220657340017,106022401,AAPL,synthetic (offline fallback)
2025-12-19,6.915263384672835,6.924693904258965,6.8563775867770715,6.904615944794227,6.904615944794227,84755065,AAPL,synthetic (offline fallback)
2025-12-22,6.768172241427465,6.775556481274632,6.7368906353974,6.746680871294168,6.746680871294168,96772224,AAPL,synthetic (offline fallback)
2025-12-23,7.396119634735772,7.444538782237752,7.336625590689335,7.399648559134792,7.399648559134792,92909446,AAPL,synthetic (offline fallback)
2025-12-24,7.158867431043157,7.166489387394942,7.133195751375746,7.14664297308336,7.14664297308336,47337305,AAPL,synthetic (offline fallback)
2025-12-25,6.87356864987094,6.877374019940887,6.855368615615816,6.86249694092085,6.86249694092085,132208063,AAPL,synthetic (offline fallback)
2025-12-26,6.977040380329389,7.003659577261612,6.972943230453472,6.981552422066345,6.981552422066345,148048073,AAPL,synthetic (offline fallback)
2025-12-29,7.316112775851853,7.352329927709625,7.281516101355646,7.340218909509329,7.340218909509329,130528726,AAPL,synthetic (offline fallback)
2025-12-30,7.371355007276197,7.378056955967939,7.350328470911931,7.358884096105747,7.358884096105747,91810981,AAPL,synthetic (offline fallback)
2025-12-31,7.512635698559213,7.5213961796363025,7.486992832443897,7.498843173253254,7.498843173253254,46700492,AAPL,synthetic (offline fallback)
2026-01-01,7.0924235709760675,7.108047948838676,7.063103324032966,7.073452054723034,7.073452054723034,72114091,AAPL,synthetic (offline fallback)
2026-01-02,6.9268598061016515,6.9618443643055725,6.9004533879033705,6.920380950492199,6.920380950492199,142479958,AAPL,synthetic (offline fallback)
2026-01-05,6.6614544644702,6.731164012774707,6.604001033193984,6.684888338806744,6.684888338806744,56695244,AAPL,synthetic (offline fallback)
2026-01-06,6.2978155860989995,6.348350394269389,6.255962856496798,6.284799637311616,6.284799637311616,105656289,AAPL,synthetic (offline fallback)
2026-01-07,6.3121702465878435,6.3550753015763375,6.297283509990274,6.312196399536778,6.312196399536778,40164363,AAPL,synthetic (offline fallback)
2026-01-08,5.85734034179159,5.898311026115491,5.848531930492068,5.865835316840609,5.865835316840609,78853931,AAPL,synthetic (offline fallback)
2026-01-09,5.60368709811909,5.639394306413472,5.6030467312539045,5.608644621229584,5.608644621229584,53590909,AAPL,synthetic (offline fallback)
2026-01-12,5.496368860808539,5.532118864842181,5.479272471682767,5.50777420284995,5.50777420284995,53609128,AAPL,synthetic (offline fallback)
2026-01-13,5.37059810786251,5.392587779880911,5.352494073791013,5.356315325199352,5.356315325199352,59758631,AAPL,synthetic (offline fallback)
2026-01-14,5.407742759658098,5.444784733928625,5.406828146080184,5.4308474540292515,5.4308474540292515,104591192,AAPL,synthetic (offline fallback)
2026-01-15,5.472136490733324,5.5003999908775905,5.46839165047267,5.488494717649055,5.488494717649055,122792534,AAPL,synthetic (offline fallback)
2026-01-16,5.647361786442139,5.670363431293202,5.630628672511894,5.652937384033991,5.652937384033991,138149905,AAPL,synthetic (offline fallback)
2026-01-19,5.823498330605466,5.831213259923672,5.7563839185960965,5.795441136455842,5.795441136455842,87036894,AAPL,synthetic (offline fallback)
2026-01-20,6.035042318848616,6.08198374911002,6.0120672914928805,6.016014617266488,6.016014617266488,128433479,AAPL,synthetic (offline fallback)
2026-01-21,5.988420792245518,6.021348807413405,5.947921360021013,6.018044752402045,6.018044752402045,103563711,AAPL,synthetic (offline fallback)
2026-01-22,6.10328431833671,6.14254537204576,6.04253085654592,6.078641255842748,6.078641255842748,126787932,AAPL,synthetic (offline fallback)
2026-01-23,6.2036738026253815,6.238560983286619,6.143066329895834,6.178660972534702,6.178660972534702,157444854,AAPL,synthetic (offline fallback)
2026-01-26,6.186293562519821,6.2375377230922195,6.1754270117074705,6.208158853068141,6.208158853068141,159318473,AAPL,synthetic (offline fallback)
2026-01-27,6.090375600118318,6.140826643583182,6.044779104160303,6.136796629971145,6.136796629971145,110462576,AAPL,synthetic (offline fallback)
2026-01-28,6.077549785623292,6.103566868990468,6.027686793602513,6.078866862503821,6.078866862503821,155511728,AAPL,synthetic (offline fallback)
2026-01-29,5.957307903387976,5.970771417682627,5.89901146781048,5.937315340396661,5.937315340396661,124168216,AAPL,synthetic (offline fallback)
2026-01-30,6.042492495929098,6.080822236170299,5.982337758088657,6.013783978709356,6.013783978709356,72261663,AAPL,synthetic (offline fallback)
2026-02-02,5.98408477021456,6.039969290092895,5.976885288227896,5.9997590314471045,5.9997590314471045,152233474,AAPL,synthetic (offline fallback)
2026-02-03,5.920894407241369,5.949341184856219,5.85258729444702,5.889937266186964,5.889937266186964,57412089,AAPL,synthetic (offline fallback)
2026-02-04,5.743673479649397,5.804615323032847,5.708449616632935,5.782321342777184,5.782321342777184,96184916,AAPL,synthetic (offline fallback)
2026-02-05,5.582740644732698,5.619932426055497,5.573456236406842,5.588911651824973,5.588911651824973,58395788,AAPL,synthetic (offline fallback)
2026-02-06,5.744854932218721,5.779060858706531,5.738680592301318,5.752054387599968,5.752054387599968,134128097,AAPL,synthetic (offline fallback)
2026-02-09,5.787548948773773,5.78987693136349,5.73475925251315,5.767610256242967,5.767610256242967,147472800,AAPL,synthetic (offline fallback)
2026-02-10,5.6511610166841235,5.663662441514958,5.620491740425664,5.629235665048259,5.629235665048259,138253325,AAPL,synthetic (offline fallback)
2026-02-11,5.780629867515348,5.781340456309059,5.721545789273609,5.76412906260183,5.76412906260183,52281621,AAPL,synthetic (offline fallback)
2026-02-12,5.650768834932017,5.701667887569469,5.628581670474979,5.673756912958121,5.673756912958121,72496199,AAPL,synthetic (offline fallback)
2026-02-13,5.465060111769965,5.4991377324406185,5.422790354140708,5.45095382224439,5.45095382224439,80817300,AAPL,synthetic (offline fallback)
2026-02-16,5.628473110114252,5.652042835900266,5.61633919978012,5.6198908292412595,5.6198908292412595,53876886,AAPL,synthetic (offline fallback)
2026-02-17,5.5051670158201835,5.554227498884914,5.474263171749096,5.5329073709669645,5.5329073709669645,103641583,AAPL,synthetic (offline fallback)
2026-02-18,5.434691091662421,5.508166516573762,5.412818292951436,5.468602120282938,5.468602120282938,44082194,AAPL,synthetic (offline fallback)
2026-02-19,5.494435751286444,5.5001167159404885,5.447678624651562,5.477379367922591,5.477379367922591,113614060,AAPL,synthetic (offline fallback)
2026-02-20,5.658138769836408,5.665048070658815,5.648414923118114,5.661197502975382,5.661197502975382,108964008,AAPL,synthetic (offline fallback)
2026-02-23,5.644907289106968,5.718667902510951,5.638718608962618,5.66675572805902,5.66675572805902,111487916,AAPL,synthetic (offline fallback)
2026-02-24,5.47637061280199,5.5199370273074155,5.467645241083838,5.479792829928982,5.479792829928982,149539893,AAPL,synthetic (offline fallback)
2026-02-25,5.574781785070176,5.603508007632519,5.565395152337256,5.568700078279499,5.568700078279499,134368926,AAPL,synthetic (offline fallback)
2026-02-26,5.492557274462643,5.504154195473558,5.451788372228917,5.493922807545933,5.493922807545933,71163207,AAPL,synthetic (offline fallback)
2026-02-27,5.77285864857497,5.835771098735755,5.768309499663834,5.799862567760567,5.799862567760567,108603191,AAPL,synthetic (offline fallback)
2026-03-02,5.834809784070185,5.866180574631383,5.793757156332346,5.801989838089329,5.801989838089329,136294956,AAPL,synthetic (offline fallback)
2026-03-03,5.456834626318269,5.486196192348792,5.405166467284276,5.440444450090086,5.440444450090086,142125584,AAPL,synthetic (offline fallback)
2026-03-04,5.496786769136017,5.511800712808993,5.486295116335918,5.5023228341672406,5.5023228341672406,117182300,AAPL,synthetic (offline fallback)
2026-03-05,5.830947319380377,5.860608929021818,5.820334985719574,5.836113937482941,5.836113937482941,50155626,AAPL,synthetic (offline fallback)
2026-03-06,6.140073781814825,6.187480160233567,6.094712795104299,6.133459078141083,6.133459078141083,92155071,AAPL,synthetic (offline fallback)
2026-03-09,6.484467701485252,6.545144187330046,6.46656263370101,6.506517405303615,6.506517405303615,143075854,AAPL,synthetic (offline fallback)
2026-03-10,6.29983934813496,6.3214313475826005,6.261615185545744,6.293746816749078,6.293746816749078,48863258,AAPL,synthetic (offline fallback)
2026-03-11,6.463215227260784,6.509994629383294,6.437731095193407,6.489121078980332,6.489121078980332,110800379,AAPL,synthetic (offline fallback)
2026-03-12,6.3373412424985265,6.367590292769792,6.325399380140328,6.3386825245216185,6.3386825245216185,104874637,AAPL,synthetic (offline fallback)
2026-03-13,6.365669004646977,6.4160110063131555,6.334035569374919,6.388063732297473,6.388063732297473,66751907,AAPL,synthetic (offline fallback)
2026-03-16,6.114206277164296,6.158441701138244,6.065129145821521,6.1347838879648044,6.1347838879648044,81291281,AAPL,synthetic (offline fallback)
2026-03-17,6.039749439641728,6.044650743812506,5.989162815201384,6.010076682324684,6.010076682324684,157329182,AAPL,synthetic (offline fallback)
2026-03-18,5.883953504249912,5.890286580319764,5.84590596506228,5.8829082427449,5.8829082427449,111476347,AAPL,synthetic (offline fallback)
2026-03-19,6.060673640921491,6.095728901861658,6.037731427432569,6.05690491683786,6.05690491683786,152768112,AAPL,synthetic (offline fallback)
2026-03-20,6.179131112930182,6.217657937444631,6.156787927201528,6.216643205773042,6.216643205773042,96558293,AAPL,synthetic (offline fallback)
2026-03-23,6.263100185936547,6.27683358282934,6.228087608270936,6.274337557602878,6.274337557602878,141487098,AAPL,synthetic (offline fallback)
2026-03-24,6.0252848139517,6.065181650020331,6.014290135471728,6.016959529992741,6.016959529992741,114380854,AAPL,synthetic (offline fallback)
2026-03-25,5.963420892274539,6.003197391482368,5.934244689082594,5.959949765096647,5.959949765096647,149391536,AAPL,synthetic (offline fallback)
2026-03-26,5.78724076916666,5.825076680973988,5.782833371579695,5.824881675672425,5.824881675672425,79209604,AAPL,synthetic (offline fallback)
2026-03-27,5.991030751078862,6.003930961481069,5.957337641313282,5.987310154223685,5.987310154223685,85857006,AAPL,synthetic (offline fallback)
2026-03-30,6.220830438184462,6.254769422818123,6.186972515848028,6.2139970522103045,6.2139970522103045,44852604,AAPL,synthetic (offline fallback)
2026-03-31,6.451929364645937,6.469498469289134,6.413422038861435,6.427176469922527,6.427176469922527,67336584,AAPL,synthetic (offline fallback)
2026-04-01,6.2650383646629315,6.305847620914678,6.260405826641995,6.277377764432695,6.277377764432695,56621144,AAPL,synthetic (offline fallback)
2026-04-02,5.719727349925366,5.774843844789038,5.6866665572186434,5.758459938639096,5.758459938639096,61948463,AAPL,synthetic (offline fallback)
2026-04-03,5.41287918300758,5.435754783593483,5.402530158327127,5.429113928925292,5.429113928925292,77005605,AAPL,synthetic (offline fallback)
2026-04-06,5.684453099634833,5.730920514457185,5.673880325422158,5.703223521036178,5.703223521036178,144851196,AAPL,synthetic (offline fallback)
2026-04-07,5.63888280148317,5.644239959526676,5.62119456846371,5.626447639703569,5.626447639703569,85423985,AAPL,synthetic (offline fallback)
2026-04-08,5.441649652425755,5.508889620695446,5.416011759631991,5.486364675378396,5.486364675378396,139195761,AAPL,synthetic (offline fallback)
2026-04-09,5.794639150218451,5.81082951894459,5.78153171703963,5.802443839757743,5.802443839757743,137760129,AAPL,synthetic (offline fallback)
2026-04-10,6.089832229901119,6.091929014883534,6.025915349190457,6.0638946094419435,6.0638946094419435,157712605,AAPL,synthetic (offline fallback)
2026-04-13,6.07160946674736,6.077066596942931,6.045466882522704,6.071478095817026,6.071478095817026,101034488,AAPL,synthetic (offline fallback)
2026-04-14,6.030285273251638,6.0795598829776685,6.013891719697801,6.014113619736342,6.014113619736342,141790252,AAPL,synthetic (offline fallback)
2026-04-15,5.960832411221885,5.997478226492841,5.937899923599526,5.990337188060184,5.990337188060184,90331187,AAPL,synthetic (offline fallback)
2026-04-16,6.00770120150928,6.047018282733696,5.999119016444866,6.0367134564637395,6.0367134564637395,115883909,AAPL,synthetic (offline fallback)
2026-04-17,6.378786844379225,6.386058681614684,6.350592126923222,6.351401333389736,6.351401333389736,137311279,AAPL,synthetic (offline fallback)
2026-04-20,6.443115983826072,6.473120985225396,6.415894381732585,6.441160150684413,6.441160150684413,57073810,AAPL,synthetic (offline fallback)
2026-04-21,6.596210776120274,6.614960125955387,6.585542723868874,6.594167750714009,6.594167750714009,46903064,AAPL,synthetic (offline fallback)
2026-04-22,6.822455843024747,6.9048563633367275,6.765789426006764,6.845418515241928,6.845418515241928,59781704,AAPL,synthetic (offline fallback)
2026-04-23,6.5989290004581305,6.6338419621428475,6.566800956544973,6.596934449079482,6.596934449079482,126533161,AAPL,synthetic (offline fallback)
2026-04-24,6.738953944053764,6.787232597708494,6.729100128499897,6.762201124995174,6.762201124995174,96843943,AAPL,synthetic (offline fallback)
2026-04-27,6.725094325751253,6.757631906384698,6.652715808374562,6.70123383651595,6.70123383651595,73600017,AAPL,synthetic (offline fallback)
2026-04-28,6.243804872236458,6.246037317887818,6.162946882981466,6.1931234948586145,6.1931234948586145,132135463,AAPL,synthetic (offline fallback)
2026-04-29,5.781404365788835,5.8157901217183445,5.767037763730231,5.773022957350393,5.773022957350393,41810258,AAPL,synthetic (offline fallback)
2026-04-30,5.5659763896370915,5.611085714952329,5.547325745851428,5.5765989136071825,5.5765989136071825,60793046,AAPL,synthetic (offline fallback)
2026-05-01,5.638494180900732,5.694961632199322,5.592353617473103,5.681680492231788,5.681680492231788,96381116,AAPL,synthetic (offline fallback)
2026-05-04,5.677080915038032,5.736129123584221,5.6566811508219565,5.705915142934724,5.705915142934724,149862100,AAPL,synthetic (offline fallback)
2026-05-05,5.7698112043972865,5.781279510249761,5.718863771593033,5.743022385491481,5.743022385491481,129879569,AAPL,synthetic (offline fallback)
2026-05-06,6.099152648458869,6.143157449085538,6.077998785594959,6.118042566979029,6.118042566979029,122054887,AAPL,synthetic (offline fallback)
2026-05-07,5.86073033078224,5.895569429927666,5.850441887880742,5.867257682207457,5.867257682207457,125305388,AAPL,synthetic (offline fallback)
2026-05-08,5.8757240994765585,5.920642003983668,5.856462923941651,5.864195221131327,5.864195221131327,77477090,AAPL,synthetic (offline fallback)
2026-05-11,5.951480898394731,5.96867239635407,5.895792578330658,5.92513260752274,5.92513260752274,93743388,AAPL,synthetic (offline fallback)
2026-05-12,5.7859473335080605,5.815745755578118,5.7519951278800745,5.789413807339511,5.789413807339511,146291151,AAPL,synthetic (offline fallback)
2026-05-13,5.789922748653573,5.831063222187559,5.7549009555958515,5.7969602619419085,5.7969602619419085,127549583,AAPL,synthetic (offline fallback)
2026-05-14,5.519825791532877,5.528113887426903,5.515035179547056,5.518640039506048,5.518640039506048,111835644,AAPL,synthetic (offline fallback)
2026-05-15,5.7630888138413505,5.808024984079581,5.741381432139558,5.773960682068914,5.773960682068914,49950666,AAPL,synthetic (offline fallback)
2026-05-18,5.640590496953762,5.684908850040988,5.640310993051538,5.650317278631292,5.650317278631292,127979017,AAPL,synthetic (offline fallback)
2026-05-19,6.0411447908831,6.076728678469308,6.019348189176968,6.0336893208831555,6.0336893208831555,83884851,AAPL,synthetic (offline fallback)
2026-05-20,6.032934204740676,6.092424793314915,5.989758805377154,6.029582513253309,6.029582513253309,86253064,AAPL,synthetic (offline fallback)
2026-05-21,6.275791692021929,6.2782802502726645,6.217961835137779,6.235914168821418,6.235914168821418,120868506,AAPL,synthetic (offline fallback)
2026-05-22,6.235820778575673,6.244031417496399,6.193507397153936,6.227621825170385,6.227621825170385,87226064,AAPL,synthetic (offline fallback)
2026-05-25,6.2455591653055835,6.25230517988073,6.201866822109535,6.224064752014595,6.224064752014595,108746861,AAPL,synthetic (offline fallback)
2026-05-26,6.096074723067627,6.123664615835212,6.061692866625295,6.1157297950906,6.1157297950906,41514108,AAPL,synthetic (offline fallback)
2026-05-27,6.150135541621483,6.16781787104691,6.1060556009264095,6.140461417389009,6.140461417389009,62201574,AAPL,synthetic (offline fallback)
2026-05-28,6.18801828170715,6.2424973847865015,6.15613041321279,6.201468920760859,6.201468920760859,104548242,AAPL,synthetic (offline fallback)
2026-05-29,6.069801077101737,6.088965683733687,6.024284568084218,6.062608641987047,6.062608641987047,154926420,AAPL,synthetic (offline fallback)
2026-06-01,6.0552276041419235,6.094847412624339,5.9948532525605245,6.0427460475426225,6.0427460475426225,131295616,AAPL,synthetic (offline fallback)
2026-06-02,5.940676095309862,5.957775803107741,5.914032736596605,5.939787464306484,5.939787464306484,90108535,AAPL,synthetic (offline fallback)
2026-06-03,6.39395795894724,6.412324135601426,6.33103458457937,6.348112038766064,6.348112038766064,156258941,AAPL,synthetic (offline fallback)
2026-06-04,6.360496307971014,6.400370056500144,6.31911431419319,6.333364558590846,6.333364558590846,73049539,AAPL,synthetic (offline fallback)
2026-06-05,6.656535365912784,6.684917917587296,6.595210685789161,6.633108976159792,6.633108976159792,147067220,AAPL,synthetic (offline fallback)
2026-06-08,6.611434985485476,6.633314122790436,6.59295077115379,6.596310578198971,6.596310578198971,88411734,AAPL,synthetic (offline fallback)
2026-06-09,6.685442763797284,6.721929335506396,6.612687074782308,6.650262327748153,6.650262327748153,50438930,AAPL,synthetic (offline fallback)
2026-06-10,6.372128489861352,6.419572958663511,6.359101591545006,6.399717080733864,6.399717080733864,40297166,AAPL,synthetic (offline fallback)
2026-06-11,6.3430316436183345,6.351901217278214,6.282255128013715,6.3170631486546895,6.3170631486546895,157662414,AAPL,synthetic (offline fallback)
2026-06-12,6.340251317556682,6.386042122411948,6.321892633995167,6.35916176634661,6.35916176634661,117064023,AAPL,synthetic (offline fallback)
2026-06-15,6.650969231067735,6.695362489715873,6.604181611700311,6.662248533472885,6.662248533472885,57937682,AAPL,synthetic (offline fallback)
2026-06-16,6.720741383712202,6.7361734521750405,6.707908259817808,6.709441494435652,6.709441494435652,159037856,AAPL,synthetic (offline fallback)
2026-06-17,7.017095459882208,7.059989892457575,6.973269050187548,6.991230281387997,6.991230281387997,44933715,AAPL,synthetic (offline fallback)
2026-06-18,7.105582541517315,7.1567923004905705,7.062410169347967,7.130258440060234,7.130258440060234,80162646,AAPL,synthetic (offline fallback)
2026-06-19,7.478182578565359,7.510795454846107,7.465822473898249,7.489698999137427,7.489698999137427,129871580,AAPL,synthetic (offline fallback)
2026-06-22,7.4812458651694485,7.5335187227640406,7.462279570848244,7.479057521228242,7.479057521228242,148706374,AAPL,synthetic (offline fallback)
2026-06-23,8.035407945926654,8.063970463150296,7.988681204835044,8.039903039749632,8.039903039749632,121363725,AAPL,synthetic (offline fallback)
2026-06-24,7.940452784747113,7.963920429315061,7.873125503813522,7.920160571572352,7.920160571572352,153973948,AAPL,synthetic (offline fallback)
2026-06-25,7.814951554163988,7.8218227949770815,7.728211228650584,7.7352186005480865,7.7352186005480865,140470303,AAPL,synthetic (offline fallback)
2026-06-26,7.460353941934511,7.484393380353208,7.412504995877479,7.450980890176266,7.450980890176266,138997132,AAPL,synthetic (offline fallback)
2026-06-29,8.006946862050047,8.047120627364299,7.9943017051708525,8.024645935377658,8.024645935377658,67300097,AAPL,synthetic (offline fallback)
2026-06-30,8.216812338384424,8.259798145493091,8.203827599573643,8.24889662797467,8.24889662797467,64588745,AAPL,synthetic (offline fallback)
2026-07-01,8.153706989862437,8.19519485918241,8.118610012641422,8.16167083600486,8.16167083600486,69061603,AAPL,synthetic (offline fallback)
2026-07-02,8.478084550506424,8.514085408059993,8.46773497217784,8.502066752391258,8.502066752391258,58480349,AAPL,synthetic (offline fallback)
2026-07-03,8.711367209712732,8.724525636798104,8.671530843104684,8.69916533089028,8.69916533089028,119715994,AAPL,synthetic (offline fallback)
2026-07-06,9.289483716225021,9.324528857896048,9.260925309868204,9.276903632759742,9.276903632759742,47076217,AAPL,synthetic (offline fallback)
2026-07-07,8.798374492310977,8.82905512836052,8.739839948488806,8.810616885121293,8.810616885121293,91416439,AAPL,synthetic (offline fallback)
2026-07-08,8.786617689210185,8.824371994138842,8.701877112532507,8.734604299417546,8.734604299417546,109836289,AAPL,synthetic (offline fallback)
2026-07-09,8.585158578760838,8.643514089223418,8.572893455890119,8.6041422588367,8.6041422588367,104669966,AAPL,synthetic (offline fallback)
2026-07-10,8.063700941125868,8.082105562620388,8.015994231261296,8.06659114591043,8.06659114591043,98466541,AAPL,synthetic (offline fallback)
2026-07-13,8.381640391575162,8.38789868325555,8.306667504643684,8.365599455026837,8.365599455026837,66770270,AAPL,synthetic (offline fallback)
2026-07-14,8.314520419502044,8.348809614722342,8.273743384204218,8.29232878208961,8.29232878208961,158592864,AAPL,synthetic (offline fallback)
2026-07-15,8.534892039607026,8.541685270285253,8.432027807492277,8.502305003851268,8.502305003851268,95779254,AAPL,synthetic (offline fallback)
2026-07-16,9.207377152610245,9.250459631804139,9.173168828060964,9.19555636203969,9.19555636203969,111390087,AAPL,synthetic (offline fallback)
2026-07-17,9.116485857432332,9.164699863705962,9.068405556414252,9.087834295979428,9.087834295979428,108078830,AAPL,synthetic (offline fallback)
2026-07-20,8.945079048039807,9.016748744211457,8.911614106818357,8.962963067986113,8.962963067986113,84271528,AAPL,synthetic (offline fallback)
2026-07-21,9.026762270985795,9.06280879506235,8.988716161755127,9.00196863594888,9.00196863594888,126754557,AAPL,synthetic (offline fallback)
2026-07-22,9.323256276851035,9.40433234274038,9.2391308123686,9.29801970844416,9.29801970844416,85145438,AAPL,synthetic (offline fallback)
2026-07-23,9.173663954020666,9.181918628106688,9.086999585772636,9.13221593064334,9.13221593064334,89703708,AAPL,synthetic (offline fallback)
2026-07-24,8.907847123082346,9.011224207762288,8.848318434977054,8.95265793324817,8.95265793324817,136416327,AAPL,synthetic (offline fallback)
2026-07-27,9.237672134640379,9.315741297460837,9.221758935725422,9.262881523800996,9.262881523800996,78202293,AAPL,synthetic (offline fallback)
2026-07-28,9.40282218159029,9.433098019646975,9.367381042647382,9.379659834724219,9.379659834724219,123938950,AAPL,synthetic (offline fallback)
2026-07-29,8.727828985081562,8.806398927277629,8.707673825685125,8.797807568545783,8.797807568545783,119881503,AAPL,synthetic (offline fallback)
2026-07-30,8.467793731470035,8.478080121610434,8.445671125508364,8.455313532092717,8.455313532092717,43671431,AAPL,synthetic (offline fallback)
2026-07-31,8.917047434451964,8.967623784040725,8.836874217581869,8.888786309263484,8.888786309263484,122106837,AAPL,synthetic (offline fallback)
2026-08-03,8.997681133612648,9.025938106094904,8.958779838412369,9.013266204231753,9.013266204231753,136162492,AAPL,synthetic (offline fallback)
2026-08-04,8.781428250113382,8.867529008468512,8.713339132883917,8.792775942965047,8.792775942965047,72451426,AAPL,synthetic (offline fallback)
2026-08-05,8.719024659500745,8.785765388092544,8.661722743059913,8.747211780072321,8.747211780072321,149725337,AAPL,synthetic (offline fallback)
2026-08-06,8.740728033229843,8.787763337871922,8.723196211381707,8.754425569551952,8.754425569551952,42378769,AAPL,synthetic (offline fallback)
2026-08-07,8.947844604558991,9.001969919242276,8.938562237238692,8.96108645134686,8.96108645134686,61567404,AAPL,synthetic (offline fallback)
2026-08-10,8.576624826391331,8.609536519087792,8.546058292652361,8.594230311929074,8.594230311929074,153482868,AAPL,synthetic (offline fallback)
2026-08-11,8.353600619542688,8.406436772461111,8.287204214296207,8.372128428873456,8.372128428873456,142660964,AAPL,synthetic (offline fallback)
2026-08-12,8.44114493102821,8.516272398514326,8.41710544597489,8.448013287099025,8.448013287099025,130634368,AAPL,synthetic (offline fallback)
2026-08-13,8.418126397253591,8.442164035135919,8.417448805268364,8.425282098421642,8.425282098421642,112474143,AAPL,synthetic (offline fallback)
2026-08-14,8.623976188356004,8.685944363074125,8.531376749421142,8.575759872925808,8.575759872925808,64132520,AAPL,synthetic (offline fallback)
2026-08-17,8.25827848537616,8.328743777160406,8.246066374440636,8.26805591979429,8.26805591979429,98704016,AAPL,synthetic (offline fallback)
2026-08-18,8.370632993325252,8.374450092251749,8.322081171648504,8.36199964137213,8.36199964137213,107879878,AAPL,synthetic (offline fallback)
2026-08-19,8.629518778667453,8.690064839900238,8.628242261525514,8.64447933731872,8.64447933731872,50761024,AAPL,synthetic (offline fallback)
2026-08-20,8.76134278412304,8.78847760481509,8.726958084229565,8.77686719559397,8.77686719559397,111393703,AAPL,synthetic (offline fallback)
2026-08-21,8.772127449452519,8.858701486062717,8.745859637280585,8.817210832556476,8.817210832556476,50706605,AAPL,synthetic (offline fallback)
2026-08-24,8.75440312578695,8.86299603561088,8.69467798026014,8.795867714728358,8.795867714728358,55118635,AAPL,synthetic (offline fallback)
2026-08-25,8.559243971982081,8.649691154823788,8.51148560708754,8.590349583488747,8.590349583488747,60402226,AAPL,synthetic (offline fallback)
2026-08-26,8.58062337961713,8.659639998824781,8.572819133296322,8.575897284058202,8.575897284058202,62998850,AAPL,synthetic (offline fallback)
2026-08-27,8.919390477282336,8.936133977868147,8.828725704492326,8.890686708842003,8.890686708842003,49846560,AAPL,synthetic (offline fallback)
2026-08-28,8.816184908823585,8.899442317890843,8.764029592393484,8.863694253121484,8.863694253121484,154804781,AAPL,synthetic (offline fallback)
2026-08-31,8.632393922387415,8.661837256957051,8.5894522143501,8.646636925624053,8.646636925624053,136310786,AAPL,synthetic (offline fallback)
2026-09-01,8.494438318458968,8.588663597703533,8.433221574075137,8.529414651388509,8.529414651388509,100961303,AAPL,synthetic (offline fallback)
2026-09-02,8.574751488849296,8.591638496027306,8.532380249264527,8.581555214274822,8.581555214274822,84236433,AAPL,synthetic (offline fallback)
2026-09-03,8.523486234295182,8.5340961363818,8.480981655116935,8.496066805836533,8.496066805836533,62973066,AAPL,synthetic (offline fallback)
2026-09-04,8.602544209422913,8.615061322549561,8.572157208801038,8.614092668681275,8.614092668681275,153881033,AAPL,synthetic (offline fallback)
2026-09-07,8.740921551591924,8.755914313891804,8.71448408777072,8.742167755618551,8.742167755618551,135708970,AAPL,synthetic (offline fallback)
2026-09-08,9.000176399490664,9.011728890664665,8.930317186332152,8.961055253291972,8.961055253291972,130237561,AAPL,synthetic (offline fallback)
2026-09-09,9.337384376181193,9.343823957310939,9.245319775761208,9.324575181224972,9.324575181224972,96468796,AAPL,synthetic (offline fallback)
2026-09-10,9.57464359692297,9.67045471504651,9.5221968494822,9.596526321426111,9.596526321426111,43293822,AAPL,synthetic (offline fallback)
2026-09-11,9.350013690710375,9.401405914517673,9.324939414841271,9.345558234535968,9.345558234535968,116609449,AAPL,synthetic (offline fallback)
2026-09-14,9.084574537501751,9.126864443608042,9.011763539563976,9.107184461996301,9.107184461996301,98504854,AAPL,synthetic (offline fallback)
2026-09-15,9.102133539282866,9.16225619045424,9.03691350409421,9.090666154477628,9.090666154477628,75700184,AAPL,synthetic (offline fallback)
2026-09-16,8.991664043254218,9.027136180139061,8.955426939918922,8.97778420516765,8.97778420516765,77811490,AAPL,synthetic (offline fallback)
2026-09-17,8.660528030068587,8.740330477795741,8.608938010062193,8.696195293326689,8.696195293326689,46948491,AAPL,synthetic (offline fallback)
2026-09-18,8.594121173703096,8.612930552704608,8.56956357659343,8.589607779308741,8.589607779308741,144601953,AAPL,synthetic (offline fallback)
2026-09-21,8.474355218881035,8.515370854277778,8.439592004331779,8.477345346215568,8.477345346215568,59793306,AAPL,synthetic (offline fallback)
2026-09-22,8.334287757383143,8.353900028827963,8.296062577932021,8.32069147964972,8.32069147964972,137575060,AAPL,synthetic (offline fallback)
2026-09-23,8.27037668892795,8.282240256555335,8.191415786719546,8.249801344869297,8.249801344869297,156764428,AAPL,synthetic (offline fallback)
2026-09-24,8.542205651514143,8.587928307293119,8.509246353462508,8.529987733714195,8.529987733714195,45517599,AAPL,synthetic (offline fallback)
2026-09-25,8.574262057697334,8.624563294760968,8.555397723404608,8.582068135748367,8.582068135748367,114830612,AAPL,synthetic (offline fallback)
