date,avg_sentiment,ticker,headline_source,model_source
2015-01-01,0.8498448565602302,AAPL,synthetic (offline fallback),local untrained BERT stand-in + keyword blend (offline fallback -- NOT real FinBERT sentiment)
2015-01-02,-0.42515801787376406,AAPL,synthetic (offline fallback),local untrained BERT stand-in + keyword blend (offline fallback -- NOT real FinBERT sentiment)
2015-01-05,-0.00015814900398258835,AAPL,synthetic (offline fallback),local untrained BERT stand-in + keyword blend (offline fallback -- NOT real FinBERT sentiment)
2015-01-06,-0.850154758989811,AAPL,synthetic (offline fallback),local untrained BERT stand-in + keyword blend (offline fallback -- NOT real FinBERT sentiment)
2015-01-07,-0.2834900041421255,AAPL,synthetic (offline fallback),local untrained BERT stand-in + keyword blend (offline fallback -- NOT real FinBERT sentiment)
2015-01-08,0.8498443737626076,AAPL,synthetic (offline fallback),local untrained BERT stand-in + keyword blend (offline fallback -- NOT real FinBERT sentiment)
2015-01-09,-0.425156144797802,AAPL,synthetic (offline fallback),local untrained BERT stand-in + keyword blend (offline fallback -- NOT real FinBERT sentiment)
2015-01-12,-0.00015307366847991944,AAPL,synthetic (offline fallback),local untrained BERT stand-in + keyword blend (offline fallback -- NOT real FinBERT sentiment)
2015-01-13,-0.28348901321490605,AAPL,synthetic (offline fallback),local untrained BERT stand-in + keyword blend (offline fallback -- NOT real FinBERT sentiment)
2015-01-14,0.4248456500470638,AAPL,synthetic (offline fallback),local untrained BERT stand-in + keyword blend (offline fallback -- NOT real FinBERT sentiment)
2015-01-15,-0.42515749707818035,AAPL,synthetic (offline fallback),local untrained BERT stand-in + keyword blend (offline fallback -- NOT real FinBERT sentiment)
2015-01-16,0.8498421967029571,AAPL,synthetic (offline fallback),local untrained BERT stand-in + keyword blend (offline fallback -- NOT real FinBERT sentiment)
2015-01-19,0.42484238445758815,AAPL,synthetic (offline fallback),local untrained BERT stand-in + keyword blend (offline fallback -- NOT real FinBERT sentiment)
2015-01-20,0.5665118912855784,AAPL,synthetic (offline fallback),local untrained BERT stand-in + keyword blend (offline fallback -- NOT real FinBERT sentiment)
2015-01-21,0.5665066609779994,AAPL,synthetic (offline fallback),local untrained BERT stand-in + keyword blend (offline fallback -- NOT real FinBERT sentiment)
2015-01-22,-0.8501571372151374,AAPL,synthetic (offline fallback),local untrained BERT stand-in + keyword blend (offline fallback -- NOT real FinBERT sentiment)
2015-01-23,-0.00015897899866107457,AAPL,synthetic (offline fallback),local untrained BERT stand-in + keyword blend (offline fallback -- NOT real FinBERT sentiment)
2015-01-26,0.8498378425836562,AAPL,synthetic (offline fallback),local untrained BERT stand-in + keyword blend (offline fallback -- NOT real FinBERT sentiment)
2015-01-27,-0.5668230439225833,AAPL,synthetic (offline fallback),local untrained BERT stand-in + keyword blend (offline fallback -- NOT real FinBERT sentiment)
2015-01-28,-0.0001602351665496826,AAPL,synthetic (offline fallback),local untrained BERT stand-in + keyword blend (offline fallback -- NOT real FinBERT sentiment)
2015-01-29,-0.8501571372151374,AAPL,synthetic (offline fallback),local untrained BERT stand-in + keyword blend (offline fallback -- NOT real FinBERT sentiment)
2015-01-30,-0.850154758989811,AAPL,synthetic (offline fallback),local untrained BERT stand-in + keyword blend (offline fallback -- NOT real FinBERT sentiment)
2015-02-02,-0.0001602351665496826,AAPL,synthetic (offline fallback),local untrained BERT stand-in + keyword blend (offline fallback -- NOT real FinBERT sentiment)
2015-02-03,-0.42515391632914545,AAPL,synthetic (offline fallback),local untrained BERT stand-in + keyword blend (offline fallback -- NOT real FinBERT sentiment)
2015-02-04,0.5665085459748903,AAPL,synthetic (offline fallback),local untrained BERT stand-in + keyword blend (offline fallback -- NOT real FinBERT sentiment)
2015-02-05,-0.28349240918954216,AAPL,synthetic (offline fallback),local untrained BERT stand-in + keyword blend (offline fallback -- NOT real FinBERT sentiment)
2015-02-06,0.5665098751584688,AAPL,synthetic (offline fallback),local untrained BERT stand-in + keyword blend (offline fallback -- NOT real FinBERT sentiment)
2015-02-09,0.5665074879924455,AAPL,synthetic (offline fallback),local untrained BERT stand-in + keyword blend (offline fallback -- NOT real FinBERT sentiment)
2015-02-10,-0.42515849620103835,AAPL,synthetic (offline fallback),local untrained BERT stand-in + keyword blend (offline fallback -- NOT real FinBERT sentiment)
2015-02-11,0.8498448565602302,AAPL,synthetic (offline fallback),local untrained BERT stand-in + keyword blend (offline fallback -- NOT real FinBERT sentiment)
2015-02-12,-0.0001563817262649203,AAPL,synthetic (offline fallback),local untrained BERT stand-in + keyword blend (offline fallback -- NOT real FinBERT sentiment)
2015-02-13,-0.850154758989811,AAPL,synthetic (offline fallback),local untrained BERT stand-in + keyword blend (offline fallback -- NOT real FinBERT sentiment)
2015-02-16,0.8498378425836562,AAPL,synthetic (offline fallback),local untrained BERT stand-in + keyword blend (offline fallback -- NOT real FinBERT sentiment)
2015-02-17,-0.28349240918954216,AAPL,synthetic (offline fallback),local untrained BERT stand-in + keyword blend (offline fallback -- NOT real FinBERT sentiment)
2015-02-18,-0.00015894174575807143,AAPL,synthetic (offline fallback),local untrained BERT stand-in + keyword blend (offline fallback -- NOT real FinBERT sentiment)
2015-02-19,-0.850154758989811,AAPL,synthetic (offline fallback),local untrained BERT stand-in + keyword blend (offline fallback -- NOT real FinBERT sentiment)
2015-02-20,-0.00015665441751480102,AAPL,synthetic (offline fallback),local untrained BERT stand-in + keyword blend (offline fallback -- NOT real FinBERT sentiment)
2015-02-23,-0.00016223341226577758,AAPL,synthetic (offline fallback),local untrained BERT stand-in + keyword blend (offline fallback -- NOT real FinBERT sentiment)
2015-02-24,0.283177520831426,AAPL,synthetic (offline fallback),local untrained BERT stand-in + keyword blend (offline fallback -- NOT real FinBERT sentiment)
2015-02-25,-0.00015495121479036644,AAPL,synthetic (offline fallback),local untrained BERT stand-in + keyword blend (offline fallback -- NOT real FinBERT sentiment)
2015-02-26,-0.00015436112880706787,AAPL,synthetic (offline fallback),local untrained BERT stand-in + keyword blend (offline fallback -- NOT real FinBERT sentiment)
2015-02-27,-0.42515749707818035,AAPL,synthetic (offline fallback),local untrained BERT stand-in + keyword blend (offline fallback -- NOT real FinBERT sentiment)
2015-03-02,-0.28348970313866934,AAPL,synthetic (offline fallback),local untrained BERT stand-in + keyword blend (offline fallback -- NOT real FinBERT sentiment)
2015-03-03,-0.00015307366847991944,AAPL,synthetic (offline fallback),local untrained BERT stand-in + keyword blend (offline fallback -- NOT real FinBERT sentiment)
2015-03-04,0.8498378425836562,AAPL,synthetic (offline fallback),local untrained BERT stand-in + keyword blend (offline fallback -- NOT real FinBERT sentiment)
2015-03-05,-0.8501539275050163,AAPL,synthetic (offline fallback),local untrained BERT stand-in + keyword blend (offline fallback -- NOT real FinBERT sentiment)
2015-03-06,-0.00015307366847991944,AAPL,synthetic (offline fallback),local untrained BERT stand-in + keyword blend (offline fallback -- NOT real FinBERT sentiment)
2015-03-09,-0.28348845889170965,AAPL,synthetic (offline fallback),local untrained BERT stand-in + keyword blend (offline fallback -- NOT real FinBERT sentiment)
2015-03-10,-0.00015307366847991944,AAPL,synthetic (offline fallback),local untrained BERT stand-in + keyword blend (offline fallback -- NOT real FinBERT sentiment)
2015-03-11,0.2831782405575117,AAPL,synthetic (offline fallback),local untrained BERT stand-in + keyword blend (offline fallback -- NOT real FinBERT sentiment)
2015-03-12,-0.8501571372151374,AAPL,synthetic (offline fallback),local untrained BERT stand-in + keyword blend (offline fallback -- NOT real FinBERT sentiment)
2015-03-13,-0.8501539275050163,AAPL,synthetic (offline fallback),local untrained BERT stand-in + keyword blend (offline fallback -- NOT real FinBERT sentiment)
2015-03-16,-0.8501554533839225,AAPL,synthetic (offline fallback),local untrained BERT stand-in + keyword blend (offline fallback -- NOT real FinBERT sentiment)
2015-03-17,-0.5668216566244761,AAPL,synthetic (offline fallback),local untrained BERT stand-in + keyword blend (offline fallback -- NOT real FinBERT sentiment)
2015-03-18,0.5665125260750453,AAPL,synthetic (offline fallback),local untrained BERT stand-in + keyword blend (offline fallback -- NOT real FinBERT sentiment)
2015-03-19,-0.00015897899866107457,AAPL,synthetic (offline fallback),local untrained BERT stand-in + keyword blend (offline fallback -- NOT real FinBERT sentiment)
2015-03-20,-0.42515443712472917,AAPL,synthetic (offline fallback),local untrained BERT stand-in + keyword blend (offline fallback -- NOT real FinBERT sentiment)
2015-03-23,0.8498448565602302,AAPL,synthetic (offline fallback),local untrained BERT stand-in + keyword blend (offline fallback -- NOT real FinBERT sentiment)
2015-03-24,0.849844615161419,AAPL,synthetic (offline fallback),local untrained BERT stand-in + keyword blend (offline fallback -- NOT real FinBERT sentiment)
2015-03-25,-0.8501571372151374,AAPL,synthetic (offline fallback),local untrained BERT stand-in + keyword blend (offline fallback -- NOT real FinBERT sentiment)
2015-03-26,0.2831742857893308,AAPL,synthetic (offline fallback),local untrained BERT stand-in + keyword blend (offline fallback -- NOT real FinBERT sentiment)
2015-03-27,-0.8501571372151374,AAPL,synthetic (offline fallback),local untrained BERT stand-in + keyword blend (offline fallback -- NOT real FinBERT sentiment)
2015-03-30,0.8498453259468078,AAPL,synthetic (offline fallback),local untrained BERT stand-in + keyword blend (offline fallback -- NOT real FinBERT sentiment)
2015-03-31,-0.00016223341226577758,AAPL,synthetic (offline fallback),local untrained BERT stand-in + keyword blend (offline fallback -- NOT real FinBERT sentiment)
2015-04-01,0.8498378425836562,AAPL,synthetic (offline fallback),local untrained BERT stand-in + keyword blend (offline fallback -- NOT real FinBERT sentiment)
2015-04-02,-0.850154758989811,AAPL,synthetic (offline fallback),local untrained BERT stand-in + keyword blend (offline fallback -- NOT real FinBERT sentiment)
2015-04-03,-0.00015665441751480102,AAPL,synthetic (offline fallback),local untrained BERT stand-in + keyword blend (offline fallback -- NOT real FinBERT sentiment)
2015-04-06,-0.0001561582088470681,AAPL,synthetic (offline fallback),local untrained BERT stand-in + keyword blend (offline fallback -- NOT real FinBERT sentiment)
2015-04-07,0.8498411081731319,AAPL,synthetic (offline fallback),local untrained BERT stand-in + keyword blend (offline fallback -- NOT real FinBERT sentiment)
2015-04-08,-0.8501571372151374,AAPL,synthetic (offline fallback),local untrained BERT stand-in + keyword blend (offline fallback -- NOT real FinBERT sentiment)
2015-04-09,-0.42515733391046523,AAPL,synthetic (offline fallback),local untrained BERT stand-in + keyword blend (offline fallback -- NOT real FinBERT sentiment)
2015-04-10,0.2831756328543027,AAPL,synthetic (offline fallback),local untrained BERT stand-in + keyword blend (offline fallback -- NOT real FinBERT sentiment)
2015-04-13,-0.5668248365322749,AAPL,synthetic (offline fallback),local untrained BERT stand-in + keyword blend (offline fallback -- NOT real FinBERT sentiment)
2015-04-14,-0.5668211023012797,AAPL,synthetic (offline fallback),local untrained BERT stand-in + keyword blend (offline fallback -- NOT real FinBERT sentiment)
2015-04-15,-0.00015933364629745482,AAPL,synthetic (offline fallback),local untrained BERT stand-in + keyword blend (offline fallback -- NOT real FinBERT sentiment)
2015-04-16,-0.28348970313866934,AAPL,synthetic (offline fallback),local untrained BERT stand-in + keyword blend (offline fallback -- NOT real FinBERT sentiment)
2015-04-17,-0.00015523731708527722,AAPL,synthetic (offline fallback),local untrained BERT stand-in + keyword blend (offline fallback -- NOT real FinBERT sentiment)
2015-04-20,-0.5668243909875552,AAPL,synthetic (offline fallback),local untrained BERT stand-in + keyword blend (offline fallback -- NOT real FinBERT sentiment)
2015-04-21,-0.0001597166061401663,AAPL,synthetic (offline fallback),local untrained BERT stand-in + keyword blend (offline fallback -- NOT real FinBERT sentiment)
2015-04-22,0.2831750308473905,AAPL,synthetic (offline fallback),local untrained BERT stand-in + keyword blend (offline fallback -- NOT real FinBERT sentiment)
2015-04-23,0.2831748699148496,AAPL,synthetic (offline fallback),local untrained BERT stand-in + keyword blend (offline fallback -- NOT real FinBERT sentiment)
2015-04-24,-0.8501571372151374,AAPL,synthetic (offline fallback),local untrained BERT stand-in + keyword blend (offline fallback -- NOT real FinBERT sentiment)
2015-04-27,0.8498446911573411,AAPL,synthetic (offline fallback),local untrained BERT stand-in + keyword blend (offline fallback -- NOT real FinBERT sentiment)
2015-04-28,-0.00016050934791564942,AAPL,synthetic (offline fallback),local untrained BERT stand-in + keyword blend (offline fallback -- NOT real FinBERT sentiment)
2015-04-29,0.8498443737626076,AAPL,synthetic (offline fallback),local untrained BERT stand-in + keyword blend (offline fallback -- NOT real FinBERT sentiment)
2015-04-30,-0.00015888288617134093,AAPL,synthetic (offline fallback),local untrained BERT stand-in + keyword blend (offline fallback -- NOT real FinBERT sentiment)
2015-05-01,-0.5668225879470508,AAPL,synthetic (offline fallback),local untrained BERT stand-in + keyword blend (offline fallback -- NOT real FinBERT sentiment)
2015-05-04,-0.8501559481024742,AAPL,synthetic (offline fallback),local untrained BERT stand-in + keyword blend (offline fallback -- NOT real FinBERT sentiment)
2015-05-05,-0.42515733391046523,AAPL,synthetic (offline fallback),local untrained BERT stand-in + keyword blend (offline fallback -- NOT real FinBERT sentiment)
2015-05-06,0.4248420692980289,AAPL,synthetic (offline fallback),local untrained BERT stand-in + keyword blend (offline fallback -- NOT real FinBERT sentiment)
2015-05-07,0.8498448565602302,AAPL,synthetic (offline fallback),local untrained BERT stand-in + keyword blend (offline fallback -- NOT real FinBERT sentiment)
2015-05-08,-0.28349150766928993,AAPL,synthetic (offline fallback),local untrained BERT stand-in + keyword blend (offline fallback -- NOT real FinBERT sentiment)
2015-05-11,-0.42515801787376406,AAPL,synthetic (offline fallback),local untrained BERT stand-in + keyword blend (offline fallback -- NOT real FinBERT sentiment)
2015-05-12,0.4248456500470638,AAPL,synthetic (offline fallback),local untrained BERT stand-in + keyword blend (offline fallback -- NOT real FinBERT sentiment)
2015-05-13,-0.0001563817262649203,AAPL,synthetic (offline fallback),local untrained BERT stand-in + keyword blend (offline fallback -- NOT real FinBERT sentiment)
2015-05-14,-0.4251566655933857,AAPL,synthetic (offline fallback),local untrained BERT stand-in + keyword blend (offline fallback -- NOT real FinBERT sentiment)
2015-05-15,0.8498378425836562,AAPL,synthetic (offline fallback),local untrained BERT stand-in + keyword blend (offline fallback -- NOT real FinBERT sentiment)
2015-05-18,-0.8501530960202217,AAPL,synthetic (offline fallback),local untrained BERT stand-in + keyword blend (offline fallback -- NOT real FinBERT sentiment)
2015-05-19,-0.8501571372151374,AAPL,synthetic (offline fallback),local untrained BERT stand-in + keyword blend (offline fallback -- NOT real FinBERT sentiment)
2015-05-20,-0.8501530960202217,AAPL,synthetic (offline fallback),local untrained BERT stand-in + keyword blend (offline fallback -- NOT real FinBERT sentiment)
2015-05-21,0.8498448565602302,AAPL,synthetic (offline fallback),local untrained BERT stand-in + keyword blend (offline fallback -- NOT real FinBERT sentiment)
2015-05-22,0.5665091554323832,AAPL,synthetic (offline fallback),local untrained BERT stand-in + keyword blend (offline fallback -- NOT real FinBERT sentiment)
2015-05-25,-0.00015753954648972297,AAPL,synthetic (offline fallback),local untrained BERT stand-in + keyword blend (offline fallback -- NOT real FinBERT sentiment)
2015-05-26,-0.8501544483006,AAPL,synthetic (offline fallback),local untrained BERT stand-in + keyword blend (offline fallback -- NOT real FinBERT sentiment)
2015-05-27,-0.8501530960202217,AAPL,synthetic (offline fallback),local untrained BERT stand-in + keyword blend (offline fallback -- NOT real FinBERT sentiment)
2015-05-28,0.8498443737626076,AAPL,synthetic (offline fallback),local untrained BERT stand-in + keyword blend (offline fallback -- NOT real FinBERT sentiment)
2015-05-29,-0.28348901321490605,AAPL,synthetic (offline fallback),local untrained BERT stand-in + keyword blend (offline fallback -- NOT real FinBERT sentiment)
2015-06-01,-0.0001602351665496826,AAPL,synthetic (offline fallback),local untrained BERT stand-in + keyword blend (offline fallback -- NOT real FinBERT sentiment)
2015-06-02,-0.850154758989811,AAPL,synthetic (offline fallback),local untrained BERT stand-in + keyword blend (offline fallback -- NOT real FinBERT sentiment)
2015-06-03,-0.2834909533460935,AAPL,synthetic (offline fallback),local untrained BERT stand-in + keyword blend (offline fallback -- NOT real FinBERT sentiment)
2015-06-04,0.28317780991395314,AAPL,synthetic (offline fallback),local untrained BERT stand-in + keyword blend (offline fallback -- NOT real FinBERT sentiment)
2015-06-05,0.8498448565602302,AAPL,synthetic (offline fallback),local untrained BERT stand-in + keyword blend (offline fallback -- NOT real FinBERT sentiment)
2015-06-08,-0.0001602351665496826,AAPL,synthetic (offline fallback),local untrained BERT stand-in + keyword blend (offline fallback -- NOT real FinBERT sentiment)
2015-06-09,-0.0001602351665496826,AAPL,synthetic (offline fallback),local untrained BERT stand-in + keyword blend (offline fallback -- NOT real FinBERT sentiment)
2015-06-10,-0.8501558005809784,AAPL,synthetic (offline fallback),local untrained BERT stand-in + keyword blend (offline fallback -- NOT real FinBERT sentiment)
2015-06-11,-0.0001602351665496826,AAPL,synthetic (offline fallback),local untrained BERT stand-in + keyword blend (offline fallback -- NOT real FinBERT sentiment)
2015-06-12,-0.0001602351665496826,AAPL,synthetic (offline fallback),local untrained BERT stand-in + keyword blend (offline fallback -- NOT real FinBERT sentiment)
2015-06-15,-0.00015307366847991944,AAPL,synthetic (offline fallback),local untrained BERT stand-in + keyword blend (offline fallback -- NOT real FinBERT sentiment)
2015-06-16,0.28317736436923346,AAPL,synthetic (offline fallback),local untrained BERT stand-in + keyword blend (offline fallback -- NOT real FinBERT sentiment)
2015-06-17,-0.8501571372151374,AAPL,synthetic (offline fallback),local untrained BERT stand-in + keyword blend (offline fallback -- NOT real FinBERT sentiment)
2015-06-18,0.4248401559889316,AAPL,synthetic (offline fallback),local untrained BERT stand-in + keyword blend (offline fallback -- NOT real FinBERT sentiment)
2015-06-19,-0.00015523731708527722,AAPL,synthetic (offline fallback),local untrained BERT stand-in + keyword blend (offline fallback -- NOT real FinBERT sentiment)
2015-06-22,-0.8501571372151374,AAPL,synthetic (offline fallback),local untrained BERT stand-in + keyword blend (offline fallback -- NOT real FinBERT sentiment)
2015-06-23,-0.00015814900398258835,AAPL,synthetic (offline fallback),local untrained BERT stand-in + keyword blend (offline fallback -- NOT real FinBERT sentiment)
2015-06-24,-0.00015307366847991944,AAPL,synthetic (offline fallback),local untrained BERT stand-in + keyword blend (offline fallback -- NOT real FinBERT sentiment)
2015-06-25,-0.8501558005809784,AAPL,synthetic (offline fallback),local untrained BERT stand-in + keyword blend (offline fallback -- NOT real FinBERT sentiment)
2015-06-26,-0.00015753060579299925,AAPL,synthetic (offline fallback),local untrained BERT stand-in + keyword blend (offline fallback -- NOT real FinBERT sentiment)
2015-06-29,-0.42515391632914545,AAPL,synthetic (offline fallback),local untrained BERT stand-in + keyword blend (offline fallback -- NOT real FinBERT sentiment)
2015-06-30,-0.00015988200902938843,AAPL,synthetic (offline fallback),local untrained BERT stand-in + keyword blend (offline fallback -- NOT real FinBERT sentiment)
2015-07-01,0.8498448565602302,AAPL,synthetic (offline fallback),local untrained BERT stand-in + keyword blend (offline fallback -- NOT real FinBERT sentiment)
2015-07-02,-0.2834909056623777,AAPL,synthetic (offline fallback),local untrained BERT stand-in + keyword blend (offline fallback -- NOT real FinBERT sentiment)
2015-07-03,-0.283490148683389,AAPL,synthetic (offline fallback),local untrained BERT stand-in + keyword blend (offline fallback -- NOT real FinBERT sentiment)
2015-07-06,-0.4251551054418087,AAPL,synthetic (offline fallback),local untrained BERT stand-in + keyword blend (offline fallback -- NOT real FinBERT sentiment)
2015-07-07,0.8498413495719432,AAPL,synthetic (offline fallback),local untrained BERT stand-in + keyword blend (offline fallback -- NOT real FinBERT sentiment)
2015-07-08,-0.00015753060579299925,AAPL,synthetic (offline fallback),local untrained BERT stand-in + keyword blend (offline fallback -- NOT real FinBERT sentiment)
2015-07-09,-0.2834913512070974,AAPL,synthetic (offline fallback),local untrained BERT stand-in + keyword blend (offline fallback -- NOT real FinBERT sentiment)
2015-07-10,-0.00015547201037408032,AAPL,synthetic (offline fallback),local untrained BERT stand-in + keyword blend (offline fallback -- NOT real FinBERT sentiment)
2015-07-13,-0.00015519261360169567,AAPL,synthetic (offline fallback),local untrained BERT stand-in + keyword blend (offline fallback -- NOT real FinBERT sentiment)
2015-07-14,-0.8501558005809784,AAPL,synthetic (offline fallback),local untrained BERT stand-in + keyword blend (offline fallback -- NOT real FinBERT sentiment)
2015-07-15,-0.8501544483006,AAPL,synthetic (offline fallback),local untrained BERT stand-in + keyword blend (offline fallback -- NOT real FinBERT sentiment)
2015-07-16,-0.00015307366847991944,AAPL,synthetic (offline fallback),local untrained BERT stand-in + keyword blend (offline fallback -- NOT real FinBERT sentiment)
2015-07-17,-0.00015690326690676049,AAPL,synthetic (offline fallback),local untrained BERT stand-in + keyword blend (offline fallback -- NOT real FinBERT sentiment)
2015-07-20,-0.8501530960202217,AAPL,synthetic (offline fallback),local untrained BERT stand-in + keyword blend (offline fallback -- NOT real FinBERT sentiment)
2015-07-21,-0.4251596853137016,AAPL,synthetic (offline fallback),local untrained BERT stand-in + keyword blend (offline fallback -- NOT real FinBERT sentiment)
2015-07-22,-0.8501558005809784,AAPL,synthetic (offline fallback),local untrained BERT stand-in + keyword blend (offline fallback -- NOT real FinBERT sentiment)
2015-07-23,-0.00015525668859484032,AAPL,synthetic (offline fallback),local untrained BERT stand-in + keyword blend (offline fallback -- NOT real FinBERT sentiment)
2015-07-24,-0.0001580148935317845,AAPL,synthetic (offline fallback),local untrained BERT stand-in + keyword blend (offline fallback -- NOT real FinBERT sentiment)
2015-07-27,-0.5668226967255274,AAPL,synthetic (offline fallback),local untrained BERT stand-in + keyword blend (offline fallback -- NOT real FinBERT sentiment)
2015-07-28,-0.0001602351665496826,AAPL,synthetic (offline fallback),local untrained BERT stand-in + keyword blend (offline fallback -- NOT real FinBERT sentiment)
2015-07-29,0.8498453259468078,AAPL,synthetic (offline fallback),local untrained BERT stand-in + keyword blend (offline fallback -- NOT real FinBERT sentiment)
2015-07-30,-0.00016223341226577758,AAPL,synthetic (offline fallback),local untrained BERT stand-in + keyword blend (offline fallback -- NOT real FinBERT sentiment)
2015-07-31,0.8498448498547078,AAPL,synthetic (offline fallback),local untrained BERT stand-in + keyword blend (offline fallback -- NOT real FinBERT sentiment)
2015-08-03,-0.4251566655933857,AAPL,synthetic (offline fallback),local untrained BERT stand-in + keyword blend (offline fallback -- NOT real FinBERT sentiment)
2015-08-04,-0.00015307366847991944,AAPL,synthetic (offline fallback),local untrained BERT stand-in + keyword blend (offline fallback -- NOT real FinBERT sentiment)
2015-08-05,0.8498453259468078,AAPL,synthetic (offline fallback),local untrained BERT stand-in + keyword blend (offline fallback -- NOT real FinBERT sentiment)
2015-08-06,-0.8501553446054458,AAPL,synthetic (offline fallback),local untrained BERT stand-in + keyword blend (offline fallback -- NOT real FinBERT sentiment)
2015-08-07,0.8498378425836562,AAPL,synthetic (offline fallback),local untrained BERT stand-in + keyword blend (offline fallback -- NOT real FinBERT sentiment)
2015-08-10,-0.8501559481024742,AAPL,synthetic (offline fallback),local untrained BERT stand-in + keyword blend (offline fallback -- NOT real FinBERT sentiment)
2015-08-11,-0.00015631914138795425,AAPL,synthetic (offline fallback),local untrained BERT stand-in + keyword blend (offline fallback -- NOT real FinBERT sentiment)
2015-08-12,-0.8501551166176795,AAPL,synthetic (offline fallback),local untrained BERT stand-in + keyword blend (offline fallback -- NOT real FinBERT sentiment)
2015-08-13,-0.850154758989811,AAPL,synthetic (offline fallback),local untrained BERT stand-in + keyword blend (offline fallback -- NOT real FinBERT sentiment)
2015-08-14,-0.8501552797853946,AAPL,synthetic (offline fallback),local untrained BERT stand-in + keyword blend (offline fallback -- NOT real FinBERT sentiment)
2015-08-17,-0.8501571372151374,AAPL,synthetic (offline fallback),local untrained BERT stand-in + keyword blend (offline fallback -- NOT real FinBERT sentiment)
2015-08-18,-0.00015307366847991944,AAPL,synthetic (offline fallback),local untrained BERT stand-in + keyword blend (offline fallback -- NOT real FinBERT sentiment)
2015-08-19,-0.8501530960202217,AAPL,synthetic (offline fallback),local untrained BERT stand-in + keyword blend (offline fallback -- NOT real FinBERT sentiment)
2015-08-20,-0.00015307366847991944,AAPL,synthetic (offline fallback),local untrained BERT stand-in + keyword blend (offline fallback -- NOT real FinBERT sentiment)
2015-08-21,-0.2834892471631368,AAPL,synthetic (offline fallback),local untrained BERT stand-in + keyword blend (offline fallback -- NOT real FinBERT sentiment)
2015-08-24,-0.00016223341226577758,AAPL,synthetic (offline fallback),local untrained BERT stand-in + keyword blend (offline fallback -- NOT real FinBERT sentiment)
2015-08-25,-0.00015436112880706787,AAPL,synthetic (offline fallback),local untrained BERT stand-in + keyword blend (offline fallback -- NOT real FinBERT sentiment)
2015-08-26,0.5665094728271166,AAPL,synthetic (offline fallback),local untrained BERT stand-in + keyword blend (offline fallback -- NOT real FinBERT sentiment)
2015-08-27,-0.8501558005809784,AAPL,synthetic (offline fallback),local untrained BERT stand-in + keyword blend (offline fallback -- NOT real FinBERT sentiment)
2015-08-28,-0.4251530848443508,AAPL,synthetic (offline fallback),local untrained BERT stand-in + keyword blend (offline fallback -- NOT real FinBERT sentiment)
2015-08-31,-0.8501571372151374,AAPL,synthetic (offline fallback),local untrained BERT stand-in + keyword blend (offline fallback -- NOT real FinBERT sentiment)
2015-09-01,0.2831741785009702,AAPL,synthetic (offline fallback),local untrained BERT stand-in + keyword blend (offline fallback -- NOT real FinBERT sentiment)
2015-09-02,-0.8501539275050163,AAPL,synthetic (offline fallback),local untrained BERT stand-in + keyword blend (offline fallback -- NOT real FinBERT sentiment)
2015-09-03,0.8498443737626076,AAPL,synthetic (offline fallback),local untrained BERT stand-in + keyword blend (offline fallback -- NOT real FinBERT sentiment)
2015-09-04,0.849841584265232,AAPL,synthetic (offline fallback),local untrained BERT stand-in + keyword blend (offline fallback -- NOT real FinBERT sentiment)
2015-09-07,-0.850154758989811,AAPL,synthetic (offline fallback),local untrained BERT stand-in + keyword blend (offline fallback -- NOT real FinBERT sentiment)
2015-09-08,0.42484231069684025,AAPL,synthetic (offline fallback),local untrained BERT stand-in + keyword blend (offline fallback -- NOT real FinBERT sentiment)
2015-09-09,0.42484238445758815,AAPL,synthetic (offline fallback),local untrained BERT stand-in + keyword blend (offline fallback -- NOT real FinBERT sentiment)
2015-09-10,-0.5668221424023311,AAPL,synthetic (offline fallback),local untrained BERT stand-in + keyword blend (offline fallback -- NOT real FinBERT sentiment)
2015-09-11,-0.8501558005809784,AAPL,synthetic (offline fallback),local untrained BERT stand-in + keyword blend (offline fallback -- NOT real FinBERT sentiment)
2015-09-14,-0.28349150766928993,AAPL,synthetic (offline fallback),local untrained BERT stand-in + keyword blend (offline fallback -- NOT real FinBERT sentiment)
2015-09-15,-0.5668203095595042,AAPL,synthetic (offline fallback),local untrained BERT stand-in + keyword blend (offline fallback -- NOT real FinBERT sentiment)
2015-09-16,-0.00015471652150156334,AAPL,synthetic (offline fallback),local untrained BERT stand-in + keyword blend (offline fallback -- NOT real FinBERT sentiment)
2015-09-17,-0.00016223341226577758,AAPL,synthetic (offline fallback),local untrained BERT stand-in + keyword blend (offline fallback -- NOT real FinBERT sentiment)
2015-09-18,-0.42515749707818035,AAPL,synthetic (offline fallback),local untrained BERT stand-in + keyword blend (offline fallback -- NOT real FinBERT sentiment)
2015-09-21,-0.00015753060579299925,AAPL,synthetic (offline fallback),local untrained BERT stand-in + keyword blend (offline fallback -- NOT real FinBERT sentiment)
2015-09-22,-0.2834909056623777,AAPL,synthetic (offline fallback),local untrained BERT stand-in + keyword blend (offline fallback -- NOT real FinBERT sentiment)
2015-09-23,-0.4251596853137016,AAPL,synthetic (offline fallback),local untrained BERT stand-in + keyword blend (offline fallback -- NOT real FinBERT sentiment)
2015-09-24,-0.2834889148672422,AAPL,synthetic (offline fallback),local untrained BERT stand-in + keyword blend (offline fallback -- NOT real FinBERT sentiment)
2015-09-25,-0.8501571372151374,AAPL,synthetic (offline fallback),local untrained BERT stand-in + keyword blend (offline fallback -- NOT real FinBERT sentiment)
2015-09-28,-0.2834908415873845,AAPL,synthetic (offline fallback),local untrained BERT stand-in + keyword blend (offline fallback -- NOT real FinBERT sentiment)
2015-09-29,0.28317792316277823,AAPL,synthetic (offline fallback),local untrained BERT stand-in + keyword blend (offline fallback -- NOT real FinBERT sentiment)
2015-09-30,-0.5668211023012797,AAPL,synthetic (offline fallback),local untrained BERT stand-in + keyword blend (offline fallback -- NOT real FinBERT sentiment)
2015-10-01,0.8498378425836562,AAPL,synthetic (offline fallback),local untrained BERT stand-in + keyword blend (offline fallback -- NOT real FinBERT sentiment)
2015-10-02,-0.8501571372151374,AAPL,synthetic (offline fallback),local untrained BERT stand-in + keyword blend (offline fallback -- NOT real FinBERT sentiment)
2015-10-05,-0.00015897899866107457,AAPL,synthetic (offline fallback),local untrained BERT stand-in + keyword blend (offline fallback -- NOT real FinBERT sentiment)
2015-10-06,-0.283490148683389,AAPL,synthetic (offline fallback),local untrained BERT stand-in + keyword blend (offline fallback -- NOT real FinBERT sentiment)
2015-10-07,-0.283488064010938,AAPL,synthetic (offline fallback),local untrained BERT stand-in + keyword blend (offline fallback -- NOT real FinBERT sentiment)
2015-10-08,-0.00015565454959870864,AAPL,synthetic (offline fallback),local untrained BERT stand-in + keyword blend (offline fallback -- NOT real FinBERT sentiment)
2015-10-09,0.849845091253519,AAPL,synthetic (offline fallback),local untrained BERT stand-in + keyword blend (offline fallback -- NOT real FinBERT sentiment)
2015-10-12,0.8498448565602302,AAPL,synthetic (offline fallback),local untrained BERT stand-in + keyword blend (offline fallback -- NOT real FinBERT sentiment)
2015-10-13,0.4248436629772186,AAPL,synthetic (offline fallback),local untrained BERT stand-in + keyword blend (offline fallback -- NOT real FinBERT sentiment)
2015-10-14,-0.8501559481024742,AAPL,synthetic (offline fallback),local untrained BERT stand-in + keyword blend (offline fallback -- NOT real FinBERT sentiment)
2015-10-15,-0.00015495121479036644,AAPL,synthetic (offline fallback),local untrained BERT stand-in + keyword blend (offline fallback -- NOT real FinBERT sentiment)
2015-10-16,0.4248456500470638,AAPL,synthetic (offline fallback),local untrained BERT stand-in + keyword blend (offline fallback -- NOT real FinBERT sentiment)
2015-10-19,0.8498443737626076,AAPL,synthetic (offline fallback),local untrained BERT stand-in + keyword blend (offline fallback -- NOT real FinBERT sentiment)
2015-10-20,-0.566823489467303,AAPL,synthetic (offline fallback),local untrained BERT stand-in + keyword blend (offline fallback -- NOT real FinBERT sentiment)
2015-10-21,-0.0001580148935317697,AAPL,synthetic (offline fallback),local untrained BERT stand-in + keyword blend (offline fallback -- NOT real FinBERT sentiment)
2015-10-22,-0.8501558005809784,AAPL,synthetic (offline fallback),local untrained BERT stand-in + keyword blend (offline fallback -- NOT real FinBERT sentiment)
2015-10-23,-0.850154758989811,AAPL,synthetic (offline fallback),local untrained BERT stand-in + keyword blend (offline fallback -- NOT real FinBERT sentiment)
2015-10-26,0.42483780458569526,AAPL,synthetic (offline fallback),local untrained BERT stand-in + keyword blend (offline fallback -- NOT real FinBERT sentiment)
2015-10-27,0.42483780458569526,AAPL,synthetic (offline fallback),local untrained BERT stand-in + keyword blend (offline fallback -- NOT real FinBERT sentiment)
2015-10-28,0.849844615161419,AAPL,synthetic (offline fallback),local untrained BERT stand-in + keyword blend (offline fallback -- NOT real FinBERT sentiment)
2015-10-29,-0.8501571372151374,AAPL,synthetic (offline fallback),local untrained BERT stand-in + keyword blend (offline fallback -- NOT real FinBERT sentiment)
2015-10-30,0.8498378425836562,AAPL,synthetic (offline fallback),local untrained BERT stand-in + keyword blend (offline fallback -- NOT real FinBERT sentiment)
2015-11-02,0.8498448565602302,AAPL,synthetic (offline fallback),local untrained BERT stand-in + keyword blend (offline fallback -- NOT real FinBERT sentiment)
2015-11-03,0.8498443737626076,AAPL,synthetic (offline fallback),local untrained BERT stand-in + keyword blend (offline fallback -- NOT real FinBERT sentiment)
2015-11-04,-0.8501551166176795,AAPL,synthetic (offline fallback),local untrained BERT stand-in + keyword blend (offline fallback -- NOT real FinBERT sentiment)
2015-11-05,-0.00015988200902938843,AAPL,synthetic (offline fallback),local untrained BERT stand-in + keyword blend (offline fallback -- NOT real FinBERT sentiment)
2015-11-06,0.8498448498547078,AAPL,synthetic (offline fallback),local untrained BERT stand-in + keyword blend (offline fallback -- NOT real FinBERT sentiment)
2015-11-09,-0.00015615820884705328,AAPL,synthetic (offline fallback),local untrained BERT stand-in + keyword blend (offline fallback -- NOT real FinBERT sentiment)
2015-11-10,-0.8501558005809784,AAPL,synthetic (offline fallback),local untrained BERT stand-in + keyword blend (offline fallback -- NOT real FinBERT sentiment)
2015-11-11,-0.00015411972999573864,AAPL,synthetic (offline fallback),local untrained BERT stand-in + keyword blend (offline fallback -- NOT real FinBERT sentiment)
2015-11-12,0.8498378425836562,AAPL,synthetic (offline fallback),local untrained BERT stand-in + keyword blend (offline fallback -- NOT real FinBERT sentiment)
2015-11-13,0.8498378425836562,AAPL,synthetic (offline fallback),local untrained BERT stand-in + keyword blend (offline fallback -- NOT real FinBERT sentiment)
2015-11-16,0.5665068219105402,AAPL,synthetic (offline fallback),local untrained BERT stand-in + keyword blend (offline fallback -- NOT real FinBERT sentiment)
2015-11-17,-0.4251596853137016,AAPL,synthetic (offline fallback),local untrained BERT stand-in + keyword blend (offline fallback -- NOT real FinBERT sentiment)
2015-11-18,-0.8501564688980578,AAPL,synthetic (offline fallback),local untrained BERT stand-in + keyword blend (offline fallback -- NOT real FinBERT sentiment)
2015-11-19,-0.4251596853137016,AAPL,synthetic (offline fallback),local untrained BERT stand-in + keyword blend (offline fallback -- NOT real FinBERT sentiment)
2015-11-20,0.5665098215142886,AAPL,synthetic (offline fallback),local untrained BERT stand-in + keyword blend (offline fallback -- NOT real FinBERT sentiment)
2015-11-23,0.8498378425836562,AAPL,synthetic (offline fallback),local untrained BERT stand-in + keyword blend (offline fallback -- NOT real FinBERT sentiment)
2015-11-24,-0.2834895213445027,AAPL,synthetic (offline fallback),local untrained BERT stand-in + keyword blend (offline fallback -- NOT real FinBERT sentiment)
2015-11-25,0.42484342157840727,AAPL,synthetic (offline fallback),local untrained BERT stand-in + keyword blend (offline fallback -- NOT real FinBERT sentiment)
2015-11-26,-0.850154758989811,AAPL,synthetic (offline fallback),local untrained BERT stand-in + keyword blend (offline fallback -- NOT real FinBERT sentiment)
2015-11-27,-0.00015547201037408032,AAPL,synthetic (offline fallback),local untrained BERT stand-in + keyword blend (offline fallback -- NOT real FinBERT sentiment)
2015-11-30,-0.00015495121479036644,AAPL,synthetic (offline fallback),local untrained BERT stand-in + keyword blend (offline fallback -- NOT real FinBERT sentiment)
2015-12-01,0.566509665052096,AAPL,synthetic (offline fallback),local untrained BERT stand-in + keyword blend (offline fallback -- NOT real FinBERT sentiment)
2015-12-02,0.42484342157840727,AAPL,synthetic (offline fallback),local untrained BERT stand-in + keyword blend (offline fallback -- NOT real FinBERT sentiment)
2015-12-03,-0.8501571372151374,AAPL,synthetic (offline fallback),local untrained BERT stand-in + keyword blend (offline fallback -- NOT real FinBERT sentiment)
2015-12-04,-0.5668224493662516,AAPL,synthetic (offline fallback),local untrained BERT stand-in + keyword blend (offline fallback -- NOT real FinBERT sentiment)
2015-12-07,-0.8501571372151374,AAPL,synthetic (offline fallback),local untrained BERT stand-in + keyword blend (offline fallback -- NOT real FinBERT sentiment)
2015-12-08,0.2831783135732015,AAPL,synthetic (offline fallback),local untrained BERT stand-in + keyword blend (offline fallback -- NOT real FinBERT sentiment)
2015-12-09,-0.00015765354037284852,AAPL,synthetic (offline fallback),local untrained BERT stand-in + keyword blend (offline fallback -- NOT real FinBERT sentiment)
2015-12-10,0.42484342157840727,AAPL,synthetic (offline fallback),local untrained BERT stand-in + keyword blend (offline fallback -- NOT real FinBERT sentiment)
2015-12-11,0.28317613651355106,AAPL,synthetic (offline fallback),local untrained BERT stand-in + keyword blend (offline fallback -- NOT real FinBERT sentiment)
2015-12-14,-0.0001561582088470681,AAPL,synthetic (offline fallback),local untrained BERT stand-in + keyword blend (offline fallback -- NOT real FinBERT sentiment)
2015-12-15,-0.0001560017466545327,AAPL,synthetic (offline fallback),local untrained BERT stand-in + keyword blend (offline fallback -- NOT real FinBERT sentiment)
2015-12-16,-0.8501544483006,AAPL,synthetic (offline fallback),local untrained BERT stand-in + keyword blend (offline fallback -- NOT real FinBERT sentiment)
2015-12-17,-0.00015523731708527722,AAPL,synthetic (offline fallback),local untrained BERT stand-in + keyword blend (offline fallback -- NOT real FinBERT sentiment)
2015-12-18,-0.850154758989811,AAPL,synthetic (offline fallback),local untrained BERT stand-in + keyword blend (offline fallback -- NOT real FinBERT sentiment)
2015-12-21,-0.8501571372151374,AAPL,synthetic (offline fallback),local untrained BERT stand-in + keyword blend (offline fallback -- NOT real FinBERT sentiment)
2015-12-22,-0.5668221424023311,AAPL,synthetic (offline fallback),local untrained BERT stand-in + keyword blend (offline fallback -- NOT real FinBERT sentiment)
2015-12-23,-0.8501571372151374,AAPL,synthetic (offline fallback),local untrained BERT stand-in + keyword blend (offline fallback -- NOT real FinBERT sentiment)
2015-12-24,-0.850154758989811,AAPL,synthetic (offline fallback),local untrained BERT stand-in + keyword blend (offline fallback -- NOT real FinBERT sentiment)
2015-12-25,-0.00015307366847991944,AAPL,synthetic (offline fallback),local untrained BERT stand-in + keyword blend (offline fallback -- NOT real FinBERT sentiment)
2015-12-28,-0.8501558005809784,AAPL,synthetic (offline fallback),local untrained BERT stand-in + keyword blend (offline fallback -- NOT real FinBERT sentiment)
2015-12-29,-0.8501544483006,AAPL,synthetic (offline fallback),local untrained BERT stand-in + keyword blend (offline fallback -- NOT real FinBERT sentiment)
2015-12-30,-0.850154758989811,AAPL,synthetic (offline fallback),local untrained BERT stand-in + keyword blend (offline fallback -- NOT real FinBERT sentiment)
2015-12-31,-0.00015894174575807143,AAPL,synthetic (offline fallback),local untrained BERT stand-in + keyword blend (offline fallback -- NOT real FinBERT sentiment)
2016-01-01,-0.0001561582088470681,AAPL,synthetic (offline fallback),local untrained BERT stand-in + keyword blend (offline fallback -- NOT real FinBERT sentiment)
2016-01-04,0.8498443737626076,AAPL,synthetic (offline fallback),local untrained BERT stand-in + keyword blend (offline fallback -- NOT real FinBERT sentiment)
2016-01-05,-0.00015788674354551743,AAPL,synthetic (offline fallback),local untrained BERT stand-in + keyword blend (offline fallback -- NOT real FinBERT sentiment)
2016-01-06,-0.283490148683389,AAPL,synthetic (offline fallback),local untrained BERT stand-in + keyword blend (offline fallback -- NOT real FinBERT sentiment)
2016-01-07,0.8498448565602302,AAPL,synthetic (offline fallback),local untrained BERT stand-in + keyword blend (offline fallback -- NOT real FinBERT sentiment)
2016-01-08,0.8498453259468078,AAPL,synthetic (offline fallback),local untrained BERT stand-in + keyword blend (offline fallback -- NOT real FinBERT sentiment)
2016-01-11,-0.5668231422702471,AAPL,synthetic (offline fallback),local untrained BERT stand-in + keyword blend (offline fallback -- NOT real FinBERT sentiment)
2016-01-12,0.42484238445758815,AAPL,synthetic (offline fallback),local untrained BERT stand-in + keyword blend (offline fallback -- NOT real FinBERT sentiment)
2016-01-13,-0.8501571372151374,AAPL,synthetic (offline fallback),local untrained BERT stand-in + keyword blend (offline fallback -- NOT real FinBERT sentiment)
2016-01-14,-0.0001584582030773607,AAPL,synthetic (offline fallback),local untrained BERT stand-in + keyword blend (offline fallback -- NOT real FinBERT sentiment)
2016-01-15,-0.00015753060579299925,AAPL,synthetic (offline fallback),local untrained BERT stand-in + keyword blend (offline fallback -- NOT real FinBERT sentiment)
2016-01-18,-0.00015964731574058533,AAPL,synthetic (offline fallback),local untrained BERT stand-in + keyword blend (offline fallback -- NOT real FinBERT sentiment)
2016-01-19,0.42483780458569526,AAPL,synthetic (offline fallback),local untrained BERT stand-in + keyword blend (offline fallback -- NOT real FinBERT sentiment)
2016-01-20,-0.2834909056623777,AAPL,synthetic (offline fallback),local untrained BERT stand-in + keyword blend (offline fallback -- NOT real FinBERT sentiment)
2016-01-21,-0.850154758989811,AAPL,synthetic (offline fallback),local untrained BERT stand-in + keyword blend (offline fallback -- NOT real FinBERT sentiment)
2016-01-22,-0.8501558005809784,AAPL,synthetic (offline fallback),local untrained BERT stand-in + keyword blend (offline fallback -- NOT real FinBERT sentiment)
2016-01-25,-0.0001602351665496826,AAPL,synthetic (offline fallback),local untrained BERT stand-in + keyword blend (offline fallback -- NOT real FinBERT sentiment)
2016-01-26,-0.00016223341226577758,AAPL,synthetic (offline fallback),local untrained BERT stand-in + keyword blend (offline fallback -- NOT real FinBERT sentiment)
2016-01-27,-0.5668242643276851,AAPL,synthetic (offline fallback),local untrained BERT stand-in + keyword blend (offline fallback -- NOT real FinBERT sentiment)
2016-01-28,-0.00015388503670693554,AAPL,synthetic (offline fallback),local untrained BERT stand-in + keyword blend (offline fallback -- NOT real FinBERT sentiment)
2016-01-29,-0.00016223341226577758,AAPL,synthetic (offline fallback),local untrained BERT stand-in + keyword blend (offline fallback -- NOT real FinBERT sentiment)
2016-02-01,-0.850154758989811,AAPL,synthetic (offline fallback),local untrained BERT stand-in + keyword blend (offline fallback -- NOT real FinBERT sentiment)
2016-02-02,-0.8501571372151374,AAPL,synthetic (offline fallback),local untrained BERT stand-in + keyword blend (offline fallback -- NOT real FinBERT sentiment)
2016-02-03,-0.00015523731708527722,AAPL,synthetic (offline fallback),local untrained BERT stand-in + keyword blend (offline fallback -- NOT real FinBERT sentiment)
2016-02-04,0.2831759800513585,AAPL,synthetic (offline fallback),local untrained BERT stand-in + keyword blend (offline fallback -- NOT real FinBERT sentiment)
2016-02-05,0.42484254539012906,AAPL,synthetic (offline fallback),local untrained BERT stand-in + keyword blend (offline fallback -- NOT real FinBERT sentiment)
2016-02-08,-0.850154758989811,AAPL,synthetic (offline fallback),local untrained BERT stand-in + keyword blend (offline fallback -- NOT real FinBERT sentiment)
2016-02-09,0.28317887236674627,AAPL,synthetic (offline fallback),local untrained BERT stand-in + keyword blend (offline fallback -- NOT real FinBERT sentiment)
2016-02-10,-0.00016223341226577758,AAPL,synthetic (offline fallback),local untrained BERT stand-in + keyword blend (offline fallback -- NOT real FinBERT sentiment)
2016-02-11,0.8498443737626076,AAPL,synthetic (offline fallback),local untrained BERT stand-in + keyword blend (offline fallback -- NOT real FinBERT sentiment)
2016-02-12,-0.2834895213445027,AAPL,synthetic (offline fallback),local untrained BERT stand-in + keyword blend (offline fallback -- NOT real FinBERT sentiment)
2016-02-15,0.566509714225928,AAPL,synthetic (offline fallback),local untrained BERT stand-in + keyword blend (offline fallback -- NOT real FinBERT sentiment)
2016-02-16,-0.28348920394976934,AAPL,synthetic (offline fallback),local untrained BERT stand-in + keyword blend (offline fallback -- NOT real FinBERT sentiment)
2016-02-17,0.5665091554323832,AAPL,synthetic (offline fallback),local untrained BERT stand-in + keyword blend (offline fallback -- NOT real FinBERT sentiment)
2016-02-18,-0.850154758989811,AAPL,synthetic (offline fallback),local untrained BERT stand-in + keyword blend (offline fallback -- NOT real FinBERT sentiment)
2016-02-19,-0.00016223341226577758,AAPL,synthetic (offline fallback),local untrained BERT stand-in + keyword blend (offline fallback -- NOT real FinBERT sentiment)
2016-02-22,-0.0001537710428238063,AAPL,synthetic (offline fallback),local untrained BERT stand-in + keyword blend (offline fallback -- NOT real FinBERT sentiment)
2016-02-23,0.8498413495719432,AAPL,synthetic (offline fallback),local untrained BERT stand-in + keyword blend (offline fallback -- NOT real FinBERT sentiment)
2016-02-24,-0.850154758989811,AAPL,synthetic (offline fallback),local untrained BERT stand-in + keyword blend (offline fallback -- NOT real FinBERT sentiment)
2016-02-25,-0.28348841120799384,AAPL,synthetic (offline fallback),local untrained BERT stand-in + keyword blend (offline fallback -- NOT real FinBERT sentiment)
2016-02-26,0.28317815711100897,AAPL,synthetic (offline fallback),local untrained BERT stand-in + keyword blend (offline fallback -- NOT real FinBERT sentiment)
2016-02-29,0.28317783822615944,AAPL,synthetic (offline fallback),local untrained BERT stand-in + keyword blend (offline fallback -- NOT real FinBERT sentiment)
2016-03-01,-0.00015523731708527722,AAPL,synthetic (offline fallback),local untrained BERT stand-in + keyword blend (offline fallback -- NOT real FinBERT sentiment)
2016-03-02,-0.00015307366847991944,AAPL,synthetic (offline fallback),local untrained BERT stand-in + keyword blend (offline fallback -- NOT real FinBERT sentiment)
2016-03-03,-0.00016223341226577758,AAPL,synthetic (offline fallback),local untrained BERT stand-in + keyword blend (offline fallback -- NOT real FinBERT sentiment)
2016-03-04,-0.0001602351665496826,AAPL,synthetic (offline fallback),local untrained BERT stand-in + keyword blend (offline fallback -- NOT real FinBERT sentiment)
2016-03-07,0.2831736420591672,AAPL,synthetic (offline fallback),local untrained BERT stand-in + keyword blend (offline fallback -- NOT real FinBERT sentiment)
2016-03-08,0.8498401805758475,AAPL,synthetic (offline fallback),local untrained BERT stand-in + keyword blend (offline fallback -- NOT real FinBERT sentiment)
2016-03-09,-0.00015547201037408032,AAPL,synthetic (offline fallback),local untrained BERT stand-in + keyword blend (offline fallback -- NOT real FinBERT sentiment)
2016-03-10,0.2831790288289388,AAPL,synthetic (offline fallback),local untrained BERT stand-in + keyword blend (offline fallback -- NOT real FinBERT sentiment)
2016-03-11,0.2831728493173917,AAPL,synthetic (offline fallback),local untrained BERT stand-in + keyword blend (offline fallback -- NOT real FinBERT sentiment)
2016-03-14,-0.00015753060579299925,AAPL,synthetic (offline fallback),local untrained BERT stand-in + keyword blend (offline fallback -- NOT real FinBERT sentiment)
2016-03-15,-0.42515391632914545,AAPL,synthetic (offline fallback),local untrained BERT stand-in + keyword blend (offline fallback -- NOT real FinBERT sentiment)
2016-03-16,-0.8501558005809784,AAPL,synthetic (offline fallback),local untrained BERT stand-in + keyword blend (offline fallback -- NOT real FinBERT sentiment)
2016-03-17,-0.00016223341226577758,AAPL,synthetic (offline fallback),local untrained BERT stand-in + keyword blend (offline fallback -- NOT real FinBERT sentiment)
2016-03-18,-0.8501558005809784,AAPL,synthetic (offline fallback),local untrained BERT stand-in + keyword blend (offline fallback -- NOT real FinBERT sentiment)
2016-03-21,-0.0001563817262649203,AAPL,synthetic (offline fallback),local untrained BERT stand-in + keyword blend (offline fallback -- NOT real FinBERT sentiment)
2016-03-22,-0.00015547201037408032,AAPL,synthetic (offline fallback),local untrained BERT stand-in + keyword blend (offline fallback -- NOT real FinBERT sentiment)
2016-03-23,-0.850154758989811,AAPL,synthetic (offline fallback),local untrained BERT stand-in + keyword blend (offline fallback -- NOT real FinBERT sentiment)
2016-03-24,-0.00015988200902938843,AAPL,synthetic (offline fallback),local untrained BERT stand-in + keyword blend (offline fallback -- NOT real FinBERT sentiment)
2016-03-25,0.566509714225928,AAPL,synthetic (offline fallback),local untrained BERT stand-in + keyword blend (offline fallback -- NOT real FinBERT sentiment)
2016-03-28,-0.5668243909875552,AAPL,synthetic (offline fallback),local untrained BERT stand-in + keyword blend (offline fallback -- NOT real FinBERT sentiment)
2016-03-29,0.8498443737626076,AAPL,synthetic (offline fallback),local untrained BERT stand-in + keyword blend (offline fallback -- NOT real FinBERT sentiment)
2016-03-30,0.4248456500470638,AAPL,synthetic (offline fallback),local untrained BERT stand-in + keyword blend (offline fallback -- NOT real FinBERT sentiment)
2016-03-31,0.4248410701751709,AAPL,synthetic (offline fallback),local untrained BERT stand-in + keyword blend (offline fallback -- NOT real FinBERT sentiment)
2016-04-01,-0.00015590563416478798,AAPL,synthetic (offline fallback),local untrained BERT stand-in + keyword blend (offline fallback -- NOT real FinBERT sentiment)
2016-04-04,-0.8501530960202217,AAPL,synthetic (offline fallback),local untrained BERT stand-in + keyword blend (offline fallback -- NOT real FinBERT sentiment)
2016-04-05,0.4248456500470638,AAPL,synthetic (offline fallback),local untrained BERT stand-in + keyword blend (offline fallback -- NOT real FinBERT sentiment)
2016-04-06,-0.00015753060579299925,AAPL,synthetic (offline fallback),local untrained BERT stand-in + keyword blend (offline fallback -- NOT real FinBERT sentiment)
2016-04-07,0.42484154626727105,AAPL,synthetic (offline fallback),local untrained BERT stand-in + keyword blend (offline fallback -- NOT real FinBERT sentiment)
2016-04-08,-0.42515443712472917,AAPL,synthetic (offline fallback),local untrained BERT stand-in + keyword blend (offline fallback -- NOT real FinBERT sentiment)
2016-04-11,0.5665085459748903,AAPL,synthetic (offline fallback),local untrained BERT stand-in + keyword blend (offline fallback -- NOT real FinBERT sentiment)
2016-04-12,-0.00015416890382768944,AAPL,synthetic (offline fallback),local untrained BERT stand-in + keyword blend (offline fallback -- NOT real FinBERT sentiment)
2016-04-13,-0.28349169840415317,AAPL,synthetic (offline fallback),local untrained BERT stand-in + keyword blend (offline fallback -- NOT real FinBERT sentiment)
2016-04-14,0.42484231069684025,AAPL,synthetic (offline fallback),local untrained BERT stand-in + keyword blend (offline fallback -- NOT real FinBERT sentiment)
2016-04-15,0.8498378425836562,AAPL,synthetic (offline fallback),local untrained BERT stand-in + keyword blend (offline fallback -- NOT real FinBERT sentiment)
2016-04-18,-0.8501530960202217,AAPL,synthetic (offline fallback),local untrained BERT stand-in + keyword blend (offline fallback -- NOT real FinBERT sentiment)
2016-04-19,-0.0001563817262649203,AAPL,synthetic (offline fallback),local untrained BERT stand-in + keyword blend (offline fallback -- NOT real FinBERT sentiment)
2016-04-20,0.8498443737626076,AAPL,synthetic (offline fallback),local untrained BERT stand-in + keyword blend (offline fallback -- NOT real FinBERT sentiment)
2016-04-21,0.8498453259468078,AAPL,synthetic (offline fallback),local untrained BERT stand-in + keyword blend (offline fallback -- NOT real FinBERT sentiment)
2016-04-22,-0.8501530960202217,AAPL,synthetic (offline fallback),local untrained BERT stand-in + keyword blend (offline fallback -- NOT real FinBERT sentiment)
2016-04-25,-0.00015614032745359108,AAPL,synthetic (offline fallback),local untrained BERT stand-in + keyword blend (offline fallback -- NOT real FinBERT sentiment)
2016-04-26,-0.8501571372151374,AAPL,synthetic (offline fallback),local untrained BERT stand-in + keyword blend (offline fallback -- NOT real FinBERT sentiment)
2016-04-27,0.5665068219105402,AAPL,synthetic (offline fallback),local untrained BERT stand-in + keyword blend (offline fallback -- NOT real FinBERT sentiment)
2016-04-28,-0.00015571340918540955,AAPL,synthetic (offline fallback),local untrained BERT stand-in + keyword blend (offline fallback -- NOT real FinBERT sentiment)
2016-04-29,-0.00015737861394882202,AAPL,synthetic (offline fallback),local untrained BERT stand-in + keyword blend (offline fallback -- NOT real FinBERT sentiment)
2016-05-02,-0.5668240437904993,AAPL,synthetic (offline fallback),local untrained BERT stand-in + keyword blend (offline fallback -- NOT real FinBERT sentiment)
2016-05-03,-0.00015753060579299925,AAPL,synthetic (offline fallback),local untrained BERT stand-in + keyword blend (offline fallback -- NOT real FinBERT sentiment)
2016-05-04,-0.425156144797802,AAPL,synthetic (offline fallback),local untrained BERT stand-in + keyword blend (offline fallback -- NOT real FinBERT sentiment)
2016-05-05,-0.0001602351665496826,AAPL,synthetic (offline fallback),local untrained BERT stand-in + keyword blend (offline fallback -- NOT real FinBERT sentiment)
2016-05-06,0.8498448565602302,AAPL,synthetic (offline fallback),local untrained BERT stand-in + keyword blend (offline fallback -- NOT real FinBERT sentiment)
2016-05-09,-0.00015530213713645935,AAPL,synthetic (offline fallback),local untrained BERT stand-in + keyword blend (offline fallback -- NOT real FinBERT sentiment)
2016-05-10,-0.00015307366847991944,AAPL,synthetic (offline fallback),local untrained BERT stand-in + keyword blend (offline fallback -- NOT real FinBERT sentiment)
2016-05-11,0.283175187309583,AAPL,synthetic (offline fallback),local untrained BERT stand-in + keyword blend (offline fallback -- NOT real FinBERT sentiment)
2016-05-12,0.566509665052096,AAPL,synthetic (offline fallback),local untrained BERT stand-in + keyword blend (offline fallback -- NOT real FinBERT sentiment)
2016-05-13,-0.00015530213713645935,AAPL,synthetic (offline fallback),local untrained BERT stand-in + keyword blend (offline fallback -- NOT real FinBERT sentiment)
2016-05-16,0.2831783180435498,AAPL,synthetic (offline fallback),local untrained BERT stand-in + keyword blend (offline fallback -- NOT real FinBERT sentiment)
2016-05-17,-0.00015471652150156334,AAPL,synthetic (offline fallback),local untrained BERT stand-in + keyword blend (offline fallback -- NOT real FinBERT sentiment)
2016-05-18,0.4248401559889316,AAPL,synthetic (offline fallback),local untrained BERT stand-in + keyword blend (offline fallback -- NOT real FinBERT sentiment)
2016-05-19,-0.00015753060579299925,AAPL,synthetic (offline fallback),local untrained BERT stand-in + keyword blend (offline fallback -- NOT real FinBERT sentiment)
2016-05-20,0.5665118912855784,AAPL,synthetic (offline fallback),local untrained BERT stand-in + keyword blend (offline fallback -- NOT real FinBERT sentiment)
2016-05-23,0.8498448565602302,AAPL,synthetic (offline fallback),local untrained BERT stand-in + keyword blend (offline fallback -- NOT real FinBERT sentiment)
2016-05-24,-0.0001602351665496826,AAPL,synthetic (offline fallback),local untrained BERT stand-in + keyword blend (offline fallback -- NOT real FinBERT sentiment)
2016-05-25,-0.00015455931425094606,AAPL,synthetic (offline fallback),local untrained BERT stand-in + keyword blend (offline fallback -- NOT real FinBERT sentiment)
2016-05-26,0.8498453259468078,AAPL,synthetic (offline fallback),local untrained BERT stand-in + keyword blend (offline fallback -- NOT real FinBERT sentiment)
2016-05-27,-0.8501571372151374,AAPL,synthetic (offline fallback),local untrained BERT stand-in + keyword blend (offline fallback -- NOT real FinBERT sentiment)
2016-05-30,-0.0001590505242348013,AAPL,synthetic (offline fallback),local untrained BERT stand-in + keyword blend (offline fallback -- NOT real FinBERT sentiment)
2016-05-31,-0.8501571372151374,AAPL,synthetic (offline fallback),local untrained BERT stand-in + keyword blend (offline fallback -- NOT real FinBERT sentiment)
2016-06-01,-0.850154758989811,AAPL,synthetic (offline fallback),local untrained BERT stand-in + keyword blend (offline fallback -- NOT real FinBERT sentiment)
2016-06-02,0.5665091554323832,AAPL,synthetic (offline fallback),local untrained BERT stand-in + keyword blend (offline fallback -- NOT real FinBERT sentiment)
2016-06-03,0.8498443737626076,AAPL,synthetic (offline fallback),local untrained BERT stand-in + keyword blend (offline fallback -- NOT real FinBERT sentiment)
2016-06-06,-0.00015753060579299925,AAPL,synthetic (offline fallback),local untrained BERT stand-in + keyword blend (offline fallback -- NOT real FinBERT sentiment)
2016-06-07,0.8498443737626076,AAPL,synthetic (offline fallback),local untrained BERT stand-in + keyword blend (offline fallback -- NOT real FinBERT sentiment)
2016-06-08,-0.00015510022640230492,AAPL,synthetic (offline fallback),local untrained BERT stand-in + keyword blend (offline fallback -- NOT real FinBERT sentiment)
2016-06-09,0.8498448520898819,AAPL,synthetic (offline fallback),local untrained BERT stand-in + keyword blend (offline fallback -- NOT real FinBERT sentiment)
2016-06-10,-0.8501559481024742,AAPL,synthetic (offline fallback),local untrained BERT stand-in + keyword blend (offline fallback -- NOT real FinBERT sentiment)
2016-06-13,0.8498448565602302,AAPL,synthetic (offline fallback),local untrained BERT stand-in + keyword blend (offline fallback -- NOT real FinBERT sentiment)
2016-06-14,-0.8501564688980578,AAPL,synthetic (offline fallback),local untrained BERT stand-in + keyword blend (offline fallback -- NOT real FinBERT sentiment)
2016-06-15,0.8498443737626076,AAPL,synthetic (offline fallback),local untrained BERT stand-in + keyword blend (offline fallback -- NOT real FinBERT sentiment)
2016-06-16,-0.4251530848443508,AAPL,synthetic (offline fallback),local untrained BERT stand-in + keyword blend (offline fallback -- NOT real FinBERT sentiment)
2016-06-17,-0.0001563817262649203,AAPL,synthetic (offline fallback),local untrained BERT stand-in + keyword blend (offline fallback -- NOT real FinBERT sentiment)
2016-06-20,-0.850154758989811,AAPL,synthetic (offline fallback),local untrained BERT stand-in + keyword blend (offline fallback -- NOT real FinBERT sentiment)
2016-06-21,0.8498448565602302,AAPL,synthetic (offline fallback),local untrained BERT stand-in + keyword blend (offline fallback -- NOT real FinBERT sentiment)
2016-06-22,0.8498378425836562,AAPL,synthetic (offline fallback),local untrained BERT stand-in + keyword blend (offline fallback -- NOT real FinBERT sentiment)
2016-06-23,0.42484254539012906,AAPL,synthetic (offline fallback),local untrained BERT stand-in + keyword blend (offline fallback -- NOT real FinBERT sentiment)
2016-06-24,-0.850154758989811,AAPL,synthetic (offline fallback),local untrained BERT stand-in + keyword blend (offline fallback -- NOT real FinBERT sentiment)
2016-06-27,-0.00015519261360169567,AAPL,synthetic (offline fallback),local untrained BERT stand-in + keyword blend (offline fallback -- NOT real FinBERT sentiment)
2016-06-28,0.849841584265232,AAPL,synthetic (offline fallback),local untrained BERT stand-in + keyword blend (offline fallback -- NOT real FinBERT sentiment)
2016-06-29,-0.00015547201037408032,AAPL,synthetic (offline fallback),local untrained BERT stand-in + keyword blend (offline fallback -- NOT real FinBERT sentiment)
2016-06-30,-0.00015483349561692025,AAPL,synthetic (offline fallback),local untrained BERT stand-in + keyword blend (offline fallback -- NOT real FinBERT sentiment)
2016-07-01,-0.00015614032745359108,AAPL,synthetic (offline fallback),local untrained BERT stand-in + keyword blend (offline fallback -- NOT real FinBERT sentiment)
2016-07-04,-0.00015614032745359108,AAPL,synthetic (offline fallback),local untrained BERT stand-in + keyword blend (offline fallback -- NOT real FinBERT sentiment)
2016-07-05,0.28317855050166446,AAPL,synthetic (offline fallback),local untrained BERT stand-in + keyword blend (offline fallback -- NOT real FinBERT sentiment)
2016-07-06,0.8498443737626076,AAPL,synthetic (offline fallback),local untrained BERT stand-in + keyword blend (offline fallback -- NOT real FinBERT sentiment)
2016-07-07,0.8498453259468078,AAPL,synthetic (offline fallback),local untrained BERT stand-in + keyword blend (offline fallback -- NOT real FinBERT sentiment)
2016-07-08,0.8498378425836562,AAPL,synthetic (offline fallback),local untrained BERT stand-in + keyword blend (offline fallback -- NOT real FinBERT sentiment)
2016-07-11,0.283177520831426,AAPL,synthetic (offline fallback),local untrained BERT stand-in + keyword blend (offline fallback -- NOT real FinBERT sentiment)
2016-07-12,0.2831779663761457,AAPL,synthetic (offline fallback),local untrained BERT stand-in + keyword blend (offline fallback -- NOT real FinBERT sentiment)
2016-07-13,-0.8501530960202217,AAPL,synthetic (offline fallback),local untrained BERT stand-in + keyword blend (offline fallback -- NOT real FinBERT sentiment)
2016-07-14,-0.00015964731574058533,AAPL,synthetic (offline fallback),local untrained BERT stand-in + keyword blend (offline fallback -- NOT real FinBERT sentiment)
2016-07-15,0.8498448498547078,AAPL,synthetic (offline fallback),local untrained BERT stand-in + keyword blend (offline fallback -- NOT real FinBERT sentiment)
2016-07-18,0.42484254539012906,AAPL,synthetic (offline fallback),local untrained BERT stand-in + keyword blend (offline fallback -- NOT real FinBERT sentiment)
2016-07-19,0.42484612613916395,AAPL,synthetic (offline fallback),local untrained BERT stand-in + keyword blend (offline fallback -- NOT real FinBERT sentiment)
2016-07-20,0.28317578931649523,AAPL,synthetic (offline fallback),local untrained BERT stand-in + keyword blend (offline fallback -- NOT real FinBERT sentiment)
2016-07-21,-0.00015753060579299925,AAPL,synthetic (offline fallback),local untrained BERT stand-in + keyword blend (offline fallback -- NOT real FinBERT sentiment)
2016-07-22,-0.8501551166176795,AAPL,synthetic (offline fallback),local untrained BERT stand-in + keyword blend (offline fallback -- NOT real FinBERT sentiment)
2016-07-25,-0.0001602351665496826,AAPL,synthetic (offline fallback),local untrained BERT stand-in + keyword blend (offline fallback -- NOT real FinBERT sentiment)
2016-07-26,0.849841584265232,AAPL,synthetic (offline fallback),local untrained BERT stand-in + keyword blend (offline fallback -- NOT real FinBERT sentiment)
2016-07-27,-0.850154758989811,AAPL,synthetic (offline fallback),local untrained BERT stand-in + keyword blend (offline fallback -- NOT real FinBERT sentiment)
2016-07-28,-0.00015307366847991944,AAPL,synthetic (offline fallback),local untrained BERT stand-in + keyword blend (offline fallback -- NOT real FinBERT sentiment)
2016-07-29,-0.8501571372151374,AAPL,synthetic (offline fallback),local untrained BERT stand-in + keyword blend (offline fallback -- NOT real FinBERT sentiment)
2016-08-01,-0.8501571372151374,AAPL,synthetic (offline fallback),local untrained BERT stand-in + keyword blend (offline fallback -- NOT real FinBERT sentiment)
2016-08-02,0.8498411081731319,AAPL,synthetic (offline fallback),local untrained BERT stand-in + keyword blend (offline fallback -- NOT real FinBERT sentiment)
2016-08-03,-0.00015307366847991944,AAPL,synthetic (offline fallback),local untrained BERT stand-in + keyword blend (offline fallback -- NOT real FinBERT sentiment)
2016-08-04,0.42484612613916395,AAPL,synthetic (offline fallback),local untrained BERT stand-in + keyword blend (offline fallback -- NOT real FinBERT sentiment)
2016-08-05,-0.8501530960202217,AAPL,synthetic (offline fallback),local untrained BERT stand-in + keyword blend (offline fallback -- NOT real FinBERT sentiment)
2016-08-08,-0.5668226967255275,AAPL,synthetic (offline fallback),local untrained BERT stand-in + keyword blend (offline fallback -- NOT real FinBERT sentiment)
2016-08-09,0.5665076444546381,AAPL,synthetic (offline fallback),local untrained BERT stand-in + keyword blend (offline fallback -- NOT real FinBERT sentiment)
2016-08-10,0.8498448565602302,AAPL,synthetic (offline fallback),local untrained BERT stand-in + keyword blend (offline fallback -- NOT real FinBERT sentiment)
2016-08-11,-0.5668233628074328,AAPL,synthetic (offline fallback),local untrained BERT stand-in + keyword blend (offline fallback -- NOT real FinBERT sentiment)
2016-08-12,0.28317613651355106,AAPL,synthetic (offline fallback),local untrained BERT stand-in + keyword blend (offline fallback -- NOT real FinBERT sentiment)
2016-08-15,-0.42515868619084357,AAPL,synthetic (offline fallback),local untrained BERT stand-in + keyword blend (offline fallback -- NOT real FinBERT sentiment)
2016-08-16,-0.8501551061868667,AAPL,synthetic (offline fallback),local untrained BERT stand-in + keyword blend (offline fallback -- NOT real FinBERT sentiment)
2016-08-17,-0.2834916343291601,AAPL,synthetic (offline fallback),local untrained BERT stand-in + keyword blend (offline fallback -- NOT real FinBERT sentiment)
2016-08-18,-0.00015307366847991944,AAPL,synthetic (offline fallback),local untrained BERT stand-in + keyword blend (offline fallback -- NOT real FinBERT sentiment)
2016-08-19,-0.2834909533460935,AAPL,synthetic (offline fallback),local untrained BERT stand-in + keyword blend (offline fallback -- NOT real FinBERT sentiment)
2016-08-22,-0.4251566655933857,AAPL,synthetic (offline fallback),local untrained BERT stand-in + keyword blend (offline fallback -- NOT real FinBERT sentiment)
2016-08-23,-0.8501559481024742,AAPL,synthetic (offline fallback),local untrained BERT stand-in + keyword blend (offline fallback -- NOT real FinBERT sentiment)
2016-08-24,-0.8501571372151374,AAPL,synthetic (offline fallback),local untrained BERT stand-in + keyword blend (offline fallback -- NOT real FinBERT sentiment)
2016-08-25,-0.28349240918954216,AAPL,synthetic (offline fallback),local untrained BERT stand-in + keyword blend (offline fallback -- NOT real FinBERT sentiment)
2016-08-26,0.28317736436923346,AAPL,synthetic (offline fallback),local untrained BERT stand-in + keyword blend (offline fallback -- NOT real FinBERT sentiment)
2016-08-29,-0.8501530960202217,AAPL,synthetic (offline fallback),local untrained BERT stand-in + keyword blend (offline fallback -- NOT real FinBERT sentiment)
2016-08-30,-0.00015615820884705328,AAPL,synthetic (offline fallback),local untrained BERT stand-in + keyword blend (offline fallback -- NOT real FinBERT sentiment)
2016-08-31,-0.850154758989811,AAPL,synthetic (offline fallback),local untrained BERT stand-in + keyword blend (offline fallback -- NOT real FinBERT sentiment)
2016-09-01,-0.42515749707818035,AAPL,synthetic (offline fallback),local untrained BERT stand-in + keyword blend (offline fallback -- NOT real FinBERT sentiment)
2016-09-02,-0.42515391632914545,AAPL,synthetic (offline fallback),local untrained BERT stand-in + keyword blend (offline fallback -- NOT real FinBERT sentiment)
2016-09-05,-0.00015665441751480102,AAPL,synthetic (offline fallback),local untrained BERT stand-in + keyword blend (offline fallback -- NOT real FinBERT sentiment)
2016-09-06,-0.2834902872641881,AAPL,synthetic (offline fallback),local untrained BERT stand-in + keyword blend (offline fallback -- NOT real FinBERT sentiment)
2016-09-07,-0.8501558005809784,AAPL,synthetic (offline fallback),local untrained BERT stand-in + keyword blend (offline fallback -- NOT real FinBERT sentiment)
2016-09-08,-0.0001612342894077301,AAPL,synthetic (offline fallback),local untrained BERT stand-in + keyword blend (offline fallback -- NOT real FinBERT sentiment)
2016-09-09,0.8498443737626076,AAPL,synthetic (offline fallback),local untrained BERT stand-in + keyword blend (offline fallback -- NOT real FinBERT sentiment)
2016-09-12,0.5665069783727328,AAPL,synthetic (offline fallback),local untrained BERT stand-in + keyword blend (offline fallback -- NOT real FinBERT sentiment)
2016-09-13,-0.00016223341226577758,AAPL,synthetic (offline fallback),local untrained BERT stand-in + keyword blend (offline fallback -- NOT real FinBERT sentiment)
2016-09-14,-0.0001602351665496826,AAPL,synthetic (offline fallback),local untrained BERT stand-in + keyword blend (offline fallback -- NOT real FinBERT sentiment)
2016-09-15,-0.850154758989811,AAPL,synthetic (offline fallback),local untrained BERT stand-in + keyword blend (offline fallback -- NOT real FinBERT sentiment)
2016-09-16,-0.4251576647162437,AAPL,synthetic (offline fallback),local untrained BERT stand-in + keyword blend (offline fallback -- NOT real FinBERT sentiment)
2016-09-19,-0.00015644729137420654,AAPL,synthetic (offline fallback),local untrained BERT stand-in + keyword blend (offline fallback -- NOT real FinBERT sentiment)
2016-09-20,0.8498411081731319,AAPL,synthetic (offline fallback),local untrained BERT stand-in + keyword blend (offline fallback -- NOT real FinBERT sentiment)
2016-09-21,0.8498448565602302,AAPL,synthetic (offline fallback),local untrained BERT stand-in + keyword blend (offline fallback -- NOT real FinBERT sentiment)
2016-09-22,-0.8501558005809784,AAPL,synthetic (offline fallback),local untrained BERT stand-in + keyword blend (offline fallback -- NOT real FinBERT sentiment)
2016-09-23,0.8498378425836562,AAPL,synthetic (offline fallback),local untrained BERT stand-in + keyword blend (offline fallback -- NOT real FinBERT sentiment)
2016-09-26,-0.4251566655933857,AAPL,synthetic (offline fallback),local untrained BERT stand-in + keyword blend (offline fallback -- NOT real FinBERT sentiment)
2016-09-27,0.8498378425836562,AAPL,synthetic (offline fallback),local untrained BERT stand-in + keyword blend (offline fallback -- NOT real FinBERT sentiment)
2016-09-28,-0.8501557901501654,AAPL,synthetic (offline fallback),local untrained BERT stand-in + keyword blend (offline fallback -- NOT real FinBERT sentiment)
2016-09-29,0.28317764898141223,AAPL,synthetic (offline fallback),local untrained BERT stand-in + keyword blend (offline fallback -- NOT real FinBERT sentiment)
2016-09-30,0.8498448565602302,AAPL,synthetic (offline fallback),local untrained BERT stand-in + keyword blend (offline fallback -- NOT real FinBERT sentiment)
2016-10-03,-0.8501558005809784,AAPL,synthetic (offline fallback),local untrained BERT stand-in + keyword blend (offline fallback -- NOT real FinBERT sentiment)
2016-10-04,-0.28349035133918127,AAPL,synthetic (offline fallback),local untrained BERT stand-in + keyword blend (offline fallback -- NOT real FinBERT sentiment)
2016-10-05,-0.8501571372151374,AAPL,synthetic (offline fallback),local untrained BERT stand-in + keyword blend (offline fallback -- NOT real FinBERT sentiment)
2016-10-06,0.8498453259468078,AAPL,synthetic (offline fallback),local untrained BERT stand-in + keyword blend (offline fallback -- NOT real FinBERT sentiment)
2016-10-07,-0.00015753060579299925,AAPL,synthetic (offline fallback),local untrained BERT stand-in + keyword blend (offline fallback -- NOT real FinBERT sentiment)
2016-10-10,0.8498453259468078,AAPL,synthetic (offline fallback),local untrained BERT stand-in + keyword blend (offline fallback -- NOT real FinBERT sentiment)
2016-10-11,-0.0001602351665496826,AAPL,synthetic (offline fallback),local untrained BERT stand-in + keyword blend (offline fallback -- NOT real FinBERT sentiment)
2016-10-12,-0.8501559481024742,AAPL,synthetic (offline fallback),local untrained BERT stand-in + keyword blend (offline fallback -- NOT real FinBERT sentiment)
2016-10-13,-0.8501530960202217,AAPL,synthetic (offline fallback),local untrained BERT stand-in + keyword blend (offline fallback -- NOT real FinBERT sentiment)
2016-10-14,-0.00015753060579299925,AAPL,synthetic (offline fallback),local untrained BERT stand-in + keyword blend (offline fallback -- NOT real FinBERT sentiment)
2016-10-17,-0.00015307366847991944,AAPL,synthetic (offline fallback),local untrained BERT stand-in + keyword blend (offline fallback -- NOT real FinBERT sentiment)
2016-10-18,-0.850154758989811,AAPL,synthetic (offline fallback),local untrained BERT stand-in + keyword blend (offline fallback -- NOT real FinBERT sentiment)
2016-10-19,-0.00015753060579299925,AAPL,synthetic (offline fallback),local untrained BERT stand-in + keyword blend (offline fallback -- NOT real FinBERT sentiment)
2016-10-20,-0.2834886198242505,AAPL,synthetic (offline fallback),local untrained BERT stand-in + keyword blend (offline fallback -- NOT real FinBERT sentiment)
2016-10-21,-0.00015753060579299925,AAPL,synthetic (offline fallback),local untrained BERT stand-in + keyword blend (offline fallback -- NOT real FinBERT sentiment)
2016-10-24,-0.8501552797853946,AAPL,synthetic (offline fallback),local untrained BERT stand-in + keyword blend (offline fallback -- NOT real FinBERT sentiment)
2016-10-25,-0.00015614032745359108,AAPL,synthetic (offline fallback),local untrained BERT stand-in + keyword blend (offline fallback -- NOT real FinBERT sentiment)
2016-10-26,-0.0001560017466545327,AAPL,synthetic (offline fallback),local untrained BERT stand-in + keyword blend (offline fallback -- NOT real FinBERT sentiment)
2016-10-27,-0.4251576647162437,AAPL,synthetic (offline fallback),local untrained BERT stand-in + keyword blend (offline fallback -- NOT real FinBERT sentiment)
2016-10-28,-0.8501571372151374,AAPL,synthetic (offline fallback),local untrained BERT stand-in + keyword blend (offline fallback -- NOT real FinBERT sentiment)
2016-10-31,0.8498453259468078,AAPL,synthetic (offline fallback),local untrained BERT stand-in + keyword blend (offline fallback -- NOT real FinBERT sentiment)
2016-11-01,-0.850154758989811,AAPL,synthetic (offline fallback),local untrained BERT stand-in + keyword blend (offline fallback -- NOT real FinBERT sentiment)
2016-11-02,0.8498448520898819,AAPL,synthetic (offline fallback),local untrained BERT stand-in + keyword blend (offline fallback -- NOT real FinBERT sentiment)
2016-11-03,-0.00015510022640230492,AAPL,synthetic (offline fallback),local untrained BERT stand-in + keyword blend (offline fallback -- NOT real FinBERT sentiment)
2016-11-04,-0.00015753060579299925,AAPL,synthetic (offline fallback),local untrained BERT stand-in + keyword blend (offline fallback -- NOT real FinBERT sentiment)
2016-11-07,-0.00015307366847991944,AAPL,synthetic (offline fallback),local untrained BERT stand-in + keyword blend (offline fallback -- NOT real FinBERT sentiment)
2016-11-08,-0.8501571372151374,AAPL,synthetic (offline fallback),local untrained BERT stand-in + keyword blend (offline fallback -- NOT real FinBERT sentiment)
2016-11-09,-0.850154758989811,AAPL,synthetic (offline fallback),local untrained BERT stand-in + keyword blend (offline fallback -- NOT real FinBERT sentiment)
2016-11-10,0.2831757461031278,AAPL,synthetic (offline fallback),local untrained BERT stand-in + keyword blend (offline fallback -- NOT real FinBERT sentiment)
2016-11-11,0.8498453259468078,AAPL,synthetic (offline fallback),local untrained BERT stand-in + keyword blend (offline fallback -- NOT real FinBERT sentiment)
2016-11-14,-0.0001612342894077301,AAPL,synthetic (offline fallback),local untrained BERT stand-in + keyword blend (offline fallback -- NOT real FinBERT sentiment)
2016-11-15,0.5665123696128528,AAPL,synthetic (offline fallback),local untrained BERT stand-in + keyword blend (offline fallback -- NOT real FinBERT sentiment)
2016-11-16,-0.2834893559416135,AAPL,synthetic (offline fallback),local untrained BERT stand-in + keyword blend (offline fallback -- NOT real FinBERT sentiment)
2016-11-17,0.8498448565602302,AAPL,synthetic (offline fallback),local untrained BERT stand-in + keyword blend (offline fallback -- NOT real FinBERT sentiment)
2016-11-18,-0.2834923004110654,AAPL,synthetic (offline fallback),local untrained BERT stand-in + keyword blend (offline fallback -- NOT real FinBERT sentiment)
2016-11-21,-0.00015753060579299925,AAPL,synthetic (offline fallback),local untrained BERT stand-in + keyword blend (offline fallback -- NOT real FinBERT sentiment)
2016-11-22,0.4248410701751709,AAPL,synthetic (offline fallback),local untrained BERT stand-in + keyword blend (offline fallback -- NOT real FinBERT sentiment)
2016-11-23,-0.8501559481024742,AAPL,synthetic (offline fallback),local untrained BERT stand-in + keyword blend (offline fallback -- NOT real FinBERT sentiment)
2016-11-24,-0.8501564688980578,AAPL,synthetic (offline fallback),local untrained BERT stand-in + keyword blend (offline fallback -- NOT real FinBERT sentiment)
2016-11-25,-0.28348845442136134,AAPL,synthetic (offline fallback),local untrained BERT stand-in + keyword blend (offline fallback -- NOT real FinBERT sentiment)
2016-11-28,-0.00015687346458435796,AAPL,synthetic (offline fallback),local untrained BERT stand-in + keyword blend (offline fallback -- NOT real FinBERT sentiment)
2016-11-29,-0.00015753060579299925,AAPL,synthetic (offline fallback),local untrained BERT stand-in + keyword blend (offline fallback -- NOT real FinBERT sentiment)
2016-11-30,-0.8501558989286423,AAPL,synthetic (offline fallback),local untrained BERT stand-in + keyword blend (offline fallback -- NOT real FinBERT sentiment)
2016-12-01,-0.00015307366847991944,AAPL,synthetic (offline fallback),local untrained BERT stand-in + keyword blend (offline fallback -- NOT real FinBERT sentiment)
2016-12-02,-0.4251596853137016,AAPL,synthetic (offline fallback),local untrained BERT stand-in + keyword blend (offline fallback -- NOT real FinBERT sentiment)
2016-12-05,-0.00016223341226577758,AAPL,synthetic (offline fallback),local untrained BERT stand-in + keyword blend (offline fallback -- NOT real FinBERT sentiment)
2016-12-06,-0.28349073280890785,AAPL,synthetic (offline fallback),local untrained BERT stand-in + keyword blend (offline fallback -- NOT real FinBERT sentiment)
2016-12-07,-0.00015665441751480102,AAPL,synthetic (offline fallback),local untrained BERT stand-in + keyword blend (offline fallback -- NOT real FinBERT sentiment)
2016-12-08,-0.0001584582030773607,AAPL,synthetic (offline fallback),local untrained BERT stand-in + keyword blend (offline fallback -- NOT real FinBERT sentiment)
2016-12-09,0.8498378425836562,AAPL,synthetic (offline fallback),local untrained BERT stand-in + keyword blend (offline fallback -- NOT real FinBERT sentiment)
2016-12-12,0.28317799617846806,AAPL,synthetic (offline fallback),local untrained BERT stand-in + keyword blend (offline fallback -- NOT real FinBERT sentiment)
2016-12-13,-0.5668225879470508,AAPL,synthetic (offline fallback),local untrained BERT stand-in + keyword blend (offline fallback -- NOT real FinBERT sentiment)
2016-12-14,-0.5668212408820789,AAPL,synthetic (offline fallback),local untrained BERT stand-in + keyword blend (offline fallback -- NOT real FinBERT sentiment)
2016-12-15,-0.00015307366847991944,AAPL,synthetic (offline fallback),local untrained BERT stand-in + keyword blend (offline fallback -- NOT real FinBERT sentiment)
2016-12-16,-0.8501558005809784,AAPL,synthetic (offline fallback),local untrained BERT stand-in + keyword blend (offline fallback -- NOT real FinBERT sentiment)
2016-12-19,-0.8501559481024742,AAPL,synthetic (offline fallback),local untrained BERT stand-in + keyword blend (offline fallback -- NOT real FinBERT sentiment)
2016-12-20,0.8498453259468078,AAPL,synthetic (offline fallback),local untrained BERT stand-in + keyword blend (offline fallback -- NOT real FinBERT sentiment)
2016-12-21,-0.5668220038215319,AAPL,synthetic (offline fallback),local untrained BERT stand-in + keyword blend (offline fallback -- NOT real FinBERT sentiment)
2016-12-22,0.28317635556062065,AAPL,synthetic (offline fallback),local untrained BERT stand-in + keyword blend (offline fallback -- NOT real FinBERT sentiment)
2016-12-23,-0.566823489467303,AAPL,synthetic (offline fallback),local untrained BERT stand-in + keyword blend (offline fallback -- NOT real FinBERT sentiment)
2016-12-26,-0.8501571372151374,AAPL,synthetic (offline fallback),local untrained BERT stand-in + keyword blend (offline fallback -- NOT real FinBERT sentiment)
2016-12-27,-0.00015571340918540955,AAPL,synthetic (offline fallback),local untrained BERT stand-in + keyword blend (offline fallback -- NOT real FinBERT sentiment)
2016-12-28,-0.00015590563416478798,AAPL,synthetic (offline fallback),local untrained BERT stand-in + keyword blend (offline fallback -- NOT real FinBERT sentiment)
2016-12-29,-0.5668220038215319,AAPL,synthetic (offline fallback),local untrained BERT stand-in + keyword blend (offline fallback -- NOT real FinBERT sentiment)
2016-12-30,-0.00015581101179124404,AAPL,synthetic (offline fallback),local untrained BERT stand-in + keyword blend (offline fallback -- NOT real FinBERT sentiment)
2017-01-02,-0.00015655606985093642,AAPL,synthetic (offline fallback),local untrained BERT stand-in + keyword blend (offline fallback -- NOT real FinBERT sentiment)
2017-01-03,-0.00016223341226577758,AAPL,synthetic (offline fallback),local untrained BERT stand-in + keyword blend (offline fallback -- NOT real FinBERT sentiment)
2017-01-04,0.42484342157840727,AAPL,synthetic (offline fallback),local untrained BERT stand-in + keyword blend (offline fallback -- NOT real FinBERT sentiment)
2017-01-05,-0.00015411972999573864,AAPL,synthetic (offline fallback),local untrained BERT stand-in + keyword blend (offline fallback -- NOT real FinBERT sentiment)
2017-01-06,-0.850154758989811,AAPL,synthetic (offline fallback),local untrained BERT stand-in + keyword blend (offline fallback -- NOT real FinBERT sentiment)
2017-01-09,-0.8501530960202217,AAPL,synthetic (offline fallback),local untrained BERT stand-in + keyword blend (offline fallback -- NOT real FinBERT sentiment)
2017-01-10,-0.00015897899866107457,AAPL,synthetic (offline fallback),local untrained BERT stand-in + keyword blend (offline fallback -- NOT real FinBERT sentiment)
2017-01-11,0.5665123696128528,AAPL,synthetic (offline fallback),local untrained BERT stand-in + keyword blend (offline fallback -- NOT real FinBERT sentiment)
2017-01-12,0.8498443737626076,AAPL,synthetic (offline fallback),local untrained BERT stand-in + keyword blend (offline fallback -- NOT real FinBERT sentiment)
2017-01-13,-0.00015833228826519127,AAPL,synthetic (offline fallback),local untrained BERT stand-in + keyword blend (offline fallback -- NOT real FinBERT sentiment)
2017-01-16,0.4248456500470638,AAPL,synthetic (offline fallback),local untrained BERT stand-in + keyword blend (offline fallback -- NOT real FinBERT sentiment)
2017-01-17,-0.4251530848443508,AAPL,synthetic (offline fallback),local untrained BERT stand-in + keyword blend (offline fallback -- NOT real FinBERT sentiment)
2017-01-18,-0.2834920903046926,AAPL,synthetic (offline fallback),local untrained BERT stand-in + keyword blend (offline fallback -- NOT real FinBERT sentiment)
2017-01-19,0.8498453259468078,AAPL,synthetic (offline fallback),local untrained BERT stand-in + keyword blend (offline fallback -- NOT real FinBERT sentiment)
2017-01-20,-0.8501558005809784,AAPL,synthetic (offline fallback),local untrained BERT stand-in + keyword blend (offline fallback -- NOT real FinBERT sentiment)
2017-01-23,-0.5668228084842364,AAPL,synthetic (offline fallback),local untrained BERT stand-in + keyword blend (offline fallback -- NOT real FinBERT sentiment)
2017-01-24,-0.8501558005809784,AAPL,synthetic (offline fallback),local untrained BERT stand-in + keyword blend (offline fallback -- NOT real FinBERT sentiment)
2017-01-25,0.28317972620328263,AAPL,synthetic (offline fallback),local untrained BERT stand-in + keyword blend (offline fallback -- NOT real FinBERT sentiment)
2017-01-26,-0.5668240437904993,AAPL,synthetic (offline fallback),local untrained BERT stand-in + keyword blend (offline fallback -- NOT real FinBERT sentiment)
2017-01-27,0.2831788678963979,AAPL,synthetic (offline fallback),local untrained BERT stand-in + keyword blend (offline fallback -- NOT real FinBERT sentiment)
2017-01-30,-0.00015307366847991944,AAPL,synthetic (offline fallback),local untrained BERT stand-in + keyword blend (offline fallback -- NOT real FinBERT sentiment)
2017-01-31,-0.5668239171306292,AAPL,synthetic (offline fallback),local untrained BERT stand-in + keyword blend (offline fallback -- NOT real FinBERT sentiment)
2017-02-01,0.42484154626727105,AAPL,synthetic (offline fallback),local untrained BERT stand-in + keyword blend (offline fallback -- NOT real FinBERT sentiment)
2017-02-02,0.2831779231627782,AAPL,synthetic (offline fallback),local untrained BERT stand-in + keyword blend (offline fallback -- NOT real FinBERT sentiment)
2017-02-03,0.4248410701751709,AAPL,synthetic (offline fallback),local untrained BERT stand-in + keyword blend (offline fallback -- NOT real FinBERT sentiment)
2017-02-06,-0.8501544483006,AAPL,synthetic (offline fallback),local untrained BERT stand-in + keyword blend (offline fallback -- NOT real FinBERT sentiment)
2017-02-07,-0.4251566655933857,AAPL,synthetic (offline fallback),local untrained BERT stand-in + keyword blend (offline fallback -- NOT real FinBERT sentiment)
2017-02-08,-0.00015547201037408032,AAPL,synthetic (offline fallback),local untrained BERT stand-in + keyword blend (offline fallback -- NOT real FinBERT sentiment)
2017-02-09,-0.0001584582030773607,AAPL,synthetic (offline fallback),local untrained BERT stand-in + keyword blend (offline fallback -- NOT real FinBERT sentiment)
2017-02-10,0.4248410701751709,AAPL,synthetic (offline fallback),local untrained BERT stand-in + keyword blend (offline fallback -- NOT real FinBERT sentiment)
2017-02-13,-0.8501545518636703,AAPL,synthetic (offline fallback),local untrained BERT stand-in + keyword blend (offline fallback -- NOT real FinBERT sentiment)
2017-02-14,-0.850154758989811,AAPL,synthetic (offline fallback),local untrained BERT stand-in + keyword blend (offline fallback -- NOT real FinBERT sentiment)
2017-02-15,-0.00015471652150156334,AAPL,synthetic (offline fallback),local untrained BERT stand-in + keyword blend (offline fallback -- NOT real FinBERT sentiment)
2017-02-16,-0.8501571372151374,AAPL,synthetic (offline fallback),local untrained BERT stand-in + keyword blend (offline fallback -- NOT real FinBERT sentiment)
2017-02-17,-0.00016223341226577758,AAPL,synthetic (offline fallback),local untrained BERT stand-in + keyword blend (offline fallback -- NOT real FinBERT sentiment)
2017-02-20,-0.00015753060579299925,AAPL,synthetic (offline fallback),local untrained BERT stand-in + keyword blend (offline fallback -- NOT real FinBERT sentiment)
2017-02-21,-0.8501571372151374,AAPL,synthetic (offline fallback),local untrained BERT stand-in + keyword blend (offline fallback -- NOT real FinBERT sentiment)
2017-02-22,-0.00015307366847991944,AAPL,synthetic (offline fallback),local untrained BERT stand-in + keyword blend (offline fallback -- NOT real FinBERT sentiment)
2017-02-23,-0.00015612691640853882,AAPL,synthetic (offline fallback),local untrained BERT stand-in + keyword blend (offline fallback -- NOT real FinBERT sentiment)
2017-02-24,0.4248456500470638,AAPL,synthetic (offline fallback),local untrained BERT stand-in + keyword blend (offline fallback -- NOT real FinBERT sentiment)
2017-02-27,-0.8501558005809784,AAPL,synthetic (offline fallback),local untrained BERT stand-in + keyword blend (offline fallback -- NOT real FinBERT sentiment)
2017-02-28,-0.42515749707818035,AAPL,synthetic (offline fallback),local untrained BERT stand-in + keyword blend (offline fallback -- NOT real FinBERT sentiment)
2017-03-01,-0.00015631914138795425,AAPL,synthetic (offline fallback),local untrained BERT stand-in + keyword blend (offline fallback -- NOT real FinBERT sentiment)
2017-03-02,-0.00015411972999573864,AAPL,synthetic (offline fallback),local untrained BERT stand-in + keyword blend (offline fallback -- NOT real FinBERT sentiment)
2017-03-03,-0.0001537710428237989,AAPL,synthetic (offline fallback),local untrained BERT stand-in + keyword blend (offline fallback -- NOT real FinBERT sentiment)
2017-03-06,-0.0001597166061401515,AAPL,synthetic (offline fallback),local untrained BERT stand-in + keyword blend (offline fallback -- NOT real FinBERT sentiment)
2017-03-07,-0.8501548990607262,AAPL,synthetic (offline fallback),local untrained BERT stand-in + keyword blend (offline fallback -- NOT real FinBERT sentiment)
2017-03-08,-0.28348838140567145,AAPL,synthetic (offline fallback),local untrained BERT stand-in + keyword blend (offline fallback -- NOT real FinBERT sentiment)
2017-03-09,-0.2834886198242505,AAPL,synthetic (offline fallback),local untrained BERT stand-in + keyword blend (offline fallback -- NOT real FinBERT sentiment)
2017-03-10,-0.00016223341226577758,AAPL,synthetic (offline fallback),local untrained BERT stand-in + keyword blend (offline fallback -- NOT real FinBERT sentiment)
2017-03-13,-0.00015388503670693554,AAPL,synthetic (offline fallback),local untrained BERT stand-in + keyword blend (offline fallback -- NOT real FinBERT sentiment)
2017-03-14,0.28317361970742544,AAPL,synthetic (offline fallback),local untrained BERT stand-in + keyword blend (offline fallback -- NOT real FinBERT sentiment)
2017-03-15,-0.8501564688980578,AAPL,synthetic (offline fallback),local untrained BERT stand-in + keyword blend (offline fallback -- NOT real FinBERT sentiment)
2017-03-16,-0.42515749707818035,AAPL,synthetic (offline fallback),local untrained BERT stand-in + keyword blend (offline fallback -- NOT real FinBERT sentiment)
2017-03-17,0.42484342157840727,AAPL,synthetic (offline fallback),local untrained BERT stand-in + keyword blend (offline fallback -- NOT real FinBERT sentiment)
2017-03-20,-0.8501571372151374,AAPL,synthetic (offline fallback),local untrained BERT stand-in + keyword blend (offline fallback -- NOT real FinBERT sentiment)
2017-03-21,-0.00015307366847991944,AAPL,synthetic (offline fallback),local untrained BERT stand-in + keyword blend (offline fallback -- NOT real FinBERT sentiment)
2017-03-22,-0.42515801787376406,AAPL,synthetic (offline fallback),local untrained BERT stand-in + keyword blend (offline fallback -- NOT real FinBERT sentiment)
2017-03-23,-0.283490148683389,AAPL,synthetic (offline fallback),local untrained BERT stand-in + keyword blend (offline fallback -- NOT real FinBERT sentiment)
2017-03-24,0.8498378425836562,AAPL,synthetic (offline fallback),local untrained BERT stand-in + keyword blend (offline fallback -- NOT real FinBERT sentiment)
2017-03-27,0.8498443737626076,AAPL,synthetic (offline fallback),local untrained BERT stand-in + keyword blend (offline fallback -- NOT real FinBERT sentiment)
2017-03-28,-0.28348838140567145,AAPL,synthetic (offline fallback),local untrained BERT stand-in + keyword blend (offline fallback -- NOT real FinBERT sentiment)
2017-03-29,-0.5668230439225833,AAPL,synthetic (offline fallback),local untrained BERT stand-in + keyword blend (offline fallback -- NOT real FinBERT sentiment)
2017-03-30,0.5665110404292742,AAPL,synthetic (offline fallback),local untrained BERT stand-in + keyword blend (offline fallback -- NOT real FinBERT sentiment)
2017-03-31,0.8498453259468078,AAPL,synthetic (offline fallback),local untrained BERT stand-in + keyword blend (offline fallback -- NOT real FinBERT sentiment)
2017-04-03,-0.8501558005809784,AAPL,synthetic (offline fallback),local untrained BERT stand-in + keyword blend (offline fallback -- NOT real FinBERT sentiment)
2017-04-04,0.8498378425836562,AAPL,synthetic (offline fallback),local untrained BERT stand-in + keyword blend (offline fallback -- NOT real FinBERT sentiment)
2017-04-05,-0.00015523731708527722,AAPL,synthetic (offline fallback),local untrained BERT stand-in + keyword blend (offline fallback -- NOT real FinBERT sentiment)
2017-04-06,-0.4251553133130074,AAPL,synthetic (offline fallback),local untrained BERT stand-in + keyword blend (offline fallback -- NOT real FinBERT sentiment)
2017-04-07,-0.5668230439225833,AAPL,synthetic (offline fallback),local untrained BERT stand-in + keyword blend (offline fallback -- NOT real FinBERT sentiment)
2017-04-10,-0.8501571372151374,AAPL,synthetic (offline fallback),local untrained BERT stand-in + keyword blend (offline fallback -- NOT real FinBERT sentiment)
2017-04-11,0.42484131157398225,AAPL,synthetic (offline fallback),local untrained BERT stand-in + keyword blend (offline fallback -- NOT real FinBERT sentiment)
2017-04-12,-0.00015814900398257353,AAPL,synthetic (offline fallback),local untrained BERT stand-in + keyword blend (offline fallback -- NOT real FinBERT sentiment)
2017-04-13,-0.8501558005809784,AAPL,synthetic (offline fallback),local untrained BERT stand-in + keyword blend (offline fallback -- NOT real FinBERT sentiment)
2017-04-14,-0.00015519261360169567,AAPL,synthetic (offline fallback),local untrained BERT stand-in + keyword blend (offline fallback -- NOT real FinBERT sentiment)
2017-04-17,0.4248436629772186,AAPL,synthetic (offline fallback),local untrained BERT stand-in + keyword blend (offline fallback -- NOT real FinBERT sentiment)
2017-04-18,-0.850154758989811,AAPL,synthetic (offline fallback),local untrained BERT stand-in + keyword blend (offline fallback -- NOT real FinBERT sentiment)
2017-04-19,-0.00016223341226577758,AAPL,synthetic (offline fallback),local untrained BERT stand-in + keyword blend (offline fallback -- NOT real FinBERT sentiment)
2017-04-20,-0.2834909533460935,AAPL,synthetic (offline fallback),local untrained BERT stand-in + keyword blend (offline fallback -- NOT real FinBERT sentiment)
2017-04-21,-0.8501558005809784,AAPL,synthetic (offline fallback),local untrained BERT stand-in + keyword blend (offline fallback -- NOT real FinBERT sentiment)
2017-04-24,0.8498453259468078,AAPL,synthetic (offline fallback),local untrained BERT stand-in + keyword blend (offline fallback -- NOT real FinBERT sentiment)
2017-04-25,-0.28348845889170965,AAPL,synthetic (offline fallback),local untrained BERT stand-in + keyword blend (offline fallback -- NOT real FinBERT sentiment)
2017-04-26,0.8498413495719432,AAPL,synthetic (offline fallback),local untrained BERT stand-in + keyword blend (offline fallback -- NOT real FinBERT sentiment)
2017-04-27,-0.00015388503670693554,AAPL,synthetic (offline fallback),local untrained BERT stand-in + keyword blend (offline fallback -- NOT real FinBERT sentiment)
2017-04-28,0.28317412932713826,AAPL,synthetic (offline fallback),local untrained BERT stand-in + keyword blend (offline fallback -- NOT real FinBERT sentiment)
2017-05-01,-0.28349079688390094,AAPL,synthetic (offline fallback),local untrained BERT stand-in + keyword blend (offline fallback -- NOT real FinBERT sentiment)
2017-05-02,-0.00015753060579299925,AAPL,synthetic (offline fallback),local untrained BERT stand-in + keyword blend (offline fallback -- NOT real FinBERT sentiment)
2017-05-03,-0.8501544483006,AAPL,synthetic (offline fallback),local untrained BERT stand-in + keyword blend (offline fallback -- NOT real FinBERT sentiment)
2017-05-04,-0.42515901699662206,AAPL,synthetic (offline fallback),local untrained BERT stand-in + keyword blend (offline fallback -- NOT real FinBERT sentiment)
2017-05-05,0.8498453259468078,AAPL,synthetic (offline fallback),local untrained BERT stand-in + keyword blend (offline fallback -- NOT real FinBERT sentiment)
2017-05-08,-0.0001602351665496826,AAPL,synthetic (offline fallback),local untrained BERT stand-in + keyword blend (offline fallback -- NOT real FinBERT sentiment)
2017-05-09,0.2831776817639669,AAPL,synthetic (offline fallback),local untrained BERT stand-in + keyword blend (offline fallback -- NOT real FinBERT sentiment)
2017-05-10,0.8498448498547078,AAPL,synthetic (offline fallback),local untrained BERT stand-in + keyword blend (offline fallback -- NOT real FinBERT sentiment)
2017-05-11,0.5665096650520961,AAPL,synthetic (offline fallback),local untrained BERT stand-in + keyword blend (offline fallback -- NOT real FinBERT sentiment)
2017-05-12,-0.8501530960202217,AAPL,synthetic (offline fallback),local untrained BERT stand-in + keyword blend (offline fallback -- NOT real FinBERT sentiment)
2017-05-15,0.283175187309583,AAPL,synthetic (offline fallback),local untrained BERT stand-in + keyword blend (offline fallback -- NOT real FinBERT sentiment)
2017-05-16,-0.8501557901501654,AAPL,synthetic (offline fallback),local untrained BERT stand-in + keyword blend (offline fallback -- NOT real FinBERT sentiment)
2017-05-17,0.8498443737626076,AAPL,synthetic (offline fallback),local untrained BERT stand-in + keyword blend (offline fallback -- NOT real FinBERT sentiment)
2017-05-18,-0.00015455931425094606,AAPL,synthetic (offline fallback),local untrained BERT stand-in + keyword blend (offline fallback -- NOT real FinBERT sentiment)
2017-05-19,0.8498448565602302,AAPL,synthetic (offline fallback),local untrained BERT stand-in + keyword blend (offline fallback -- NOT real FinBERT sentiment)
2017-05-22,-0.0001561582088470681,AAPL,synthetic (offline fallback),local untrained BERT stand-in + keyword blend (offline fallback -- NOT real FinBERT sentiment)
2017-05-23,0.8498378425836562,AAPL,synthetic (offline fallback),local untrained BERT stand-in + keyword blend (offline fallback -- NOT real FinBERT sentiment)
2017-05-24,0.5665091554323832,AAPL,synthetic (offline fallback),local untrained BERT stand-in + keyword blend (offline fallback -- NOT real FinBERT sentiment)
2017-05-25,-0.0001612342894077301,AAPL,synthetic (offline fallback),local untrained BERT stand-in + keyword blend (offline fallback -- NOT real FinBERT sentiment)
2017-05-26,-0.00015897899866107457,AAPL,synthetic (offline fallback),local untrained BERT stand-in + keyword blend (offline fallback -- NOT real FinBERT sentiment)
2017-05-29,-0.00015496164560317252,AAPL,synthetic (offline fallback),local untrained BERT stand-in + keyword blend (offline fallback -- NOT real FinBERT sentiment)
2017-05-30,-0.00015833228826519127,AAPL,synthetic (offline fallback),local untrained BERT stand-in + keyword blend (offline fallback -- NOT real FinBERT sentiment)
2017-05-31,-0.00015519261360169567,AAPL,synthetic (offline fallback),local untrained BERT stand-in + keyword blend (offline fallback -- NOT real FinBERT sentiment)
2017-06-01,-0.00016223341226577758,AAPL,synthetic (offline fallback),local untrained BERT stand-in + keyword blend (offline fallback -- NOT real FinBERT sentiment)
2017-06-02,0.5665068219105402,AAPL,synthetic (offline fallback),local untrained BERT stand-in + keyword blend (offline fallback -- NOT real FinBERT sentiment)
2017-06-05,-0.8501530960202217,AAPL,synthetic (offline fallback),local untrained BERT stand-in + keyword blend (offline fallback -- NOT real FinBERT sentiment)
2017-06-06,-0.00015745609998703744,AAPL,synthetic (offline fallback),local untrained BERT stand-in + keyword blend (offline fallback -- NOT real FinBERT sentiment)
2017-06-07,0.42483880370855326,AAPL,synthetic (offline fallback),local untrained BERT stand-in + keyword blend (offline fallback -- NOT real FinBERT sentiment)
2017-06-08,0.4248438976705074,AAPL,synthetic (offline fallback),local untrained BERT stand-in + keyword blend (offline fallback -- NOT real FinBERT sentiment)
2017-06-09,-0.00015530213713645935,AAPL,synthetic (offline fallback),local untrained BERT stand-in + keyword blend (offline fallback -- NOT real FinBERT sentiment)
2017-06-12,-0.0001602351665496826,AAPL,synthetic (offline fallback),local untrained BERT stand-in + keyword blend (offline fallback -- NOT real FinBERT sentiment)
2017-06-13,0.28317578931649523,AAPL,synthetic (offline fallback),local untrained BERT stand-in + keyword blend (offline fallback -- NOT real FinBERT sentiment)
2017-06-14,0.42484254539012906,AAPL,synthetic (offline fallback),local untrained BERT stand-in + keyword blend (offline fallback -- NOT real FinBERT sentiment)
2017-06-15,-0.2834888016184171,AAPL,synthetic (offline fallback),local untrained BERT stand-in + keyword blend (offline fallback -- NOT real FinBERT sentiment)
2017-06-16,-0.4251551054418087,AAPL,synthetic (offline fallback),local untrained BERT stand-in + keyword blend (offline fallback -- NOT real FinBERT sentiment)
2017-06-19,-0.00015905052423481614,AAPL,synthetic (offline fallback),local untrained BERT stand-in + keyword blend (offline fallback -- NOT real FinBERT sentiment)
2017-06-20,-0.00015905052423481614,AAPL,synthetic (offline fallback),local untrained BERT stand-in + keyword blend (offline fallback -- NOT real FinBERT sentiment)
2017-06-21,-0.8501544430851936,AAPL,synthetic (offline fallback),local untrained BERT stand-in + keyword blend (offline fallback -- NOT real FinBERT sentiment)
2017-06-22,-0.5668225879470508,AAPL,synthetic (offline fallback),local untrained BERT stand-in + keyword blend (offline fallback -- NOT real FinBERT sentiment)
2017-06-23,-0.5668212408820789,AAPL,synthetic (offline fallback),local untrained BERT stand-in + keyword blend (offline fallback -- NOT real FinBERT sentiment)
2017-06-26,0.8498448565602302,AAPL,synthetic (offline fallback),local untrained BERT stand-in + keyword blend (offline fallback -- NOT real FinBERT sentiment)
2017-06-27,-0.8501558005809784,AAPL,synthetic (offline fallback),local untrained BERT stand-in + keyword blend (offline fallback -- NOT real FinBERT sentiment)
2017-06-28,0.4248410701751709,AAPL,synthetic (offline fallback),local untrained BERT stand-in + keyword blend (offline fallback -- NOT real FinBERT sentiment)
2017-06-29,-0.28348946770032246,AAPL,synthetic (offline fallback),local untrained BERT stand-in + keyword blend (offline fallback -- NOT real FinBERT sentiment)
2017-06-30,0.2831781273086866,AAPL,synthetic (offline fallback),local untrained BERT stand-in + keyword blend (offline fallback -- NOT real FinBERT sentiment)
2017-07-03,-0.850154758989811,AAPL,synthetic (offline fallback),local untrained BERT stand-in + keyword blend (offline fallback -- NOT real FinBERT sentiment)
2017-07-04,-0.0001561582088470681,AAPL,synthetic (offline fallback),local untrained BERT stand-in + keyword blend (offline fallback -- NOT real FinBERT sentiment)
2017-07-05,-0.00015897899866107457,AAPL,synthetic (offline fallback),local untrained BERT stand-in + keyword blend (offline fallback -- NOT real FinBERT sentiment)
2017-07-06,-0.2834893604119619,AAPL,synthetic (offline fallback),local untrained BERT stand-in + keyword blend (offline fallback -- NOT real FinBERT sentiment)
2017-07-07,0.5665098751584688,AAPL,synthetic (offline fallback),local untrained BERT stand-in + keyword blend (offline fallback -- NOT real FinBERT sentiment)
2017-07-10,-0.00016223341226577758,AAPL,synthetic (offline fallback),local untrained BERT stand-in + keyword blend (offline fallback -- NOT real FinBERT sentiment)
2017-07-11,-0.00015571340918540955,AAPL,synthetic (offline fallback),local untrained BERT stand-in + keyword blend (offline fallback -- NOT real FinBERT sentiment)
2017-07-12,0.42483880370855326,AAPL,synthetic (offline fallback),local untrained BERT stand-in + keyword blend (offline fallback -- NOT real FinBERT sentiment)
2017-07-13,-0.00015772581100464606,AAPL,synthetic (offline fallback),local untrained BERT stand-in + keyword blend (offline fallback -- NOT real FinBERT sentiment)
2017-07-14,-0.8501530960202217,AAPL,synthetic (offline fallback),local untrained BERT stand-in + keyword blend (offline fallback -- NOT real FinBERT sentiment)
2017-07-17,0.2831781273086866,AAPL,synthetic (offline fallback),local untrained BERT stand-in + keyword blend (offline fallback -- NOT real FinBERT sentiment)
2017-07-18,-0.00015753060579299925,AAPL,synthetic (offline fallback),local untrained BERT stand-in + keyword blend (offline fallback -- NOT real FinBERT sentiment)
2017-07-19,0.42483880370855326,AAPL,synthetic (offline fallback),local untrained BERT stand-in + keyword blend (offline fallback -- NOT real FinBERT sentiment)
2017-07-20,-0.5668255026141802,AAPL,synthetic (offline fallback),local untrained BERT stand-in + keyword blend (offline fallback -- NOT real FinBERT sentiment)
2017-07-21,0.8498448565602302,AAPL,synthetic (offline fallback),local untrained BERT stand-in + keyword blend (offline fallback -- NOT real FinBERT sentiment)
2017-07-24,-0.8501530960202217,AAPL,synthetic (offline fallback),local untrained BERT stand-in + keyword blend (offline fallback -- NOT real FinBERT sentiment)
2017-07-25,-0.00015988200902938843,AAPL,synthetic (offline fallback),local untrained BERT stand-in + keyword blend (offline fallback -- NOT real FinBERT sentiment)
2017-07-26,0.42484231069684025,AAPL,synthetic (offline fallback),local untrained BERT stand-in + keyword blend (offline fallback -- NOT real FinBERT sentiment)
2017-07-27,0.8498448565602302,AAPL,synthetic (offline fallback),local untrained BERT stand-in + keyword blend (offline fallback -- NOT real FinBERT sentiment)
2017-07-28,-0.42515801787376406,AAPL,synthetic (offline fallback),local untrained BERT stand-in + keyword blend (offline fallback -- NOT real FinBERT sentiment)
2017-07-31,-0.8501558005809784,AAPL,synthetic (offline fallback),local untrained BERT stand-in + keyword blend (offline fallback -- NOT real FinBERT sentiment)
2017-08-01,-0.00015753060579299925,AAPL,synthetic (offline fallback),local untrained BERT stand-in + keyword blend (offline fallback -- NOT real FinBERT sentiment)
2017-08-02,-0.00015411972999573864,AAPL,synthetic (offline fallback),local untrained BERT stand-in + keyword blend (offline fallback -- NOT real FinBERT sentiment)
2017-08-03,-0.00015547201037408032,AAPL,synthetic (offline fallback),local untrained BERT stand-in + keyword blend (offline fallback -- NOT real FinBERT sentiment)
2017-08-04,-0.00015307366847991944,AAPL,synthetic (offline fallback),local untrained BERT stand-in + keyword blend (offline fallback -- NOT real FinBERT sentiment)
2017-08-07,-0.0001568734645843728,AAPL,synthetic (offline fallback),local untrained BERT stand-in + keyword blend (offline fallback -- NOT real FinBERT sentiment)
2017-08-08,-0.00015541762113572646,AAPL,synthetic (offline fallback),local untrained BERT stand-in + keyword blend (offline fallback -- NOT real FinBERT sentiment)
2017-08-09,0.5665099824468295,AAPL,synthetic (offline fallback),local untrained BERT stand-in + keyword blend (offline fallback -- NOT real FinBERT sentiment)
2017-08-10,-0.00015495121479036644,AAPL,synthetic (offline fallback),local untrained BERT stand-in + keyword blend (offline fallback -- NOT real FinBERT sentiment)
2017-08-11,-0.8501530960202217,AAPL,synthetic (offline fallback),local untrained BERT stand-in + keyword blend (offline fallback -- NOT real FinBERT sentiment)
2017-08-14,0.28317669083674746,AAPL,synthetic (offline fallback),local untrained BERT stand-in + keyword blend (offline fallback -- NOT real FinBERT sentiment)
2017-08-15,0.28317667295535404,AAPL,synthetic (offline fallback),local untrained BERT stand-in + keyword blend (offline fallback -- NOT real FinBERT sentiment)
2017-08-16,0.849845091253519,AAPL,synthetic (offline fallback),local untrained BERT stand-in + keyword blend (offline fallback -- NOT real FinBERT sentiment)
2017-08-17,0.8498453259468078,AAPL,synthetic (offline fallback),local untrained BERT stand-in + keyword blend (offline fallback -- NOT real FinBERT sentiment)
2017-08-18,-0.0001570105552673636,AAPL,synthetic (offline fallback),local untrained BERT stand-in + keyword blend (offline fallback -- NOT real FinBERT sentiment)
2017-08-21,-0.5668208638827006,AAPL,synthetic (offline fallback),local untrained BERT stand-in + keyword blend (offline fallback -- NOT real FinBERT sentiment)
2017-08-22,-0.4251596853137016,AAPL,synthetic (offline fallback),local untrained BERT stand-in + keyword blend (offline fallback -- NOT real FinBERT sentiment)
2017-08-23,-0.00015682429075240348,AAPL,synthetic (offline fallback),local untrained BERT stand-in + keyword blend (offline fallback -- NOT real FinBERT sentiment)
2017-08-24,-0.00016223341226577758,AAPL,synthetic (offline fallback),local untrained BERT stand-in + keyword blend (offline fallback -- NOT real FinBERT sentiment)
2017-08-25,0.4248401559889316,AAPL,synthetic (offline fallback),local untrained BERT stand-in + keyword blend (offline fallback -- NOT real FinBERT sentiment)
2017-08-28,0.5665069783727328,AAPL,synthetic (offline fallback),local untrained BERT stand-in + keyword blend (offline fallback -- NOT real FinBERT sentiment)
2017-08-29,0.8498453259468078,AAPL,synthetic (offline fallback),local untrained BERT stand-in + keyword blend (offline fallback -- NOT real FinBERT sentiment)
2017-08-30,0.8498401805758475,AAPL,synthetic (offline fallback),local untrained BERT stand-in + keyword blend (offline fallback -- NOT real FinBERT sentiment)
2017-08-31,-0.5668211023012797,AAPL,synthetic (offline fallback),local untrained BERT stand-in + keyword blend (offline fallback -- NOT real FinBERT sentiment)
2017-09-01,0.8498378425836562,AAPL,synthetic (offline fallback),local untrained BERT stand-in + keyword blend (offline fallback -- NOT real FinBERT sentiment)
2017-09-04,-0.2834923004110654,AAPL,synthetic (offline fallback),local untrained BERT stand-in + keyword blend (offline fallback -- NOT real FinBERT sentiment)
2017-09-05,0.2831765343745549,AAPL,synthetic (offline fallback),local untrained BERT stand-in + keyword blend (offline fallback -- NOT real FinBERT sentiment)
2017-09-06,0.8498443737626076,AAPL,synthetic (offline fallback),local untrained BERT stand-in + keyword blend (offline fallback -- NOT real FinBERT sentiment)
2017-09-07,0.4248410701751709,AAPL,synthetic (offline fallback),local untrained BERT stand-in + keyword blend (offline fallback -- NOT real FinBERT sentiment)
2017-09-08,0.8498413495719432,AAPL,synthetic (offline fallback),local untrained BERT stand-in + keyword blend (offline fallback -- NOT real FinBERT sentiment)
2017-09-11,-0.00016223341226577758,AAPL,synthetic (offline fallback),local untrained BERT stand-in + keyword blend (offline fallback -- NOT real FinBERT sentiment)
2017-09-12,-0.8501558005809784,AAPL,synthetic (offline fallback),local untrained BERT stand-in + keyword blend (offline fallback -- NOT real FinBERT sentiment)
2017-09-13,-0.00016223341226577758,AAPL,synthetic (offline fallback),local untrained BERT stand-in + keyword blend (offline fallback -- NOT real FinBERT sentiment)
2017-09-14,0.8498443737626076,AAPL,synthetic (offline fallback),local untrained BERT stand-in + keyword blend (offline fallback -- NOT real FinBERT sentiment)
2017-09-15,-0.00015388503670693554,AAPL,synthetic (offline fallback),local untrained BERT stand-in + keyword blend (offline fallback -- NOT real FinBERT sentiment)
2017-09-18,0.8498453259468078,AAPL,synthetic (offline fallback),local untrained BERT stand-in + keyword blend (offline fallback -- NOT real FinBERT sentiment)
2017-09-19,-0.00015753060579299925,AAPL,synthetic (offline fallback),local untrained BERT stand-in + keyword blend (offline fallback -- NOT real FinBERT sentiment)
2017-09-20,0.8498443737626076,AAPL,synthetic (offline fallback),local untrained BERT stand-in + keyword blend (offline fallback -- NOT real FinBERT sentiment)
2017-09-21,0.8498413495719432,AAPL,synthetic (offline fallback),local untrained BERT stand-in + keyword blend (offline fallback -- NOT real FinBERT sentiment)
2017-09-22,-0.0001581713557243199,AAPL,synthetic (offline fallback),local untrained BERT stand-in + keyword blend (offline fallback -- NOT real FinBERT sentiment)
2017-09-25,-0.00015388503670693554,AAPL,synthetic (offline fallback),local untrained BERT stand-in + keyword blend (offline fallback -- NOT real FinBERT sentiment)
2017-09-26,-0.4251566655933857,AAPL,synthetic (offline fallback),local untrained BERT stand-in + keyword blend (offline fallback -- NOT real FinBERT sentiment)
2017-09-27,0.42484612613916395,AAPL,synthetic (offline fallback),local untrained BERT stand-in + keyword blend (offline fallback -- NOT real FinBERT sentiment)
2017-09-28,-0.0001602351665496826,AAPL,synthetic (offline fallback),local untrained BERT stand-in + keyword blend (offline fallback -- NOT real FinBERT sentiment)
2017-09-29,0.5665068219105402,AAPL,synthetic (offline fallback),local untrained BERT stand-in + keyword blend (offline fallback -- NOT real FinBERT sentiment)
2017-10-02,-0.00016223341226577758,AAPL,synthetic (offline fallback),local untrained BERT stand-in + keyword blend (offline fallback -- NOT real FinBERT sentiment)
2017-10-03,0.42484342157840727,AAPL,synthetic (offline fallback),local untrained BERT stand-in + keyword blend (offline fallback -- NOT real FinBERT sentiment)
2017-10-04,0.8498448565602302,AAPL,synthetic (offline fallback),local untrained BERT stand-in + keyword blend (offline fallback -- NOT real FinBERT sentiment)
2017-10-05,0.8498448565602302,AAPL,synthetic (offline fallback),local untrained BERT stand-in + keyword blend (offline fallback -- NOT real FinBERT sentiment)
2017-10-06,0.4248438976705074,AAPL,synthetic (offline fallback),local untrained BERT stand-in + keyword blend (offline fallback -- NOT real FinBERT sentiment)
2017-10-09,-0.8501552797853946,AAPL,synthetic (offline fallback),local untrained BERT stand-in + keyword blend (offline fallback -- NOT real FinBERT sentiment)
2017-10-10,-0.00016223341226577758,AAPL,synthetic (offline fallback),local untrained BERT stand-in + keyword blend (offline fallback -- NOT real FinBERT sentiment)
2017-10-11,0.8498446911573411,AAPL,synthetic (offline fallback),local untrained BERT stand-in + keyword blend (offline fallback -- NOT real FinBERT sentiment)
2017-10-12,-0.8501530960202217,AAPL,synthetic (offline fallback),local untrained BERT stand-in + keyword blend (offline fallback -- NOT real FinBERT sentiment)
2017-10-13,-0.28348841120799384,AAPL,synthetic (offline fallback),local untrained BERT stand-in + keyword blend (offline fallback -- NOT real FinBERT sentiment)
2017-10-16,0.8498448565602302,AAPL,synthetic (offline fallback),local untrained BERT stand-in + keyword blend (offline fallback -- NOT real FinBERT sentiment)
2017-10-17,0.8498443737626076,AAPL,synthetic (offline fallback),local untrained BERT stand-in + keyword blend (offline fallback -- NOT real FinBERT sentiment)
2017-10-18,-0.425156144797802,AAPL,synthetic (offline fallback),local untrained BERT stand-in + keyword blend (offline fallback -- NOT real FinBERT sentiment)
2017-10-19,-0.00015523731708527722,AAPL,synthetic (offline fallback),local untrained BERT stand-in + keyword blend (offline fallback -- NOT real FinBERT sentiment)
2017-10-20,-0.00015307366847991944,AAPL,synthetic (offline fallback),local untrained BERT stand-in + keyword blend (offline fallback -- NOT real FinBERT sentiment)
2017-10-23,-0.00015307366847991944,AAPL,synthetic (offline fallback),local untrained BERT stand-in + keyword blend (offline fallback -- NOT real FinBERT sentiment)
2017-10-24,-0.00015307366847991944,AAPL,synthetic (offline fallback),local untrained BERT stand-in + keyword blend (offline fallback -- NOT real FinBERT sentiment)
2017-10-25,-0.850154758989811,AAPL,synthetic (offline fallback),local untrained BERT stand-in + keyword blend (offline fallback -- NOT real FinBERT sentiment)
2017-10-26,-0.8501530960202217,AAPL,synthetic (offline fallback),local untrained BERT stand-in + keyword blend (offline fallback -- NOT real FinBERT sentiment)
2017-10-27,0.5665060515205065,AAPL,synthetic (offline fallback),local untrained BERT stand-in + keyword blend (offline fallback -- NOT real FinBERT sentiment)
2017-10-30,-0.5668226967255275,AAPL,synthetic (offline fallback),local untrained BERT stand-in + keyword blend (offline fallback -- NOT real FinBERT sentiment)
2017-10-31,-0.42515391632914545,AAPL,synthetic (offline fallback),local untrained BERT stand-in + keyword blend (offline fallback -- NOT real FinBERT sentiment)
2017-11-01,-0.850153650343418,AAPL,synthetic (offline fallback),local untrained BERT stand-in + keyword blend (offline fallback -- NOT real FinBERT sentiment)
2017-11-02,-0.5668239350120227,AAPL,synthetic (offline fallback),local untrained BERT stand-in + keyword blend (offline fallback -- NOT real FinBERT sentiment)
2017-11-03,0.8498448565602302,AAPL,synthetic (offline fallback),local untrained BERT stand-in + keyword blend (offline fallback -- NOT real FinBERT sentiment)
2017-11-06,-0.8501553446054458,AAPL,synthetic (offline fallback),local untrained BERT stand-in + keyword blend (offline fallback -- NOT real FinBERT sentiment)
2017-11-07,-0.8501553446054458,AAPL,synthetic (offline fallback),local untrained BERT stand-in + keyword blend (offline fallback -- NOT real FinBERT sentiment)
2017-11-08,0.28317484458287556,AAPL,synthetic (offline fallback),local untrained BERT stand-in + keyword blend (offline fallback -- NOT real FinBERT sentiment)
2017-11-09,-0.8501539275050163,AAPL,synthetic (offline fallback),local untrained BERT stand-in + keyword blend (offline fallback -- NOT real FinBERT sentiment)
2017-11-10,-0.00015753060579299925,AAPL,synthetic (offline fallback),local untrained BERT stand-in + keyword blend (offline fallback -- NOT real FinBERT sentiment)
2017-11-13,-0.4251576647162437,AAPL,synthetic (offline fallback),local untrained BERT stand-in + keyword blend (offline fallback -- NOT real FinBERT sentiment)
2017-11-14,-0.00016223341226577758,AAPL,synthetic (offline fallback),local untrained BERT stand-in + keyword blend (offline fallback -- NOT real FinBERT sentiment)
2017-11-15,-0.5668230439225833,AAPL,synthetic (offline fallback),local untrained BERT stand-in + keyword blend (offline fallback -- NOT real FinBERT sentiment)
2017-11-16,0.4248401559889316,AAPL,synthetic (offline fallback),local untrained BERT stand-in + keyword blend (offline fallback -- NOT real FinBERT sentiment)
2017-11-17,-0.00015547201037408032,AAPL,synthetic (offline fallback),local untrained BERT stand-in + keyword blend (offline fallback -- NOT real FinBERT sentiment)
2017-11-20,0.28317569692929584,AAPL,synthetic (offline fallback),local untrained BERT stand-in + keyword blend (offline fallback -- NOT real FinBERT sentiment)
2017-11-21,0.42483880370855326,AAPL,synthetic (offline fallback),local untrained BERT stand-in + keyword blend (offline fallback -- NOT real FinBERT sentiment)
2017-11-22,-0.0001602351665496826,AAPL,synthetic (offline fallback),local untrained BERT stand-in + keyword blend (offline fallback -- NOT real FinBERT sentiment)
2017-11-23,-0.8501530960202217,AAPL,synthetic (offline fallback),local untrained BERT stand-in + keyword blend (offline fallback -- NOT real FinBERT sentiment)
2017-11-24,-0.00016223341226577758,AAPL,synthetic (offline fallback),local untrained BERT stand-in + keyword blend (offline fallback -- NOT real FinBERT sentiment)
2017-11-27,0.8498401805758475,AAPL,synthetic (offline fallback),local untrained BERT stand-in + keyword blend (offline fallback -- NOT real FinBERT sentiment)
2017-11-28,-0.8501558005809784,AAPL,synthetic (offline fallback),local untrained BERT stand-in + keyword blend (offline fallback -- NOT real FinBERT sentiment)
2017-11-29,-0.2834918548663457,AAPL,synthetic (offline fallback),local untrained BERT stand-in + keyword blend (offline fallback -- NOT real FinBERT sentiment)
2017-11-30,-0.0001602351665496826,AAPL,synthetic (offline fallback),local untrained BERT stand-in + keyword blend (offline fallback -- NOT real FinBERT sentiment)
2017-12-01,-0.8501558005809784,AAPL,synthetic (offline fallback),local untrained BERT stand-in + keyword blend (offline fallback -- NOT real FinBERT sentiment)
2017-12-04,-0.00015411972999573864,AAPL,synthetic (offline fallback),local untrained BERT stand-in + keyword blend (offline fallback -- NOT real FinBERT sentiment)
2017-12-05,0.8498378425836562,AAPL,synthetic (offline fallback),local untrained BERT stand-in + keyword blend (offline fallback -- NOT real FinBERT sentiment)
2017-12-06,0.42484231069684025,AAPL,synthetic (offline fallback),local untrained BERT stand-in + keyword blend (offline fallback -- NOT real FinBERT sentiment)
2017-12-07,-0.850154758989811,AAPL,synthetic (offline fallback),local untrained BERT stand-in + keyword blend (offline fallback -- NOT real FinBERT sentiment)
2017-12-08,0.8498378425836562,AAPL,synthetic (offline fallback),local untrained BERT stand-in + keyword blend (offline fallback -- NOT real FinBERT sentiment)
2017-12-11,0.5665099824468295,AAPL,synthetic (offline fallback),local untrained BERT stand-in + keyword blend (offline fallback -- NOT real FinBERT sentiment)
2017-12-12,-0.8501530960202217,AAPL,synthetic (offline fallback),local untrained BERT stand-in + keyword blend (offline fallback -- NOT real FinBERT sentiment)
2017-12-13,-0.00015307366847991944,AAPL,synthetic (offline fallback),local untrained BERT stand-in + keyword blend (offline fallback -- NOT real FinBERT sentiment)
2017-12-14,-0.00015307366847991944,AAPL,synthetic (offline fallback),local untrained BERT stand-in + keyword blend (offline fallback -- NOT real FinBERT sentiment)
2017-12-15,0.8498448565602302,AAPL,synthetic (offline fallback),local untrained BERT stand-in + keyword blend (offline fallback -- NOT real FinBERT sentiment)
2017-12-18,-0.00015753060579299925,AAPL,synthetic (offline fallback),local untrained BERT stand-in + keyword blend (offline fallback -- NOT real FinBERT sentiment)
2017-12-19,-0.00015964731574058533,AAPL,synthetic (offline fallback),local untrained BERT stand-in + keyword blend (offline fallback -- NOT real FinBERT sentiment)
2017-12-20,-0.4251530848443508,AAPL,synthetic (offline fallback),local untrained BERT stand-in + keyword blend (offline fallback -- NOT real FinBERT sentiment)
2017-12-21,0.8498411081731319,AAPL,synthetic (offline fallback),local untrained BERT stand-in + keyword blend (offline fallback -- NOT real FinBERT sentiment)
2017-12-22,-0.00015571340918540955,AAPL,synthetic (offline fallback),local untrained BERT stand-in + keyword blend (offline fallback -- NOT real FinBERT sentiment)
2017-12-25,-0.5668239171306292,AAPL,synthetic (offline fallback),local untrained BERT stand-in + keyword blend (offline fallback -- NOT real FinBERT sentiment)
2017-12-26,0.8498453259468078,AAPL,synthetic (offline fallback),local untrained BERT stand-in + keyword blend (offline fallback -- NOT real FinBERT sentiment)
2017-12-27,0.849841584265232,AAPL,synthetic (offline fallback),local untrained BERT stand-in + keyword blend (offline fallback -- NOT real FinBERT sentiment)
2017-12-28,-0.00015614032745359108,AAPL,synthetic (offline fallback),local untrained BERT stand-in + keyword blend (offline fallback -- NOT real FinBERT sentiment)
2017-12-29,-0.00015734881162643433,AAPL,synthetic (offline fallback),local untrained BERT stand-in + keyword blend (offline fallback -- NOT real FinBERT sentiment)
2018-01-01,-0.8501545518636703,AAPL,synthetic (offline fallback),local untrained BERT stand-in + keyword blend (offline fallback -- NOT real FinBERT sentiment)
2018-01-02,-0.42515749707818035,AAPL,synthetic (offline fallback),local untrained BERT stand-in + keyword blend (offline fallback -- NOT real FinBERT sentiment)
2018-01-03,0.8498448565602302,AAPL,synthetic (offline fallback),local untrained BERT stand-in + keyword blend (offline fallback -- NOT real FinBERT sentiment)
2018-01-04,-0.42515733391046523,AAPL,synthetic (offline fallback),local untrained BERT stand-in + keyword blend (offline fallback -- NOT real FinBERT sentiment)
2018-01-05,-0.00015614032745359108,AAPL,synthetic (offline fallback),local untrained BERT stand-in + keyword blend (offline fallback -- NOT real FinBERT sentiment)
2018-01-08,-0.0001602351665496826,AAPL,synthetic (offline fallback),local untrained BERT stand-in + keyword blend (offline fallback -- NOT real FinBERT sentiment)
2018-01-09,0.8498453259468078,AAPL,synthetic (offline fallback),local untrained BERT stand-in + keyword blend (offline fallback -- NOT real FinBERT sentiment)
2018-01-10,-0.8501564688980578,AAPL,synthetic (offline fallback),local untrained BERT stand-in + keyword blend (offline fallback -- NOT real FinBERT sentiment)
2018-01-11,-0.00016050934791563462,AAPL,synthetic (offline fallback),local untrained BERT stand-in + keyword blend (offline fallback -- NOT real FinBERT sentiment)
2018-01-12,-0.8501530960202217,AAPL,synthetic (offline fallback),local untrained BERT stand-in + keyword blend (offline fallback -- NOT real FinBERT sentiment)
2018-01-15,0.8498443737626076,AAPL,synthetic (offline fallback),local untrained BERT stand-in + keyword blend (offline fallback -- NOT real FinBERT sentiment)
2018-01-16,-0.00015745609998703,AAPL,synthetic (offline fallback),local untrained BERT stand-in + keyword blend (offline fallback -- NOT real FinBERT sentiment)
2018-01-17,-0.00015964731574058533,AAPL,synthetic (offline fallback),local untrained BERT stand-in + keyword blend (offline fallback -- NOT real FinBERT sentiment)
2018-01-18,0.5665098215142885,AAPL,synthetic (offline fallback),local untrained BERT stand-in + keyword blend (offline fallback -- NOT real FinBERT sentiment)
2018-01-19,0.8498453259468078,AAPL,synthetic (offline fallback),local untrained BERT stand-in + keyword blend (offline fallback -- NOT real FinBERT sentiment)
2018-01-22,0.2831765343745549,AAPL,synthetic (offline fallback),local untrained BERT stand-in + keyword blend (offline fallback -- NOT real FinBERT sentiment)
2018-01-23,-0.28348696877559026,AAPL,synthetic (offline fallback),local untrained BERT stand-in + keyword blend (offline fallback -- NOT real FinBERT sentiment)
2018-01-24,-0.8501571372151374,AAPL,synthetic (offline fallback),local untrained BERT stand-in + keyword blend (offline fallback -- NOT real FinBERT sentiment)
2018-01-25,-0.28348845889170965,AAPL,synthetic (offline fallback),local untrained BERT stand-in + keyword blend (offline fallback -- NOT real FinBERT sentiment)
2018-01-26,-0.28349035133918127,AAPL,synthetic (offline fallback),local untrained BERT stand-in + keyword blend (offline fallback -- NOT real FinBERT sentiment)
2018-01-29,0.8498378425836562,AAPL,synthetic (offline fallback),local untrained BERT stand-in + keyword blend (offline fallback -- NOT real FinBERT sentiment)
2018-01-30,-0.5668243909875551,AAPL,synthetic (offline fallback),local untrained BERT stand-in + keyword blend (offline fallback -- NOT real FinBERT sentiment)
2018-01-31,-0.8501549974083901,AAPL,synthetic (offline fallback),local untrained BERT stand-in + keyword blend (offline fallback -- NOT real FinBERT sentiment)
2018-02-01,-0.00016223341226577758,AAPL,synthetic (offline fallback),local untrained BERT stand-in + keyword blend (offline fallback -- NOT real FinBERT sentiment)
2018-02-02,-0.0001563817262649203,AAPL,synthetic (offline fallback),local untrained BERT stand-in + keyword blend (offline fallback -- NOT real FinBERT sentiment)
2018-02-05,-0.850154758989811,AAPL,synthetic (offline fallback),local untrained BERT stand-in + keyword blend (offline fallback -- NOT real FinBERT sentiment)
2018-02-06,-0.2834912528594335,AAPL,synthetic (offline fallback),local untrained BERT stand-in + keyword blend (offline fallback -- NOT real FinBERT sentiment)
2018-02-07,-0.4251551054418087,AAPL,synthetic (offline fallback),local untrained BERT stand-in + keyword blend (offline fallback -- NOT real FinBERT sentiment)
2018-02-08,0.8498448565602302,AAPL,synthetic (offline fallback),local untrained BERT stand-in + keyword blend (offline fallback -- NOT real FinBERT sentiment)
2018-02-09,-0.0001602351665496826,AAPL,synthetic (offline fallback),local untrained BERT stand-in + keyword blend (offline fallback -- NOT real FinBERT sentiment)
2018-02-12,-0.4251566655933857,AAPL,synthetic (offline fallback),local untrained BERT stand-in + keyword blend (offline fallback -- NOT real FinBERT sentiment)
2018-02-13,0.8498453259468078,AAPL,synthetic (offline fallback),local untrained BERT stand-in + keyword blend (offline fallback -- NOT real FinBERT sentiment)
2018-02-14,-0.00015753060579299925,AAPL,synthetic (offline fallback),local untrained BERT stand-in + keyword blend (offline fallback -- NOT real FinBERT sentiment)
2018-02-15,-0.850154758989811,AAPL,synthetic (offline fallback),local untrained BERT stand-in + keyword blend (offline fallback -- NOT real FinBERT sentiment)
2018-02-16,-0.2834883024295171,AAPL,synthetic (offline fallback),local untrained BERT stand-in + keyword blend (offline fallback -- NOT real FinBERT sentiment)
2018-02-19,-0.8501551166176795,AAPL,synthetic (offline fallback),local untrained BERT stand-in + keyword blend (offline fallback -- NOT real FinBERT sentiment)
2018-02-20,-0.00015590563416478798,AAPL,synthetic (offline fallback),local untrained BERT stand-in + keyword blend (offline fallback -- NOT real FinBERT sentiment)
2018-02-21,-0.56682065675656,AAPL,synthetic (offline fallback),local untrained BERT stand-in + keyword blend (offline fallback -- NOT real FinBERT sentiment)
2018-02-22,-0.00015897899866107457,AAPL,synthetic (offline fallback),local untrained BERT stand-in + keyword blend (offline fallback -- NOT real FinBERT sentiment)
2018-02-23,-0.00016223341226577758,AAPL,synthetic (offline fallback),local untrained BERT stand-in + keyword blend (offline fallback -- NOT real FinBERT sentiment)
2018-02-26,-0.00015590563416478798,AAPL,synthetic (offline fallback),local untrained BERT stand-in + keyword blend (offline fallback -- NOT real FinBERT sentiment)
2018-02-27,-0.8501530960202217,AAPL,synthetic (offline fallback),local untrained BERT stand-in + keyword blend (offline fallback -- NOT real FinBERT sentiment)
2018-02-28,-0.8501558005809784,AAPL,synthetic (offline fallback),local untrained BERT stand-in + keyword blend (offline fallback -- NOT real FinBERT sentiment)
2018-03-01,-0.4251566655933857,AAPL,synthetic (offline fallback),local untrained BERT stand-in + keyword blend (offline fallback -- NOT real FinBERT sentiment)
2018-03-02,-0.8501530960202217,AAPL,synthetic (offline fallback),local untrained BERT stand-in + keyword blend (offline fallback -- NOT real FinBERT sentiment)
2018-03-05,-0.5668231422702471,AAPL,synthetic (offline fallback),local untrained BERT stand-in + keyword blend (offline fallback -- NOT real FinBERT sentiment)
2018-03-06,-0.5668246115247408,AAPL,synthetic (offline fallback),local untrained BERT stand-in + keyword blend (offline fallback -- NOT real FinBERT sentiment)
2018-03-07,0.8498425140976905,AAPL,synthetic (offline fallback),local untrained BERT stand-in + keyword blend (offline fallback -- NOT real FinBERT sentiment)
2018-03-08,-0.00015753060579299925,AAPL,synthetic (offline fallback),local untrained BERT stand-in + keyword blend (offline fallback -- NOT real FinBERT sentiment)
2018-03-09,-0.4251596853137016,AAPL,synthetic (offline fallback),local untrained BERT stand-in + keyword blend (offline fallback -- NOT real FinBERT sentiment)
2018-03-12,-0.42515801787376406,AAPL,synthetic (offline fallback),local untrained BERT stand-in + keyword blend (offline fallback -- NOT real FinBERT sentiment)
2018-03-13,-0.5668231422702471,AAPL,synthetic (offline fallback),local untrained BERT stand-in + keyword blend (offline fallback -- NOT real FinBERT sentiment)
2018-03-14,-0.850154758989811,AAPL,synthetic (offline fallback),local untrained BERT stand-in + keyword blend (offline fallback -- NOT real FinBERT sentiment)
2018-03-15,-0.5668241555492083,AAPL,synthetic (offline fallback),local untrained BERT stand-in + keyword blend (offline fallback -- NOT real FinBERT sentiment)
2018-03-16,0.2831756328543027,AAPL,synthetic (offline fallback),local untrained BERT stand-in + keyword blend (offline fallback -- NOT real FinBERT sentiment)
2018-03-19,-0.00016223341226577758,AAPL,synthetic (offline fallback),local untrained BERT stand-in + keyword blend (offline fallback -- NOT real FinBERT sentiment)
2018-03-20,-0.00015897899866107457,AAPL,synthetic (offline fallback),local untrained BERT stand-in + keyword blend (offline fallback -- NOT real FinBERT sentiment)
2018-03-21,-0.00015590563416478798,AAPL,synthetic (offline fallback),local untrained BERT stand-in + keyword blend (offline fallback -- NOT real FinBERT sentiment)
2018-03-22,-0.8501530960202217,AAPL,synthetic (offline fallback),local untrained BERT stand-in + keyword blend (offline fallback -- NOT real FinBERT sentiment)
2018-03-23,-0.8501530960202217,AAPL,synthetic (offline fallback),local untrained BERT stand-in + keyword blend (offline fallback -- NOT real FinBERT sentiment)
2018-03-26,-0.00015530213713645935,AAPL,synthetic (offline fallback),local untrained BERT stand-in + keyword blend (offline fallback -- NOT real FinBERT sentiment)
2018-03-27,-0.00015307366847991944,AAPL,synthetic (offline fallback),local untrained BERT stand-in + keyword blend (offline fallback -- NOT real FinBERT sentiment)
2018-03-28,-0.4251566655933857,AAPL,synthetic (offline fallback),local untrained BERT stand-in + keyword blend (offline fallback -- NOT real FinBERT sentiment)
2018-03-29,0.8498443737626076,AAPL,synthetic (offline fallback),local untrained BERT stand-in + keyword blend (offline fallback -- NOT real FinBERT sentiment)
2018-03-30,-0.8501539275050163,AAPL,synthetic (offline fallback),local untrained BERT stand-in + keyword blend (offline fallback -- NOT real FinBERT sentiment)
2018-04-02,-0.42515901699662206,AAPL,synthetic (offline fallback),local untrained BERT stand-in + keyword blend (offline fallback -- NOT real FinBERT sentiment)
2018-04-03,-0.00015495121479036644,AAPL,synthetic (offline fallback),local untrained BERT stand-in + keyword blend (offline fallback -- NOT real FinBERT sentiment)
2018-04-04,-0.8501571372151374,AAPL,synthetic (offline fallback),local untrained BERT stand-in + keyword blend (offline fallback -- NOT real FinBERT sentiment)
2018-04-05,-0.00015888288617134093,AAPL,synthetic (offline fallback),local untrained BERT stand-in + keyword blend (offline fallback -- NOT real FinBERT sentiment)
2018-04-06,-0.8501571372151374,AAPL,synthetic (offline fallback),local untrained BERT stand-in + keyword blend (offline fallback -- NOT real FinBERT sentiment)
2018-04-09,-0.00015530213713645935,AAPL,synthetic (offline fallback),local untrained BERT stand-in + keyword blend (offline fallback -- NOT real FinBERT sentiment)
2018-04-10,-0.28349342246850334,AAPL,synthetic (offline fallback),local untrained BERT stand-in + keyword blend (offline fallback -- NOT real FinBERT sentiment)
2018-04-11,-0.0001612342894077301,AAPL,synthetic (offline fallback),local untrained BERT stand-in + keyword blend (offline fallback -- NOT real FinBERT sentiment)
2018-04-12,-0.8501530960202217,AAPL,synthetic (offline fallback),local untrained BERT stand-in + keyword blend (offline fallback -- NOT real FinBERT sentiment)
2018-04-13,-0.8501539275050163,AAPL,synthetic (offline fallback),local untrained BERT stand-in + keyword blend (offline fallback -- NOT real FinBERT sentiment)
2018-04-16,-0.00015784800052642822,AAPL,synthetic (offline fallback),local untrained BERT stand-in + keyword blend (offline fallback -- NOT real FinBERT sentiment)
2018-04-17,-0.00016006380319597558,AAPL,synthetic (offline fallback),local untrained BERT stand-in + keyword blend (offline fallback -- NOT real FinBERT sentiment)
2018-04-18,-0.28349081476529436,AAPL,synthetic (offline fallback),local untrained BERT stand-in + keyword blend (offline fallback -- NOT real FinBERT sentiment)
2018-04-19,-0.8501552797853946,AAPL,synthetic (offline fallback),local untrained BERT stand-in + keyword blend (offline fallback -- NOT real FinBERT sentiment)
2018-04-20,-0.8501571372151374,AAPL,synthetic (offline fallback),local untrained BERT stand-in + keyword blend (offline fallback -- NOT real FinBERT sentiment)
2018-04-23,-0.00015388503670693554,AAPL,synthetic (offline fallback),local untrained BERT stand-in + keyword blend (offline fallback -- NOT real FinBERT sentiment)
2018-04-24,-0.00015753060579299925,AAPL,synthetic (offline fallback),local untrained BERT stand-in + keyword blend (offline fallback -- NOT real FinBERT sentiment)
2018-04-25,-0.0001602351665496826,AAPL,synthetic (offline fallback),local untrained BERT stand-in + keyword blend (offline fallback -- NOT real FinBERT sentiment)
2018-04-26,0.42483780458569526,AAPL,synthetic (offline fallback),local untrained BERT stand-in + keyword blend (offline fallback -- NOT real FinBERT sentiment)
2018-04-27,-0.5668239171306292,AAPL,synthetic (offline fallback),local untrained BERT stand-in + keyword blend (offline fallback -- NOT real FinBERT sentiment)
2018-04-30,-0.8501552797853946,AAPL,synthetic (offline fallback),local untrained BERT stand-in + keyword blend (offline fallback -- NOT real FinBERT sentiment)
2018-05-01,0.8498448565602302,AAPL,synthetic (offline fallback),local untrained BERT stand-in + keyword blend (offline fallback -- NOT real FinBERT sentiment)
2018-05-02,-0.00015690326690676049,AAPL,synthetic (offline fallback),local untrained BERT stand-in + keyword blend (offline fallback -- NOT real FinBERT sentiment)
2018-05-03,-0.2834893604119619,AAPL,synthetic (offline fallback),local untrained BERT stand-in + keyword blend (offline fallback -- NOT real FinBERT sentiment)
2018-05-04,0.2831758191188176,AAPL,synthetic (offline fallback),local untrained BERT stand-in + keyword blend (offline fallback -- NOT real FinBERT sentiment)
2018-05-07,-0.850154758989811,AAPL,synthetic (offline fallback),local untrained BERT stand-in + keyword blend (offline fallback -- NOT real FinBERT sentiment)
2018-05-08,-0.00015894174575807143,AAPL,synthetic (offline fallback),local untrained BERT stand-in + keyword blend (offline fallback -- NOT real FinBERT sentiment)
2018-05-09,0.2831771825750669,AAPL,synthetic (offline fallback),local untrained BERT stand-in + keyword blend (offline fallback -- NOT real FinBERT sentiment)
2018-05-10,0.8498448565602302,AAPL,synthetic (offline fallback),local untrained BERT stand-in + keyword blend (offline fallback -- NOT real FinBERT sentiment)
2018-05-11,0.2831759800513585,AAPL,synthetic (offline fallback),local untrained BERT stand-in + keyword blend (offline fallback -- NOT real FinBERT sentiment)
2018-05-14,-0.28348970313866934,AAPL,synthetic (offline fallback),local untrained BERT stand-in + keyword blend (offline fallback -- NOT real FinBERT sentiment)
2018-05-15,-0.8501552797853946,AAPL,synthetic (offline fallback),local untrained BERT stand-in + keyword blend (offline fallback -- NOT real FinBERT sentiment)
2018-05-16,-0.8501530960202217,AAPL,synthetic (offline fallback),local untrained BERT stand-in + keyword blend (offline fallback -- NOT real FinBERT sentiment)
2018-05-17,-0.8501558005809784,AAPL,synthetic (offline fallback),local untrained BERT stand-in + keyword blend (offline fallback -- NOT real FinBERT sentiment)
2018-05-18,-0.28348766614993415,AAPL,synthetic (offline fallback),local untrained BERT stand-in + keyword blend (offline fallback -- NOT real FinBERT sentiment)
2018-05-21,-0.2834902872641881,AAPL,synthetic (offline fallback),local untrained BERT stand-in + keyword blend (offline fallback -- NOT real FinBERT sentiment)
2018-05-22,0.8498453259468078,AAPL,synthetic (offline fallback),local untrained BERT stand-in + keyword blend (offline fallback -- NOT real FinBERT sentiment)
2018-05-23,-0.00015590563416478798,AAPL,synthetic (offline fallback),local untrained BERT stand-in + keyword blend (offline fallback -- NOT real FinBERT sentiment)
2018-05-24,-0.8501539275050163,AAPL,synthetic (offline fallback),local untrained BERT stand-in + keyword blend (offline fallback -- NOT real FinBERT sentiment)
2018-05-25,-0.00015590563416478798,AAPL,synthetic (offline fallback),local untrained BERT stand-in + keyword blend (offline fallback -- NOT real FinBERT sentiment)
2018-05-28,0.28317269285519914,AAPL,synthetic (offline fallback),local untrained BERT stand-in + keyword blend (offline fallback -- NOT real FinBERT sentiment)
2018-05-29,0.849845091253519,AAPL,synthetic (offline fallback),local untrained BERT stand-in + keyword blend (offline fallback -- NOT real FinBERT sentiment)
2018-05-30,-0.8501571372151374,AAPL,synthetic (offline fallback),local untrained BERT stand-in + keyword blend (offline fallback -- NOT real FinBERT sentiment)
2018-05-31,0.8498448565602302,AAPL,synthetic (offline fallback),local untrained BERT stand-in + keyword blend (offline fallback -- NOT real FinBERT sentiment)
2018-06-01,-0.0001602351665496826,AAPL,synthetic (offline fallback),local untrained BERT stand-in + keyword blend (offline fallback -- NOT real FinBERT sentiment)
2018-06-04,-0.0001602351665496826,AAPL,synthetic (offline fallback),local untrained BERT stand-in + keyword blend (offline fallback -- NOT real FinBERT sentiment)
2018-06-05,-0.4251551054418087,AAPL,synthetic (offline fallback),local untrained BERT stand-in + keyword blend (offline fallback -- NOT real FinBERT sentiment)
2018-06-06,-0.5668226967255275,AAPL,synthetic (offline fallback),local untrained BERT stand-in + keyword blend (offline fallback -- NOT real FinBERT sentiment)
2018-06-07,-0.8501530960202217,AAPL,synthetic (offline fallback),local untrained BERT stand-in + keyword blend (offline fallback -- NOT real FinBERT sentiment)
2018-06-08,-0.8501530960202217,AAPL,synthetic (offline fallback),local untrained BERT stand-in + keyword blend (offline fallback -- NOT real FinBERT sentiment)
2018-06-11,-0.00015610903501513582,AAPL,synthetic (offline fallback),local untrained BERT stand-in + keyword blend (offline fallback -- NOT real FinBERT sentiment)
2018-06-12,-0.00015753060579299925,AAPL,synthetic (offline fallback),local untrained BERT stand-in + keyword blend (offline fallback -- NOT real FinBERT sentiment)
2018-06-13,-0.8501558005809784,AAPL,synthetic (offline fallback),local untrained BERT stand-in + keyword blend (offline fallback -- NOT real FinBERT sentiment)
2018-06-14,-0.28349169840415317,AAPL,synthetic (offline fallback),local untrained BERT stand-in + keyword blend (offline fallback -- NOT real FinBERT sentiment)
2018-06-15,-0.283489649494489,AAPL,synthetic (offline fallback),local untrained BERT stand-in + keyword blend (offline fallback -- NOT real FinBERT sentiment)
2018-06-18,0.42484612613916395,AAPL,synthetic (offline fallback),local untrained BERT stand-in + keyword blend (offline fallback -- NOT real FinBERT sentiment)
2018-06-19,-0.42515443712472917,AAPL,synthetic (offline fallback),local untrained BERT stand-in + keyword blend (offline fallback -- NOT real FinBERT sentiment)
2018-06-20,-0.00015307366847991944,AAPL,synthetic (offline fallback),local untrained BERT stand-in + keyword blend (offline fallback -- NOT real FinBERT sentiment)
2018-06-21,-0.00015307366847991944,AAPL,synthetic (offline fallback),local untrained BERT stand-in + keyword blend (offline fallback -- NOT real FinBERT sentiment)
2018-06-22,-0.42515801787376406,AAPL,synthetic (offline fallback),local untrained BERT stand-in + keyword blend (offline fallback -- NOT real FinBERT sentiment)
2018-06-25,0.2831776817639669,AAPL,synthetic (offline fallback),local untrained BERT stand-in + keyword blend (offline fallback -- NOT real FinBERT sentiment)
2018-06-26,-0.00015307366847991944,AAPL,synthetic (offline fallback),local untrained BERT stand-in + keyword blend (offline fallback -- NOT real FinBERT sentiment)
2018-06-27,-0.0001537710428237989,AAPL,synthetic (offline fallback),local untrained BERT stand-in + keyword blend (offline fallback -- NOT real FinBERT sentiment)
2018-06-28,0.849845091253519,AAPL,synthetic (offline fallback),local untrained BERT stand-in + keyword blend (offline fallback -- NOT real FinBERT sentiment)
2018-06-29,-0.00015753060579299925,AAPL,synthetic (offline fallback),local untrained BERT stand-in + keyword blend (offline fallback -- NOT real FinBERT sentiment)
2018-07-02,0.849844615161419,AAPL,synthetic (offline fallback),local untrained BERT stand-in + keyword blend (offline fallback -- NOT real FinBERT sentiment)
2018-07-03,-0.00015988200902938843,AAPL,synthetic (offline fallback),local untrained BERT stand-in + keyword blend (offline fallback -- NOT real FinBERT sentiment)
2018-07-04,-0.8501530960202217,AAPL,synthetic (offline fallback),local untrained BERT stand-in + keyword blend (offline fallback -- NOT real FinBERT sentiment)
2018-07-05,-0.8501571372151374,AAPL,synthetic (offline fallback),local untrained BERT stand-in + keyword blend (offline fallback -- NOT real FinBERT sentiment)
2018-07-06,0.8498453259468078,AAPL,synthetic (offline fallback),local untrained BERT stand-in + keyword blend (offline fallback -- NOT real FinBERT sentiment)
2018-07-09,0.8498378425836562,AAPL,synthetic (offline fallback),local untrained BERT stand-in + keyword blend (offline fallback -- NOT real FinBERT sentiment)
2018-07-10,0.8498451694846153,AAPL,synthetic (offline fallback),local untrained BERT stand-in + keyword blend (offline fallback -- NOT real FinBERT sentiment)
2018-07-11,0.8498448565602302,AAPL,synthetic (offline fallback),local untrained BERT stand-in + keyword blend (offline fallback -- NOT real FinBERT sentiment)
2018-07-12,0.8498448520898819,AAPL,synthetic (offline fallback),local untrained BERT stand-in + keyword blend (offline fallback -- NOT real FinBERT sentiment)
2018-07-13,-0.0001602351665496826,AAPL,synthetic (offline fallback),local untrained BERT stand-in + keyword blend (offline fallback -- NOT real FinBERT sentiment)
2018-07-16,0.8498378425836562,AAPL,synthetic (offline fallback),local untrained BERT stand-in + keyword blend (offline fallback -- NOT real FinBERT sentiment)
2018-07-17,0.5665051500002543,AAPL,synthetic (offline fallback),local untrained BERT stand-in + keyword blend (offline fallback -- NOT real FinBERT sentiment)
2018-07-18,-0.00016223341226577758,AAPL,synthetic (offline fallback),local untrained BERT stand-in + keyword blend (offline fallback -- NOT real FinBERT sentiment)
2018-07-19,-0.8501558005809784,AAPL,synthetic (offline fallback),local untrained BERT stand-in + keyword blend (offline fallback -- NOT real FinBERT sentiment)
2018-07-20,-0.28349079688390094,AAPL,synthetic (offline fallback),local untrained BERT stand-in + keyword blend (offline fallback -- NOT real FinBERT sentiment)
2018-07-23,-0.5668240437904993,AAPL,synthetic (offline fallback),local untrained BERT stand-in + keyword blend (offline fallback -- NOT real FinBERT sentiment)
2018-07-24,0.8498448565602302,AAPL,synthetic (offline fallback),local untrained BERT stand-in + keyword blend (offline fallback -- NOT real FinBERT sentiment)
2018-07-25,-0.5668247098724047,AAPL,synthetic (offline fallback),local untrained BERT stand-in + keyword blend (offline fallback -- NOT real FinBERT sentiment)
2018-07-26,0.28317659844954807,AAPL,synthetic (offline fallback),local untrained BERT stand-in + keyword blend (offline fallback -- NOT real FinBERT sentiment)
2018-07-27,0.28317669083674746,AAPL,synthetic (offline fallback),local untrained BERT stand-in + keyword blend (offline fallback -- NOT real FinBERT sentiment)
2018-07-30,-0.5668225879470508,AAPL,synthetic (offline fallback),local untrained BERT stand-in + keyword blend (offline fallback -- NOT real FinBERT sentiment)
2018-07-31,0.42483880370855326,AAPL,synthetic (offline fallback),local untrained BERT stand-in + keyword blend (offline fallback -- NOT real FinBERT sentiment)
2018-08-01,0.8498443737626076,AAPL,synthetic (offline fallback),local untrained BERT stand-in + keyword blend (offline fallback -- NOT real FinBERT sentiment)
2018-08-02,0.8498443737626076,AAPL,synthetic (offline fallback),local untrained BERT stand-in + keyword blend (offline fallback -- NOT real FinBERT sentiment)
2018-08-03,-0.8501530960202217,AAPL,synthetic (offline fallback),local untrained BERT stand-in + keyword blend (offline fallback -- NOT real FinBERT sentiment)
2018-08-06,-0.8501557901501654,AAPL,synthetic (offline fallback),local untrained BERT stand-in + keyword blend (offline fallback -- NOT real FinBERT sentiment)
2018-08-07,-0.00015753060579299925,AAPL,synthetic (offline fallback),local untrained BERT stand-in + keyword blend (offline fallback -- NOT real FinBERT sentiment)
2018-08-08,0.8498443737626076,AAPL,synthetic (offline fallback),local untrained BERT stand-in + keyword blend (offline fallback -- NOT real FinBERT sentiment)
2018-08-09,-0.42515901699662206,AAPL,synthetic (offline fallback),local untrained BERT stand-in + keyword blend (offline fallback -- NOT real FinBERT sentiment)
2018-08-10,0.849844615161419,AAPL,synthetic (offline fallback),local untrained BERT stand-in + keyword blend (offline fallback -- NOT real FinBERT sentiment)
2018-08-13,-0.00016223341226577758,AAPL,synthetic (offline fallback),local untrained BERT stand-in + keyword blend (offline fallback -- NOT real FinBERT sentiment)
2018-08-14,-0.8501558005809784,AAPL,synthetic (offline fallback),local untrained BERT stand-in + keyword blend (offline fallback -- NOT real FinBERT sentiment)
2018-08-15,0.42484154626727105,AAPL,synthetic (offline fallback),local untrained BERT stand-in + keyword blend (offline fallback -- NOT real FinBERT sentiment)
2018-08-16,-0.00015753060579299925,AAPL,synthetic (offline fallback),local untrained BERT stand-in + keyword blend (offline fallback -- NOT real FinBERT sentiment)
2018-08-17,0.8498453259468078,AAPL,synthetic (offline fallback),local untrained BERT stand-in + keyword blend (offline fallback -- NOT real FinBERT sentiment)
2018-08-20,-0.8501530960202217,AAPL,synthetic (offline fallback),local untrained BERT stand-in + keyword blend (offline fallback -- NOT real FinBERT sentiment)
2018-08-21,-0.0001576267182827329,AAPL,synthetic (offline fallback),local untrained BERT stand-in + keyword blend (offline fallback -- NOT real FinBERT sentiment)
2018-08-22,0.849845091253519,AAPL,synthetic (offline fallback),local untrained BERT stand-in + keyword blend (offline fallback -- NOT real FinBERT sentiment)
2018-08-23,0.8498443737626076,AAPL,synthetic (offline fallback),local untrained BERT stand-in + keyword blend (offline fallback -- NOT real FinBERT sentiment)
2018-08-24,0.42483780458569526,AAPL,synthetic (offline fallback),local untrained BERT stand-in + keyword blend (offline fallback -- NOT real FinBERT sentiment)
2018-08-27,-0.28348801334699,AAPL,synthetic (offline fallback),local untrained BERT stand-in + keyword blend (offline fallback -- NOT real FinBERT sentiment)
2018-08-28,-0.2834881742795308,AAPL,synthetic (offline fallback),local untrained BERT stand-in + keyword blend (offline fallback -- NOT real FinBERT sentiment)
2018-08-29,-0.28349079688390094,AAPL,synthetic (offline fallback),local untrained BERT stand-in + keyword blend (offline fallback -- NOT real FinBERT sentiment)
2018-08-30,0.8498378425836562,AAPL,synthetic (offline fallback),local untrained BERT stand-in + keyword blend (offline fallback -- NOT real FinBERT sentiment)
2018-08-31,-0.00016223341226577758,AAPL,synthetic (offline fallback),local untrained BERT stand-in + keyword blend (offline fallback -- NOT real FinBERT sentiment)
2018-09-03,0.8498448498547078,AAPL,synthetic (offline fallback),local untrained BERT stand-in + keyword blend (offline fallback -- NOT real FinBERT sentiment)
2018-09-04,0.8498378425836562,AAPL,synthetic (offline fallback),local untrained BERT stand-in + keyword blend (offline fallback -- NOT real FinBERT sentiment)
2018-09-05,0.8498378425836562,AAPL,synthetic (offline fallback),local untrained BERT stand-in + keyword blend (offline fallback -- NOT real FinBERT sentiment)
2018-09-06,-0.00015734881162643433,AAPL,synthetic (offline fallback),local untrained BERT stand-in + keyword blend (offline fallback -- NOT real FinBERT sentiment)
2018-09-07,-0.28349275638659793,AAPL,synthetic (offline fallback),local untrained BERT stand-in + keyword blend (offline fallback -- NOT real FinBERT sentiment)
2018-09-10,0.8498453259468078,AAPL,synthetic (offline fallback),local untrained BERT stand-in + keyword blend (offline fallback -- NOT real FinBERT sentiment)
2018-09-11,-0.8501558005809784,AAPL,synthetic (offline fallback),local untrained BERT stand-in + keyword blend (offline fallback -- NOT real FinBERT sentiment)
2018-09-12,-0.00015897899866107457,AAPL,synthetic (offline fallback),local untrained BERT stand-in + keyword blend (offline fallback -- NOT real FinBERT sentiment)
2018-09-13,-0.8501571372151374,AAPL,synthetic (offline fallback),local untrained BERT stand-in + keyword blend (offline fallback -- NOT real FinBERT sentiment)
2018-09-14,0.849841584265232,AAPL,synthetic (offline fallback),local untrained BERT stand-in + keyword blend (offline fallback -- NOT real FinBERT sentiment)
2018-09-17,0.28317808409531914,AAPL,synthetic (offline fallback),local untrained BERT stand-in + keyword blend (offline fallback -- NOT real FinBERT sentiment)
2018-09-18,-0.8501530960202217,AAPL,synthetic (offline fallback),local untrained BERT stand-in + keyword blend (offline fallback -- NOT real FinBERT sentiment)
2018-09-19,-0.00015682429075240348,AAPL,synthetic (offline fallback),local untrained BERT stand-in + keyword blend (offline fallback -- NOT real FinBERT sentiment)
2018-09-20,0.8498378425836562,AAPL,synthetic (offline fallback),local untrained BERT stand-in + keyword blend (offline fallback -- NOT real FinBERT sentiment)
2018-09-21,0.4248401559889316,AAPL,synthetic (offline fallback),local untrained BERT stand-in + keyword blend (offline fallback -- NOT real FinBERT sentiment)
2018-09-24,0.42484231069684025,AAPL,synthetic (offline fallback),local untrained BERT stand-in + keyword blend (offline fallback -- NOT real FinBERT sentiment)
2018-09-25,0.42484342157840727,AAPL,synthetic (offline fallback),local untrained BERT stand-in + keyword blend (offline fallback -- NOT real FinBERT sentiment)
2018-09-26,0.28317669083674746,AAPL,synthetic (offline fallback),local untrained BERT stand-in + keyword blend (offline fallback -- NOT real FinBERT sentiment)
2018-09-27,-0.425156144797802,AAPL,synthetic (offline fallback),local untrained BERT stand-in + keyword blend (offline fallback -- NOT real FinBERT sentiment)
2018-09-28,-0.8501558005809784,AAPL,synthetic (offline fallback),local untrained BERT stand-in + keyword blend (offline fallback -- NOT real FinBERT sentiment)
2018-10-01,-0.8501551166176795,AAPL,synthetic (offline fallback),local untrained BERT stand-in + keyword blend (offline fallback -- NOT real FinBERT sentiment)
2018-10-02,-0.4251551054418087,AAPL,synthetic (offline fallback),local untrained BERT stand-in + keyword blend (offline fallback -- NOT real FinBERT sentiment)
2018-10-03,-0.0001602351665496826,AAPL,synthetic (offline fallback),local untrained BERT stand-in + keyword blend (offline fallback -- NOT real FinBERT sentiment)
2018-10-04,0.28317847450574235,AAPL,synthetic (offline fallback),local untrained BERT stand-in + keyword blend (offline fallback -- NOT real FinBERT sentiment)
2018-10-05,-0.42515849620103835,AAPL,synthetic (offline fallback),local untrained BERT stand-in + keyword blend (offline fallback -- NOT real FinBERT sentiment)
2018-10-08,0.2831754719217618,AAPL,synthetic (offline fallback),local untrained BERT stand-in + keyword blend (offline fallback -- NOT real FinBERT sentiment)
2018-10-09,-0.8501549974083901,AAPL,synthetic (offline fallback),local untrained BERT stand-in + keyword blend (offline fallback -- NOT real FinBERT sentiment)
2018-10-10,-0.00015307366847991944,AAPL,synthetic (offline fallback),local untrained BERT stand-in + keyword blend (offline fallback -- NOT real FinBERT sentiment)
2018-10-11,0.8498453259468078,AAPL,synthetic (offline fallback),local untrained BERT stand-in + keyword blend (offline fallback -- NOT real FinBERT sentiment)
2018-10-12,0.4248436629772186,AAPL,synthetic (offline fallback),local untrained BERT stand-in + keyword blend (offline fallback -- NOT real FinBERT sentiment)
2018-10-15,-0.00015530213713645935,AAPL,synthetic (offline fallback),local untrained BERT stand-in + keyword blend (offline fallback -- NOT real FinBERT sentiment)
2018-10-16,-0.00015964731574058533,AAPL,synthetic (offline fallback),local untrained BERT stand-in + keyword blend (offline fallback -- NOT real FinBERT sentiment)
2018-10-17,-0.00015471652150156334,AAPL,synthetic (offline fallback),local untrained BERT stand-in + keyword blend (offline fallback -- NOT real FinBERT sentiment)
2018-10-18,0.28317871143420537,AAPL,synthetic (offline fallback),local untrained BERT stand-in + keyword blend (offline fallback -- NOT real FinBERT sentiment)
2018-10-19,-0.00015909820795059204,AAPL,synthetic (offline fallback),local untrained BERT stand-in + keyword blend (offline fallback -- NOT real FinBERT sentiment)
2018-10-22,-0.0001563817262649203,AAPL,synthetic (offline fallback),local untrained BERT stand-in + keyword blend (offline fallback -- NOT real FinBERT sentiment)
2018-10-23,-0.4251553133130074,AAPL,synthetic (offline fallback),local untrained BERT stand-in + keyword blend (offline fallback -- NOT real FinBERT sentiment)
2018-10-24,-0.42515849620103835,AAPL,synthetic (offline fallback),local untrained BERT stand-in + keyword blend (offline fallback -- NOT real FinBERT sentiment)
2018-10-25,0.849845091253519,AAPL,synthetic (offline fallback),local untrained BERT stand-in + keyword blend (offline fallback -- NOT real FinBERT sentiment)
2018-10-26,-0.00016223341226577758,AAPL,synthetic (offline fallback),local untrained BERT stand-in + keyword blend (offline fallback -- NOT real FinBERT sentiment)
2018-10-29,-0.00016223341226577758,AAPL,synthetic (offline fallback),local untrained BERT stand-in + keyword blend (offline fallback -- NOT real FinBERT sentiment)
2018-10-30,-0.00015988200902938843,AAPL,synthetic (offline fallback),local untrained BERT stand-in + keyword blend (offline fallback -- NOT real FinBERT sentiment)
2018-10-31,-0.2834888016184171,AAPL,synthetic (offline fallback),local untrained BERT stand-in + keyword blend (offline fallback -- NOT real FinBERT sentiment)
2018-11-01,-0.8501558005809784,AAPL,synthetic (offline fallback),local untrained BERT stand-in + keyword blend (offline fallback -- NOT real FinBERT sentiment)
2018-11-02,-0.00015722066164016723,AAPL,synthetic (offline fallback),local untrained BERT stand-in + keyword blend (offline fallback -- NOT real FinBERT sentiment)
2018-11-05,0.28317799617846806,AAPL,synthetic (offline fallback),local untrained BERT stand-in + keyword blend (offline fallback -- NOT real FinBERT sentiment)
2018-11-06,-0.8501530960202217,AAPL,synthetic (offline fallback),local untrained BERT stand-in + keyword blend (offline fallback -- NOT real FinBERT sentiment)
2018-11-07,-0.2834893857439359,AAPL,synthetic (offline fallback),local untrained BERT stand-in + keyword blend (offline fallback -- NOT real FinBERT sentiment)
2018-11-08,-0.00016223341226577758,AAPL,synthetic (offline fallback),local untrained BERT stand-in + keyword blend (offline fallback -- NOT real FinBERT sentiment)
2018-11-09,-0.00015471652150156334,AAPL,synthetic (offline fallback),local untrained BERT stand-in + keyword blend (offline fallback -- NOT real FinBERT sentiment)
2018-11-12,-0.00015541762113571166,AAPL,synthetic (offline fallback),local untrained BERT stand-in + keyword blend (offline fallback -- NOT real FinBERT sentiment)
2018-11-13,-0.42515733391046523,AAPL,synthetic (offline fallback),local untrained BERT stand-in + keyword blend (offline fallback -- NOT real FinBERT sentiment)
2018-11-14,-0.2834913512070974,AAPL,synthetic (offline fallback),local untrained BERT stand-in + keyword blend (offline fallback -- NOT real FinBERT sentiment)
2018-11-15,0.8498443737626076,AAPL,synthetic (offline fallback),local untrained BERT stand-in + keyword blend (offline fallback -- NOT real FinBERT sentiment)
2018-11-16,-0.8501558005809784,AAPL,synthetic (offline fallback),local untrained BERT stand-in + keyword blend (offline fallback -- NOT real FinBERT sentiment)
2018-11-19,-0.4251596853137016,AAPL,synthetic (offline fallback),local untrained BERT stand-in + keyword blend (offline fallback -- NOT real FinBERT sentiment)
2018-11-20,0.28317855050166446,AAPL,synthetic (offline fallback),local untrained BERT stand-in + keyword blend (offline fallback -- NOT real FinBERT sentiment)
2018-11-21,-0.8501571372151374,AAPL,synthetic (offline fallback),local untrained BERT stand-in + keyword blend (offline fallback -- NOT real FinBERT sentiment)
2018-11-22,-0.8501571372151374,AAPL,synthetic (offline fallback),local untrained BERT stand-in + keyword blend (offline fallback -- NOT real FinBERT sentiment)
2018-11-23,-0.0001581713557243051,AAPL,synthetic (offline fallback),local untrained BERT stand-in + keyword blend (offline fallback -- NOT real FinBERT sentiment)
2018-11-26,-0.4251596853137016,AAPL,synthetic (offline fallback),local untrained BERT stand-in + keyword blend (offline fallback -- NOT real FinBERT sentiment)
2018-11-27,-0.8501539275050163,AAPL,synthetic (offline fallback),local untrained BERT stand-in + keyword blend (offline fallback -- NOT real FinBERT sentiment)
2018-11-28,-0.42515749707818035,AAPL,synthetic (offline fallback),local untrained BERT stand-in + keyword blend (offline fallback -- NOT real FinBERT sentiment)
2018-11-29,0.4248436629772186,AAPL,synthetic (offline fallback),local untrained BERT stand-in + keyword blend (offline fallback -- NOT real FinBERT sentiment)
2018-11-30,-0.5668203095595042,AAPL,synthetic (offline fallback),local untrained BERT stand-in + keyword blend (offline fallback -- NOT real FinBERT sentiment)
2018-12-03,-0.4251553133130074,AAPL,synthetic (offline fallback),local untrained BERT stand-in + keyword blend (offline fallback -- NOT real FinBERT sentiment)
2018-12-04,0.5665118912855784,AAPL,synthetic (offline fallback),local untrained BERT stand-in + keyword blend (offline fallback -- NOT real FinBERT sentiment)
2018-12-05,-0.0001602351665496826,AAPL,synthetic (offline fallback),local untrained BERT stand-in + keyword blend (offline fallback -- NOT real FinBERT sentiment)
2018-12-06,-0.8501571372151374,AAPL,synthetic (offline fallback),local untrained BERT stand-in + keyword blend (offline fallback -- NOT real FinBERT sentiment)
2018-12-07,-0.00015665441751480102,AAPL,synthetic (offline fallback),local untrained BERT stand-in + keyword blend (offline fallback -- NOT real FinBERT sentiment)
2018-12-10,0.42484342157840727,AAPL,synthetic (offline fallback),local untrained BERT stand-in + keyword blend (offline fallback -- NOT real FinBERT sentiment)
2018-12-11,-0.0001602351665496826,AAPL,synthetic (offline fallback),local untrained BERT stand-in + keyword blend (offline fallback -- NOT real FinBERT sentiment)
2018-12-12,0.2831765343745549,AAPL,synthetic (offline fallback),local untrained BERT stand-in + keyword blend (offline fallback -- NOT real FinBERT sentiment)
2018-12-13,-0.5668235982457797,AAPL,synthetic (offline fallback),local untrained BERT stand-in + keyword blend (offline fallback -- NOT real FinBERT sentiment)
2018-12-14,-0.5668239171306292,AAPL,synthetic (offline fallback),local untrained BERT stand-in + keyword blend (offline fallback -- NOT real FinBERT sentiment)
2018-12-17,-0.0001602351665496826,AAPL,synthetic (offline fallback),local untrained BERT stand-in + keyword blend (offline fallback -- NOT real FinBERT sentiment)
2018-12-18,-0.5668197552363078,AAPL,synthetic (offline fallback),local untrained BERT stand-in + keyword blend (offline fallback -- NOT real FinBERT sentiment)
2018-12-19,-0.425156144797802,AAPL,synthetic (offline fallback),local untrained BERT stand-in + keyword blend (offline fallback -- NOT real FinBERT sentiment)
2018-12-20,-0.8501559481024742,AAPL,synthetic (offline fallback),local untrained BERT stand-in + keyword blend (offline fallback -- NOT real FinBERT sentiment)
2018-12-21,-0.5668221424023311,AAPL,synthetic (offline fallback),local untrained BERT stand-in + keyword blend (offline fallback -- NOT real FinBERT sentiment)
2018-12-24,-0.8501552797853946,AAPL,synthetic (offline fallback),local untrained BERT stand-in + keyword blend (offline fallback -- NOT real FinBERT sentiment)
2018-12-25,0.8498448565602302,AAPL,synthetic (offline fallback),local untrained BERT stand-in + keyword blend (offline fallback -- NOT real FinBERT sentiment)
2018-12-26,-0.00016223341226577758,AAPL,synthetic (offline fallback),local untrained BERT stand-in + keyword blend (offline fallback -- NOT real FinBERT sentiment)
2018-12-27,-0.8501558005809784,AAPL,synthetic (offline fallback),local untrained BERT stand-in + keyword blend (offline fallback -- NOT real FinBERT sentiment)
2018-12-28,-0.8501530960202217,AAPL,synthetic (offline fallback),local untrained BERT stand-in + keyword blend (offline fallback -- NOT real FinBERT sentiment)
2018-12-31,-0.8501548990607262,AAPL,synthetic (offline fallback),local untrained BERT stand-in + keyword blend (offline fallback -- NOT real FinBERT sentiment)
2019-01-01,-0.00015393197536469247,AAPL,synthetic (offline fallback),local untrained BERT stand-in + keyword blend (offline fallback -- NOT real FinBERT sentiment)
2019-01-02,-0.00016223341226577758,AAPL,synthetic (offline fallback),local untrained BERT stand-in + keyword blend (offline fallback -- NOT real FinBERT sentiment)
2019-01-03,0.4248410701751709,AAPL,synthetic (offline fallback),local untrained BERT stand-in + keyword blend (offline fallback -- NOT real FinBERT sentiment)
2019-01-04,-0.42515391632914545,AAPL,synthetic (offline fallback),local untrained BERT stand-in + keyword blend (offline fallback -- NOT real FinBERT sentiment)
2019-01-07,-0.42515749707818035,AAPL,synthetic (offline fallback),local untrained BERT stand-in + keyword blend (offline fallback -- NOT real FinBERT sentiment)
2019-01-08,-0.00015565454959872346,AAPL,synthetic (offline fallback),local untrained BERT stand-in + keyword blend (offline fallback -- NOT real FinBERT sentiment)
2019-01-09,0.8498443737626076,AAPL,synthetic (offline fallback),local untrained BERT stand-in + keyword blend (offline fallback -- NOT real FinBERT sentiment)
2019-01-10,0.8498443737626076,AAPL,synthetic (offline fallback),local untrained BERT stand-in + keyword blend (offline fallback -- NOT real FinBERT sentiment)
2019-01-11,-0.42515868619084357,AAPL,synthetic (offline fallback),local untrained BERT stand-in + keyword blend (offline fallback -- NOT real FinBERT sentiment)
2019-01-14,-0.2834885676701864,AAPL,synthetic (offline fallback),local untrained BERT stand-in + keyword blend (offline fallback -- NOT real FinBERT sentiment)
2019-01-15,-0.0001602351665496826,AAPL,synthetic (offline fallback),local untrained BERT stand-in + keyword blend (offline fallback -- NOT real FinBERT sentiment)
2019-01-16,-0.2834911887844404,AAPL,synthetic (offline fallback),local untrained BERT stand-in + keyword blend (offline fallback -- NOT real FinBERT sentiment)
2019-01-17,-0.00015411972999573864,AAPL,synthetic (offline fallback),local untrained BERT stand-in + keyword blend (offline fallback -- NOT real FinBERT sentiment)
2019-01-18,-0.2834888567527135,AAPL,synthetic (offline fallback),local untrained BERT stand-in + keyword blend (offline fallback -- NOT real FinBERT sentiment)
2019-01-21,-0.00015888288617134093,AAPL,synthetic (offline fallback),local untrained BERT stand-in + keyword blend (offline fallback -- NOT real FinBERT sentiment)
2019-01-22,-0.0001552790403365941,AAPL,synthetic (offline fallback),local untrained BERT stand-in + keyword blend (offline fallback -- NOT real FinBERT sentiment)
2019-01-23,-0.0001576267182827329,AAPL,synthetic (offline fallback),local untrained BERT stand-in + keyword blend (offline fallback -- NOT real FinBERT sentiment)
2019-01-24,-0.00016223341226577758,AAPL,synthetic (offline fallback),local untrained BERT stand-in + keyword blend (offline fallback -- NOT real FinBERT sentiment)
2019-01-25,-0.5668216566244761,AAPL,synthetic (offline fallback),local untrained BERT stand-in + keyword blend (offline fallback -- NOT real FinBERT sentiment)
2019-01-28,-0.00016223341226577758,AAPL,synthetic (offline fallback),local untrained BERT stand-in + keyword blend (offline fallback -- NOT real FinBERT sentiment)
2019-01-29,-0.2834900041421255,AAPL,synthetic (offline fallback),local untrained BERT stand-in + keyword blend (offline fallback -- NOT real FinBERT sentiment)
2019-01-30,0.8498443737626076,AAPL,synthetic (offline fallback),local untrained BERT stand-in + keyword blend (offline fallback -- NOT real FinBERT sentiment)
2019-01-31,0.5665098751584688,AAPL,synthetic (offline fallback),local untrained BERT stand-in + keyword blend (offline fallback -- NOT real FinBERT sentiment)
2019-02-01,-0.00016223341226577758,AAPL,synthetic (offline fallback),local untrained BERT stand-in + keyword blend (offline fallback -- NOT real FinBERT sentiment)
2019-02-04,0.28317780991395314,AAPL,synthetic (offline fallback),local untrained BERT stand-in + keyword blend (offline fallback -- NOT real FinBERT sentiment)
2019-02-05,0.5665118912855784,AAPL,synthetic (offline fallback),local untrained BERT stand-in + keyword blend (offline fallback -- NOT real FinBERT sentiment)
2019-02-06,-0.00015571340918540955,AAPL,synthetic (offline fallback),local untrained BERT stand-in + keyword blend (offline fallback -- NOT real FinBERT sentiment)
2019-02-07,-0.5668243909875552,AAPL,synthetic (offline fallback),local untrained BERT stand-in + keyword blend (offline fallback -- NOT real FinBERT sentiment)
2019-02-08,-0.00015411972999573864,AAPL,synthetic (offline fallback),local untrained BERT stand-in + keyword blend (offline fallback -- NOT real FinBERT sentiment)
2019-02-11,-0.4251566655933857,AAPL,synthetic (offline fallback),local untrained BERT stand-in + keyword blend (offline fallback -- NOT real FinBERT sentiment)
2019-02-12,-0.00015307366847991944,AAPL,synthetic (offline fallback),local untrained BERT stand-in + keyword blend (offline fallback -- NOT real FinBERT sentiment)
2019-02-13,-0.0001591801643371582,AAPL,synthetic (offline fallback),local untrained BERT stand-in + keyword blend (offline fallback -- NOT real FinBERT sentiment)
2019-02-14,-0.5668242643276851,AAPL,synthetic (offline fallback),local untrained BERT stand-in + keyword blend (offline fallback -- NOT real FinBERT sentiment)
2019-02-15,-0.00015388503670693554,AAPL,synthetic (offline fallback),local untrained BERT stand-in + keyword blend (offline fallback -- NOT real FinBERT sentiment)
2019-02-18,0.42484238445758815,AAPL,synthetic (offline fallback),local untrained BERT stand-in + keyword blend (offline fallback -- NOT real FinBERT sentiment)
2019-02-19,-0.00015665441751480102,AAPL,synthetic (offline fallback),local untrained BERT stand-in + keyword blend (offline fallback -- NOT real FinBERT sentiment)
2019-02-20,-0.28348776151736577,AAPL,synthetic (offline fallback),local untrained BERT stand-in + keyword blend (offline fallback -- NOT real FinBERT sentiment)
2019-02-21,0.8498448565602302,AAPL,synthetic (offline fallback),local untrained BERT stand-in + keyword blend (offline fallback -- NOT real FinBERT sentiment)
2019-02-22,-0.8501530960202217,AAPL,synthetic (offline fallback),local untrained BERT stand-in + keyword blend (offline fallback -- NOT real FinBERT sentiment)
2019-02-25,0.8498453259468078,AAPL,synthetic (offline fallback),local untrained BERT stand-in + keyword blend (offline fallback -- NOT real FinBERT sentiment)
2019-02-26,-0.8501530960202217,AAPL,synthetic (offline fallback),local untrained BERT stand-in + keyword blend (offline fallback -- NOT real FinBERT sentiment)
2019-02-27,-0.2834895213445027,AAPL,synthetic (offline fallback),local untrained BERT stand-in + keyword blend (offline fallback -- NOT real FinBERT sentiment)
2019-02-28,-0.0001602351665496826,AAPL,synthetic (offline fallback),local untrained BERT stand-in + keyword blend (offline fallback -- NOT real FinBERT sentiment)
2019-03-01,-0.850154758989811,AAPL,synthetic (offline fallback),local untrained BERT stand-in + keyword blend (offline fallback -- NOT real FinBERT sentiment)
2019-03-04,-0.0001575946807861698,AAPL,synthetic (offline fallback),local untrained BERT stand-in + keyword blend (offline fallback -- NOT real FinBERT sentiment)
2019-03-05,-0.850154758989811,AAPL,synthetic (offline fallback),local untrained BERT stand-in + keyword blend (offline fallback -- NOT real FinBERT sentiment)
2019-03-06,-0.00015897899866107457,AAPL,synthetic (offline fallback),local untrained BERT stand-in + keyword blend (offline fallback -- NOT real FinBERT sentiment)
2019-03-07,-0.8501545518636703,AAPL,synthetic (offline fallback),local untrained BERT stand-in + keyword blend (offline fallback -- NOT real FinBERT sentiment)
2019-03-08,-0.8501544483006,AAPL,synthetic (offline fallback),local untrained BERT stand-in + keyword blend (offline fallback -- NOT real FinBERT sentiment)
2019-03-11,-0.00015631914138793945,AAPL,synthetic (offline fallback),local untrained BERT stand-in + keyword blend (offline fallback -- NOT real FinBERT sentiment)
2019-03-12,-0.00015388503670693554,AAPL,synthetic (offline fallback),local untrained BERT stand-in + keyword blend (offline fallback -- NOT real FinBERT sentiment)
2019-03-13,-0.0001584582030773607,AAPL,synthetic (offline fallback),local untrained BERT stand-in + keyword blend (offline fallback -- NOT real FinBERT sentiment)
2019-03-14,-0.0001584582030773607,AAPL,synthetic (offline fallback),local untrained BERT stand-in + keyword blend (offline fallback -- NOT real FinBERT sentiment)
2019-03-15,0.8498378425836562,AAPL,synthetic (offline fallback),local untrained BERT stand-in + keyword blend (offline fallback -- NOT real FinBERT sentiment)
2019-03-18,-0.850154758989811,AAPL,synthetic (offline fallback),local untrained BERT stand-in + keyword blend (offline fallback -- NOT real FinBERT sentiment)
2019-03-19,-0.00015530213713645935,AAPL,synthetic (offline fallback),local untrained BERT stand-in + keyword blend (offline fallback -- NOT real FinBERT sentiment)
2019-03-20,-0.00015897899866107457,AAPL,synthetic (offline fallback),local untrained BERT stand-in + keyword blend (offline fallback -- NOT real FinBERT sentiment)
2019-03-21,-0.00015888288617134093,AAPL,synthetic (offline fallback),local untrained BERT stand-in + keyword blend (offline fallback -- NOT real FinBERT sentiment)
2019-03-22,0.2831728493173917,AAPL,synthetic (offline fallback),local untrained BERT stand-in + keyword blend (offline fallback -- NOT real FinBERT sentiment)
2019-03-25,-0.0001563817262649203,AAPL,synthetic (offline fallback),local untrained BERT stand-in + keyword blend (offline fallback -- NOT real FinBERT sentiment)
2019-03-26,0.8498453259468078,AAPL,synthetic (offline fallback),local untrained BERT stand-in + keyword blend (offline fallback -- NOT real FinBERT sentiment)
2019-03-27,-0.0001584582030773607,AAPL,synthetic (offline fallback),local untrained BERT stand-in + keyword blend (offline fallback -- NOT real FinBERT sentiment)
2019-03-28,0.8498451694846153,AAPL,synthetic (offline fallback),local untrained BERT stand-in + keyword blend (offline fallback -- NOT real FinBERT sentiment)
2019-03-29,-0.850154758989811,AAPL,synthetic (offline fallback),local untrained BERT stand-in + keyword blend (offline fallback -- NOT real FinBERT sentiment)
2019-04-01,0.8498378425836562,AAPL,synthetic (offline fallback),local untrained BERT stand-in + keyword blend (offline fallback -- NOT real FinBERT sentiment)
2019-04-02,0.8498448498547078,AAPL,synthetic (offline fallback),local untrained BERT stand-in + keyword blend (offline fallback -- NOT real FinBERT sentiment)
2019-04-03,0.4248456500470638,AAPL,synthetic (offline fallback),local untrained BERT stand-in + keyword blend (offline fallback -- NOT real FinBERT sentiment)
2019-04-04,-0.8501558005809784,AAPL,synthetic (offline fallback),local untrained BERT stand-in + keyword blend (offline fallback -- NOT real FinBERT sentiment)
2019-04-05,-0.8501558005809784,AAPL,synthetic (offline fallback),local untrained BERT stand-in + keyword blend (offline fallback -- NOT real FinBERT sentiment)
2019-04-08,-0.8501559481024742,AAPL,synthetic (offline fallback),local untrained BERT stand-in + keyword blend (offline fallback -- NOT real FinBERT sentiment)
2019-04-09,-0.8501554533839225,AAPL,synthetic (offline fallback),local untrained BERT stand-in + keyword blend (offline fallback -- NOT real FinBERT sentiment)
2019-04-10,-0.0001602351665496826,AAPL,synthetic (offline fallback),local untrained BERT stand-in + keyword blend (offline fallback -- NOT real FinBERT sentiment)
2019-04-11,-0.0001602351665496826,AAPL,synthetic (offline fallback),local untrained BERT stand-in + keyword blend (offline fallback -- NOT real FinBERT sentiment)
2019-04-12,-0.0001612342894077301,AAPL,synthetic (offline fallback),local untrained BERT stand-in + keyword blend (offline fallback -- NOT real FinBERT sentiment)
2019-04-15,0.42484254539012906,AAPL,synthetic (offline fallback),local untrained BERT stand-in + keyword blend (offline fallback -- NOT real FinBERT sentiment)
2019-04-16,-0.2834893559416135,AAPL,synthetic (offline fallback),local untrained BERT stand-in + keyword blend (offline fallback -- NOT real FinBERT sentiment)
2019-04-17,-0.00015307366847991944,AAPL,synthetic (offline fallback),local untrained BERT stand-in + keyword blend (offline fallback -- NOT real FinBERT sentiment)
2019-04-18,-0.28349002202351886,AAPL,synthetic (offline fallback),local untrained BERT stand-in + keyword blend (offline fallback -- NOT real FinBERT sentiment)
2019-04-19,-0.00015393197536469247,AAPL,synthetic (offline fallback),local untrained BERT stand-in + keyword blend (offline fallback -- NOT real FinBERT sentiment)
2019-04-22,0.8498453259468078,AAPL,synthetic (offline fallback),local untrained BERT stand-in + keyword blend (offline fallback -- NOT real FinBERT sentiment)
2019-04-23,-0.00015495121479036644,AAPL,synthetic (offline fallback),local untrained BERT stand-in + keyword blend (offline fallback -- NOT real FinBERT sentiment)
2019-04-24,0.4248401559889316,AAPL,synthetic (offline fallback),local untrained BERT stand-in + keyword blend (offline fallback -- NOT real FinBERT sentiment)
2019-04-25,0.8498448565602302,AAPL,synthetic (offline fallback),local untrained BERT stand-in + keyword blend (offline fallback -- NOT real FinBERT sentiment)
2019-04-26,-0.00015393197536469247,AAPL,synthetic (offline fallback),local untrained BERT stand-in + keyword blend (offline fallback -- NOT real FinBERT sentiment)
2019-04-29,-0.00016223341226577758,AAPL,synthetic (offline fallback),local untrained BERT stand-in + keyword blend (offline fallback -- NOT real FinBERT sentiment)
2019-04-30,-0.00015411972999573864,AAPL,synthetic (offline fallback),local untrained BERT stand-in + keyword blend (offline fallback -- NOT real FinBERT sentiment)
2019-05-01,-0.850154758989811,AAPL,synthetic (offline fallback),local untrained BERT stand-in + keyword blend (offline fallback -- NOT real FinBERT sentiment)
2019-05-02,0.8498425140976905,AAPL,synthetic (offline fallback),local untrained BERT stand-in + keyword blend (offline fallback -- NOT real FinBERT sentiment)
2019-05-03,-0.00016223341226577758,AAPL,synthetic (offline fallback),local untrained BERT stand-in + keyword blend (offline fallback -- NOT real FinBERT sentiment)
2019-05-06,-0.5668241555492083,AAPL,synthetic (offline fallback),local untrained BERT stand-in + keyword blend (offline fallback -- NOT real FinBERT sentiment)
2019-05-07,-0.28349275638659793,AAPL,synthetic (offline fallback),local untrained BERT stand-in + keyword blend (offline fallback -- NOT real FinBERT sentiment)
2019-05-08,0.8498378425836562,AAPL,synthetic (offline fallback),local untrained BERT stand-in + keyword blend (offline fallback -- NOT real FinBERT sentiment)
2019-05-09,-0.8501530960202217,AAPL,synthetic (offline fallback),local untrained BERT stand-in + keyword blend (offline fallback -- NOT real FinBERT sentiment)
2019-05-10,-0.2834885676701864,AAPL,synthetic (offline fallback),local untrained BERT stand-in + keyword blend (offline fallback -- NOT real FinBERT sentiment)
2019-05-13,-0.8501551166176795,AAPL,synthetic (offline fallback),local untrained BERT stand-in + keyword blend (offline fallback -- NOT real FinBERT sentiment)
2019-05-14,-0.8501551166176795,AAPL,synthetic (offline fallback),local untrained BERT stand-in + keyword blend (offline fallback -- NOT real FinBERT sentiment)
2019-05-15,-0.42515749707818035,AAPL,synthetic (offline fallback),local untrained BERT stand-in + keyword blend (offline fallback -- NOT real FinBERT sentiment)
2019-05-16,-0.566823489467303,AAPL,synthetic (offline fallback),local untrained BERT stand-in + keyword blend (offline fallback -- NOT real FinBERT sentiment)
2019-05-17,-0.0001563817262649203,AAPL,synthetic (offline fallback),local untrained BERT stand-in + keyword blend (offline fallback -- NOT real FinBERT sentiment)
2019-05-20,0.8498401805758475,AAPL,synthetic (offline fallback),local untrained BERT stand-in + keyword blend (offline fallback -- NOT real FinBERT sentiment)
2019-05-21,-0.8501558005809784,AAPL,synthetic (offline fallback),local untrained BERT stand-in + keyword blend (offline fallback -- NOT real FinBERT sentiment)
2019-05-22,-0.5668217952052753,AAPL,synthetic (offline fallback),local untrained BERT stand-in + keyword blend (offline fallback -- NOT real FinBERT sentiment)
2019-05-23,0.8498443737626076,AAPL,synthetic (offline fallback),local untrained BERT stand-in + keyword blend (offline fallback -- NOT real FinBERT sentiment)
2019-05-24,-0.42515443712472917,AAPL,synthetic (offline fallback),local untrained BERT stand-in + keyword blend (offline fallback -- NOT real FinBERT sentiment)
2019-05-27,0.8498401805758475,AAPL,synthetic (offline fallback),local untrained BERT stand-in + keyword blend (offline fallback -- NOT real FinBERT sentiment)
2019-05-28,-0.8501557901501654,AAPL,synthetic (offline fallback),local untrained BERT stand-in + keyword blend (offline fallback -- NOT real FinBERT sentiment)
2019-05-29,0.5665076444546381,AAPL,synthetic (offline fallback),local untrained BERT stand-in + keyword blend (offline fallback -- NOT real FinBERT sentiment)
2019-05-30,-0.42515901699662206,AAPL,synthetic (offline fallback),local untrained BERT stand-in + keyword blend (offline fallback -- NOT real FinBERT sentiment)
2019-05-31,0.849844615161419,AAPL,synthetic (offline fallback),local untrained BERT stand-in + keyword blend (offline fallback -- NOT real FinBERT sentiment)
2019-06-03,0.42484254539012906,AAPL,synthetic (offline fallback),local untrained BERT stand-in + keyword blend (offline fallback -- NOT real FinBERT sentiment)
2019-06-04,-0.5668233628074328,AAPL,synthetic (offline fallback),local untrained BERT stand-in + keyword blend (offline fallback -- NOT real FinBERT sentiment)
2019-06-05,-0.2834887286027273,AAPL,synthetic (offline fallback),local untrained BERT stand-in + keyword blend (offline fallback -- NOT real FinBERT sentiment)
2019-06-06,0.8498448565602302,AAPL,synthetic (offline fallback),local untrained BERT stand-in + keyword blend (offline fallback -- NOT real FinBERT sentiment)
2019-06-07,-0.00015909820795059204,AAPL,synthetic (offline fallback),local untrained BERT stand-in + keyword blend (offline fallback -- NOT real FinBERT sentiment)
2019-06-10,-0.42515868619084357,AAPL,synthetic (offline fallback),local untrained BERT stand-in + keyword blend (offline fallback -- NOT real FinBERT sentiment)
2019-06-11,0.42484612613916395,AAPL,synthetic (offline fallback),local untrained BERT stand-in + keyword blend (offline fallback -- NOT real FinBERT sentiment)
2019-06-12,-0.00015388503670693554,AAPL,synthetic (offline fallback),local untrained BERT stand-in + keyword blend (offline fallback -- NOT real FinBERT sentiment)
2019-06-13,0.8498448565602302,AAPL,synthetic (offline fallback),local untrained BERT stand-in + keyword blend (offline fallback -- NOT real FinBERT sentiment)
2019-06-14,-0.8501558005809784,AAPL,synthetic (offline fallback),local untrained BERT stand-in + keyword blend (offline fallback -- NOT real FinBERT sentiment)
2019-06-17,0.8498378425836562,AAPL,synthetic (offline fallback),local untrained BERT stand-in + keyword blend (offline fallback -- NOT real FinBERT sentiment)
2019-06-18,-0.2834895213445027,AAPL,synthetic (offline fallback),local untrained BERT stand-in + keyword blend (offline fallback -- NOT real FinBERT sentiment)
2019-06-19,-0.8501530960202217,AAPL,synthetic (offline fallback),local untrained BERT stand-in + keyword blend (offline fallback -- NOT real FinBERT sentiment)
2019-06-20,-0.42515901699662206,AAPL,synthetic (offline fallback),local untrained BERT stand-in + keyword blend (offline fallback -- NOT real FinBERT sentiment)
2019-06-21,-0.8501571372151374,AAPL,synthetic (offline fallback),local untrained BERT stand-in + keyword blend (offline fallback -- NOT real FinBERT sentiment)
2019-06-24,0.8498443737626076,AAPL,synthetic (offline fallback),local untrained BERT stand-in + keyword blend (offline fallback -- NOT real FinBERT sentiment)
2019-06-25,0.28317855050166446,AAPL,synthetic (offline fallback),local untrained BERT stand-in + keyword blend (offline fallback -- NOT real FinBERT sentiment)
2019-06-26,0.8498378425836562,AAPL,synthetic (offline fallback),local untrained BERT stand-in + keyword blend (offline fallback -- NOT real FinBERT sentiment)
2019-06-27,-0.00015614032745359108,AAPL,synthetic (offline fallback),local untrained BERT stand-in + keyword blend (offline fallback -- NOT real FinBERT sentiment)
2019-06-28,-0.00015888288617134093,AAPL,synthetic (offline fallback),local untrained BERT stand-in + keyword blend (offline fallback -- NOT real FinBERT sentiment)
2019-07-01,-0.42515391632914545,AAPL,synthetic (offline fallback),local untrained BERT stand-in + keyword blend (offline fallback -- NOT real FinBERT sentiment)
2019-07-02,-0.5668226967255275,AAPL,synthetic (offline fallback),local untrained BERT stand-in + keyword blend (offline fallback -- NOT real FinBERT sentiment)
2019-07-03,-0.5668247098724047,AAPL,synthetic (offline fallback),local untrained BERT stand-in + keyword blend (offline fallback -- NOT real FinBERT sentiment)
2019-07-04,-0.0001576267182827329,AAPL,synthetic (offline fallback),local untrained BERT stand-in + keyword blend (offline fallback -- NOT real FinBERT sentiment)
2019-07-05,0.849841584265232,AAPL,synthetic (offline fallback),local untrained BERT stand-in + keyword blend (offline fallback -- NOT real FinBERT sentiment)
2019-07-08,-0.00015448629856111099,AAPL,synthetic (offline fallback),local untrained BERT stand-in + keyword blend (offline fallback -- NOT real FinBERT sentiment)
2019-07-09,-0.00015888288617134093,AAPL,synthetic (offline fallback),local untrained BERT stand-in + keyword blend (offline fallback -- NOT real FinBERT sentiment)
2019-07-10,-0.00015547201037408032,AAPL,synthetic (offline fallback),local untrained BERT stand-in + keyword blend (offline fallback -- NOT real FinBERT sentiment)
2019-07-11,-0.00016223341226577758,AAPL,synthetic (offline fallback),local untrained BERT stand-in + keyword blend (offline fallback -- NOT real FinBERT sentiment)
2019-07-12,0.8498378425836562,AAPL,synthetic (offline fallback),local untrained BERT stand-in + keyword blend (offline fallback -- NOT real FinBERT sentiment)
2019-07-15,-0.0001602351665496826,AAPL,synthetic (offline fallback),local untrained BERT stand-in + keyword blend (offline fallback -- NOT real FinBERT sentiment)
2019-07-16,0.42484589144587515,AAPL,synthetic (offline fallback),local untrained BERT stand-in + keyword blend (offline fallback -- NOT real FinBERT sentiment)
2019-07-17,-0.28349035133918127,AAPL,synthetic (offline fallback),local untrained BERT stand-in + keyword blend (offline fallback -- NOT real FinBERT sentiment)
2019-07-18,-0.00015388503670693554,AAPL,synthetic (offline fallback),local untrained BERT stand-in + keyword blend (offline fallback -- NOT real FinBERT sentiment)
2019-07-19,-0.000155971944332145,AAPL,synthetic (offline fallback),local untrained BERT stand-in + keyword blend (offline fallback -- NOT real FinBERT sentiment)
2019-07-22,-0.8501530960202217,AAPL,synthetic (offline fallback),local untrained BERT stand-in + keyword blend (offline fallback -- NOT real FinBERT sentiment)
2019-07-23,0.8498443737626076,AAPL,synthetic (offline fallback),local untrained BERT stand-in + keyword blend (offline fallback -- NOT real FinBERT sentiment)
2019-07-24,0.2831788678963979,AAPL,synthetic (offline fallback),local untrained BERT stand-in + keyword blend (offline fallback -- NOT real FinBERT sentiment)
2019-07-25,-0.8501571372151374,AAPL,synthetic (offline fallback),local untrained BERT stand-in + keyword blend (offline fallback -- NOT real FinBERT sentiment)
2019-07-26,0.42484238445758815,AAPL,synthetic (offline fallback),local untrained BERT stand-in + keyword blend (offline fallback -- NOT real FinBERT sentiment)
2019-07-29,-0.42515733391046523,AAPL,synthetic (offline fallback),local untrained BERT stand-in + keyword blend (offline fallback -- NOT real FinBERT sentiment)
2019-07-30,-0.8501571372151374,AAPL,synthetic (offline fallback),local untrained BERT stand-in + keyword blend (offline fallback -- NOT real FinBERT sentiment)
2019-07-31,-0.28348696877559026,AAPL,synthetic (offline fallback),local untrained BERT stand-in + keyword blend (offline fallback -- NOT real FinBERT sentiment)
2019-08-01,0.28317667295535404,AAPL,synthetic (offline fallback),local untrained BERT stand-in + keyword blend (offline fallback -- NOT real FinBERT sentiment)
2019-08-02,0.8498443737626076,AAPL,synthetic (offline fallback),local untrained BERT stand-in + keyword blend (offline fallback -- NOT real FinBERT sentiment)
2019-08-05,-0.00015698522329328965,AAPL,synthetic (offline fallback),local untrained BERT stand-in + keyword blend (offline fallback -- NOT real FinBERT sentiment)
2019-08-06,0.4248438976705074,AAPL,synthetic (offline fallback),local untrained BERT stand-in + keyword blend (offline fallback -- NOT real FinBERT sentiment)
2019-08-07,-0.00015523731708527722,AAPL,synthetic (offline fallback),local untrained BERT stand-in + keyword blend (offline fallback -- NOT real FinBERT sentiment)
2019-08-08,-0.4251596853137016,AAPL,synthetic (offline fallback),local untrained BERT stand-in + keyword blend (offline fallback -- NOT real FinBERT sentiment)
2019-08-09,-0.8501544483006,AAPL,synthetic (offline fallback),local untrained BERT stand-in + keyword blend (offline fallback -- NOT real FinBERT sentiment)
2019-08-12,-0.8501558005809784,AAPL,synthetic (offline fallback),local untrained BERT stand-in + keyword blend (offline fallback -- NOT real FinBERT sentiment)
2019-08-13,0.8498443737626076,AAPL,synthetic (offline fallback),local untrained BERT stand-in + keyword blend (offline fallback -- NOT real FinBERT sentiment)
2019-08-14,-0.00015411972999573864,AAPL,synthetic (offline fallback),local untrained BERT stand-in + keyword blend (offline fallback -- NOT real FinBERT sentiment)
2019-08-15,0.4248410701751709,AAPL,synthetic (offline fallback),local untrained BERT stand-in + keyword blend (offline fallback -- NOT real FinBERT sentiment)
2019-08-16,-0.850154758989811,AAPL,synthetic (offline fallback),local untrained BERT stand-in + keyword blend (offline fallback -- NOT real FinBERT sentiment)
2019-08-19,0.5665093163649241,AAPL,synthetic (offline fallback),local untrained BERT stand-in + keyword blend (offline fallback -- NOT real FinBERT sentiment)
2019-08-20,-0.5668233628074328,AAPL,synthetic (offline fallback),local untrained BERT stand-in + keyword blend (offline fallback -- NOT real FinBERT sentiment)
2019-08-21,-0.00015547201037408032,AAPL,synthetic (offline fallback),local untrained BERT stand-in + keyword blend (offline fallback -- NOT real FinBERT sentiment)
2019-08-22,0.283177021642526,AAPL,synthetic (offline fallback),local untrained BERT stand-in + keyword blend (offline fallback -- NOT real FinBERT sentiment)
2019-08-23,-0.28349079688390094,AAPL,synthetic (offline fallback),local untrained BERT stand-in + keyword blend (offline fallback -- NOT real FinBERT sentiment)
2019-08-26,-0.00015753060579299925,AAPL,synthetic (offline fallback),local untrained BERT stand-in + keyword blend (offline fallback -- NOT real FinBERT sentiment)
2019-08-27,-0.00015471652150156334,AAPL,synthetic (offline fallback),local untrained BERT stand-in + keyword blend (offline fallback -- NOT real FinBERT sentiment)
2019-08-28,-0.00016223341226577758,AAPL,synthetic (offline fallback),local untrained BERT stand-in + keyword blend (offline fallback -- NOT real FinBERT sentiment)
2019-08-29,0.28317335893710455,AAPL,synthetic (offline fallback),local untrained BERT stand-in + keyword blend (offline fallback -- NOT real FinBERT sentiment)
2019-08-30,-0.00015745609998703,AAPL,synthetic (offline fallback),local untrained BERT stand-in + keyword blend (offline fallback -- NOT real FinBERT sentiment)
2019-09-02,0.5665099824468295,AAPL,synthetic (offline fallback),local untrained BERT stand-in + keyword blend (offline fallback -- NOT real FinBERT sentiment)
2019-09-03,0.8498453259468078,AAPL,synthetic (offline fallback),local untrained BERT stand-in + keyword blend (offline fallback -- NOT real FinBERT sentiment)
2019-09-04,0.5665122086803118,AAPL,synthetic (offline fallback),local untrained BERT stand-in + keyword blend (offline fallback -- NOT real FinBERT sentiment)
2019-09-05,0.8498378425836562,AAPL,synthetic (offline fallback),local untrained BERT stand-in + keyword blend (offline fallback -- NOT real FinBERT sentiment)
2019-09-06,-0.850154758989811,AAPL,synthetic (offline fallback),local untrained BERT stand-in + keyword blend (offline fallback -- NOT real FinBERT sentiment)
2019-09-09,-0.00016223341226577758,AAPL,synthetic (offline fallback),local untrained BERT stand-in + keyword blend (offline fallback -- NOT real FinBERT sentiment)
2019-09-10,-0.850154758989811,AAPL,synthetic (offline fallback),local untrained BERT stand-in + keyword blend (offline fallback -- NOT real FinBERT sentiment)
2019-09-11,-0.00015753060579299925,AAPL,synthetic (offline fallback),local untrained BERT stand-in + keyword blend (offline fallback -- NOT real FinBERT sentiment)
2019-09-12,0.5665051500002543,AAPL,synthetic (offline fallback),local untrained BERT stand-in + keyword blend (offline fallback -- NOT real FinBERT sentiment)
2019-09-13,-0.8501551061868667,AAPL,synthetic (offline fallback),local untrained BERT stand-in + keyword blend (offline fallback -- NOT real FinBERT sentiment)
2019-09-16,-0.00016223341226577758,AAPL,synthetic (offline fallback),local untrained BERT stand-in + keyword blend (offline fallback -- NOT real FinBERT sentiment)
2019-09-17,-0.00015939772129061058,AAPL,synthetic (offline fallback),local untrained BERT stand-in + keyword blend (offline fallback -- NOT real FinBERT sentiment)
2019-09-18,-0.28349252094825106,AAPL,synthetic (offline fallback),local untrained BERT stand-in + keyword blend (offline fallback -- NOT real FinBERT sentiment)
2019-09-19,-0.2834885676701864,AAPL,synthetic (offline fallback),local untrained BERT stand-in + keyword blend (offline fallback -- NOT real FinBERT sentiment)
2019-09-20,-0.5668240437904993,AAPL,synthetic (offline fallback),local untrained BERT stand-in + keyword blend (offline fallback -- NOT real FinBERT sentiment)
2019-09-23,-0.8501571372151374,AAPL,synthetic (offline fallback),local untrained BERT stand-in + keyword blend (offline fallback -- NOT real FinBERT sentiment)
2019-09-24,-0.00015571340918540955,AAPL,synthetic (offline fallback),local untrained BERT stand-in + keyword blend (offline fallback -- NOT real FinBERT sentiment)
2019-09-25,-0.8501558005809784,AAPL,synthetic (offline fallback),local untrained BERT stand-in + keyword blend (offline fallback -- NOT real FinBERT sentiment)
2019-09-26,-0.425156144797802,AAPL,synthetic (offline fallback),local untrained BERT stand-in + keyword blend (offline fallback -- NOT real FinBERT sentiment)
2019-09-27,-0.8501571372151374,AAPL,synthetic (offline fallback),local untrained BERT stand-in + keyword blend (offline fallback -- NOT real FinBERT sentiment)
2019-09-30,0.42484589144587515,AAPL,synthetic (offline fallback),local untrained BERT stand-in + keyword blend (offline fallback -- NOT real FinBERT sentiment)
2019-10-01,-0.00015547201037408032,AAPL,synthetic (offline fallback),local untrained BERT stand-in + keyword blend (offline fallback -- NOT real FinBERT sentiment)
2019-10-02,-0.4251566655933857,AAPL,synthetic (offline fallback),local untrained BERT stand-in + keyword blend (offline fallback -- NOT real FinBERT sentiment)
2019-10-03,0.566510138909022,AAPL,synthetic (offline fallback),local untrained BERT stand-in + keyword blend (offline fallback -- NOT real FinBERT sentiment)
2019-10-04,0.4248438976705074,AAPL,synthetic (offline fallback),local untrained BERT stand-in + keyword blend (offline fallback -- NOT real FinBERT sentiment)
2019-10-07,-0.00015753060579299925,AAPL,synthetic (offline fallback),local untrained BERT stand-in + keyword blend (offline fallback -- NOT real FinBERT sentiment)
2019-10-08,0.8498448565602302,AAPL,synthetic (offline fallback),local untrained BERT stand-in + keyword blend (offline fallback -- NOT real FinBERT sentiment)
2019-10-09,-0.00015964731574058533,AAPL,synthetic (offline fallback),local untrained BERT stand-in + keyword blend (offline fallback -- NOT real FinBERT sentiment)
2019-10-10,-0.0001561582088470681,AAPL,synthetic (offline fallback),local untrained BERT stand-in + keyword blend (offline fallback -- NOT real FinBERT sentiment)
2019-10-11,0.283177520831426,AAPL,synthetic (offline fallback),local untrained BERT stand-in + keyword blend (offline fallback -- NOT real FinBERT sentiment)
2019-10-14,-0.850154758989811,AAPL,synthetic (offline fallback),local untrained BERT stand-in + keyword blend (offline fallback -- NOT real FinBERT sentiment)
2019-10-15,0.42484231069684025,AAPL,synthetic (offline fallback),local untrained BERT stand-in + keyword blend (offline fallback -- NOT real FinBERT sentiment)
2019-10-16,0.28317718257506685,AAPL,synthetic (offline fallback),local untrained BERT stand-in + keyword blend (offline fallback -- NOT real FinBERT sentiment)
2019-10-17,0.8498448565602302,AAPL,synthetic (offline fallback),local untrained BERT stand-in + keyword blend (offline fallback -- NOT real FinBERT sentiment)
2019-10-18,-0.00015523731708527722,AAPL,synthetic (offline fallback),local untrained BERT stand-in + keyword blend (offline fallback -- NOT real FinBERT sentiment)
2019-10-21,-0.00015571340918540955,AAPL,synthetic (offline fallback),local untrained BERT stand-in + keyword blend (offline fallback -- NOT real FinBERT sentiment)
2019-10-22,-0.850154758989811,AAPL,synthetic (offline fallback),local untrained BERT stand-in + keyword blend (offline fallback -- NOT real FinBERT sentiment)
2019-10-23,-0.42515733391046523,AAPL,synthetic (offline fallback),local untrained BERT stand-in + keyword blend (offline fallback -- NOT real FinBERT sentiment)
2019-10-24,-0.8501553446054458,AAPL,synthetic (offline fallback),local untrained BERT stand-in + keyword blend (offline fallback -- NOT real FinBERT sentiment)
2019-10-25,0.8498443737626076,AAPL,synthetic (offline fallback),local untrained BERT stand-in + keyword blend (offline fallback -- NOT real FinBERT sentiment)
2019-10-28,0.8498453259468078,AAPL,synthetic (offline fallback),local untrained BERT stand-in + keyword blend (offline fallback -- NOT real FinBERT sentiment)
2019-10-29,0.28317972620328263,AAPL,synthetic (offline fallback),local untrained BERT stand-in + keyword blend (offline fallback -- NOT real FinBERT sentiment)
2019-10-30,-0.2834888016184171,AAPL,synthetic (offline fallback),local untrained BERT stand-in + keyword blend (offline fallback -- NOT real FinBERT sentiment)
2019-10-31,-0.8501571372151374,AAPL,synthetic (offline fallback),local untrained BERT stand-in + keyword blend (offline fallback -- NOT real FinBERT sentiment)
2019-11-01,0.42484231069684025,AAPL,synthetic (offline fallback),local untrained BERT stand-in + keyword blend (offline fallback -- NOT real FinBERT sentiment)
2019-11-04,-0.5668217952052753,AAPL,synthetic (offline fallback),local untrained BERT stand-in + keyword blend (offline fallback -- NOT real FinBERT sentiment)
2019-11-05,-0.2834902872641881,AAPL,synthetic (offline fallback),local untrained BERT stand-in + keyword blend (offline fallback -- NOT real FinBERT sentiment)
2019-11-06,-0.8501571372151374,AAPL,synthetic (offline fallback),local untrained BERT stand-in + keyword blend (offline fallback -- NOT real FinBERT sentiment)
2019-11-07,-0.0001602351665496826,AAPL,synthetic (offline fallback),local untrained BERT stand-in + keyword blend (offline fallback -- NOT real FinBERT sentiment)
2019-11-08,-0.42515749707818035,AAPL,synthetic (offline fallback),local untrained BERT stand-in + keyword blend (offline fallback -- NOT real FinBERT sentiment)
2019-11-11,0.849844615161419,AAPL,synthetic (offline fallback),local untrained BERT stand-in + keyword blend (offline fallback -- NOT real FinBERT sentiment)
2019-11-12,-0.5668203095595042,AAPL,synthetic (offline fallback),local untrained BERT stand-in + keyword blend (offline fallback -- NOT real FinBERT sentiment)
2019-11-13,-0.00015307366847991944,AAPL,synthetic (offline fallback),local untrained BERT stand-in + keyword blend (offline fallback -- NOT real FinBERT sentiment)
2019-11-14,0.42484131157398225,AAPL,synthetic (offline fallback),local untrained BERT stand-in + keyword blend (offline fallback -- NOT real FinBERT sentiment)
2019-11-15,-0.0001576267182827329,AAPL,synthetic (offline fallback),local untrained BERT stand-in + keyword blend (offline fallback -- NOT real FinBERT sentiment)
2019-11-18,-0.00015888288617134093,AAPL,synthetic (offline fallback),local untrained BERT stand-in + keyword blend (offline fallback -- NOT real FinBERT sentiment)
2019-11-19,-0.00015471652150156334,AAPL,synthetic (offline fallback),local untrained BERT stand-in + keyword blend (offline fallback -- NOT real FinBERT sentiment)
2019-11-20,0.42484589144587515,AAPL,synthetic (offline fallback),local untrained BERT stand-in + keyword blend (offline fallback -- NOT real FinBERT sentiment)
2019-11-21,0.8498443737626076,AAPL,synthetic (offline fallback),local untrained BERT stand-in + keyword blend (offline fallback -- NOT real FinBERT sentiment)
2019-11-22,-0.00015307366847991944,AAPL,synthetic (offline fallback),local untrained BERT stand-in + keyword blend (offline fallback -- NOT real FinBERT sentiment)
2019-11-25,-0.0001585140824317932,AAPL,synthetic (offline fallback),local untrained BERT stand-in + keyword blend (offline fallback -- NOT real FinBERT sentiment)
2019-11-26,0.849841584265232,AAPL,synthetic (offline fallback),local untrained BERT stand-in + keyword blend (offline fallback -- NOT real FinBERT sentiment)
2019-11-27,-0.8501571372151374,AAPL,synthetic (offline fallback),local untrained BERT stand-in + keyword blend (offline fallback -- NOT real FinBERT sentiment)
2019-11-28,-0.00015765354037284852,AAPL,synthetic (offline fallback),local untrained BERT stand-in + keyword blend (offline fallback -- NOT real FinBERT sentiment)
2019-11-29,-0.00015471652150156334,AAPL,synthetic (offline fallback),local untrained BERT stand-in + keyword blend (offline fallback -- NOT real FinBERT sentiment)
2019-12-02,0.42484154626727105,AAPL,synthetic (offline fallback),local untrained BERT stand-in + keyword blend (offline fallback -- NOT real FinBERT sentiment)
2019-12-03,0.42483880370855326,AAPL,synthetic (offline fallback),local untrained BERT stand-in + keyword blend (offline fallback -- NOT real FinBERT sentiment)
2019-12-04,-0.00015897899866107457,AAPL,synthetic (offline fallback),local untrained BERT stand-in + keyword blend (offline fallback -- NOT real FinBERT sentiment)
2019-12-05,0.5665099824468295,AAPL,synthetic (offline fallback),local untrained BERT stand-in + keyword blend (offline fallback -- NOT real FinBERT sentiment)
2019-12-06,0.8498448565602302,AAPL,synthetic (offline fallback),local untrained BERT stand-in + keyword blend (offline fallback -- NOT real FinBERT sentiment)
2019-12-09,-0.0001563817262649203,AAPL,synthetic (offline fallback),local untrained BERT stand-in + keyword blend (offline fallback -- NOT real FinBERT sentiment)
2019-12-10,-0.28348946770032246,AAPL,synthetic (offline fallback),local untrained BERT stand-in + keyword blend (offline fallback -- NOT real FinBERT sentiment)
2019-12-11,0.8498378425836562,AAPL,synthetic (offline fallback),local untrained BERT stand-in + keyword blend (offline fallback -- NOT real FinBERT sentiment)
2019-12-12,-0.8501530960202217,AAPL,synthetic (offline fallback),local untrained BERT stand-in + keyword blend (offline fallback -- NOT real FinBERT sentiment)
2019-12-13,-0.2834913512070974,AAPL,synthetic (offline fallback),local untrained BERT stand-in + keyword blend (offline fallback -- NOT real FinBERT sentiment)
2019-12-16,-0.4251576647162437,AAPL,synthetic (offline fallback),local untrained BERT stand-in + keyword blend (offline fallback -- NOT real FinBERT sentiment)
2019-12-17,-0.00015690326690674566,AAPL,synthetic (offline fallback),local untrained BERT stand-in + keyword blend (offline fallback -- NOT real FinBERT sentiment)
2019-12-18,-0.2834888016184171,AAPL,synthetic (offline fallback),local untrained BERT stand-in + keyword blend (offline fallback -- NOT real FinBERT sentiment)
2019-12-19,-0.0001591622829437478,AAPL,synthetic (offline fallback),local untrained BERT stand-in + keyword blend (offline fallback -- NOT real FinBERT sentiment)
2019-12-20,-0.0001563817262649203,AAPL,synthetic (offline fallback),local untrained BERT stand-in + keyword blend (offline fallback -- NOT real FinBERT sentiment)
2019-12-23,0.2831728493173917,AAPL,synthetic (offline fallback),local untrained BERT stand-in + keyword blend (offline fallback -- NOT real FinBERT sentiment)
2019-12-24,-0.0001597166061401663,AAPL,synthetic (offline fallback),local untrained BERT stand-in + keyword blend (offline fallback -- NOT real FinBERT sentiment)
2019-12-25,0.8498453259468078,AAPL,synthetic (offline fallback),local untrained BERT stand-in + keyword blend (offline fallback -- NOT real FinBERT sentiment)
2019-12-26,0.8498411081731319,AAPL,synthetic (offline fallback),local untrained BERT stand-in + keyword blend (offline fallback -- NOT real FinBERT sentiment)
2019-12-27,-0.4251566655933857,AAPL,synthetic (offline fallback),local untrained BERT stand-in + keyword blend (offline fallback -- NOT real FinBERT sentiment)
2019-12-30,-0.00015897899866107457,AAPL,synthetic (offline fallback),local untrained BERT stand-in + keyword blend (offline fallback -- NOT real FinBERT sentiment)
2019-12-31,0.8498448565602302,AAPL,synthetic (offline fallback),local untrained BERT stand-in + keyword blend (offline fallback -- NOT real FinBERT sentiment)
2020-01-01,0.8498413495719432,AAPL,synthetic (offline fallback),local untrained BERT stand-in + keyword blend (offline fallback -- NOT real FinBERT sentiment)
2020-01-02,-0.00015614032745359108,AAPL,synthetic (offline fallback),local untrained BERT stand-in + keyword blend (offline fallback -- NOT real FinBERT sentiment)
2020-01-03,-0.00015510022640230492,AAPL,synthetic (offline fallback),local untrained BERT stand-in + keyword blend (offline fallback -- NOT real FinBERT sentiment)
2020-01-06,-0.42515801787376406,AAPL,synthetic (offline fallback),local untrained BERT stand-in + keyword blend (offline fallback -- NOT real FinBERT sentiment)
2020-01-07,-0.00015307366847991944,AAPL,synthetic (offline fallback),local untrained BERT stand-in + keyword blend (offline fallback -- NOT real FinBERT sentiment)
2020-01-08,0.5665094728271166,AAPL,synthetic (offline fallback),local untrained BERT stand-in + keyword blend (offline fallback -- NOT real FinBERT sentiment)
2020-01-09,-0.00016223341226577758,AAPL,synthetic (offline fallback),local untrained BERT stand-in + keyword blend (offline fallback -- NOT real FinBERT sentiment)
2020-01-10,0.8498448565602302,AAPL,synthetic (offline fallback),local untrained BERT stand-in + keyword blend (offline fallback -- NOT real FinBERT sentiment)
2020-01-13,-0.8501571372151374,AAPL,synthetic (offline fallback),local untrained BERT stand-in + keyword blend (offline fallback -- NOT real FinBERT sentiment)
2020-01-14,0.849844615161419,AAPL,synthetic (offline fallback),local untrained BERT stand-in + keyword blend (offline fallback -- NOT real FinBERT sentiment)
2020-01-15,0.8498443737626076,AAPL,synthetic (offline fallback),local untrained BERT stand-in + keyword blend (offline fallback -- NOT real FinBERT sentiment)
2020-01-16,0.8498378425836562,AAPL,synthetic (offline fallback),local untrained BERT stand-in + keyword blend (offline fallback -- NOT real FinBERT sentiment)
2020-01-17,-0.4251596853137016,AAPL,synthetic (offline fallback),local untrained BERT stand-in + keyword blend (offline fallback -- NOT real FinBERT sentiment)
2020-01-20,-0.00016050934791564942,AAPL,synthetic (offline fallback),local untrained BERT stand-in + keyword blend (offline fallback -- NOT real FinBERT sentiment)
2020-01-21,-0.00016223341226577758,AAPL,synthetic (offline fallback),local untrained BERT stand-in + keyword blend (offline fallback -- NOT real FinBERT sentiment)
2020-01-22,-0.0001602351665496826,AAPL,synthetic (offline fallback),local untrained BERT stand-in + keyword blend (offline fallback -- NOT real FinBERT sentiment)
2020-01-23,-0.5668231422702471,AAPL,synthetic (offline fallback),local untrained BERT stand-in + keyword blend (offline fallback -- NOT real FinBERT sentiment)
2020-01-24,0.42484254539012906,AAPL,synthetic (offline fallback),local untrained BERT stand-in + keyword blend (offline fallback -- NOT real FinBERT sentiment)
2020-01-27,-0.42515443712472917,AAPL,synthetic (offline fallback),local untrained BERT stand-in + keyword blend (offline fallback -- NOT real FinBERT sentiment)
2020-01-28,0.8498448565602302,AAPL,synthetic (offline fallback),local untrained BERT stand-in + keyword blend (offline fallback -- NOT real FinBERT sentiment)
2020-01-29,-0.8501571372151374,AAPL,synthetic (offline fallback),local untrained BERT stand-in + keyword blend (offline fallback -- NOT real FinBERT sentiment)
2020-01-30,-0.00015523731708527722,AAPL,synthetic (offline fallback),local untrained BERT stand-in + keyword blend (offline fallback -- NOT real FinBERT sentiment)
2020-01-31,-0.00015784800052642822,AAPL,synthetic (offline fallback),local untrained BERT stand-in + keyword blend (offline fallback -- NOT real FinBERT sentiment)
2020-02-03,0.2831783180435498,AAPL,synthetic (offline fallback),local untrained BERT stand-in + keyword blend (offline fallback -- NOT real FinBERT sentiment)
2020-02-04,-0.8501530960202217,AAPL,synthetic (offline fallback),local untrained BERT stand-in + keyword blend (offline fallback -- NOT real FinBERT sentiment)
2020-02-05,0.28317871143420537,AAPL,synthetic (offline fallback),local untrained BERT stand-in + keyword blend (offline fallback -- NOT real FinBERT sentiment)
2020-02-06,0.8498453259468078,AAPL,synthetic (offline fallback),local untrained BERT stand-in + keyword blend (offline fallback -- NOT real FinBERT sentiment)
2020-02-07,0.4248436629772186,AAPL,synthetic (offline fallback),local untrained BERT stand-in + keyword blend (offline fallback -- NOT real FinBERT sentiment)
2020-02-10,-0.00015753060579299925,AAPL,synthetic (offline fallback),local untrained BERT stand-in + keyword blend (offline fallback -- NOT real FinBERT sentiment)
2020-02-11,0.8498448520898819,AAPL,synthetic (offline fallback),local untrained BERT stand-in + keyword blend (offline fallback -- NOT real FinBERT sentiment)
2020-02-12,-0.2834900041421255,AAPL,synthetic (offline fallback),local untrained BERT stand-in + keyword blend (offline fallback -- NOT real FinBERT sentiment)
2020-02-13,-0.00015530213713645935,AAPL,synthetic (offline fallback),local untrained BERT stand-in + keyword blend (offline fallback -- NOT real FinBERT sentiment)
2020-02-14,-0.8501530960202217,AAPL,synthetic (offline fallback),local untrained BERT stand-in + keyword blend (offline fallback -- NOT real FinBERT sentiment)
2020-02-17,-0.00016223341226577758,AAPL,synthetic (offline fallback),local untrained BERT stand-in + keyword blend (offline fallback -- NOT real FinBERT sentiment)
2020-02-18,0.8498448565602302,AAPL,synthetic (offline fallback),local untrained BERT stand-in + keyword blend (offline fallback -- NOT real FinBERT sentiment)
2020-02-19,-0.0001602351665496826,AAPL,synthetic (offline fallback),local untrained BERT stand-in + keyword blend (offline fallback -- NOT real FinBERT sentiment)
2020-02-20,0.8498425140976905,AAPL,synthetic (offline fallback),local untrained BERT stand-in + keyword blend (offline fallback -- NOT real FinBERT sentiment)
2020-02-21,0.5665074879924455,AAPL,synthetic (offline fallback),local untrained BERT stand-in + keyword blend (offline fallback -- NOT real FinBERT sentiment)
2020-02-24,-0.00015467256307603408,AAPL,synthetic (offline fallback),local untrained BERT stand-in + keyword blend (offline fallback -- NOT real FinBERT sentiment)
2020-02-25,0.849841584265232,AAPL,synthetic (offline fallback),local untrained BERT stand-in + keyword blend (offline fallback -- NOT real FinBERT sentiment)
2020-02-26,-0.00015756934881211066,AAPL,synthetic (offline fallback),local untrained BERT stand-in + keyword blend (offline fallback -- NOT real FinBERT sentiment)
2020-02-27,-0.42515901699662206,AAPL,synthetic (offline fallback),local untrained BERT stand-in + keyword blend (offline fallback -- NOT real FinBERT sentiment)
2020-02-28,0.8498378425836562,AAPL,synthetic (offline fallback),local untrained BERT stand-in + keyword blend (offline fallback -- NOT real FinBERT sentiment)
2020-03-02,-0.5668234894673029,AAPL,synthetic (offline fallback),local untrained BERT stand-in + keyword blend (offline fallback -- NOT real FinBERT sentiment)
2020-03-03,-0.00015388503670693554,AAPL,synthetic (offline fallback),local untrained BERT stand-in + keyword blend (offline fallback -- NOT real FinBERT sentiment)
2020-03-04,0.2831742604573568,AAPL,synthetic (offline fallback),local untrained BERT stand-in + keyword blend (offline fallback -- NOT real FinBERT sentiment)
2020-03-05,-0.00015523731708527722,AAPL,synthetic (offline fallback),local untrained BERT stand-in + keyword blend (offline fallback -- NOT real FinBERT sentiment)
2020-03-06,0.42484612613916395,AAPL,synthetic (offline fallback),local untrained BERT stand-in + keyword blend (offline fallback -- NOT real FinBERT sentiment)
2020-03-09,-0.0001561582088470681,AAPL,synthetic (offline fallback),local untrained BERT stand-in + keyword blend (offline fallback -- NOT real FinBERT sentiment)
2020-03-10,0.849842831492424,AAPL,synthetic (offline fallback),local untrained BERT stand-in + keyword blend (offline fallback -- NOT real FinBERT sentiment)
2020-03-11,-0.00015388503670693554,AAPL,synthetic (offline fallback),local untrained BERT stand-in + keyword blend (offline fallback -- NOT real FinBERT sentiment)
2020-03-12,-0.00015436112880706787,AAPL,synthetic (offline fallback),local untrained BERT stand-in + keyword blend (offline fallback -- NOT real FinBERT sentiment)
2020-03-13,-0.2834893604119619,AAPL,synthetic (offline fallback),local untrained BERT stand-in + keyword blend (offline fallback -- NOT real FinBERT sentiment)
2020-03-16,-0.42515901699662206,AAPL,synthetic (offline fallback),local untrained BERT stand-in + keyword blend (offline fallback -- NOT real FinBERT sentiment)
2020-03-17,-0.00015765354037284852,AAPL,synthetic (offline fallback),local untrained BERT stand-in + keyword blend (offline fallback -- NOT real FinBERT sentiment)
2020-03-18,-0.8501564688980578,AAPL,synthetic (offline fallback),local untrained BERT stand-in + keyword blend (offline fallback -- NOT real FinBERT sentiment)
2020-03-19,-0.42515901699662206,AAPL,synthetic (offline fallback),local untrained BERT stand-in + keyword blend (offline fallback -- NOT real FinBERT sentiment)
2020-03-20,0.2831772317488988,AAPL,synthetic (offline fallback),local untrained BERT stand-in + keyword blend (offline fallback -- NOT real FinBERT sentiment)
2020-03-23,0.42483880370855326,AAPL,synthetic (offline fallback),local untrained BERT stand-in + keyword blend (offline fallback -- NOT real FinBERT sentiment)
2020-03-24,-0.5668212110797565,AAPL,synthetic (offline fallback),local untrained BERT stand-in + keyword blend (offline fallback -- NOT real FinBERT sentiment)
2020-03-25,0.2831779663761457,AAPL,synthetic (offline fallback),local untrained BERT stand-in + keyword blend (offline fallback -- NOT real FinBERT sentiment)
2020-03-26,0.8498425140976905,AAPL,synthetic (offline fallback),local untrained BERT stand-in + keyword blend (offline fallback -- NOT real FinBERT sentiment)
2020-03-27,-0.8501530960202217,AAPL,synthetic (offline fallback),local untrained BERT stand-in + keyword blend (offline fallback -- NOT real FinBERT sentiment)
2020-03-30,-0.2834893559416135,AAPL,synthetic (offline fallback),local untrained BERT stand-in + keyword blend (offline fallback -- NOT real FinBERT sentiment)
2020-03-31,-0.8501558005809784,AAPL,synthetic (offline fallback),local untrained BERT stand-in + keyword blend (offline fallback -- NOT real FinBERT sentiment)
2020-04-01,0.5665094728271166,AAPL,synthetic (offline fallback),local untrained BERT stand-in + keyword blend (offline fallback -- NOT real FinBERT sentiment)
2020-04-02,-0.00015745609998703744,AAPL,synthetic (offline fallback),local untrained BERT stand-in + keyword blend (offline fallback -- NOT real FinBERT sentiment)
2020-04-03,-0.00015307366847991944,AAPL,synthetic (offline fallback),local untrained BERT stand-in + keyword blend (offline fallback -- NOT real FinBERT sentiment)
2020-04-06,-0.5668235982457797,AAPL,synthetic (offline fallback),local untrained BERT stand-in + keyword blend (offline fallback -- NOT real FinBERT sentiment)
2020-04-07,0.8498443737626076,AAPL,synthetic (offline fallback),local untrained BERT stand-in + keyword blend (offline fallback -- NOT real FinBERT sentiment)
2020-04-08,-0.28349209030469263,AAPL,synthetic (offline fallback),local untrained BERT stand-in + keyword blend (offline fallback -- NOT real FinBERT sentiment)
2020-04-09,-0.00015988200902938843,AAPL,synthetic (offline fallback),local untrained BERT stand-in + keyword blend (offline fallback -- NOT real FinBERT sentiment)
2020-04-10,0.5665074879924455,AAPL,synthetic (offline fallback),local untrained BERT stand-in + keyword blend (offline fallback -- NOT real FinBERT sentiment)
2020-04-13,0.42484154626727105,AAPL,synthetic (offline fallback),local untrained BERT stand-in + keyword blend (offline fallback -- NOT real FinBERT sentiment)
2020-04-14,-0.00015571340918540955,AAPL,synthetic (offline fallback),local untrained BERT stand-in + keyword blend (offline fallback -- NOT real FinBERT sentiment)
2020-04-15,-0.00016223341226577758,AAPL,synthetic (offline fallback),local untrained BERT stand-in + keyword blend (offline fallback -- NOT real FinBERT sentiment)
2020-04-16,0.8498448565602302,AAPL,synthetic (offline fallback),local untrained BERT stand-in + keyword blend (offline fallback -- NOT real FinBERT sentiment)
2020-04-17,0.8498378425836562,AAPL,synthetic (offline fallback),local untrained BERT stand-in + keyword blend (offline fallback -- NOT real FinBERT sentiment)
2020-04-20,0.4248410701751709,AAPL,synthetic (offline fallback),local untrained BERT stand-in + keyword blend (offline fallback -- NOT real FinBERT sentiment)
2020-04-21,-0.28349002202351886,AAPL,synthetic (offline fallback),local untrained BERT stand-in + keyword blend (offline fallback -- NOT real FinBERT sentiment)
2020-04-22,0.8498448565602302,AAPL,synthetic (offline fallback),local untrained BERT stand-in + keyword blend (offline fallback -- NOT real FinBERT sentiment)
2020-04-23,0.42484589144587515,AAPL,synthetic (offline fallback),local untrained BERT stand-in + keyword blend (offline fallback -- NOT real FinBERT sentiment)
2020-04-24,-0.2834893559416135,AAPL,synthetic (offline fallback),local untrained BERT stand-in + keyword blend (offline fallback -- NOT real FinBERT sentiment)
2020-04-27,-0.5668224493662516,AAPL,synthetic (offline fallback),local untrained BERT stand-in + keyword blend (offline fallback -- NOT real FinBERT sentiment)
2020-04-28,0.8498448565602302,AAPL,synthetic (offline fallback),local untrained BERT stand-in + keyword blend (offline fallback -- NOT real FinBERT sentiment)
2020-04-29,-0.4251566655933857,AAPL,synthetic (offline fallback),local untrained BERT stand-in + keyword blend (offline fallback -- NOT real FinBERT sentiment)
2020-04-30,-0.42515801787376406,AAPL,synthetic (offline fallback),local untrained BERT stand-in + keyword blend (offline fallback -- NOT real FinBERT sentiment)
2020-05-01,-0.00015988200902938843,AAPL,synthetic (offline fallback),local untrained BERT stand-in + keyword blend (offline fallback -- NOT real FinBERT sentiment)
2020-05-04,-0.2834893604119619,AAPL,synthetic (offline fallback),local untrained BERT stand-in + keyword blend (offline fallback -- NOT real FinBERT sentiment)
2020-05-05,-0.2834923004110654,AAPL,synthetic (offline fallback),local untrained BERT stand-in + keyword blend (offline fallback -- NOT real FinBERT sentiment)
2020-05-06,-0.8501544483006,AAPL,synthetic (offline fallback),local untrained BERT stand-in + keyword blend (offline fallback -- NOT real FinBERT sentiment)
2020-05-07,0.28317792316277823,AAPL,synthetic (offline fallback),local untrained BERT stand-in + keyword blend (offline fallback -- NOT real FinBERT sentiment)
2020-05-08,-0.00015753060579299925,AAPL,synthetic (offline fallback),local untrained BERT stand-in + keyword blend (offline fallback -- NOT real FinBERT sentiment)
2020-05-11,0.2831741963823636,AAPL,synthetic (offline fallback),local untrained BERT stand-in + keyword blend (offline fallback -- NOT real FinBERT sentiment)
2020-05-12,-0.8501571372151374,AAPL,synthetic (offline fallback),local untrained BERT stand-in + keyword blend (offline fallback -- NOT real FinBERT sentiment)
2020-05-13,-0.4251566655933857,AAPL,synthetic (offline fallback),local untrained BERT stand-in + keyword blend (offline fallback -- NOT real FinBERT sentiment)
2020-05-14,-0.00015590563416478798,AAPL,synthetic (offline fallback),local untrained BERT stand-in + keyword blend (offline fallback -- NOT real FinBERT sentiment)
2020-05-15,-0.00016223341226577758,AAPL,synthetic (offline fallback),local untrained BERT stand-in + keyword blend (offline fallback -- NOT real FinBERT sentiment)
2020-05-18,-0.42515749707818035,AAPL,synthetic (offline fallback),local untrained BERT stand-in + keyword blend (offline fallback -- NOT real FinBERT sentiment)
2020-05-19,-0.00015523731708527722,AAPL,synthetic (offline fallback),local untrained BERT stand-in + keyword blend (offline fallback -- NOT real FinBERT sentiment)
2020-05-20,0.28317780991395314,AAPL,synthetic (offline fallback),local untrained BERT stand-in + keyword blend (offline fallback -- NOT real FinBERT sentiment)
2020-05-21,-0.0001602351665496826,AAPL,synthetic (offline fallback),local untrained BERT stand-in + keyword blend (offline fallback -- NOT real FinBERT sentiment)
2020-05-22,-0.8501558005809784,AAPL,synthetic (offline fallback),local untrained BERT stand-in + keyword blend (offline fallback -- NOT real FinBERT sentiment)
2020-05-25,0.5665073270599047,AAPL,synthetic (offline fallback),local untrained BERT stand-in + keyword blend (offline fallback -- NOT real FinBERT sentiment)
2020-05-26,-0.8501558005809784,AAPL,synthetic (offline fallback),local untrained BERT stand-in + keyword blend (offline fallback -- NOT real FinBERT sentiment)
2020-05-27,-0.42515901699662206,AAPL,synthetic (offline fallback),local untrained BERT stand-in + keyword blend (offline fallback -- NOT real FinBERT sentiment)
2020-05-28,0.4248456500470638,AAPL,synthetic (offline fallback),local untrained BERT stand-in + keyword blend (offline fallback -- NOT real FinBERT sentiment)
2020-05-29,0.42484154626727105,AAPL,synthetic (offline fallback),local untrained BERT stand-in + keyword blend (offline fallback -- NOT real FinBERT sentiment)
2020-06-01,0.28317635556062065,AAPL,synthetic (offline fallback),local untrained BERT stand-in + keyword blend (offline fallback -- NOT real FinBERT sentiment)
2020-06-02,0.2831765164931615,AAPL,synthetic (offline fallback),local untrained BERT stand-in + keyword blend (offline fallback -- NOT real FinBERT sentiment)
2020-06-03,0.2831783135732015,AAPL,synthetic (offline fallback),local untrained BERT stand-in + keyword blend (offline fallback -- NOT real FinBERT sentiment)
2020-06-04,0.8498453259468078,AAPL,synthetic (offline fallback),local untrained BERT stand-in + keyword blend (offline fallback -- NOT real FinBERT sentiment)
2020-06-05,0.8498453259468078,AAPL,synthetic (offline fallback),local untrained BERT stand-in + keyword blend (offline fallback -- NOT real FinBERT sentiment)
2020-06-08,0.8498448565602302,AAPL,synthetic (offline fallback),local untrained BERT stand-in + keyword blend (offline fallback -- NOT real FinBERT sentiment)
2020-06-09,0.5665069783727328,AAPL,synthetic (offline fallback),local untrained BERT stand-in + keyword blend (offline fallback -- NOT real FinBERT sentiment)
2020-06-10,-0.4251576647162437,AAPL,synthetic (offline fallback),local untrained BERT stand-in + keyword blend (offline fallback -- NOT real FinBERT sentiment)
2020-06-11,0.8498448565602302,AAPL,synthetic (offline fallback),local untrained BERT stand-in + keyword blend (offline fallback -- NOT real FinBERT sentiment)
2020-06-12,0.8498411081731319,AAPL,synthetic (offline fallback),local untrained BERT stand-in + keyword blend (offline fallback -- NOT real FinBERT sentiment)
2020-06-15,-0.8501530960202217,AAPL,synthetic (offline fallback),local untrained BERT stand-in + keyword blend (offline fallback -- NOT real FinBERT sentiment)
2020-06-16,-0.0001567646861076281,AAPL,synthetic (offline fallback),local untrained BERT stand-in + keyword blend (offline fallback -- NOT real FinBERT sentiment)
2020-06-17,0.42483780458569526,AAPL,synthetic (offline fallback),local untrained BERT stand-in + keyword blend (offline fallback -- NOT real FinBERT sentiment)
2020-06-18,-0.8501553446054458,AAPL,synthetic (offline fallback),local untrained BERT stand-in + keyword blend (offline fallback -- NOT real FinBERT sentiment)
2020-06-19,-0.42515443712472917,AAPL,synthetic (offline fallback),local untrained BERT stand-in + keyword blend (offline fallback -- NOT real FinBERT sentiment)
2020-06-22,-0.850154758989811,AAPL,synthetic (offline fallback),local untrained BERT stand-in + keyword blend (offline fallback -- NOT real FinBERT sentiment)
2020-06-23,-0.00015753060579299925,AAPL,synthetic (offline fallback),local untrained BERT stand-in + keyword blend (offline fallback -- NOT real FinBERT sentiment)
2020-06-24,-0.28348845442136134,AAPL,synthetic (offline fallback),local untrained BERT stand-in + keyword blend (offline fallback -- NOT real FinBERT sentiment)
2020-06-25,0.8498413495719432,AAPL,synthetic (offline fallback),local untrained BERT stand-in + keyword blend (offline fallback -- NOT real FinBERT sentiment)
2020-06-26,-0.42515901699662206,AAPL,synthetic (offline fallback),local untrained BERT stand-in + keyword blend (offline fallback -- NOT real FinBERT sentiment)
2020-06-29,-0.8501544483006,AAPL,synthetic (offline fallback),local untrained BERT stand-in + keyword blend (offline fallback -- NOT real FinBERT sentiment)
2020-06-30,0.2831790288289388,AAPL,synthetic (offline fallback),local untrained BERT stand-in + keyword blend (offline fallback -- NOT real FinBERT sentiment)
2020-07-01,-0.00015495121479036644,AAPL,synthetic (offline fallback),local untrained BERT stand-in + keyword blend (offline fallback -- NOT real FinBERT sentiment)
2020-07-02,-0.00015307366847991944,AAPL,synthetic (offline fallback),local untrained BERT stand-in + keyword blend (offline fallback -- NOT real FinBERT sentiment)
2020-07-03,-0.850154758989811,AAPL,synthetic (offline fallback),local untrained BERT stand-in + keyword blend (offline fallback -- NOT real FinBERT sentiment)
2020-07-06,-0.00015307366847991944,AAPL,synthetic (offline fallback),local untrained BERT stand-in + keyword blend (offline fallback -- NOT real FinBERT sentiment)
2020-07-07,0.42484154626727105,AAPL,synthetic (offline fallback),local untrained BERT stand-in + keyword blend (offline fallback -- NOT real FinBERT sentiment)
2020-07-08,0.5665105665723483,AAPL,synthetic (offline fallback),local untrained BERT stand-in + keyword blend (offline fallback -- NOT real FinBERT sentiment)
2020-07-09,-0.8501559481024742,AAPL,synthetic (offline fallback),local untrained BERT stand-in + keyword blend (offline fallback -- NOT real FinBERT sentiment)
2020-07-10,-0.0001576267182827329,AAPL,synthetic (offline fallback),local untrained BERT stand-in + keyword blend (offline fallback -- NOT real FinBERT sentiment)
2020-07-13,0.849841584265232,AAPL,synthetic (offline fallback),local untrained BERT stand-in + keyword blend (offline fallback -- NOT real FinBERT sentiment)
2020-07-14,-0.8501558005809784,AAPL,synthetic (offline fallback),local untrained BERT stand-in + keyword blend (offline fallback -- NOT real FinBERT sentiment)
2020-07-15,-0.4251576647162437,AAPL,synthetic (offline fallback),local untrained BERT stand-in + keyword blend (offline fallback -- NOT real FinBERT sentiment)
2020-07-16,-0.8501558005809784,AAPL,synthetic (offline fallback),local untrained BERT stand-in + keyword blend (offline fallback -- NOT real FinBERT sentiment)
2020-07-17,-0.28349073280890785,AAPL,synthetic (offline fallback),local untrained BERT stand-in + keyword blend (offline fallback -- NOT real FinBERT sentiment)
2020-07-20,-0.00016223341226577758,AAPL,synthetic (offline fallback),local untrained BERT stand-in + keyword blend (offline fallback -- NOT real FinBERT sentiment)
2020-07-21,0.5665069783727328,AAPL,synthetic (offline fallback),local untrained BERT stand-in + keyword blend (offline fallback -- NOT real FinBERT sentiment)
2020-07-22,0.5665091554323832,AAPL,synthetic (offline fallback),local untrained BERT stand-in + keyword blend (offline fallback -- NOT real FinBERT sentiment)
2020-07-23,-0.0001584582030773607,AAPL,synthetic (offline fallback),local untrained BERT stand-in + keyword blend (offline fallback -- NOT real FinBERT sentiment)
2020-07-24,0.849845091253519,AAPL,synthetic (offline fallback),local untrained BERT stand-in + keyword blend (offline fallback -- NOT real FinBERT sentiment)
2020-07-27,-0.00016050934791563462,AAPL,synthetic (offline fallback),local untrained BERT stand-in + keyword blend (offline fallback -- NOT real FinBERT sentiment)
2020-07-28,0.8498401805758475,AAPL,synthetic (offline fallback),local untrained BERT stand-in + keyword blend (offline fallback -- NOT real FinBERT sentiment)
2020-07-29,-0.850154758989811,AAPL,synthetic (offline fallback),local untrained BERT stand-in + keyword blend (offline fallback -- NOT real FinBERT sentiment)
2020-07-30,0.42484231069684025,AAPL,synthetic (offline fallback),local untrained BERT stand-in + keyword blend (offline fallback -- NOT real FinBERT sentiment)
2020-07-31,-0.00016223341226577758,AAPL,synthetic (offline fallback),local untrained BERT stand-in + keyword blend (offline fallback -- NOT real FinBERT sentiment)
2020-08-03,0.8498448565602302,AAPL,synthetic (offline fallback),local untrained BERT stand-in + keyword blend (offline fallback -- NOT real FinBERT sentiment)
2020-08-04,-0.0001602351665496826,AAPL,synthetic (offline fallback),local untrained BERT stand-in + keyword blend (offline fallback -- NOT real FinBERT sentiment)
2020-08-05,-0.8501558005809784,AAPL,synthetic (offline fallback),local untrained BERT stand-in + keyword blend (offline fallback -- NOT real FinBERT sentiment)
2020-08-06,-0.00015753060579299925,AAPL,synthetic (offline fallback),local untrained BERT stand-in + keyword blend (offline fallback -- NOT real FinBERT sentiment)
2020-08-07,0.42484342157840727,AAPL,synthetic (offline fallback),local untrained BERT stand-in + keyword blend (offline fallback -- NOT real FinBERT sentiment)
2020-08-10,-0.00015436112880706787,AAPL,synthetic (offline fallback),local untrained BERT stand-in + keyword blend (offline fallback -- NOT real FinBERT sentiment)
2020-08-11,0.8498453259468078,AAPL,synthetic (offline fallback),local untrained BERT stand-in + keyword blend (offline fallback -- NOT real FinBERT sentiment)
2020-08-12,0.8498453259468078,AAPL,synthetic (offline fallback),local untrained BERT stand-in + keyword blend (offline fallback -- NOT real FinBERT sentiment)
2020-08-13,-0.2834875096877416,AAPL,synthetic (offline fallback),local untrained BERT stand-in + keyword blend (offline fallback -- NOT real FinBERT sentiment)
2020-08-14,-0.8501558005809784,AAPL,synthetic (offline fallback),local untrained BERT stand-in + keyword blend (offline fallback -- NOT real FinBERT sentiment)
2020-08-17,-0.28349118878444035,AAPL,synthetic (offline fallback),local untrained BERT stand-in + keyword blend (offline fallback -- NOT real FinBERT sentiment)
2020-08-18,-0.00015753060579299925,AAPL,synthetic (offline fallback),local untrained BERT stand-in + keyword blend (offline fallback -- NOT real FinBERT sentiment)
2020-08-19,-0.00015753060579299925,AAPL,synthetic (offline fallback),local untrained BERT stand-in + keyword blend (offline fallback -- NOT real FinBERT sentiment)
2020-08-20,-0.4251566655933857,AAPL,synthetic (offline fallback),local untrained BERT stand-in + keyword blend (offline fallback -- NOT real FinBERT sentiment)
2020-08-21,-0.5668230439225833,AAPL,synthetic (offline fallback),local untrained BERT stand-in + keyword blend (offline fallback -- NOT real FinBERT sentiment)
2020-08-24,-0.00015615820884705328,AAPL,synthetic (offline fallback),local untrained BERT stand-in + keyword blend (offline fallback -- NOT real FinBERT sentiment)
2020-08-25,-0.5668228084842364,AAPL,synthetic (offline fallback),local untrained BERT stand-in + keyword blend (offline fallback -- NOT real FinBERT sentiment)
2020-08-26,-0.2834883024295171,AAPL,synthetic (offline fallback),local untrained BERT stand-in + keyword blend (offline fallback -- NOT real FinBERT sentiment)
2020-08-27,-0.00015753060579299925,AAPL,synthetic (offline fallback),local untrained BERT stand-in + keyword blend (offline fallback -- NOT real FinBERT sentiment)
2020-08-28,-0.2834902872641881,AAPL,synthetic (offline fallback),local untrained BERT stand-in + keyword blend (offline fallback -- NOT real FinBERT sentiment)
2020-08-31,-0.5668217952052753,AAPL,synthetic (offline fallback),local untrained BERT stand-in + keyword blend (offline fallback -- NOT real FinBERT sentiment)
2020-09-01,-0.42515901699662206,AAPL,synthetic (offline fallback),local untrained BERT stand-in + keyword blend (offline fallback -- NOT real FinBERT sentiment)
2020-09-02,-0.8501552797853946,AAPL,synthetic (offline fallback),local untrained BERT stand-in + keyword blend (offline fallback -- NOT real FinBERT sentiment)
2020-09-03,-0.8501551166176795,AAPL,synthetic (offline fallback),local untrained BERT stand-in + keyword blend (offline fallback -- NOT real FinBERT sentiment)
2020-09-04,-0.0001537710428237989,AAPL,synthetic (offline fallback),local untrained BERT stand-in + keyword blend (offline fallback -- NOT real FinBERT sentiment)
2020-09-07,-0.00016223341226577758,AAPL,synthetic (offline fallback),local untrained BERT stand-in + keyword blend (offline fallback -- NOT real FinBERT sentiment)
2020-09-08,0.8498443737626076,AAPL,synthetic (offline fallback),local untrained BERT stand-in + keyword blend (offline fallback -- NOT real FinBERT sentiment)
2020-09-09,-0.28348801334699,AAPL,synthetic (offline fallback),local untrained BERT stand-in + keyword blend (offline fallback -- NOT real FinBERT sentiment)
2020-09-10,0.42483780458569526,AAPL,synthetic (offline fallback),local untrained BERT stand-in + keyword blend (offline fallback -- NOT real FinBERT sentiment)
2020-09-11,0.28317792316277823,AAPL,synthetic (offline fallback),local untrained BERT stand-in + keyword blend (offline fallback -- NOT real FinBERT sentiment)
2020-09-14,-0.42515801787376406,AAPL,synthetic (offline fallback),local untrained BERT stand-in + keyword blend (offline fallback -- NOT real FinBERT sentiment)
2020-09-15,0.42484154626727105,AAPL,synthetic (offline fallback),local untrained BERT stand-in + keyword blend (offline fallback -- NOT real FinBERT sentiment)
2020-09-16,-0.850154758989811,AAPL,synthetic (offline fallback),local untrained BERT stand-in + keyword blend (offline fallback -- NOT real FinBERT sentiment)
2020-09-17,-0.8501571372151374,AAPL,synthetic (offline fallback),local untrained BERT stand-in + keyword blend (offline fallback -- NOT real FinBERT sentiment)
2020-09-18,-0.2834918548663457,AAPL,synthetic (offline fallback),local untrained BERT stand-in + keyword blend (offline fallback -- NOT real FinBERT sentiment)
2020-09-21,-0.00016223341226577758,AAPL,synthetic (offline fallback),local untrained BERT stand-in + keyword blend (offline fallback -- NOT real FinBERT sentiment)
2020-09-22,-0.0001602351665496826,AAPL,synthetic (offline fallback),local untrained BERT stand-in + keyword blend (offline fallback -- NOT real FinBERT sentiment)
2020-09-23,-0.42515443712472917,AAPL,synthetic (offline fallback),local untrained BERT stand-in + keyword blend (offline fallback -- NOT real FinBERT sentiment)
2020-09-24,-0.28348920394976934,AAPL,synthetic (offline fallback),local untrained BERT stand-in + keyword blend (offline fallback -- NOT real FinBERT sentiment)
2020-09-25,0.8498448565602302,AAPL,synthetic (offline fallback),local untrained BERT stand-in + keyword blend (offline fallback -- NOT real FinBERT sentiment)
2020-09-28,-0.8501571372151374,AAPL,synthetic (offline fallback),local untrained BERT stand-in + keyword blend (offline fallback -- NOT real FinBERT sentiment)
2020-09-29,-0.00015671253204348665,AAPL,synthetic (offline fallback),local untrained BERT stand-in + keyword blend (offline fallback -- NOT real FinBERT sentiment)
2020-09-30,0.42484131157398225,AAPL,synthetic (offline fallback),local untrained BERT stand-in + keyword blend (offline fallback -- NOT real FinBERT sentiment)
2020-10-01,0.4248456500470638,AAPL,synthetic (offline fallback),local untrained BERT stand-in + keyword blend (offline fallback -- NOT real FinBERT sentiment)
2020-10-02,-0.42515749707818035,AAPL,synthetic (offline fallback),local untrained BERT stand-in + keyword blend (offline fallback -- NOT real FinBERT sentiment)
2020-10-05,-0.8501539975404739,AAPL,synthetic (offline fallback),local untrained BERT stand-in + keyword blend (offline fallback -- NOT real FinBERT sentiment)
2020-10-06,-0.283490148683389,AAPL,synthetic (offline fallback),local untrained BERT stand-in + keyword blend (offline fallback -- NOT real FinBERT sentiment)
2020-10-07,-0.8501559481024742,AAPL,synthetic (offline fallback),local untrained BERT stand-in + keyword blend (offline fallback -- NOT real FinBERT sentiment)
2020-10-08,-0.00015766620635985587,AAPL,synthetic (offline fallback),local untrained BERT stand-in + keyword blend (offline fallback -- NOT real FinBERT sentiment)
2020-10-09,0.8498443737626076,AAPL,synthetic (offline fallback),local untrained BERT stand-in + keyword blend (offline fallback -- NOT real FinBERT sentiment)
2020-10-12,-0.8501530960202217,AAPL,synthetic (offline fallback),local untrained BERT stand-in + keyword blend (offline fallback -- NOT real FinBERT sentiment)
2020-10-13,0.5665068219105402,AAPL,synthetic (offline fallback),local untrained BERT stand-in + keyword blend (offline fallback -- NOT real FinBERT sentiment)
2020-10-14,-0.00015411972999573864,AAPL,synthetic (offline fallback),local untrained BERT stand-in + keyword blend (offline fallback -- NOT real FinBERT sentiment)
2020-10-15,-0.5668212110797565,AAPL,synthetic (offline fallback),local untrained BERT stand-in + keyword blend (offline fallback -- NOT real FinBERT sentiment)
2020-10-16,0.42484238445758815,AAPL,synthetic (offline fallback),local untrained BERT stand-in + keyword blend (offline fallback -- NOT real FinBERT sentiment)
2020-10-19,-0.850154758989811,AAPL,synthetic (offline fallback),local untrained BERT stand-in + keyword blend (offline fallback -- NOT real FinBERT sentiment)
2020-10-20,0.8498378425836562,AAPL,synthetic (offline fallback),local untrained BERT stand-in + keyword blend (offline fallback -- NOT real FinBERT sentiment)
2020-10-21,-0.0001576267182827329,AAPL,synthetic (offline fallback),local untrained BERT stand-in + keyword blend (offline fallback -- NOT real FinBERT sentiment)
2020-10-22,-0.8501558005809784,AAPL,synthetic (offline fallback),local untrained BERT stand-in + keyword blend (offline fallback -- NOT real FinBERT sentiment)
2020-10-23,-0.00015753060579299925,AAPL,synthetic (offline fallback),local untrained BERT stand-in + keyword blend (offline fallback -- NOT real FinBERT sentiment)
2020-10-26,-0.00016223341226577758,AAPL,synthetic (offline fallback),local untrained BERT stand-in + keyword blend (offline fallback -- NOT real FinBERT sentiment)
2020-10-27,0.8498448498547078,AAPL,synthetic (offline fallback),local untrained BERT stand-in + keyword blend (offline fallback -- NOT real FinBERT sentiment)
2020-10-28,-0.850154758989811,AAPL,synthetic (offline fallback),local untrained BERT stand-in + keyword blend (offline fallback -- NOT real FinBERT sentiment)
2020-10-29,-0.0001576267182827329,AAPL,synthetic (offline fallback),local untrained BERT stand-in + keyword blend (offline fallback -- NOT real FinBERT sentiment)
2020-10-30,-0.00016223341226577758,AAPL,synthetic (offline fallback),local untrained BERT stand-in + keyword blend (offline fallback -- NOT real FinBERT sentiment)
2020-11-02,0.8498443737626076,AAPL,synthetic (offline fallback),local untrained BERT stand-in + keyword blend (offline fallback -- NOT real FinBERT sentiment)
2020-11-03,0.28317463447650276,AAPL,synthetic (offline fallback),local untrained BERT stand-in + keyword blend (offline fallback -- NOT real FinBERT sentiment)
2020-11-04,-0.8501545518636703,AAPL,synthetic (offline fallback),local untrained BERT stand-in + keyword blend (offline fallback -- NOT real FinBERT sentiment)
2020-11-05,-0.0001612342894077301,AAPL,synthetic (offline fallback),local untrained BERT stand-in + keyword blend (offline fallback -- NOT real FinBERT sentiment)
2020-11-06,-0.000159162282943733,AAPL,synthetic (offline fallback),local untrained BERT stand-in + keyword blend (offline fallback -- NOT real FinBERT sentiment)
2020-11-09,0.849842357635498,AAPL,synthetic (offline fallback),local untrained BERT stand-in + keyword blend (offline fallback -- NOT real FinBERT sentiment)
2020-11-10,0.28317463447650276,AAPL,synthetic (offline fallback),local untrained BERT stand-in + keyword blend (offline fallback -- NOT real FinBERT sentiment)
2020-11-11,0.8498426750302315,AAPL,synthetic (offline fallback),local untrained BERT stand-in + keyword blend (offline fallback -- NOT real FinBERT sentiment)
2020-11-12,0.28317871143420537,AAPL,synthetic (offline fallback),local untrained BERT stand-in + keyword blend (offline fallback -- NOT real FinBERT sentiment)
2020-11-13,0.4248401559889316,AAPL,synthetic (offline fallback),local untrained BERT stand-in + keyword blend (offline fallback -- NOT real FinBERT sentiment)
2020-11-16,0.5665082285801569,AAPL,synthetic (offline fallback),local untrained BERT stand-in + keyword blend (offline fallback -- NOT real FinBERT sentiment)
2020-11-17,0.42484231069684025,AAPL,synthetic (offline fallback),local untrained BERT stand-in + keyword blend (offline fallback -- NOT real FinBERT sentiment)
2020-11-18,-0.00016223341226577758,AAPL,synthetic (offline fallback),local untrained BERT stand-in + keyword blend (offline fallback -- NOT real FinBERT sentiment)
2020-11-19,-0.00015307366847991944,AAPL,synthetic (offline fallback),local untrained BERT stand-in + keyword blend (offline fallback -- NOT real FinBERT sentiment)
2020-11-20,0.42484131157398225,AAPL,synthetic (offline fallback),local untrained BERT stand-in + keyword blend (offline fallback -- NOT real FinBERT sentiment)
2020-11-23,-0.00015984326601028442,AAPL,synthetic (offline fallback),local untrained BERT stand-in + keyword blend (offline fallback -- NOT real FinBERT sentiment)
2020-11-24,-0.8501544483006,AAPL,synthetic (offline fallback),local untrained BERT stand-in + keyword blend (offline fallback -- NOT real FinBERT sentiment)
2020-11-25,-0.00015753060579299925,AAPL,synthetic (offline fallback),local untrained BERT stand-in + keyword blend (offline fallback -- NOT real FinBERT sentiment)
2020-11-26,-0.00015722215175628662,AAPL,synthetic (offline fallback),local untrained BERT stand-in + keyword blend (offline fallback -- NOT real FinBERT sentiment)
2020-11-27,-0.00015307366847991944,AAPL,synthetic (offline fallback),local untrained BERT stand-in + keyword blend (offline fallback -- NOT real FinBERT sentiment)
2020-11-30,0.8498443737626076,AAPL,synthetic (offline fallback),local untrained BERT stand-in + keyword blend (offline fallback -- NOT real FinBERT sentiment)
2020-12-01,0.42484238445758815,AAPL,synthetic (offline fallback),local untrained BERT stand-in + keyword blend (offline fallback -- NOT real FinBERT sentiment)
2020-12-02,-0.00015964731574058533,AAPL,synthetic (offline fallback),local untrained BERT stand-in + keyword blend (offline fallback -- NOT real FinBERT sentiment)
2020-12-03,0.8498453259468078,AAPL,synthetic (offline fallback),local untrained BERT stand-in + keyword blend (offline fallback -- NOT real FinBERT sentiment)
2020-12-04,0.8498453259468078,AAPL,synthetic (offline fallback),local untrained BERT stand-in + keyword blend (offline fallback -- NOT real FinBERT sentiment)
2020-12-07,-0.0001560017466545327,AAPL,synthetic (offline fallback),local untrained BERT stand-in + keyword blend (offline fallback -- NOT real FinBERT sentiment)
2020-12-08,-0.00015307366847991944,AAPL,synthetic (offline fallback),local untrained BERT stand-in + keyword blend (offline fallback -- NOT real FinBERT sentiment)
2020-12-09,-0.00015416890382768944,AAPL,synthetic (offline fallback),local untrained BERT stand-in + keyword blend (offline fallback -- NOT real FinBERT sentiment)
2020-12-10,-0.8501552797853946,AAPL,synthetic (offline fallback),local untrained BERT stand-in + keyword blend (offline fallback -- NOT real FinBERT sentiment)
2020-12-11,-0.00016223341226577758,AAPL,synthetic (offline fallback),local untrained BERT stand-in + keyword blend (offline fallback -- NOT real FinBERT sentiment)
2020-12-14,-0.00015307366847991944,AAPL,synthetic (offline fallback),local untrained BERT stand-in + keyword blend (offline fallback -- NOT real FinBERT sentiment)
2020-12-15,-0.00015307366847991944,AAPL,synthetic (offline fallback),local untrained BERT stand-in + keyword blend (offline fallback -- NOT real FinBERT sentiment)
2020-12-16,-0.0001602351665496826,AAPL,synthetic (offline fallback),local untrained BERT stand-in + keyword blend (offline fallback -- NOT real FinBERT sentiment)
2020-12-17,0.8498411081731319,AAPL,synthetic (offline fallback),local untrained BERT stand-in + keyword blend (offline fallback -- NOT real FinBERT sentiment)
2020-12-18,-0.00015765354037284852,AAPL,synthetic (offline fallback),local untrained BERT stand-in + keyword blend (offline fallback -- NOT real FinBERT sentiment)
2020-12-21,-0.8501530960202217,AAPL,synthetic (offline fallback),local untrained BERT stand-in + keyword blend (offline fallback -- NOT real FinBERT sentiment)
2020-12-22,0.8498378425836562,AAPL,synthetic (offline fallback),local untrained BERT stand-in + keyword blend (offline fallback -- NOT real FinBERT sentiment)
2020-12-23,-0.4251566655933857,AAPL,synthetic (offline fallback),local untrained BERT stand-in + keyword blend (offline fallback -- NOT real FinBERT sentiment)
2020-12-24,-0.5668221424023311,AAPL,synthetic (offline fallback),local untrained BERT stand-in + keyword blend (offline fallback -- NOT real FinBERT sentiment)
2020-12-25,-0.5668250570694605,AAPL,synthetic (offline fallback),local untrained BERT stand-in + keyword blend (offline fallback -- NOT real FinBERT sentiment)
2020-12-28,-0.28348782708247505,AAPL,synthetic (offline fallback),local untrained BERT stand-in + keyword blend (offline fallback -- NOT real FinBERT sentiment)
2020-12-29,0.42484589144587515,AAPL,synthetic (offline fallback),local untrained BERT stand-in + keyword blend (offline fallback -- NOT real FinBERT sentiment)
2020-12-30,0.2831756328543027,AAPL,synthetic (offline fallback),local untrained BERT stand-in + keyword blend (offline fallback -- NOT real FinBERT sentiment)
2020-12-31,0.4248456500470638,AAPL,synthetic (offline fallback),local untrained BERT stand-in + keyword blend (offline fallback -- NOT real FinBERT sentiment)
2021-01-01,-0.0001602351665496826,AAPL,synthetic (offline fallback),local untrained BERT stand-in + keyword blend (offline fallback -- NOT real FinBERT sentiment)
2021-01-04,0.28317792316277823,AAPL,synthetic (offline fallback),local untrained BERT stand-in + keyword blend (offline fallback -- NOT real FinBERT sentiment)
2021-01-05,-0.00015753060579299925,AAPL,synthetic (offline fallback),local untrained BERT stand-in + keyword blend (offline fallback -- NOT real FinBERT sentiment)
2021-01-06,-0.00015753060579299925,AAPL,synthetic (offline fallback),local untrained BERT stand-in + keyword blend (offline fallback -- NOT real FinBERT sentiment)
2021-01-07,-0.00015753954648970817,AAPL,synthetic (offline fallback),local untrained BERT stand-in + keyword blend (offline fallback -- NOT real FinBERT sentiment)
2021-01-08,-0.8501571372151374,AAPL,synthetic (offline fallback),local untrained BERT stand-in + keyword blend (offline fallback -- NOT real FinBERT sentiment)
2021-01-11,0.4248410701751709,AAPL,synthetic (offline fallback),local untrained BERT stand-in + keyword blend (offline fallback -- NOT real FinBERT sentiment)
2021-01-12,0.8498443737626076,AAPL,synthetic (offline fallback),local untrained BERT stand-in + keyword blend (offline fallback -- NOT real FinBERT sentiment)
2021-01-13,0.8498443737626076,AAPL,synthetic (offline fallback),local untrained BERT stand-in + keyword blend (offline fallback -- NOT real FinBERT sentiment)
2021-01-14,0.5665122131506602,AAPL,synthetic (offline fallback),local untrained BERT stand-in + keyword blend (offline fallback -- NOT real FinBERT sentiment)
2021-01-15,0.8498443737626076,AAPL,synthetic (offline fallback),local untrained BERT stand-in + keyword blend (offline fallback -- NOT real FinBERT sentiment)
2021-01-18,0.8498378425836562,AAPL,synthetic (offline fallback),local untrained BERT stand-in + keyword blend (offline fallback -- NOT real FinBERT sentiment)
2021-01-19,0.42483880370855326,AAPL,synthetic (offline fallback),local untrained BERT stand-in + keyword blend (offline fallback -- NOT real FinBERT sentiment)
2021-01-20,-0.00015590563416478798,AAPL,synthetic (offline fallback),local untrained BERT stand-in + keyword blend (offline fallback -- NOT real FinBERT sentiment)
2021-01-21,0.8498448565602302,AAPL,synthetic (offline fallback),local untrained BERT stand-in + keyword blend (offline fallback -- NOT real FinBERT sentiment)
2021-01-22,-0.8501544483006,AAPL,synthetic (offline fallback),local untrained BERT stand-in + keyword blend (offline fallback -- NOT real FinBERT sentiment)
2021-01-25,0.8498403370380401,AAPL,synthetic (offline fallback),local untrained BERT stand-in + keyword blend (offline fallback -- NOT real FinBERT sentiment)
2021-01-26,-0.8501558005809784,AAPL,synthetic (offline fallback),local untrained BERT stand-in + keyword blend (offline fallback -- NOT real FinBERT sentiment)
2021-01-27,-0.00015988200902938843,AAPL,synthetic (offline fallback),local untrained BERT stand-in + keyword blend (offline fallback -- NOT real FinBERT sentiment)
2021-01-28,-0.850154758989811,AAPL,synthetic (offline fallback),local untrained BERT stand-in + keyword blend (offline fallback -- NOT real FinBERT sentiment)
2021-01-29,-0.00015888288617134093,AAPL,synthetic (offline fallback),local untrained BERT stand-in + keyword blend (offline fallback -- NOT real FinBERT sentiment)
2021-02-01,-0.00015614032745359108,AAPL,synthetic (offline fallback),local untrained BERT stand-in + keyword blend (offline fallback -- NOT real FinBERT sentiment)
2021-02-02,0.2831741785009702,AAPL,synthetic (offline fallback),local untrained BERT stand-in + keyword blend (offline fallback -- NOT real FinBERT sentiment)
2021-02-03,0.4248401559889316,AAPL,synthetic (offline fallback),local untrained BERT stand-in + keyword blend (offline fallback -- NOT real FinBERT sentiment)
2021-02-04,0.8498443737626076,AAPL,synthetic (offline fallback),local untrained BERT stand-in + keyword blend (offline fallback -- NOT real FinBERT sentiment)
2021-02-05,0.42484254539012906,AAPL,synthetic (offline fallback),local untrained BERT stand-in + keyword blend (offline fallback -- NOT real FinBERT sentiment)
2021-02-08,-0.8501558005809784,AAPL,synthetic (offline fallback),local untrained BERT stand-in + keyword blend (offline fallback -- NOT real FinBERT sentiment)
2021-02-09,-0.2834887286027273,AAPL,synthetic (offline fallback),local untrained BERT stand-in + keyword blend (offline fallback -- NOT real FinBERT sentiment)
2021-02-10,0.28317574610312773,AAPL,synthetic (offline fallback),local untrained BERT stand-in + keyword blend (offline fallback -- NOT real FinBERT sentiment)
2021-02-11,-0.2834873159726461,AAPL,synthetic (offline fallback),local untrained BERT stand-in + keyword blend (offline fallback -- NOT real FinBERT sentiment)
2021-02-12,0.8498448498547078,AAPL,synthetic (offline fallback),local untrained BERT stand-in + keyword blend (offline fallback -- NOT real FinBERT sentiment)
2021-02-15,-0.00015615820884705328,AAPL,synthetic (offline fallback),local untrained BERT stand-in + keyword blend (offline fallback -- NOT real FinBERT sentiment)
2021-02-16,-0.00015753060579299925,AAPL,synthetic (offline fallback),local untrained BERT stand-in + keyword blend (offline fallback -- NOT real FinBERT sentiment)
2021-02-17,-0.0001606658101081848,AAPL,synthetic (offline fallback),local untrained BERT stand-in + keyword blend (offline fallback -- NOT real FinBERT sentiment)
2021-02-18,-0.00015753060579299925,AAPL,synthetic (offline fallback),local untrained BERT stand-in + keyword blend (offline fallback -- NOT real FinBERT sentiment)
2021-02-19,0.8498448565602302,AAPL,synthetic (offline fallback),local untrained BERT stand-in + keyword blend (offline fallback -- NOT real FinBERT sentiment)
2021-02-22,-0.8501571372151374,AAPL,synthetic (offline fallback),local untrained BERT stand-in + keyword blend (offline fallback -- NOT real FinBERT sentiment)
2021-02-23,0.42484612613916395,AAPL,synthetic (offline fallback),local untrained BERT stand-in + keyword blend (offline fallback -- NOT real FinBERT sentiment)
2021-02-24,-0.00015523731708527722,AAPL,synthetic (offline fallback),local untrained BERT stand-in + keyword blend (offline fallback -- NOT real FinBERT sentiment)
2021-02-25,0.849845091253519,AAPL,synthetic (offline fallback),local untrained BERT stand-in + keyword blend (offline fallback -- NOT real FinBERT sentiment)
2021-02-26,-0.8501551166176795,AAPL,synthetic (offline fallback),local untrained BERT stand-in + keyword blend (offline fallback -- NOT real FinBERT sentiment)
2021-03-01,-0.00015307366847991944,AAPL,synthetic (offline fallback),local untrained BERT stand-in + keyword blend (offline fallback -- NOT real FinBERT sentiment)
2021-03-02,0.8498378425836562,AAPL,synthetic (offline fallback),local untrained BERT stand-in + keyword blend (offline fallback -- NOT real FinBERT sentiment)
2021-03-03,-0.0001584582030773607,AAPL,synthetic (offline fallback),local untrained BERT stand-in + keyword blend (offline fallback -- NOT real FinBERT sentiment)
2021-03-04,-0.0001602351665496826,AAPL,synthetic (offline fallback),local untrained BERT stand-in + keyword blend (offline fallback -- NOT real FinBERT sentiment)
2021-03-05,-0.28348782708247505,AAPL,synthetic (offline fallback),local untrained BERT stand-in + keyword blend (offline fallback -- NOT real FinBERT sentiment)
2021-03-08,0.8498443737626076,AAPL,synthetic (offline fallback),local untrained BERT stand-in + keyword blend (offline fallback -- NOT real FinBERT sentiment)
2021-03-09,-0.00015307366847991944,AAPL,synthetic (offline fallback),local untrained BERT stand-in + keyword blend (offline fallback -- NOT real FinBERT sentiment)
2021-03-10,0.28317792316277823,AAPL,synthetic (offline fallback),local untrained BERT stand-in + keyword blend (offline fallback -- NOT real FinBERT sentiment)
2021-03-11,-0.00015388503670693554,AAPL,synthetic (offline fallback),local untrained BERT stand-in + keyword blend (offline fallback -- NOT real FinBERT sentiment)
2021-03-12,-0.00016223341226577758,AAPL,synthetic (offline fallback),local untrained BERT stand-in + keyword blend (offline fallback -- NOT real FinBERT sentiment)
2021-03-15,-0.00015519261360169567,AAPL,synthetic (offline fallback),local untrained BERT stand-in + keyword blend (offline fallback -- NOT real FinBERT sentiment)
2021-03-16,0.8498378425836562,AAPL,synthetic (offline fallback),local untrained BERT stand-in + keyword blend (offline fallback -- NOT real FinBERT sentiment)
2021-03-17,-0.00015788674354551743,AAPL,synthetic (offline fallback),local untrained BERT stand-in + keyword blend (offline fallback -- NOT real FinBERT sentiment)
2021-03-18,-0.5668208638827006,AAPL,synthetic (offline fallback),local untrained BERT stand-in + keyword blend (offline fallback -- NOT real FinBERT sentiment)
2021-03-19,-0.8501552797853946,AAPL,synthetic (offline fallback),local untrained BERT stand-in + keyword blend (offline fallback -- NOT real FinBERT sentiment)
2021-03-22,-0.5668231422702471,AAPL,synthetic (offline fallback),local untrained BERT stand-in + keyword blend (offline fallback -- NOT real FinBERT sentiment)
2021-03-23,-0.0001563817262649203,AAPL,synthetic (offline fallback),local untrained BERT stand-in + keyword blend (offline fallback -- NOT real FinBERT sentiment)
2021-03-24,-0.0001584582030773607,AAPL,synthetic (offline fallback),local untrained BERT stand-in + keyword blend (offline fallback -- NOT real FinBERT sentiment)
2021-03-25,-0.850156344473362,AAPL,synthetic (offline fallback),local untrained BERT stand-in + keyword blend (offline fallback -- NOT real FinBERT sentiment)
2021-03-26,-0.8501530960202217,AAPL,synthetic (offline fallback),local untrained BERT stand-in + keyword blend (offline fallback -- NOT real FinBERT sentiment)
2021-03-29,-0.28349214394887284,AAPL,synthetic (offline fallback),local untrained BERT stand-in + keyword blend (offline fallback -- NOT real FinBERT sentiment)
2021-03-30,-0.0001563817262649203,AAPL,synthetic (offline fallback),local untrained BERT stand-in + keyword blend (offline fallback -- NOT real FinBERT sentiment)
2021-03-31,-0.8501544483006,AAPL,synthetic (offline fallback),local untrained BERT stand-in + keyword blend (offline fallback -- NOT real FinBERT sentiment)
2021-04-01,0.8498443737626076,AAPL,synthetic (offline fallback),local untrained BERT stand-in + keyword blend (offline fallback -- NOT real FinBERT sentiment)
2021-04-02,0.42484589144587515,AAPL,synthetic (offline fallback),local untrained BERT stand-in + keyword blend (offline fallback -- NOT real FinBERT sentiment)
2021-04-05,0.849845091253519,AAPL,synthetic (offline fallback),local untrained BERT stand-in + keyword blend (offline fallback -- NOT real FinBERT sentiment)
2021-04-06,-0.8501558005809784,AAPL,synthetic (offline fallback),local untrained BERT stand-in + keyword blend (offline fallback -- NOT real FinBERT sentiment)
2021-04-07,-0.00015307366847991944,AAPL,synthetic (offline fallback),local untrained BERT stand-in + keyword blend (offline fallback -- NOT real FinBERT sentiment)
2021-04-08,-0.00015393197536468504,AAPL,synthetic (offline fallback),local untrained BERT stand-in + keyword blend (offline fallback -- NOT real FinBERT sentiment)
2021-04-09,-0.42515443712472917,AAPL,synthetic (offline fallback),local untrained BERT stand-in + keyword blend (offline fallback -- NOT real FinBERT sentiment)
2021-04-12,-0.2834912528594335,AAPL,synthetic (offline fallback),local untrained BERT stand-in + keyword blend (offline fallback -- NOT real FinBERT sentiment)
2021-04-13,-0.00015495121479036644,AAPL,synthetic (offline fallback),local untrained BERT stand-in + keyword blend (offline fallback -- NOT real FinBERT sentiment)
2021-04-14,0.4248410701751709,AAPL,synthetic (offline fallback),local untrained BERT stand-in + keyword blend (offline fallback -- NOT real FinBERT sentiment)
2021-04-15,-0.5668248365322749,AAPL,synthetic (offline fallback),local untrained BERT stand-in + keyword blend (offline fallback -- NOT real FinBERT sentiment)
2021-04-16,-0.00015581101179125886,AAPL,synthetic (offline fallback),local untrained BERT stand-in + keyword blend (offline fallback -- NOT real FinBERT sentiment)
2021-04-19,-0.0001561582088470681,AAPL,synthetic (offline fallback),local untrained BERT stand-in + keyword blend (offline fallback -- NOT real FinBERT sentiment)
2021-04-20,-0.0001576125621795654,AAPL,synthetic (offline fallback),local untrained BERT stand-in + keyword blend (offline fallback -- NOT real FinBERT sentiment)
2021-04-21,-0.8501530960202217,AAPL,synthetic (offline fallback),local untrained BERT stand-in + keyword blend (offline fallback -- NOT real FinBERT sentiment)
2021-04-22,0.5665093163649241,AAPL,synthetic (offline fallback),local untrained BERT stand-in + keyword blend (offline fallback -- NOT real FinBERT sentiment)
2021-04-23,-0.8501539275050163,AAPL,synthetic (offline fallback),local untrained BERT stand-in + keyword blend (offline fallback -- NOT real FinBERT sentiment)
2021-04-26,0.4248410701751709,AAPL,synthetic (offline fallback),local untrained BERT stand-in + keyword blend (offline fallback -- NOT real FinBERT sentiment)
2021-04-27,0.8498378425836562,AAPL,synthetic (offline fallback),local untrained BERT stand-in + keyword blend (offline fallback -- NOT real FinBERT sentiment)
2021-04-28,-0.8501571372151374,AAPL,synthetic (offline fallback),local untrained BERT stand-in + keyword blend (offline fallback -- NOT real FinBERT sentiment)
2021-04-29,0.8498443737626076,AAPL,synthetic (offline fallback),local untrained BERT stand-in + keyword blend (offline fallback -- NOT real FinBERT sentiment)
2021-04-30,-0.0001602351665496826,AAPL,synthetic (offline fallback),local untrained BERT stand-in + keyword blend (offline fallback -- NOT real FinBERT sentiment)
2021-05-03,-0.2834909533460935,AAPL,synthetic (offline fallback),local untrained BERT stand-in + keyword blend (offline fallback -- NOT real FinBERT sentiment)
2021-05-04,-0.8501530960202217,AAPL,synthetic (offline fallback),local untrained BERT stand-in + keyword blend (offline fallback -- NOT real FinBERT sentiment)
2021-05-05,0.8498448565602302,AAPL,synthetic (offline fallback),local untrained BERT stand-in + keyword blend (offline fallback -- NOT real FinBERT sentiment)
2021-05-06,-0.850154758989811,AAPL,synthetic (offline fallback),local untrained BERT stand-in + keyword blend (offline fallback -- NOT real FinBERT sentiment)
2021-05-07,-0.00015666782855986808,AAPL,synthetic (offline fallback),local untrained BERT stand-in + keyword blend (offline fallback -- NOT real FinBERT sentiment)
2021-05-10,-0.2834932019313176,AAPL,synthetic (offline fallback),local untrained BERT stand-in + keyword blend (offline fallback -- NOT real FinBERT sentiment)
2021-05-11,-0.00015571340918540955,AAPL,synthetic (offline fallback),local untrained BERT stand-in + keyword blend (offline fallback -- NOT real FinBERT sentiment)
2021-05-12,0.28317702164252595,AAPL,synthetic (offline fallback),local untrained BERT stand-in + keyword blend (offline fallback -- NOT real FinBERT sentiment)
2021-05-13,-0.0001602351665496826,AAPL,synthetic (offline fallback),local untrained BERT stand-in + keyword blend (offline fallback -- NOT real FinBERT sentiment)
2021-05-14,-0.5668239350120227,AAPL,synthetic (offline fallback),local untrained BERT stand-in + keyword blend (offline fallback -- NOT real FinBERT sentiment)
2021-05-17,0.849844615161419,AAPL,synthetic (offline fallback),local untrained BERT stand-in + keyword blend (offline fallback -- NOT real FinBERT sentiment)
2021-05-18,-0.8501558005809784,AAPL,synthetic (offline fallback),local untrained BERT stand-in + keyword blend (offline fallback -- NOT real FinBERT sentiment)
2021-05-19,0.28317613651355106,AAPL,synthetic (offline fallback),local untrained BERT stand-in + keyword blend (offline fallback -- NOT real FinBERT sentiment)
2021-05-20,-0.00015530213713645935,AAPL,synthetic (offline fallback),local untrained BERT stand-in + keyword blend (offline fallback -- NOT real FinBERT sentiment)
2021-05-21,0.28317396839459735,AAPL,synthetic (offline fallback),local untrained BERT stand-in + keyword blend (offline fallback -- NOT real FinBERT sentiment)
2021-05-24,0.28317847450574235,AAPL,synthetic (offline fallback),local untrained BERT stand-in + keyword blend (offline fallback -- NOT real FinBERT sentiment)
2021-05-25,-0.00015436112880706787,AAPL,synthetic (offline fallback),local untrained BERT stand-in + keyword blend (offline fallback -- NOT real FinBERT sentiment)
2021-05-26,-0.00015541762113572646,AAPL,synthetic (offline fallback),local untrained BERT stand-in + keyword blend (offline fallback -- NOT real FinBERT sentiment)
2021-05-27,-0.8501539275050163,AAPL,synthetic (offline fallback),local untrained BERT stand-in + keyword blend (offline fallback -- NOT real FinBERT sentiment)
2021-05-28,-0.42515849620103835,AAPL,synthetic (offline fallback),local untrained BERT stand-in + keyword blend (offline fallback -- NOT real FinBERT sentiment)
2021-05-31,-0.00015496164560317252,AAPL,synthetic (offline fallback),local untrained BERT stand-in + keyword blend (offline fallback -- NOT real FinBERT sentiment)
2021-06-01,-0.00015590563416478798,AAPL,synthetic (offline fallback),local untrained BERT stand-in + keyword blend (offline fallback -- NOT real FinBERT sentiment)
2021-06-02,-0.00015753060579299925,AAPL,synthetic (offline fallback),local untrained BERT stand-in + keyword blend (offline fallback -- NOT real FinBERT sentiment)
2021-06-03,-0.00015988200902938843,AAPL,synthetic (offline fallback),local untrained BERT stand-in + keyword blend (offline fallback -- NOT real FinBERT sentiment)
2021-06-04,-0.42515443712472917,AAPL,synthetic (offline fallback),local untrained BERT stand-in + keyword blend (offline fallback -- NOT real FinBERT sentiment)
2021-06-07,0.8498448565602302,AAPL,synthetic (offline fallback),local untrained BERT stand-in + keyword blend (offline fallback -- NOT real FinBERT sentiment)
2021-06-08,0.8498448565602302,AAPL,synthetic (offline fallback),local untrained BERT stand-in + keyword blend (offline fallback -- NOT real FinBERT sentiment)
2021-06-09,-0.00015753954648972297,AAPL,synthetic (offline fallback),local untrained BERT stand-in + keyword blend (offline fallback -- NOT real FinBERT sentiment)
2021-06-10,0.8498453259468078,AAPL,synthetic (offline fallback),local untrained BERT stand-in + keyword blend (offline fallback -- NOT real FinBERT sentiment)
2021-06-11,0.4248456500470638,AAPL,synthetic (offline fallback),local untrained BERT stand-in + keyword blend (offline fallback -- NOT real FinBERT sentiment)
2021-06-14,0.8498400196433066,AAPL,synthetic (offline fallback),local untrained BERT stand-in + keyword blend (offline fallback -- NOT real FinBERT sentiment)
2021-06-15,-0.42515849620103835,AAPL,synthetic (offline fallback),local untrained BERT stand-in + keyword blend (offline fallback -- NOT real FinBERT sentiment)
2021-06-16,0.8498443737626076,AAPL,synthetic (offline fallback),local untrained BERT stand-in + keyword blend (offline fallback -- NOT real FinBERT sentiment)
2021-06-17,0.8498446956276894,AAPL,synthetic (offline fallback),local untrained BERT stand-in + keyword blend (offline fallback -- NOT real FinBERT sentiment)
2021-06-18,-0.00015451610088349868,AAPL,synthetic (offline fallback),local untrained BERT stand-in + keyword blend (offline fallback -- NOT real FinBERT sentiment)
2021-06-21,-0.8501549974083901,AAPL,synthetic (offline fallback),local untrained BERT stand-in + keyword blend (offline fallback -- NOT real FinBERT sentiment)
2021-06-22,-0.8501551061868667,AAPL,synthetic (offline fallback),local untrained BERT stand-in + keyword blend (offline fallback -- NOT real FinBERT sentiment)
2021-06-23,-0.0001612342894077301,AAPL,synthetic (offline fallback),local untrained BERT stand-in + keyword blend (offline fallback -- NOT real FinBERT sentiment)
2021-06-24,0.8498453259468078,AAPL,synthetic (offline fallback),local untrained BERT stand-in + keyword blend (offline fallback -- NOT real FinBERT sentiment)
2021-06-25,0.2831758191188176,AAPL,synthetic (offline fallback),local untrained BERT stand-in + keyword blend (offline fallback -- NOT real FinBERT sentiment)
2021-06-28,-0.00015765354037284852,AAPL,synthetic (offline fallback),local untrained BERT stand-in + keyword blend (offline fallback -- NOT real FinBERT sentiment)
2021-06-29,-0.5668224493662516,AAPL,synthetic (offline fallback),local untrained BERT stand-in + keyword blend (offline fallback -- NOT real FinBERT sentiment)
2021-06-30,0.8498443737626076,AAPL,synthetic (offline fallback),local untrained BERT stand-in + keyword blend (offline fallback -- NOT real FinBERT sentiment)
2021-07-01,0.28317871143420537,AAPL,synthetic (offline fallback),local untrained BERT stand-in + keyword blend (offline fallback -- NOT real FinBERT sentiment)
2021-07-02,-0.28348946770032246,AAPL,synthetic (offline fallback),local untrained BERT stand-in + keyword blend (offline fallback -- NOT real FinBERT sentiment)
2021-07-05,-0.8501539275050163,AAPL,synthetic (offline fallback),local untrained BERT stand-in + keyword blend (offline fallback -- NOT real FinBERT sentiment)
2021-07-06,-0.00015665441751480102,AAPL,synthetic (offline fallback),local untrained BERT stand-in + keyword blend (offline fallback -- NOT real FinBERT sentiment)
2021-07-07,-0.42515901699662206,AAPL,synthetic (offline fallback),local untrained BERT stand-in + keyword blend (offline fallback -- NOT real FinBERT sentiment)
2021-07-08,0.8498453259468078,AAPL,synthetic (offline fallback),local untrained BERT stand-in + keyword blend (offline fallback -- NOT real FinBERT sentiment)
2021-07-09,-0.850154758989811,AAPL,synthetic (offline fallback),local untrained BERT stand-in + keyword blend (offline fallback -- NOT real FinBERT sentiment)
2021-07-12,-0.4251566655933857,AAPL,synthetic (offline fallback),local untrained BERT stand-in + keyword blend (offline fallback -- NOT real FinBERT sentiment)
2021-07-13,-0.2834902872641882,AAPL,synthetic (offline fallback),local untrained BERT stand-in + keyword blend (offline fallback -- NOT real FinBERT sentiment)
2021-07-14,-0.0001567646861076281,AAPL,synthetic (offline fallback),local untrained BERT stand-in + keyword blend (offline fallback -- NOT real FinBERT sentiment)
2021-07-15,-0.00015307366847991944,AAPL,synthetic (offline fallback),local untrained BERT stand-in + keyword blend (offline fallback -- NOT real FinBERT sentiment)
2021-07-16,-0.8501571372151374,AAPL,synthetic (offline fallback),local untrained BERT stand-in + keyword blend (offline fallback -- NOT real FinBERT sentiment)
2021-07-19,-0.00015964731574058533,AAPL,synthetic (offline fallback),local untrained BERT stand-in + keyword blend (offline fallback -- NOT real FinBERT sentiment)
2021-07-20,0.8498453259468078,AAPL,synthetic (offline fallback),local untrained BERT stand-in + keyword blend (offline fallback -- NOT real FinBERT sentiment)
2021-07-21,-0.4251596853137016,AAPL,synthetic (offline fallback),local untrained BERT stand-in + keyword blend (offline fallback -- NOT real FinBERT sentiment)
2021-07-22,0.2831741785009702,AAPL,synthetic (offline fallback),local untrained BERT stand-in + keyword blend (offline fallback -- NOT real FinBERT sentiment)
2021-07-23,-0.2834895213445027,AAPL,synthetic (offline fallback),local untrained BERT stand-in + keyword blend (offline fallback -- NOT real FinBERT sentiment)
2021-07-26,-0.00015388503670693554,AAPL,synthetic (offline fallback),local untrained BERT stand-in + keyword blend (offline fallback -- NOT real FinBERT sentiment)
2021-07-27,-0.425156144797802,AAPL,synthetic (offline fallback),local untrained BERT stand-in + keyword blend (offline fallback -- NOT real FinBERT sentiment)
2021-07-28,-0.00015660375356674194,AAPL,synthetic (offline fallback),local untrained BERT stand-in + keyword blend (offline fallback -- NOT real FinBERT sentiment)
2021-07-29,-0.8501530960202217,AAPL,synthetic (offline fallback),local untrained BERT stand-in + keyword blend (offline fallback -- NOT real FinBERT sentiment)
2021-07-30,-0.850154758989811,AAPL,synthetic (offline fallback),local untrained BERT stand-in + keyword blend (offline fallback -- NOT real FinBERT sentiment)
2021-08-02,0.28317553599675493,AAPL,synthetic (offline fallback),local untrained BERT stand-in + keyword blend (offline fallback -- NOT real FinBERT sentiment)
2021-08-03,-0.00015753060579299925,AAPL,synthetic (offline fallback),local untrained BERT stand-in + keyword blend (offline fallback -- NOT real FinBERT sentiment)
2021-08-04,-0.5668221424023311,AAPL,synthetic (offline fallback),local untrained BERT stand-in + keyword blend (offline fallback -- NOT real FinBERT sentiment)
2021-08-05,-0.2834900041421255,AAPL,synthetic (offline fallback),local untrained BERT stand-in + keyword blend (offline fallback -- NOT real FinBERT sentiment)
2021-08-06,0.42484612613916395,AAPL,synthetic (offline fallback),local untrained BERT stand-in + keyword blend (offline fallback -- NOT real FinBERT sentiment)
2021-08-09,-0.2834932019313176,AAPL,synthetic (offline fallback),local untrained BERT stand-in + keyword blend (offline fallback -- NOT real FinBERT sentiment)
2021-08-10,0.8498443737626076,AAPL,synthetic (offline fallback),local untrained BERT stand-in + keyword blend (offline fallback -- NOT real FinBERT sentiment)
2021-08-11,-0.850154758989811,AAPL,synthetic (offline fallback),local untrained BERT stand-in + keyword blend (offline fallback -- NOT real FinBERT sentiment)
2021-08-12,-0.0001602351665496826,AAPL,synthetic (offline fallback),local untrained BERT stand-in + keyword blend (offline fallback -- NOT real FinBERT sentiment)
2021-08-13,-0.8501530960202217,AAPL,synthetic (offline fallback),local untrained BERT stand-in + keyword blend (offline fallback -- NOT real FinBERT sentiment)
2021-08-16,-0.4251576647162437,AAPL,synthetic (offline fallback),local untrained BERT stand-in + keyword blend (offline fallback -- NOT real FinBERT sentiment)
2021-08-17,0.2831759800513585,AAPL,synthetic (offline fallback),local untrained BERT stand-in + keyword blend (offline fallback -- NOT real FinBERT sentiment)
2021-08-18,-0.0001602351665496826,AAPL,synthetic (offline fallback),local untrained BERT stand-in + keyword blend (offline fallback -- NOT real FinBERT sentiment)
2021-08-19,-0.2834913512070974,AAPL,synthetic (offline fallback),local untrained BERT stand-in + keyword blend (offline fallback -- NOT real FinBERT sentiment)
2021-08-20,-0.850154758989811,AAPL,synthetic (offline fallback),local untrained BERT stand-in + keyword blend (offline fallback -- NOT real FinBERT sentiment)
2021-08-23,0.2831759800513585,AAPL,synthetic (offline fallback),local untrained BERT stand-in + keyword blend (offline fallback -- NOT real FinBERT sentiment)
2021-08-24,-0.5668228084842364,AAPL,synthetic (offline fallback),local untrained BERT stand-in + keyword blend (offline fallback -- NOT real FinBERT sentiment)
2021-08-25,-0.42515443712472917,AAPL,synthetic (offline fallback),local untrained BERT stand-in + keyword blend (offline fallback -- NOT real FinBERT sentiment)
2021-08-26,-0.00015511810779570792,AAPL,synthetic (offline fallback),local untrained BERT stand-in + keyword blend (offline fallback -- NOT real FinBERT sentiment)
2021-08-27,-0.850154758989811,AAPL,synthetic (offline fallback),local untrained BERT stand-in + keyword blend (offline fallback -- NOT real FinBERT sentiment)
2021-08-30,-0.4251566655933857,AAPL,synthetic (offline fallback),local untrained BERT stand-in + keyword blend (offline fallback -- NOT real FinBERT sentiment)
2021-08-31,-0.850154758989811,AAPL,synthetic (offline fallback),local untrained BERT stand-in + keyword blend (offline fallback -- NOT real FinBERT sentiment)
2021-09-01,0.42484342157840727,AAPL,synthetic (offline fallback),local untrained BERT stand-in + keyword blend (offline fallback -- NOT real FinBERT sentiment)
2021-09-02,0.28317569692929584,AAPL,synthetic (offline fallback),local untrained BERT stand-in + keyword blend (offline fallback -- NOT real FinBERT sentiment)
2021-09-03,0.8498411081731319,AAPL,synthetic (offline fallback),local untrained BERT stand-in + keyword blend (offline fallback -- NOT real FinBERT sentiment)
2021-09-06,0.2831724574168523,AAPL,synthetic (offline fallback),local untrained BERT stand-in + keyword blend (offline fallback -- NOT real FinBERT sentiment)
2021-09-07,-0.0001567646861076133,AAPL,synthetic (offline fallback),local untrained BERT stand-in + keyword blend (offline fallback -- NOT real FinBERT sentiment)
2021-09-08,-0.4251596853137016,AAPL,synthetic (offline fallback),local untrained BERT stand-in + keyword blend (offline fallback -- NOT real FinBERT sentiment)
2021-09-09,-0.28348970313866934,AAPL,synthetic (offline fallback),local untrained BERT stand-in + keyword blend (offline fallback -- NOT real FinBERT sentiment)
2021-09-10,-0.00015734881162643433,AAPL,synthetic (offline fallback),local untrained BERT stand-in + keyword blend (offline fallback -- NOT real FinBERT sentiment)
2021-09-13,-0.42515749707818035,AAPL,synthetic (offline fallback),local untrained BERT stand-in + keyword blend (offline fallback -- NOT real FinBERT sentiment)
2021-09-14,0.2831754719217618,AAPL,synthetic (offline fallback),local untrained BERT stand-in + keyword blend (offline fallback -- NOT real FinBERT sentiment)
2021-09-15,-0.4251576647162437,AAPL,synthetic (offline fallback),local untrained BERT stand-in + keyword blend (offline fallback -- NOT real FinBERT sentiment)
2021-09-16,-0.8501558005809784,AAPL,synthetic (offline fallback),local untrained BERT stand-in + keyword blend (offline fallback -- NOT real FinBERT sentiment)
2021-09-17,-0.5668221424023311,AAPL,synthetic (offline fallback),local untrained BERT stand-in + keyword blend (offline fallback -- NOT real FinBERT sentiment)
2021-09-20,0.2831782405575117,AAPL,synthetic (offline fallback),local untrained BERT stand-in + keyword blend (offline fallback -- NOT real FinBERT sentiment)
2021-09-21,-0.8501571372151374,AAPL,synthetic (offline fallback),local untrained BERT stand-in + keyword blend (offline fallback -- NOT real FinBERT sentiment)
2021-09-22,0.8498448565602302,AAPL,synthetic (offline fallback),local untrained BERT stand-in + keyword blend (offline fallback -- NOT real FinBERT sentiment)
2021-09-23,-0.0001602351665496826,AAPL,synthetic (offline fallback),local untrained BERT stand-in + keyword blend (offline fallback -- NOT real FinBERT sentiment)
2021-09-24,-0.425156144797802,AAPL,synthetic (offline fallback),local untrained BERT stand-in + keyword blend (offline fallback -- NOT real FinBERT sentiment)
2021-09-27,0.28317720343669256,AAPL,synthetic (offline fallback),local untrained BERT stand-in + keyword blend (offline fallback -- NOT real FinBERT sentiment)
2021-09-28,-0.8501552797853946,AAPL,synthetic (offline fallback),local untrained BERT stand-in + keyword blend (offline fallback -- NOT real FinBERT sentiment)
2021-09-29,-0.00015436112880706787,AAPL,synthetic (offline fallback),local untrained BERT stand-in + keyword blend (offline fallback -- NOT real FinBERT sentiment)
2021-09-30,-0.8501571372151374,AAPL,synthetic (offline fallback),local untrained BERT stand-in + keyword blend (offline fallback -- NOT real FinBERT sentiment)
2021-10-01,-0.00015467256307603408,AAPL,synthetic (offline fallback),local untrained BERT stand-in + keyword blend (offline fallback -- NOT real FinBERT sentiment)
2021-10-04,-0.00015939772129062538,AAPL,synthetic (offline fallback),local untrained BERT stand-in + keyword blend (offline fallback -- NOT real FinBERT sentiment)
2021-10-05,-0.8501530960202217,AAPL,synthetic (offline fallback),local untrained BERT stand-in + keyword blend (offline fallback -- NOT real FinBERT sentiment)
2021-10-06,-0.00015571340918540955,AAPL,synthetic (offline fallback),local untrained BERT stand-in + keyword blend (offline fallback -- NOT real FinBERT sentiment)
2021-10-07,0.8498448565602302,AAPL,synthetic (offline fallback),local untrained BERT stand-in + keyword blend (offline fallback -- NOT real FinBERT sentiment)
2021-10-08,-0.5668241555492083,AAPL,synthetic (offline fallback),local untrained BERT stand-in + keyword blend (offline fallback -- NOT real FinBERT sentiment)
2021-10-11,-0.5668220038215319,AAPL,synthetic (offline fallback),local untrained BERT stand-in + keyword blend (offline fallback -- NOT real FinBERT sentiment)
2021-10-12,-0.850154758989811,AAPL,synthetic (offline fallback),local untrained BERT stand-in + keyword blend (offline fallback -- NOT real FinBERT sentiment)
2021-10-13,-0.28348901321490605,AAPL,synthetic (offline fallback),local untrained BERT stand-in + keyword blend (offline fallback -- NOT real FinBERT sentiment)
2021-10-14,0.5665098751584688,AAPL,synthetic (offline fallback),local untrained BERT stand-in + keyword blend (offline fallback -- NOT real FinBERT sentiment)
2021-10-15,0.2831756328543027,AAPL,synthetic (offline fallback),local untrained BERT stand-in + keyword blend (offline fallback -- NOT real FinBERT sentiment)
2021-10-18,-0.00015307366847991944,AAPL,synthetic (offline fallback),local untrained BERT stand-in + keyword blend (offline fallback -- NOT real FinBERT sentiment)
2021-10-19,0.283173302312692,AAPL,synthetic (offline fallback),local untrained BERT stand-in + keyword blend (offline fallback -- NOT real FinBERT sentiment)
2021-10-20,0.8498443737626076,AAPL,synthetic (offline fallback),local untrained BERT stand-in + keyword blend (offline fallback -- NOT real FinBERT sentiment)
2021-10-21,-0.00015307366847991944,AAPL,synthetic (offline fallback),local untrained BERT stand-in + keyword blend (offline fallback -- NOT real FinBERT sentiment)
2021-10-22,-0.00015988200902938843,AAPL,synthetic (offline fallback),local untrained BERT stand-in + keyword blend (offline fallback -- NOT real FinBERT sentiment)
2021-10-25,-0.0001584962010383976,AAPL,synthetic (offline fallback),local untrained BERT stand-in + keyword blend (offline fallback -- NOT real FinBERT sentiment)
2021-10-26,-0.850154758989811,AAPL,synthetic (offline fallback),local untrained BERT stand-in + keyword blend (offline fallback -- NOT real FinBERT sentiment)
2021-10-27,0.8498378425836562,AAPL,synthetic (offline fallback),local untrained BERT stand-in + keyword blend (offline fallback -- NOT real FinBERT sentiment)
2021-10-28,-0.42515391632914545,AAPL,synthetic (offline fallback),local untrained BERT stand-in + keyword blend (offline fallback -- NOT real FinBERT sentiment)
2021-10-29,0.8498448565602302,AAPL,synthetic (offline fallback),local untrained BERT stand-in + keyword blend (offline fallback -- NOT real FinBERT sentiment)
2021-11-01,0.42484612613916395,AAPL,synthetic (offline fallback),local untrained BERT stand-in + keyword blend (offline fallback -- NOT real FinBERT sentiment)
2021-11-02,0.849844615161419,AAPL,synthetic (offline fallback),local untrained BERT stand-in + keyword blend (offline fallback -- NOT real FinBERT sentiment)
2021-11-03,-0.5668233628074328,AAPL,synthetic (offline fallback),local untrained BERT stand-in + keyword blend (offline fallback -- NOT real FinBERT sentiment)
2021-11-04,0.8498378425836562,AAPL,synthetic (offline fallback),local untrained BERT stand-in + keyword blend (offline fallback -- NOT real FinBERT sentiment)
2021-11-05,-0.28348970313866934,AAPL,synthetic (offline fallback),local untrained BERT stand-in + keyword blend (offline fallback -- NOT real FinBERT sentiment)
2021-11-08,-0.0001584962010383976,AAPL,synthetic (offline fallback),local untrained BERT stand-in + keyword blend (offline fallback -- NOT real FinBERT sentiment)
2021-11-09,-0.00015519261360169567,AAPL,synthetic (offline fallback),local untrained BERT stand-in + keyword blend (offline fallback -- NOT real FinBERT sentiment)
2021-11-10,-0.850154758989811,AAPL,synthetic (offline fallback),local untrained BERT stand-in + keyword blend (offline fallback -- NOT real FinBERT sentiment)
2021-11-11,0.8498448565602302,AAPL,synthetic (offline fallback),local untrained BERT stand-in + keyword blend (offline fallback -- NOT real FinBERT sentiment)
2021-11-12,-0.2834932019313176,AAPL,synthetic (offline fallback),local untrained BERT stand-in + keyword blend (offline fallback -- NOT real FinBERT sentiment)
2021-11-15,-0.8501530960202217,AAPL,synthetic (offline fallback),local untrained BERT stand-in + keyword blend (offline fallback -- NOT real FinBERT sentiment)
2021-11-16,0.42484254539012906,AAPL,synthetic (offline fallback),local untrained BERT stand-in + keyword blend (offline fallback -- NOT real FinBERT sentiment)
2021-11-17,-0.0001602351665496826,AAPL,synthetic (offline fallback),local untrained BERT stand-in + keyword blend (offline fallback -- NOT real FinBERT sentiment)
2021-11-18,-0.00016223341226577758,AAPL,synthetic (offline fallback),local untrained BERT stand-in + keyword blend (offline fallback -- NOT real FinBERT sentiment)
2021-11-19,-0.8501544483006,AAPL,synthetic (offline fallback),local untrained BERT stand-in + keyword blend (offline fallback -- NOT real FinBERT sentiment)
2021-11-22,-0.8501548990607262,AAPL,synthetic (offline fallback),local untrained BERT stand-in + keyword blend (offline fallback -- NOT real FinBERT sentiment)
2021-11-23,-0.8501544430851936,AAPL,synthetic (offline fallback),local untrained BERT stand-in + keyword blend (offline fallback -- NOT real FinBERT sentiment)
2021-11-24,-0.00015644729137420654,AAPL,synthetic (offline fallback),local untrained BERT stand-in + keyword blend (offline fallback -- NOT real FinBERT sentiment)
2021-11-25,-0.00015436112880706787,AAPL,synthetic (offline fallback),local untrained BERT stand-in + keyword blend (offline fallback -- NOT real FinBERT sentiment)
2021-11-26,-0.2834893604119619,AAPL,synthetic (offline fallback),local untrained BERT stand-in + keyword blend (offline fallback -- NOT real FinBERT sentiment)
2021-11-29,-0.5668239171306292,AAPL,synthetic (offline fallback),local untrained BERT stand-in + keyword blend (offline fallback -- NOT real FinBERT sentiment)
2021-11-30,-0.00015547201037408032,AAPL,synthetic (offline fallback),local untrained BERT stand-in + keyword blend (offline fallback -- NOT real FinBERT sentiment)
2021-12-01,-0.28348782708247505,AAPL,synthetic (offline fallback),local untrained BERT stand-in + keyword blend (offline fallback -- NOT real FinBERT sentiment)
2021-12-02,-0.00015571340918540955,AAPL,synthetic (offline fallback),local untrained BERT stand-in + keyword blend (offline fallback -- NOT real FinBERT sentiment)
2021-12-03,-0.00015547201037408032,AAPL,synthetic (offline fallback),local untrained BERT stand-in + keyword blend (offline fallback -- NOT real FinBERT sentiment)
2021-12-06,-0.5668248365322749,AAPL,synthetic (offline fallback),local untrained BERT stand-in + keyword blend (offline fallback -- NOT real FinBERT sentiment)
2021-12-07,0.8498453259468078,AAPL,synthetic (offline fallback),local untrained BERT stand-in + keyword blend (offline fallback -- NOT real FinBERT sentiment)
2021-12-08,-0.00015307366847991944,AAPL,synthetic (offline fallback),local untrained BERT stand-in + keyword blend (offline fallback -- NOT real FinBERT sentiment)
2021-12-09,-0.0001570105552673636,AAPL,synthetic (offline fallback),local untrained BERT stand-in + keyword blend (offline fallback -- NOT real FinBERT sentiment)
2021-12-10,-0.425156144797802,AAPL,synthetic (offline fallback),local untrained BERT stand-in + keyword blend (offline fallback -- NOT real FinBERT sentiment)
2021-12-13,-0.2834875096877416,AAPL,synthetic (offline fallback),local untrained BERT stand-in + keyword blend (offline fallback -- NOT real FinBERT sentiment)
2021-12-14,-0.8501571372151374,AAPL,synthetic (offline fallback),local untrained BERT stand-in + keyword blend (offline fallback -- NOT real FinBERT sentiment)
2021-12-15,0.8498448565602302,AAPL,synthetic (offline fallback),local untrained BERT stand-in + keyword blend (offline fallback -- NOT real FinBERT sentiment)
2021-12-16,-0.28348766614993415,AAPL,synthetic (offline fallback),local untrained BERT stand-in + keyword blend (offline fallback -- NOT real FinBERT sentiment)
2021-12-17,-0.8501571372151374,AAPL,synthetic (offline fallback),local untrained BERT stand-in + keyword blend (offline fallback -- NOT real FinBERT sentiment)
2021-12-20,-0.0001584582030773607,AAPL,synthetic (offline fallback),local untrained BERT stand-in + keyword blend (offline fallback -- NOT real FinBERT sentiment)
2021-12-21,-0.00015964731574058533,AAPL,synthetic (offline fallback),local untrained BERT stand-in + keyword blend (offline fallback -- NOT real FinBERT sentiment)
2021-12-22,-0.8501544483006,AAPL,synthetic (offline fallback),local untrained BERT stand-in + keyword blend (offline fallback -- NOT real FinBERT sentiment)
2021-12-23,-0.00015897899866107457,AAPL,synthetic (offline fallback),local untrained BERT stand-in + keyword blend (offline fallback -- NOT real FinBERT sentiment)
2021-12-24,0.849844615161419,AAPL,synthetic (offline fallback),local untrained BERT stand-in + keyword blend (offline fallback -- NOT real FinBERT sentiment)
2021-12-27,0.4248420692980289,AAPL,synthetic (offline fallback),local untrained BERT stand-in + keyword blend (offline fallback -- NOT real FinBERT sentiment)
2021-12-28,-0.5668226967255274,AAPL,synthetic (offline fallback),local untrained BERT stand-in + keyword blend (offline fallback -- NOT real FinBERT sentiment)
2021-12-29,0.8498443737626076,AAPL,synthetic (offline fallback),local untrained BERT stand-in + keyword blend (offline fallback -- NOT real FinBERT sentiment)
2021-12-30,-0.8501530960202217,AAPL,synthetic (offline fallback),local untrained BERT stand-in + keyword blend (offline fallback -- NOT real FinBERT sentiment)
2021-12-31,-0.00015753060579299925,AAPL,synthetic (offline fallback),local untrained BERT stand-in + keyword blend (offline fallback -- NOT real FinBERT sentiment)
2022-01-03,0.849845091253519,AAPL,synthetic (offline fallback),local untrained BERT stand-in + keyword blend (offline fallback -- NOT real FinBERT sentiment)
2022-01-04,0.4248401559889316,AAPL,synthetic (offline fallback),local untrained BERT stand-in + keyword blend (offline fallback -- NOT real FinBERT sentiment)
2022-01-05,-0.00015307366847991944,AAPL,synthetic (offline fallback),local untrained BERT stand-in + keyword blend (offline fallback -- NOT real FinBERT sentiment)
2022-01-06,-0.2834893857439359,AAPL,synthetic (offline fallback),local untrained BERT stand-in + keyword blend (offline fallback -- NOT real FinBERT sentiment)
2022-01-07,0.28317736436923346,AAPL,synthetic (offline fallback),local untrained BERT stand-in + keyword blend (offline fallback -- NOT real FinBERT sentiment)
2022-01-10,-0.00015665441751480102,AAPL,synthetic (offline fallback),local untrained BERT stand-in + keyword blend (offline fallback -- NOT real FinBERT sentiment)
2022-01-11,-0.42515733391046523,AAPL,synthetic (offline fallback),local untrained BERT stand-in + keyword blend (offline fallback -- NOT real FinBERT sentiment)
2022-01-12,-0.2834905584653219,AAPL,synthetic (offline fallback),local untrained BERT stand-in + keyword blend (offline fallback -- NOT real FinBERT sentiment)
2022-01-13,0.42484238445758815,AAPL,synthetic (offline fallback),local untrained BERT stand-in + keyword blend (offline fallback -- NOT real FinBERT sentiment)
2022-01-14,0.8498448565602302,AAPL,synthetic (offline fallback),local untrained BERT stand-in + keyword blend (offline fallback -- NOT real FinBERT sentiment)
2022-01-17,-0.0001563817262649203,AAPL,synthetic (offline fallback),local untrained BERT stand-in + keyword blend (offline fallback -- NOT real FinBERT sentiment)
2022-01-18,-0.0001602351665496826,AAPL,synthetic (offline fallback),local untrained BERT stand-in + keyword blend (offline fallback -- NOT real FinBERT sentiment)
2022-01-19,-0.8501530960202217,AAPL,synthetic (offline fallback),local untrained BERT stand-in + keyword blend (offline fallback -- NOT real FinBERT sentiment)
2022-01-20,-0.8501551166176795,AAPL,synthetic (offline fallback),local untrained BERT stand-in + keyword blend (offline fallback -- NOT real FinBERT sentiment)
2022-01-21,-0.00015888288617134093,AAPL,synthetic (offline fallback),local untrained BERT stand-in + keyword blend (offline fallback -- NOT real FinBERT sentiment)
2022-01-24,0.8498425185680389,AAPL,synthetic (offline fallback),local untrained BERT stand-in + keyword blend (offline fallback -- NOT real FinBERT sentiment)
2022-01-25,0.28317815711100897,AAPL,synthetic (offline fallback),local untrained BERT stand-in + keyword blend (offline fallback -- NOT real FinBERT sentiment)
2022-01-26,0.8498448498547078,AAPL,synthetic (offline fallback),local untrained BERT stand-in + keyword blend (offline fallback -- NOT real FinBERT sentiment)
2022-01-27,-0.00015753060579299925,AAPL,synthetic (offline fallback),local untrained BERT stand-in + keyword blend (offline fallback -- NOT real FinBERT sentiment)
2022-01-28,-0.00015705972909929589,AAPL,synthetic (offline fallback),local untrained BERT stand-in + keyword blend (offline fallback -- NOT real FinBERT sentiment)
2022-01-31,-0.00016223341226577758,AAPL,synthetic (offline fallback),local untrained BERT stand-in + keyword blend (offline fallback -- NOT real FinBERT sentiment)
2022-02-01,-0.8501558005809784,AAPL,synthetic (offline fallback),local untrained BERT stand-in + keyword blend (offline fallback -- NOT real FinBERT sentiment)
2022-02-02,-0.00015698522329328965,AAPL,synthetic (offline fallback),local untrained BERT stand-in + keyword blend (offline fallback -- NOT real FinBERT sentiment)
2022-02-03,0.4248410701751709,AAPL,synthetic (offline fallback),local untrained BERT stand-in + keyword blend (offline fallback -- NOT real FinBERT sentiment)
2022-02-04,-0.00015436112880706787,AAPL,synthetic (offline fallback),local untrained BERT stand-in + keyword blend (offline fallback -- NOT real FinBERT sentiment)
2022-02-07,-0.00015307366847991944,AAPL,synthetic (offline fallback),local untrained BERT stand-in + keyword blend (offline fallback -- NOT real FinBERT sentiment)
2022-02-08,-0.00015964731574058533,AAPL,synthetic (offline fallback),local untrained BERT stand-in + keyword blend (offline fallback -- NOT real FinBERT sentiment)
2022-02-09,-0.00015436112880706787,AAPL,synthetic (offline fallback),local untrained BERT stand-in + keyword blend (offline fallback -- NOT real FinBERT sentiment)
2022-02-10,0.849841584265232,AAPL,synthetic (offline fallback),local untrained BERT stand-in + keyword blend (offline fallback -- NOT real FinBERT sentiment)
2022-02-11,-0.850154758989811,AAPL,synthetic (offline fallback),local untrained BERT stand-in + keyword blend (offline fallback -- NOT real FinBERT sentiment)
2022-02-14,0.4248410701751709,AAPL,synthetic (offline fallback),local untrained BERT stand-in + keyword blend (offline fallback -- NOT real FinBERT sentiment)
2022-02-15,-0.00015527904033658667,AAPL,synthetic (offline fallback),local untrained BERT stand-in + keyword blend (offline fallback -- NOT real FinBERT sentiment)
2022-02-16,0.28317720343669256,AAPL,synthetic (offline fallback),local untrained BERT stand-in + keyword blend (offline fallback -- NOT real FinBERT sentiment)
2022-02-17,-0.850154758989811,AAPL,synthetic (offline fallback),local untrained BERT stand-in + keyword blend (offline fallback -- NOT real FinBERT sentiment)
2022-02-18,-0.8501558005809784,AAPL,synthetic (offline fallback),local untrained BERT stand-in + keyword blend (offline fallback -- NOT real FinBERT sentiment)
2022-02-21,-0.8501548990607262,AAPL,synthetic (offline fallback),local untrained BERT stand-in + keyword blend (offline fallback -- NOT real FinBERT sentiment)
2022-02-22,-0.00015988200902938843,AAPL,synthetic (offline fallback),local untrained BERT stand-in + keyword blend (offline fallback -- NOT real FinBERT sentiment)
2022-02-23,-0.00015753060579299925,AAPL,synthetic (offline fallback),local untrained BERT stand-in + keyword blend (offline fallback -- NOT real FinBERT sentiment)
2022-02-24,-0.8501558005809784,AAPL,synthetic (offline fallback),local untrained BERT stand-in + keyword blend (offline fallback -- NOT real FinBERT sentiment)
2022-02-25,-0.00015753060579299925,AAPL,synthetic (offline fallback),local untrained BERT stand-in + keyword blend (offline fallback -- NOT real FinBERT sentiment)
2022-02-28,0.2831741785009702,AAPL,synthetic (offline fallback),local untrained BERT stand-in + keyword blend (offline fallback -- NOT real FinBERT sentiment)
2022-03-01,0.8498443737626076,AAPL,synthetic (offline fallback),local untrained BERT stand-in + keyword blend (offline fallback -- NOT real FinBERT sentiment)
2022-03-02,0.28317569692929584,AAPL,synthetic (offline fallback),local untrained BERT stand-in + keyword blend (offline fallback -- NOT real FinBERT sentiment)
2022-03-03,0.28317783822615944,AAPL,synthetic (offline fallback),local untrained BERT stand-in + keyword blend (offline fallback -- NOT real FinBERT sentiment)
2022-03-04,-0.00015964731574058533,AAPL,synthetic (offline fallback),local untrained BERT stand-in + keyword blend (offline fallback -- NOT real FinBERT sentiment)
2022-03-07,0.8498448565602302,AAPL,synthetic (offline fallback),local untrained BERT stand-in + keyword blend (offline fallback -- NOT real FinBERT sentiment)
2022-03-08,0.8498378425836562,AAPL,synthetic (offline fallback),local untrained BERT stand-in + keyword blend (offline fallback -- NOT real FinBERT sentiment)
2022-03-09,0.4248436629772186,AAPL,synthetic (offline fallback),local untrained BERT stand-in + keyword blend (offline fallback -- NOT real FinBERT sentiment)
2022-03-10,0.42484131157398225,AAPL,synthetic (offline fallback),local untrained BERT stand-in + keyword blend (offline fallback -- NOT real FinBERT sentiment)
2022-03-11,-0.283490148683389,AAPL,synthetic (offline fallback),local untrained BERT stand-in + keyword blend (offline fallback -- NOT real FinBERT sentiment)
2022-03-14,-0.5668212110797565,AAPL,synthetic (offline fallback),local untrained BERT stand-in + keyword blend (offline fallback -- NOT real FinBERT sentiment)
2022-03-15,-0.00015523731708527722,AAPL,synthetic (offline fallback),local untrained BERT stand-in + keyword blend (offline fallback -- NOT real FinBERT sentiment)
2022-03-16,0.8498378425836562,AAPL,synthetic (offline fallback),local untrained BERT stand-in + keyword blend (offline fallback -- NOT real FinBERT sentiment)
2022-03-17,0.2831758533914884,AAPL,synthetic (offline fallback),local untrained BERT stand-in + keyword blend (offline fallback -- NOT real FinBERT sentiment)
2022-03-18,0.8498450085520745,AAPL,synthetic (offline fallback),local untrained BERT stand-in + keyword blend (offline fallback -- NOT real FinBERT sentiment)
2022-03-21,0.42484589144587515,AAPL,synthetic (offline fallback),local untrained BERT stand-in + keyword blend (offline fallback -- NOT real FinBERT sentiment)
2022-03-22,-0.2834909533460935,AAPL,synthetic (offline fallback),local untrained BERT stand-in + keyword blend (offline fallback -- NOT real FinBERT sentiment)
2022-03-23,-0.00016223341226577758,AAPL,synthetic (offline fallback),local untrained BERT stand-in + keyword blend (offline fallback -- NOT real FinBERT sentiment)
2022-03-24,-0.00016223341226577758,AAPL,synthetic (offline fallback),local untrained BERT stand-in + keyword blend (offline fallback -- NOT real FinBERT sentiment)
2022-03-25,-0.8501544483006,AAPL,synthetic (offline fallback),local untrained BERT stand-in + keyword blend (offline fallback -- NOT real FinBERT sentiment)
2022-03-28,0.5665074879924455,AAPL,synthetic (offline fallback),local untrained BERT stand-in + keyword blend (offline fallback -- NOT real FinBERT sentiment)
2022-03-29,0.8498443737626076,AAPL,synthetic (offline fallback),local untrained BERT stand-in + keyword blend (offline fallback -- NOT real FinBERT sentiment)
2022-03-30,-0.00015722215175628662,AAPL,synthetic (offline fallback),local untrained BERT stand-in + keyword blend (offline fallback -- NOT real FinBERT sentiment)
2022-03-31,0.8498453259468078,AAPL,synthetic (offline fallback),local untrained BERT stand-in + keyword blend (offline fallback -- NOT real FinBERT sentiment)
2022-04-01,0.2831741785009702,AAPL,synthetic (offline fallback),local untrained BERT stand-in + keyword blend (offline fallback -- NOT real FinBERT sentiment)
2022-04-04,0.8498448565602302,AAPL,synthetic (offline fallback),local untrained BERT stand-in + keyword blend (offline fallback -- NOT real FinBERT sentiment)
2022-04-05,0.42484612613916395,AAPL,synthetic (offline fallback),local untrained BERT stand-in + keyword blend (offline fallback -- NOT real FinBERT sentiment)
2022-04-06,0.849845091253519,AAPL,synthetic (offline fallback),local untrained BERT stand-in + keyword blend (offline fallback -- NOT real FinBERT sentiment)
2022-04-07,0.2831786309679349,AAPL,synthetic (offline fallback),local untrained BERT stand-in + keyword blend (offline fallback -- NOT real FinBERT sentiment)
2022-04-08,-0.00016223341226577758,AAPL,synthetic (offline fallback),local untrained BERT stand-in + keyword blend (offline fallback -- NOT real FinBERT sentiment)
2022-04-11,-0.00015496164560317252,AAPL,synthetic (offline fallback),local untrained BERT stand-in + keyword blend (offline fallback -- NOT real FinBERT sentiment)
2022-04-12,0.8498378425836562,AAPL,synthetic (offline fallback),local untrained BERT stand-in + keyword blend (offline fallback -- NOT real FinBERT sentiment)
2022-04-13,-0.00015897899866107457,AAPL,synthetic (offline fallback),local untrained BERT stand-in + keyword blend (offline fallback -- NOT real FinBERT sentiment)
2022-04-14,0.8498448565602302,AAPL,synthetic (offline fallback),local untrained BERT stand-in + keyword blend (offline fallback -- NOT real FinBERT sentiment)
2022-04-15,-0.00016050934791563462,AAPL,synthetic (offline fallback),local untrained BERT stand-in + keyword blend (offline fallback -- NOT real FinBERT sentiment)
2022-04-18,-0.00015547201037408032,AAPL,synthetic (offline fallback),local untrained BERT stand-in + keyword blend (offline fallback -- NOT real FinBERT sentiment)
2022-04-19,-0.8501558005809784,AAPL,synthetic (offline fallback),local untrained BERT stand-in + keyword blend (offline fallback -- NOT real FinBERT sentiment)
2022-04-20,-0.8501530960202217,AAPL,synthetic (offline fallback),local untrained BERT stand-in + keyword blend (offline fallback -- NOT real FinBERT sentiment)
2022-04-21,-0.00015523731708527722,AAPL,synthetic (offline fallback),local untrained BERT stand-in + keyword blend (offline fallback -- NOT real FinBERT sentiment)
2022-04-22,-0.00015571340918540955,AAPL,synthetic (offline fallback),local untrained BERT stand-in + keyword blend (offline fallback -- NOT real FinBERT sentiment)
2022-04-25,0.8498443737626076,AAPL,synthetic (offline fallback),local untrained BERT stand-in + keyword blend (offline fallback -- NOT real FinBERT sentiment)
2022-04-26,-0.5668226967255274,AAPL,synthetic (offline fallback),local untrained BERT stand-in + keyword blend (offline fallback -- NOT real FinBERT sentiment)
2022-04-27,-0.2834888567527135,AAPL,synthetic (offline fallback),local untrained BERT stand-in + keyword blend (offline fallback -- NOT real FinBERT sentiment)
2022-04-28,0.5665073270599047,AAPL,synthetic (offline fallback),local untrained BERT stand-in + keyword blend (offline fallback -- NOT real FinBERT sentiment)
2022-04-29,-0.28348845889170965,AAPL,synthetic (offline fallback),local untrained BERT stand-in + keyword blend (offline fallback -- NOT real FinBERT sentiment)
2022-05-02,-0.8501539975404739,AAPL,synthetic (offline fallback),local untrained BERT stand-in + keyword blend (offline fallback -- NOT real FinBERT sentiment)
2022-05-03,-0.00015631914138795425,AAPL,synthetic (offline fallback),local untrained BERT stand-in + keyword blend (offline fallback -- NOT real FinBERT sentiment)
2022-05-04,0.8498453259468078,AAPL,synthetic (offline fallback),local untrained BERT stand-in + keyword blend (offline fallback -- NOT real FinBERT sentiment)
2022-05-05,-0.5668237100044886,AAPL,synthetic (offline fallback),local untrained BERT stand-in + keyword blend (offline fallback -- NOT real FinBERT sentiment)
2022-05-06,-0.00015483349561692025,AAPL,synthetic (offline fallback),local untrained BERT stand-in + keyword blend (offline fallback -- NOT real FinBERT sentiment)
2022-05-09,-0.00015451610088349128,AAPL,synthetic (offline fallback),local untrained BERT stand-in + keyword blend (offline fallback -- NOT real FinBERT sentiment)
2022-05-10,0.2831758533914884,AAPL,synthetic (offline fallback),local untrained BERT stand-in + keyword blend (offline fallback -- NOT real FinBERT sentiment)
2022-05-11,-0.0001584582030773607,AAPL,synthetic (offline fallback),local untrained BERT stand-in + keyword blend (offline fallback -- NOT real FinBERT sentiment)
2022-05-12,0.566509665052096,AAPL,synthetic (offline fallback),local untrained BERT stand-in + keyword blend (offline fallback -- NOT real FinBERT sentiment)
2022-05-13,0.8498448565602302,AAPL,synthetic (offline fallback),local untrained BERT stand-in + keyword blend (offline fallback -- NOT real FinBERT sentiment)
2022-05-16,0.8498448565602302,AAPL,synthetic (offline fallback),local untrained BERT stand-in + keyword blend (offline fallback -- NOT real FinBERT sentiment)
2022-05-17,-0.8501544483006,AAPL,synthetic (offline fallback),local untrained BERT stand-in + keyword blend (offline fallback -- NOT real FinBERT sentiment)
2022-05-18,0.5665083895126978,AAPL,synthetic (offline fallback),local untrained BERT stand-in + keyword blend (offline fallback -- NOT real FinBERT sentiment)
2022-05-19,-0.00015547201037408032,AAPL,synthetic (offline fallback),local untrained BERT stand-in + keyword blend (offline fallback -- NOT real FinBERT sentiment)
2022-05-20,0.8498378425836562,AAPL,synthetic (offline fallback),local untrained BERT stand-in + keyword blend (offline fallback -- NOT real FinBERT sentiment)
2022-05-23,-0.4251576647162437,AAPL,synthetic (offline fallback),local untrained BERT stand-in + keyword blend (offline fallback -- NOT real FinBERT sentiment)
2022-05-24,0.8498453259468078,AAPL,synthetic (offline fallback),local untrained BERT stand-in + keyword blend (offline fallback -- NOT real FinBERT sentiment)
2022-05-25,-0.8501571372151374,AAPL,synthetic (offline fallback),local untrained BERT stand-in + keyword blend (offline fallback -- NOT real FinBERT sentiment)
2022-05-26,0.28317815711100897,AAPL,synthetic (offline fallback),local untrained BERT stand-in + keyword blend (offline fallback -- NOT real FinBERT sentiment)
2022-05-27,-0.00015687346458435796,AAPL,synthetic (offline fallback),local untrained BERT stand-in + keyword blend (offline fallback -- NOT real FinBERT sentiment)
2022-05-30,-0.00016223341226577758,AAPL,synthetic (offline fallback),local untrained BERT stand-in + keyword blend (offline fallback -- NOT real FinBERT sentiment)
2022-05-31,-0.00015495121479036644,AAPL,synthetic (offline fallback),local untrained BERT stand-in + keyword blend (offline fallback -- NOT real FinBERT sentiment)
2022-06-01,-0.8501571372151374,AAPL,synthetic (offline fallback),local untrained BERT stand-in + keyword blend (offline fallback -- NOT real FinBERT sentiment)
2022-06-02,0.4248438976705074,AAPL,synthetic (offline fallback),local untrained BERT stand-in + keyword blend (offline fallback -- NOT real FinBERT sentiment)
2022-06-03,0.2831748699148496,AAPL,synthetic (offline fallback),local untrained BERT stand-in + keyword blend (offline fallback -- NOT real FinBERT sentiment)
2022-06-06,-0.0001584582030773607,AAPL,synthetic (offline fallback),local untrained BERT stand-in + keyword blend (offline fallback -- NOT real FinBERT sentiment)
2022-06-07,-0.2834932019313176,AAPL,synthetic (offline fallback),local untrained BERT stand-in + keyword blend (offline fallback -- NOT real FinBERT sentiment)
2022-06-08,0.4248401559889316,AAPL,synthetic (offline fallback),local untrained BERT stand-in + keyword blend (offline fallback -- NOT real FinBERT sentiment)
2022-06-09,-0.850154758989811,AAPL,synthetic (offline fallback),local untrained BERT stand-in + keyword blend (offline fallback -- NOT real FinBERT sentiment)
2022-06-10,0.8498403370380401,AAPL,synthetic (offline fallback),local untrained BERT stand-in + keyword blend (offline fallback -- NOT real FinBERT sentiment)
2022-06-13,-0.00015614032745359108,AAPL,synthetic (offline fallback),local untrained BERT stand-in + keyword blend (offline fallback -- NOT real FinBERT sentiment)
2022-06-14,-0.42515749707818035,AAPL,synthetic (offline fallback),local untrained BERT stand-in + keyword blend (offline fallback -- NOT real FinBERT sentiment)
2022-06-15,-0.8501558005809784,AAPL,synthetic (offline fallback),local untrained BERT stand-in + keyword blend (offline fallback -- NOT real FinBERT sentiment)
2022-06-16,-0.00015765354037284852,AAPL,synthetic (offline fallback),local untrained BERT stand-in + keyword blend (offline fallback -- NOT real FinBERT sentiment)
2022-06-17,0.28317736436923346,AAPL,synthetic (offline fallback),local untrained BERT stand-in + keyword blend (offline fallback -- NOT real FinBERT sentiment)
2022-06-20,-0.2834879000981649,AAPL,synthetic (offline fallback),local untrained BERT stand-in + keyword blend (offline fallback -- NOT real FinBERT sentiment)
2022-06-21,0.8498453259468078,AAPL,synthetic (offline fallback),local untrained BERT stand-in + keyword blend (offline fallback -- NOT real FinBERT sentiment)
2022-06-22,0.849844615161419,AAPL,synthetic (offline fallback),local untrained BERT stand-in + keyword blend (offline fallback -- NOT real FinBERT sentiment)
2022-06-23,0.28317918529113134,AAPL,synthetic (offline fallback),local untrained BERT stand-in + keyword blend (offline fallback -- NOT real FinBERT sentiment)
2022-06-24,-0.8501558005809784,AAPL,synthetic (offline fallback),local untrained BERT stand-in + keyword blend (offline fallback -- NOT real FinBERT sentiment)
2022-06-27,0.8498448565602302,AAPL,synthetic (offline fallback),local untrained BERT stand-in + keyword blend (offline fallback -- NOT real FinBERT sentiment)
2022-06-28,-0.0001612342894077301,AAPL,synthetic (offline fallback),local untrained BERT stand-in + keyword blend (offline fallback -- NOT real FinBERT sentiment)
2022-06-29,0.8498378425836562,AAPL,synthetic (offline fallback),local untrained BERT stand-in + keyword blend (offline fallback -- NOT real FinBERT sentiment)
2022-06-30,-0.8501530960202217,AAPL,synthetic (offline fallback),local untrained BERT stand-in + keyword blend (offline fallback -- NOT real FinBERT sentiment)
2022-07-01,-0.28349275638659793,AAPL,synthetic (offline fallback),local untrained BERT stand-in + keyword blend (offline fallback -- NOT real FinBERT sentiment)
2022-07-04,0.28317534377177556,AAPL,synthetic (offline fallback),local untrained BERT stand-in + keyword blend (offline fallback -- NOT real FinBERT sentiment)
2022-07-05,0.8498378425836562,AAPL,synthetic (offline fallback),local untrained BERT stand-in + keyword blend (offline fallback -- NOT real FinBERT sentiment)
2022-07-06,-0.0001584582030773607,AAPL,synthetic (offline fallback),local untrained BERT stand-in + keyword blend (offline fallback -- NOT real FinBERT sentiment)
2022-07-07,0.28317412932713826,AAPL,synthetic (offline fallback),local untrained BERT stand-in + keyword blend (offline fallback -- NOT real FinBERT sentiment)
2022-07-08,-0.00015307366847991944,AAPL,synthetic (offline fallback),local untrained BERT stand-in + keyword blend (offline fallback -- NOT real FinBERT sentiment)
2022-07-11,0.4248456500470638,AAPL,synthetic (offline fallback),local untrained BERT stand-in + keyword blend (offline fallback -- NOT real FinBERT sentiment)
2022-07-12,-0.5668232510487239,AAPL,synthetic (offline fallback),local untrained BERT stand-in + keyword blend (offline fallback -- NOT real FinBERT sentiment)
2022-07-13,-0.00015753060579299925,AAPL,synthetic (offline fallback),local untrained BERT stand-in + keyword blend (offline fallback -- NOT real FinBERT sentiment)
2022-07-14,-0.8501571372151374,AAPL,synthetic (offline fallback),local untrained BERT stand-in + keyword blend (offline fallback -- NOT real FinBERT sentiment)
2022-07-15,0.8498448565602302,AAPL,synthetic (offline fallback),local untrained BERT stand-in + keyword blend (offline fallback -- NOT real FinBERT sentiment)
2022-07-18,0.849842357635498,AAPL,synthetic (offline fallback),local untrained BERT stand-in + keyword blend (offline fallback -- NOT real FinBERT sentiment)
2022-07-19,-0.850154758989811,AAPL,synthetic (offline fallback),local untrained BERT stand-in + keyword blend (offline fallback -- NOT real FinBERT sentiment)
2022-07-20,-0.00015307366847991944,AAPL,synthetic (offline fallback),local untrained BERT stand-in + keyword blend (offline fallback -- NOT real FinBERT sentiment)
2022-07-21,-0.8501530960202217,AAPL,synthetic (offline fallback),local untrained BERT stand-in + keyword blend (offline fallback -- NOT real FinBERT sentiment)
2022-07-22,-0.00016223341226577758,AAPL,synthetic (offline fallback),local untrained BERT stand-in + keyword blend (offline fallback -- NOT real FinBERT sentiment)
2022-07-25,-0.8501545518636703,AAPL,synthetic (offline fallback),local untrained BERT stand-in + keyword blend (offline fallback -- NOT real FinBERT sentiment)
2022-07-26,-0.8501571372151374,AAPL,synthetic (offline fallback),local untrained BERT stand-in + keyword blend (offline fallback -- NOT real FinBERT sentiment)
2022-07-27,-0.00015307366847991944,AAPL,synthetic (offline fallback),local untrained BERT stand-in + keyword blend (offline fallback -- NOT real FinBERT sentiment)
2022-07-28,-0.8501571372151374,AAPL,synthetic (offline fallback),local untrained BERT stand-in + keyword blend (offline fallback -- NOT real FinBERT sentiment)
2022-07-29,0.8498378425836562,AAPL,synthetic (offline fallback),local untrained BERT stand-in + keyword blend (offline fallback -- NOT real FinBERT sentiment)
2022-08-01,0.8498448565602302,AAPL,synthetic (offline fallback),local untrained BERT stand-in + keyword blend (offline fallback -- NOT real FinBERT sentiment)
2022-08-02,0.8498443737626076,AAPL,synthetic (offline fallback),local untrained BERT stand-in + keyword blend (offline fallback -- NOT real FinBERT sentiment)
2022-08-03,-0.5668225879470506,AAPL,synthetic (offline fallback),local untrained BERT stand-in + keyword blend (offline fallback -- NOT real FinBERT sentiment)
2022-08-04,0.8498443737626076,AAPL,synthetic (offline fallback),local untrained BERT stand-in + keyword blend (offline fallback -- NOT real FinBERT sentiment)
2022-08-05,-0.0001602351665496826,AAPL,synthetic (offline fallback),local untrained BERT stand-in + keyword blend (offline fallback -- NOT real FinBERT sentiment)
2022-08-08,-0.0001612342894077301,AAPL,synthetic (offline fallback),local untrained BERT stand-in + keyword blend (offline fallback -- NOT real FinBERT sentiment)
2022-08-09,-0.8501530960202217,AAPL,synthetic (offline fallback),local untrained BERT stand-in + keyword blend (offline fallback -- NOT real FinBERT sentiment)
2022-08-10,-0.8501552797853946,AAPL,synthetic (offline fallback),local untrained BERT stand-in + keyword blend (offline fallback -- NOT real FinBERT sentiment)
2022-08-11,-0.0001612342894077301,AAPL,synthetic (offline fallback),local untrained BERT stand-in + keyword blend (offline fallback -- NOT real FinBERT sentiment)
2022-08-12,-0.0001584582030773607,AAPL,synthetic (offline fallback),local untrained BERT stand-in + keyword blend (offline fallback -- NOT real FinBERT sentiment)
2022-08-15,0.5665118912855784,AAPL,synthetic (offline fallback),local untrained BERT stand-in + keyword blend (offline fallback -- NOT real FinBERT sentiment)
2022-08-16,-0.00015571340918540955,AAPL,synthetic (offline fallback),local untrained BERT stand-in + keyword blend (offline fallback -- NOT real FinBERT sentiment)
2022-08-17,-0.8501571372151374,AAPL,synthetic (offline fallback),local untrained BERT stand-in + keyword blend (offline fallback -- NOT real FinBERT sentiment)
2022-08-18,-0.4251530848443508,AAPL,synthetic (offline fallback),local untrained BERT stand-in + keyword blend (offline fallback -- NOT real FinBERT sentiment)
2022-08-19,-0.8501549974083901,AAPL,synthetic (offline fallback),local untrained BERT stand-in + keyword blend (offline fallback -- NOT real FinBERT sentiment)
2022-08-22,-0.8501545518636703,AAPL,synthetic (offline fallback),local untrained BERT stand-in + keyword blend (offline fallback -- NOT real FinBERT sentiment)
2022-08-23,-0.00015307366847991944,AAPL,synthetic (offline fallback),local untrained BERT stand-in + keyword blend (offline fallback -- NOT real FinBERT sentiment)
2022-08-24,0.4248456500470638,AAPL,synthetic (offline fallback),local untrained BERT stand-in + keyword blend (offline fallback -- NOT real FinBERT sentiment)
2022-08-25,-0.28348766614993415,AAPL,synthetic (offline fallback),local untrained BERT stand-in + keyword blend (offline fallback -- NOT real FinBERT sentiment)
2022-08-26,0.8498443737626076,AAPL,synthetic (offline fallback),local untrained BERT stand-in + keyword blend (offline fallback -- NOT real FinBERT sentiment)
2022-08-29,-0.2834899668892224,AAPL,synthetic (offline fallback),local untrained BERT stand-in + keyword blend (offline fallback -- NOT real FinBERT sentiment)
2022-08-30,-0.00015753060579299925,AAPL,synthetic (offline fallback),local untrained BERT stand-in + keyword blend (offline fallback -- NOT real FinBERT sentiment)
2022-08-31,-0.5668237100044886,AAPL,synthetic (offline fallback),local untrained BERT stand-in + keyword blend (offline fallback -- NOT real FinBERT sentiment)
2022-09-01,-0.00015510022640230492,AAPL,synthetic (offline fallback),local untrained BERT stand-in + keyword blend (offline fallback -- NOT real FinBERT sentiment)
2022-09-02,0.28317534377177556,AAPL,synthetic (offline fallback),local untrained BERT stand-in + keyword blend (offline fallback -- NOT real FinBERT sentiment)
2022-09-05,-0.00015687346458435796,AAPL,synthetic (offline fallback),local untrained BERT stand-in + keyword blend (offline fallback -- NOT real FinBERT sentiment)
2022-09-06,-0.8501571372151374,AAPL,synthetic (offline fallback),local untrained BERT stand-in + keyword blend (offline fallback -- NOT real FinBERT sentiment)
2022-09-07,-0.56682065675656,AAPL,synthetic (offline fallback),local untrained BERT stand-in + keyword blend (offline fallback -- NOT real FinBERT sentiment)
2022-09-08,-0.8501530960202217,AAPL,synthetic (offline fallback),local untrained BERT stand-in + keyword blend (offline fallback -- NOT real FinBERT sentiment)
2022-09-09,-0.0001602351665496826,AAPL,synthetic (offline fallback),local untrained BERT stand-in + keyword blend (offline fallback -- NOT real FinBERT sentiment)
2022-09-12,0.8498378425836562,AAPL,synthetic (offline fallback),local untrained BERT stand-in + keyword blend (offline fallback -- NOT real FinBERT sentiment)
2022-09-13,0.8498443737626076,AAPL,synthetic (offline fallback),local untrained BERT stand-in + keyword blend (offline fallback -- NOT real FinBERT sentiment)
2022-09-14,-0.5668235982457798,AAPL,synthetic (offline fallback),local untrained BERT stand-in + keyword blend (offline fallback -- NOT real FinBERT sentiment)
2022-09-15,-0.00015523731708527722,AAPL,synthetic (offline fallback),local untrained BERT stand-in + keyword blend (offline fallback -- NOT real FinBERT sentiment)
2022-09-16,-0.28348901321490605,AAPL,synthetic (offline fallback),local untrained BERT stand-in + keyword blend (offline fallback -- NOT real FinBERT sentiment)
2022-09-19,-0.5668212110797565,AAPL,synthetic (offline fallback),local untrained BERT stand-in + keyword blend (offline fallback -- NOT real FinBERT sentiment)
2022-09-20,-0.8501544483006,AAPL,synthetic (offline fallback),local untrained BERT stand-in + keyword blend (offline fallback -- NOT real FinBERT sentiment)
2022-09-21,-0.28349118878444035,AAPL,synthetic (offline fallback),local untrained BERT stand-in + keyword blend (offline fallback -- NOT real FinBERT sentiment)
2022-09-22,0.28317667295535404,AAPL,synthetic (offline fallback),local untrained BERT stand-in + keyword blend (offline fallback -- NOT real FinBERT sentiment)
2022-09-23,0.28317643751700716,AAPL,synthetic (offline fallback),local untrained BERT stand-in + keyword blend (offline fallback -- NOT real FinBERT sentiment)
2022-09-26,0.8498448565602302,AAPL,synthetic (offline fallback),local untrained BERT stand-in + keyword blend (offline fallback -- NOT real FinBERT sentiment)
2022-09-27,-0.42515868619084357,AAPL,synthetic (offline fallback),local untrained BERT stand-in + keyword blend (offline fallback -- NOT real FinBERT sentiment)
2022-09-28,-0.00015612691640853882,AAPL,synthetic (offline fallback),local untrained BERT stand-in + keyword blend (offline fallback -- NOT real FinBERT sentiment)
2022-09-29,-0.00016223341226577758,AAPL,synthetic (offline fallback),local untrained BERT stand-in + keyword blend (offline fallback -- NOT real FinBERT sentiment)
2022-09-30,-0.8501530960202217,AAPL,synthetic (offline fallback),local untrained BERT stand-in + keyword blend (offline fallback -- NOT real FinBERT sentiment)
2022-10-03,0.8498443737626076,AAPL,synthetic (offline fallback),local untrained BERT stand-in + keyword blend (offline fallback -- NOT real FinBERT sentiment)
2022-10-04,0.4248456500470638,AAPL,synthetic (offline fallback),local untrained BERT stand-in + keyword blend (offline fallback -- NOT real FinBERT sentiment)
2022-10-05,0.849845091253519,AAPL,synthetic (offline fallback),local untrained BERT stand-in + keyword blend (offline fallback -- NOT real FinBERT sentiment)
2022-10-06,-0.00015436112880706787,AAPL,synthetic (offline fallback),local untrained BERT stand-in + keyword blend (offline fallback -- NOT real FinBERT sentiment)
2022-10-07,-0.00015307366847991944,AAPL,synthetic (offline fallback),local untrained BERT stand-in + keyword blend (offline fallback -- NOT real FinBERT sentiment)
2022-10-10,-0.850154758989811,AAPL,synthetic (offline fallback),local untrained BERT stand-in + keyword blend (offline fallback -- NOT real FinBERT sentiment)
2022-10-11,0.4248456500470638,AAPL,synthetic (offline fallback),local untrained BERT stand-in + keyword blend (offline fallback -- NOT real FinBERT sentiment)
2022-10-12,-0.0001602351665496826,AAPL,synthetic (offline fallback),local untrained BERT stand-in + keyword blend (offline fallback -- NOT real FinBERT sentiment)
2022-10-13,-0.00015496164560317252,AAPL,synthetic (offline fallback),local untrained BERT stand-in + keyword blend (offline fallback -- NOT real FinBERT sentiment)
2022-10-14,-0.8501539275050163,AAPL,synthetic (offline fallback),local untrained BERT stand-in + keyword blend (offline fallback -- NOT real FinBERT sentiment)
2022-10-17,-0.4251551054418087,AAPL,synthetic (offline fallback),local untrained BERT stand-in + keyword blend (offline fallback -- NOT real FinBERT sentiment)
2022-10-18,-0.425156144797802,AAPL,synthetic (offline fallback),local untrained BERT stand-in + keyword blend (offline fallback -- NOT real FinBERT sentiment)
2022-10-19,-0.28348845889170965,AAPL,synthetic (offline fallback),local untrained BERT stand-in + keyword blend (offline fallback -- NOT real FinBERT sentiment)
2022-10-20,0.8498443737626076,AAPL,synthetic (offline fallback),local untrained BERT stand-in + keyword blend (offline fallback -- NOT real FinBERT sentiment)
2022-10-21,0.8498448565602302,AAPL,synthetic (offline fallback),local untrained BERT stand-in + keyword blend (offline fallback -- NOT real FinBERT sentiment)
2022-10-24,-0.8501571372151374,AAPL,synthetic (offline fallback),local untrained BERT stand-in + keyword blend (offline fallback -- NOT real FinBERT sentiment)
2022-10-25,0.8498448565602302,AAPL,synthetic (offline fallback),local untrained BERT stand-in + keyword blend (offline fallback -- NOT real FinBERT sentiment)
2022-10-26,-0.8501539275050163,AAPL,synthetic (offline fallback),local untrained BERT stand-in + keyword blend (offline fallback -- NOT real FinBERT sentiment)
2022-10-27,0.5665093163649241,AAPL,synthetic (offline fallback),local untrained BERT stand-in + keyword blend (offline fallback -- NOT real FinBERT sentiment)
2022-10-28,0.4248410701751709,AAPL,synthetic (offline fallback),local untrained BERT stand-in + keyword blend (offline fallback -- NOT real FinBERT sentiment)
2022-10-31,0.28317112525304156,AAPL,synthetic (offline fallback),local untrained BERT stand-in + keyword blend (offline fallback -- NOT real FinBERT sentiment)
2022-11-01,0.42484238445758815,AAPL,synthetic (offline fallback),local untrained BERT stand-in + keyword blend (offline fallback -- NOT real FinBERT sentiment)
2022-11-02,-0.2834908415873845,AAPL,synthetic (offline fallback),local untrained BERT stand-in + keyword blend (offline fallback -- NOT real FinBERT sentiment)
2022-11-03,-0.8501558005809784,AAPL,synthetic (offline fallback),local untrained BERT stand-in + keyword blend (offline fallback -- NOT real FinBERT sentiment)
2022-11-04,0.28317613651355106,AAPL,synthetic (offline fallback),local untrained BERT stand-in + keyword blend (offline fallback -- NOT real FinBERT sentiment)
2022-11-07,-0.8501558005809784,AAPL,synthetic (offline fallback),local untrained BERT stand-in + keyword blend (offline fallback -- NOT real FinBERT sentiment)
2022-11-08,0.8498411081731319,AAPL,synthetic (offline fallback),local untrained BERT stand-in + keyword blend (offline fallback -- NOT real FinBERT sentiment)
2022-11-09,-0.0001576267182827329,AAPL,synthetic (offline fallback),local untrained BERT stand-in + keyword blend (offline fallback -- NOT real FinBERT sentiment)
2022-11-10,0.8498378425836562,AAPL,synthetic (offline fallback),local untrained BERT stand-in + keyword blend (offline fallback -- NOT real FinBERT sentiment)
2022-11-11,-0.00015307366847991944,AAPL,synthetic (offline fallback),local untrained BERT stand-in + keyword blend (offline fallback -- NOT real FinBERT sentiment)
2022-11-14,-0.0001602351665496826,AAPL,synthetic (offline fallback),local untrained BERT stand-in + keyword blend (offline fallback -- NOT real FinBERT sentiment)
2022-11-15,-0.28348782708247505,AAPL,synthetic (offline fallback),local untrained BERT stand-in + keyword blend (offline fallback -- NOT real FinBERT sentiment)
2022-11-16,-0.8501551166176795,AAPL,synthetic (offline fallback),local untrained BERT stand-in + keyword blend (offline fallback -- NOT real FinBERT sentiment)
2022-11-17,-0.00015753060579299925,AAPL,synthetic (offline fallback),local untrained BERT stand-in + keyword blend (offline fallback -- NOT real FinBERT sentiment)
2022-11-18,-0.42515749707818035,AAPL,synthetic (offline fallback),local untrained BERT stand-in + keyword blend (offline fallback -- NOT real FinBERT sentiment)
2022-11-21,0.8498378425836562,AAPL,synthetic (offline fallback),local untrained BERT stand-in + keyword blend (offline fallback -- NOT real FinBERT sentiment)
2022-11-22,-0.2834879000981649,AAPL,synthetic (offline fallback),local untrained BERT stand-in + keyword blend (offline fallback -- NOT real FinBERT sentiment)
2022-11-23,-0.00015530213713645935,AAPL,synthetic (offline fallback),local untrained BERT stand-in + keyword blend (offline fallback -- NOT real FinBERT sentiment)
2022-11-24,-0.00015471652150156334,AAPL,synthetic (offline fallback),local untrained BERT stand-in + keyword blend (offline fallback -- NOT real FinBERT sentiment)
2022-11-25,-0.00015753060579299925,AAPL,synthetic (offline fallback),local untrained BERT stand-in + keyword blend (offline fallback -- NOT real FinBERT sentiment)
2022-11-28,-0.00015411972999573864,AAPL,synthetic (offline fallback),local untrained BERT stand-in + keyword blend (offline fallback -- NOT real FinBERT sentiment)
2022-11-29,-0.00015753060579299925,AAPL,synthetic (offline fallback),local untrained BERT stand-in + keyword blend (offline fallback -- NOT real FinBERT sentiment)
2022-11-30,0.42483780458569526,AAPL,synthetic (offline fallback),local untrained BERT stand-in + keyword blend (offline fallback -- NOT real FinBERT sentiment)
2022-12-01,0.42484154626727105,AAPL,synthetic (offline fallback),local untrained BERT stand-in + keyword blend (offline fallback -- NOT real FinBERT sentiment)
2022-12-02,-0.00015753060579299925,AAPL,synthetic (offline fallback),local untrained BERT stand-in + keyword blend (offline fallback -- NOT real FinBERT sentiment)
2022-12-05,0.849845091253519,AAPL,synthetic (offline fallback),local untrained BERT stand-in + keyword blend (offline fallback -- NOT real FinBERT sentiment)
2022-12-06,-0.00016156733036041258,AAPL,synthetic (offline fallback),local untrained BERT stand-in + keyword blend (offline fallback -- NOT real FinBERT sentiment)
2022-12-07,0.8498443737626076,AAPL,synthetic (offline fallback),local untrained BERT stand-in + keyword blend (offline fallback -- NOT real FinBERT sentiment)
2022-12-08,-0.0001585140824317932,AAPL,synthetic (offline fallback),local untrained BERT stand-in + keyword blend (offline fallback -- NOT real FinBERT sentiment)
2022-12-09,0.8498448565602302,AAPL,synthetic (offline fallback),local untrained BERT stand-in + keyword blend (offline fallback -- NOT real FinBERT sentiment)
2022-12-12,0.5665122131506602,AAPL,synthetic (offline fallback),local untrained BERT stand-in + keyword blend (offline fallback -- NOT real FinBERT sentiment)
2022-12-13,0.5665076444546381,AAPL,synthetic (offline fallback),local untrained BERT stand-in + keyword blend (offline fallback -- NOT real FinBERT sentiment)
2022-12-14,-0.00015307366847991944,AAPL,synthetic (offline fallback),local untrained BERT stand-in + keyword blend (offline fallback -- NOT real FinBERT sentiment)
2022-12-15,-0.850154758989811,AAPL,synthetic (offline fallback),local untrained BERT stand-in + keyword blend (offline fallback -- NOT real FinBERT sentiment)
2022-12-16,-0.8501571372151374,AAPL,synthetic (offline fallback),local untrained BERT stand-in + keyword blend (offline fallback -- NOT real FinBERT sentiment)
2022-12-19,-0.28348970313866934,AAPL,synthetic (offline fallback),local untrained BERT stand-in + keyword blend (offline fallback -- NOT real FinBERT sentiment)
2022-12-20,-0.28348901321490605,AAPL,synthetic (offline fallback),local untrained BERT stand-in + keyword blend (offline fallback -- NOT real FinBERT sentiment)
2022-12-21,-0.0001602351665496826,AAPL,synthetic (offline fallback),local untrained BERT stand-in + keyword blend (offline fallback -- NOT real FinBERT sentiment)
2022-12-22,-0.4251596853137016,AAPL,synthetic (offline fallback),local untrained BERT stand-in + keyword blend (offline fallback -- NOT real FinBERT sentiment)
2022-12-23,0.2831742604573568,AAPL,synthetic (offline fallback),local untrained BERT stand-in + keyword blend (offline fallback -- NOT real FinBERT sentiment)
2022-12-26,0.8498443737626076,AAPL,synthetic (offline fallback),local untrained BERT stand-in + keyword blend (offline fallback -- NOT real FinBERT sentiment)
2022-12-27,0.8498448565602302,AAPL,synthetic (offline fallback),local untrained BERT stand-in + keyword blend (offline fallback -- NOT real FinBERT sentiment)
2022-12-28,0.5665083895126978,AAPL,synthetic (offline fallback),local untrained BERT stand-in + keyword blend (offline fallback -- NOT real FinBERT sentiment)
2022-12-29,-0.00016223341226577758,AAPL,synthetic (offline fallback),local untrained BERT stand-in + keyword blend (offline fallback -- NOT real FinBERT sentiment)
2022-12-30,-0.00015905052423481614,AAPL,synthetic (offline fallback),local untrained BERT stand-in + keyword blend (offline fallback -- NOT real FinBERT sentiment)
2023-01-02,-0.00015753060579299925,AAPL,synthetic (offline fallback),local untrained BERT stand-in + keyword blend (offline fallback -- NOT real FinBERT sentiment)
2023-01-03,-0.8501558005809784,AAPL,synthetic (offline fallback),local untrained BERT stand-in + keyword blend (offline fallback -- NOT real FinBERT sentiment)
2023-01-04,0.8498378425836562,AAPL,synthetic (offline fallback),local untrained BERT stand-in + keyword blend (offline fallback -- NOT real FinBERT sentiment)
2023-01-05,-0.8501549974083901,AAPL,synthetic (offline fallback),local untrained BERT stand-in + keyword blend (offline fallback -- NOT real FinBERT sentiment)
2023-01-06,-0.00015814900398257353,AAPL,synthetic (offline fallback),local untrained BERT stand-in + keyword blend (offline fallback -- NOT real FinBERT sentiment)
2023-01-09,-0.00015307366847991944,AAPL,synthetic (offline fallback),local untrained BERT stand-in + keyword blend (offline fallback -- NOT real FinBERT sentiment)
2023-01-10,-0.8501558005809784,AAPL,synthetic (offline fallback),local untrained BERT stand-in + keyword blend (offline fallback -- NOT real FinBERT sentiment)
2023-01-11,-0.8501552797853946,AAPL,synthetic (offline fallback),local untrained BERT stand-in + keyword blend (offline fallback -- NOT real FinBERT sentiment)
2023-01-12,-0.42515901699662206,AAPL,synthetic (offline fallback),local untrained BERT stand-in + keyword blend (offline fallback -- NOT real FinBERT sentiment)
2023-01-13,-0.00015753060579299925,AAPL,synthetic (offline fallback),local untrained BERT stand-in + keyword blend (offline fallback -- NOT real FinBERT sentiment)
2023-01-16,-0.8501571372151374,AAPL,synthetic (offline fallback),local untrained BERT stand-in + keyword blend (offline fallback -- NOT real FinBERT sentiment)
2023-01-17,0.2831765164931615,AAPL,synthetic (offline fallback),local untrained BERT stand-in + keyword blend (offline fallback -- NOT real FinBERT sentiment)
2023-01-18,0.8498453259468078,AAPL,synthetic (offline fallback),local untrained BERT stand-in + keyword blend (offline fallback -- NOT real FinBERT sentiment)
2023-01-19,-0.2834918548663457,AAPL,synthetic (offline fallback),local untrained BERT stand-in + keyword blend (offline fallback -- NOT real FinBERT sentiment)
2023-01-20,-0.8501558005809784,AAPL,synthetic (offline fallback),local untrained BERT stand-in + keyword blend (offline fallback -- NOT real FinBERT sentiment)
2023-01-23,-0.28348917414744695,AAPL,synthetic (offline fallback),local untrained BERT stand-in + keyword blend (offline fallback -- NOT real FinBERT sentiment)
2023-01-24,0.8498426750302315,AAPL,synthetic (offline fallback),local untrained BERT stand-in + keyword blend (offline fallback -- NOT real FinBERT sentiment)
2023-01-25,-0.00015571340918540955,AAPL,synthetic (offline fallback),local untrained BERT stand-in + keyword blend (offline fallback -- NOT real FinBERT sentiment)
2023-01-26,0.2831756328543027,AAPL,synthetic (offline fallback),local untrained BERT stand-in + keyword blend (offline fallback -- NOT real FinBERT sentiment)
2023-01-27,-0.2834918548663457,AAPL,synthetic (offline fallback),local untrained BERT stand-in + keyword blend (offline fallback -- NOT real FinBERT sentiment)
2023-01-30,-0.850154758989811,AAPL,synthetic (offline fallback),local untrained BERT stand-in + keyword blend (offline fallback -- NOT real FinBERT sentiment)
2023-01-31,0.2831742857893308,AAPL,synthetic (offline fallback),local untrained BERT stand-in + keyword blend (offline fallback -- NOT real FinBERT sentiment)
2023-02-01,-0.8501539975404739,AAPL,synthetic (offline fallback),local untrained BERT stand-in + keyword blend (offline fallback -- NOT real FinBERT sentiment)
2023-02-02,0.8498411081731319,AAPL,synthetic (offline fallback),local untrained BERT stand-in + keyword blend (offline fallback -- NOT real FinBERT sentiment)
2023-02-03,-0.00015530213713645935,AAPL,synthetic (offline fallback),local untrained BERT stand-in + keyword blend (offline fallback -- NOT real FinBERT sentiment)
2023-02-06,0.8498413495719432,AAPL,synthetic (offline fallback),local untrained BERT stand-in + keyword blend (offline fallback -- NOT real FinBERT sentiment)
2023-02-07,-0.00015888288617134093,AAPL,synthetic (offline fallback),local untrained BERT stand-in + keyword blend (offline fallback -- NOT real FinBERT sentiment)
2023-02-08,0.4248401559889316,AAPL,synthetic (offline fallback),local untrained BERT stand-in + keyword blend (offline fallback -- NOT real FinBERT sentiment)
2023-02-09,-0.00015388503670693554,AAPL,synthetic (offline fallback),local untrained BERT stand-in + keyword blend (offline fallback -- NOT real FinBERT sentiment)
2023-02-10,-0.0001570105552673636,AAPL,synthetic (offline fallback),local untrained BERT stand-in + keyword blend (offline fallback -- NOT real FinBERT sentiment)
2023-02-13,-0.8501571372151374,AAPL,synthetic (offline fallback),local untrained BERT stand-in + keyword blend (offline fallback -- NOT real FinBERT sentiment)
2023-02-14,-0.4251553133130074,AAPL,synthetic (offline fallback),local untrained BERT stand-in + keyword blend (offline fallback -- NOT real FinBERT sentiment)
2023-02-15,-0.2834875096877416,AAPL,synthetic (offline fallback),local untrained BERT stand-in + keyword blend (offline fallback -- NOT real FinBERT sentiment)
2023-02-16,0.8498443737626076,AAPL,synthetic (offline fallback),local untrained BERT stand-in + keyword blend (offline fallback -- NOT real FinBERT sentiment)
2023-02-17,0.8498448565602302,AAPL,synthetic (offline fallback),local untrained BERT stand-in + keyword blend (offline fallback -- NOT real FinBERT sentiment)
2023-02-20,-0.00015388503670693554,AAPL,synthetic (offline fallback),local untrained BERT stand-in + keyword blend (offline fallback -- NOT real FinBERT sentiment)
2023-02-21,-0.42515443712472917,AAPL,synthetic (offline fallback),local untrained BERT stand-in + keyword blend (offline fallback -- NOT real FinBERT sentiment)
2023-02-22,-0.00015483349561692025,AAPL,synthetic (offline fallback),local untrained BERT stand-in + keyword blend (offline fallback -- NOT real FinBERT sentiment)
2023-02-23,0.42484342157840727,AAPL,synthetic (offline fallback),local untrained BERT stand-in + keyword blend (offline fallback -- NOT real FinBERT sentiment)
2023-02-24,-0.00015307366847991944,AAPL,synthetic (offline fallback),local untrained BERT stand-in + keyword blend (offline fallback -- NOT real FinBERT sentiment)
2023-02-27,-0.0001570105552673636,AAPL,synthetic (offline fallback),local untrained BERT stand-in + keyword blend (offline fallback -- NOT real FinBERT sentiment)
2023-02-28,-0.8501530960202217,AAPL,synthetic (offline fallback),local untrained BERT stand-in + keyword blend (offline fallback -- NOT real FinBERT sentiment)
2023-03-01,0.8498378425836562,AAPL,synthetic (offline fallback),local untrained BERT stand-in + keyword blend (offline fallback -- NOT real FinBERT sentiment)
2023-03-02,0.8498453259468078,AAPL,synthetic (offline fallback),local untrained BERT stand-in + keyword blend (offline fallback -- NOT real FinBERT sentiment)
2023-03-03,0.8498448565602302,AAPL,synthetic (offline fallback),local untrained BERT stand-in + keyword blend (offline fallback -- NOT real FinBERT sentiment)
2023-03-06,0.28317792316277823,AAPL,synthetic (offline fallback),local untrained BERT stand-in + keyword blend (offline fallback -- NOT real FinBERT sentiment)
2023-03-07,-0.8501549974083901,AAPL,synthetic (offline fallback),local untrained BERT stand-in + keyword blend (offline fallback -- NOT real FinBERT sentiment)
2023-03-08,-0.00015436112880706787,AAPL,synthetic (offline fallback),local untrained BERT stand-in + keyword blend (offline fallback -- NOT real FinBERT sentiment)
2023-03-09,-0.2834888016184171,AAPL,synthetic (offline fallback),local untrained BERT stand-in + keyword blend (offline fallback -- NOT real FinBERT sentiment)
2023-03-10,0.849844615161419,AAPL,synthetic (offline fallback),local untrained BERT stand-in + keyword blend (offline fallback -- NOT real FinBERT sentiment)
2023-03-13,-0.8501548990607262,AAPL,synthetic (offline fallback),local untrained BERT stand-in + keyword blend (offline fallback -- NOT real FinBERT sentiment)
2023-03-14,-0.00015604496002197266,AAPL,synthetic (offline fallback),local untrained BERT stand-in + keyword blend (offline fallback -- NOT real FinBERT sentiment)
2023-03-15,-0.00015547201037408032,AAPL,synthetic (offline fallback),local untrained BERT stand-in + keyword blend (offline fallback -- NOT real FinBERT sentiment)
2023-03-16,-0.28349342246850334,AAPL,synthetic (offline fallback),local untrained BERT stand-in + keyword blend (offline fallback -- NOT real FinBERT sentiment)
2023-03-17,-0.00015984326601029922,AAPL,synthetic (offline fallback),local untrained BERT stand-in + keyword blend (offline fallback -- NOT real FinBERT sentiment)
2023-03-20,0.2831754719217618,AAPL,synthetic (offline fallback),local untrained BERT stand-in + keyword blend (offline fallback -- NOT real FinBERT sentiment)
2023-03-21,-0.8501558005809784,AAPL,synthetic (offline fallback),local untrained BERT stand-in + keyword blend (offline fallback -- NOT real FinBERT sentiment)
2023-03-22,-0.8501549974083901,AAPL,synthetic (offline fallback),local untrained BERT stand-in + keyword blend (offline fallback -- NOT real FinBERT sentiment)
2023-03-23,0.8498443737626076,AAPL,synthetic (offline fallback),local untrained BERT stand-in + keyword blend (offline fallback -- NOT real FinBERT sentiment)
2023-03-24,-0.5668237100044886,AAPL,synthetic (offline fallback),local untrained BERT stand-in + keyword blend (offline fallback -- NOT real FinBERT sentiment)
2023-03-27,-0.00015307366847991944,AAPL,synthetic (offline fallback),local untrained BERT stand-in + keyword blend (offline fallback -- NOT real FinBERT sentiment)
2023-03-28,0.5665088380376498,AAPL,synthetic (offline fallback),local untrained BERT stand-in + keyword blend (offline fallback -- NOT real FinBERT sentiment)
2023-03-29,0.28317569692929584,AAPL,synthetic (offline fallback),local untrained BERT stand-in + keyword blend (offline fallback -- NOT real FinBERT sentiment)
2023-03-30,-0.0001568734645843728,AAPL,synthetic (offline fallback),local untrained BERT stand-in + keyword blend (offline fallback -- NOT real FinBERT sentiment)
2023-03-31,-0.0001563817262649203,AAPL,synthetic (offline fallback),local untrained BERT stand-in + keyword blend (offline fallback -- NOT real FinBERT sentiment)
2023-04-03,0.28317720343669256,AAPL,synthetic (offline fallback),local untrained BERT stand-in + keyword blend (offline fallback -- NOT real FinBERT sentiment)
2023-04-04,-0.42515901699662206,AAPL,synthetic (offline fallback),local untrained BERT stand-in + keyword blend (offline fallback -- NOT real FinBERT sentiment)
2023-04-05,-0.8501571372151374,AAPL,synthetic (offline fallback),local untrained BERT stand-in + keyword blend (offline fallback -- NOT real FinBERT sentiment)
2023-04-06,0.849845091253519,AAPL,synthetic (offline fallback),local untrained BERT stand-in + keyword blend (offline fallback -- NOT real FinBERT sentiment)
2023-04-07,0.2831783135732015,AAPL,synthetic (offline fallback),local untrained BERT stand-in + keyword blend (offline fallback -- NOT real FinBERT sentiment)
2023-04-10,-0.5668225879470508,AAPL,synthetic (offline fallback),local untrained BERT stand-in + keyword blend (offline fallback -- NOT real FinBERT sentiment)
2023-04-11,0.4248436629772186,AAPL,synthetic (offline fallback),local untrained BERT stand-in + keyword blend (offline fallback -- NOT real FinBERT sentiment)
2023-04-12,-0.00015753060579299925,AAPL,synthetic (offline fallback),local untrained BERT stand-in + keyword blend (offline fallback -- NOT real FinBERT sentiment)
2023-04-13,-0.0001612342894077301,AAPL,synthetic (offline fallback),local untrained BERT stand-in + keyword blend (offline fallback -- NOT real FinBERT sentiment)
2023-04-14,-0.00015753060579299925,AAPL,synthetic (offline fallback),local untrained BERT stand-in + keyword blend (offline fallback -- NOT real FinBERT sentiment)
2023-04-17,0.8498453259468078,AAPL,synthetic (offline fallback),local untrained BERT stand-in + keyword blend (offline fallback -- NOT real FinBERT sentiment)
2023-04-18,0.8498448565602302,AAPL,synthetic (offline fallback),local untrained BERT stand-in + keyword blend (offline fallback -- NOT real FinBERT sentiment)
2023-04-19,0.42484131157398225,AAPL,synthetic (offline fallback),local untrained BERT stand-in + keyword blend (offline fallback -- NOT real FinBERT sentiment)
2023-04-20,0.8498448565602302,AAPL,synthetic (offline fallback),local untrained BERT stand-in + keyword blend (offline fallback -- NOT real FinBERT sentiment)
2023-04-21,0.4248420692980289,AAPL,synthetic (offline fallback),local untrained BERT stand-in + keyword blend (offline fallback -- NOT real FinBERT sentiment)
2023-04-24,-0.8501558005809784,AAPL,synthetic (offline fallback),local untrained BERT stand-in + keyword blend (offline fallback -- NOT real FinBERT sentiment)
2023-04-25,-0.28348970313866934,AAPL,synthetic (offline fallback),local untrained BERT stand-in + keyword blend (offline fallback -- NOT real FinBERT sentiment)
2023-04-26,0.42484342157840727,AAPL,synthetic (offline fallback),local untrained BERT stand-in + keyword blend (offline fallback -- NOT real FinBERT sentiment)
2023-04-27,-0.00015905052423481614,AAPL,synthetic (offline fallback),local untrained BERT stand-in + keyword blend (offline fallback -- NOT real FinBERT sentiment)
2023-04-28,-0.00015753060579299925,AAPL,synthetic (offline fallback),local untrained BERT stand-in + keyword blend (offline fallback -- NOT real FinBERT sentiment)
2023-05-01,-0.0001602351665496826,AAPL,synthetic (offline fallback),local untrained BERT stand-in + keyword blend (offline fallback -- NOT real FinBERT sentiment)
2023-05-02,-0.00016223341226577758,AAPL,synthetic (offline fallback),local untrained BERT stand-in + keyword blend (offline fallback -- NOT real FinBERT sentiment)
2023-05-03,0.42484254539012906,AAPL,synthetic (offline fallback),local untrained BERT stand-in + keyword blend (offline fallback -- NOT real FinBERT sentiment)
2023-05-04,0.8498378425836562,AAPL,synthetic (offline fallback),local untrained BERT stand-in + keyword blend (offline fallback -- NOT real FinBERT sentiment)
2023-05-05,0.28317643751700716,AAPL,synthetic (offline fallback),local untrained BERT stand-in + keyword blend (offline fallback -- NOT real FinBERT sentiment)
2023-05-08,0.5665122131506601,AAPL,synthetic (offline fallback),local untrained BERT stand-in + keyword blend (offline fallback -- NOT real FinBERT sentiment)
2023-05-09,0.4248436629772186,AAPL,synthetic (offline fallback),local untrained BERT stand-in + keyword blend (offline fallback -- NOT real FinBERT sentiment)
2023-05-10,-0.850154758989811,AAPL,synthetic (offline fallback),local untrained BERT stand-in + keyword blend (offline fallback -- NOT real FinBERT sentiment)
2023-05-11,0.2831757461031278,AAPL,synthetic (offline fallback),local untrained BERT stand-in + keyword blend (offline fallback -- NOT real FinBERT sentiment)
2023-05-12,0.8498448565602302,AAPL,synthetic (offline fallback),local untrained BERT stand-in + keyword blend (offline fallback -- NOT real FinBERT sentiment)
2023-05-15,0.5665076444546381,AAPL,synthetic (offline fallback),local untrained BERT stand-in + keyword blend (offline fallback -- NOT real FinBERT sentiment)
2023-05-16,0.566509825984637,AAPL,synthetic (offline fallback),local untrained BERT stand-in + keyword blend (offline fallback -- NOT real FinBERT sentiment)
2023-05-17,-0.8501545518636703,AAPL,synthetic (offline fallback),local untrained BERT stand-in + keyword blend (offline fallback -- NOT real FinBERT sentiment)
2023-05-18,-0.00015571340918540955,AAPL,synthetic (offline fallback),local untrained BERT stand-in + keyword blend (offline fallback -- NOT real FinBERT sentiment)
2023-05-19,-0.28348776151736577,AAPL,synthetic (offline fallback),local untrained BERT stand-in + keyword blend (offline fallback -- NOT real FinBERT sentiment)
2023-05-22,-0.42515901699662206,AAPL,synthetic (offline fallback),local untrained BERT stand-in + keyword blend (offline fallback -- NOT real FinBERT sentiment)
2023-05-23,0.5665096650520961,AAPL,synthetic (offline fallback),local untrained BERT stand-in + keyword blend (offline fallback -- NOT real FinBERT sentiment)
2023-05-24,-0.8501571372151374,AAPL,synthetic (offline fallback),local untrained BERT stand-in + keyword blend (offline fallback -- NOT real FinBERT sentiment)
2023-05-25,0.8498443737626076,AAPL,synthetic (offline fallback),local untrained BERT stand-in + keyword blend (offline fallback -- NOT real FinBERT sentiment)
2023-05-26,-0.00016223341226577758,AAPL,synthetic (offline fallback),local untrained BERT stand-in + keyword blend (offline fallback -- NOT real FinBERT sentiment)
2023-05-29,0.2831790288289388,AAPL,synthetic (offline fallback),local untrained BERT stand-in + keyword blend (offline fallback -- NOT real FinBERT sentiment)
2023-05-30,0.8498453259468078,AAPL,synthetic (offline fallback),local untrained BERT stand-in + keyword blend (offline fallback -- NOT real FinBERT sentiment)
2023-05-31,-0.4251566655933857,AAPL,synthetic (offline fallback),local untrained BERT stand-in + keyword blend (offline fallback -- NOT real FinBERT sentiment)
2023-06-01,0.8498448565602302,AAPL,synthetic (offline fallback),local untrained BERT stand-in + keyword blend (offline fallback -- NOT real FinBERT sentiment)
2023-06-02,-0.00015523731708527722,AAPL,synthetic (offline fallback),local untrained BERT stand-in + keyword blend (offline fallback -- NOT real FinBERT sentiment)
2023-06-05,-0.00015307366847991944,AAPL,synthetic (offline fallback),local untrained BERT stand-in + keyword blend (offline fallback -- NOT real FinBERT sentiment)
2023-06-06,-0.28348838140567145,AAPL,synthetic (offline fallback),local untrained BERT stand-in + keyword blend (offline fallback -- NOT real FinBERT sentiment)
2023-06-07,0.8498378425836562,AAPL,synthetic (offline fallback),local untrained BERT stand-in + keyword blend (offline fallback -- NOT real FinBERT sentiment)
2023-06-08,-0.00015307366847991944,AAPL,synthetic (offline fallback),local untrained BERT stand-in + keyword blend (offline fallback -- NOT real FinBERT sentiment)
2023-06-09,-0.5668216566244761,AAPL,synthetic (offline fallback),local untrained BERT stand-in + keyword blend (offline fallback -- NOT real FinBERT sentiment)
2023-06-12,0.28317329486211135,AAPL,synthetic (offline fallback),local untrained BERT stand-in + keyword blend (offline fallback -- NOT real FinBERT sentiment)
2023-06-13,-0.8501558005809784,AAPL,synthetic (offline fallback),local untrained BERT stand-in + keyword blend (offline fallback -- NOT real FinBERT sentiment)
2023-06-14,-0.850154758989811,AAPL,synthetic (offline fallback),local untrained BERT stand-in + keyword blend (offline fallback -- NOT real FinBERT sentiment)
2023-06-15,0.2831776817639669,AAPL,synthetic (offline fallback),local untrained BERT stand-in + keyword blend (offline fallback -- NOT real FinBERT sentiment)
2023-06-16,-0.0001602351665496826,AAPL,synthetic (offline fallback),local untrained BERT stand-in + keyword blend (offline fallback -- NOT real FinBERT sentiment)
2023-06-19,-0.2834895213445027,AAPL,synthetic (offline fallback),local untrained BERT stand-in + keyword blend (offline fallback -- NOT real FinBERT sentiment)
2023-06-20,-0.28348782708247505,AAPL,synthetic (offline fallback),local untrained BERT stand-in + keyword blend (offline fallback -- NOT real FinBERT sentiment)
2023-06-21,-0.2834902872641882,AAPL,synthetic (offline fallback),local untrained BERT stand-in + keyword blend (offline fallback -- NOT real FinBERT sentiment)
2023-06-22,-0.00015753060579299925,AAPL,synthetic (offline fallback),local untrained BERT stand-in + keyword blend (offline fallback -- NOT real FinBERT sentiment)
2023-06-23,-0.850156344473362,AAPL,synthetic (offline fallback),local untrained BERT stand-in + keyword blend (offline fallback -- NOT real FinBERT sentiment)
2023-06-26,-0.4251566655933857,AAPL,synthetic (offline fallback),local untrained BERT stand-in + keyword blend (offline fallback -- NOT real FinBERT sentiment)
2023-06-27,-0.00015307366847991944,AAPL,synthetic (offline fallback),local untrained BERT stand-in + keyword blend (offline fallback -- NOT real FinBERT sentiment)
2023-06-28,-0.42515749707818035,AAPL,synthetic (offline fallback),local untrained BERT stand-in + keyword blend (offline fallback -- NOT real FinBERT sentiment)
2023-06-29,-0.4251530848443508,AAPL,synthetic (offline fallback),local untrained BERT stand-in + keyword blend (offline fallback -- NOT real FinBERT sentiment)
2023-06-30,0.5665089989701907,AAPL,synthetic (offline fallback),local untrained BERT stand-in + keyword blend (offline fallback -- NOT real FinBERT sentiment)
2023-07-03,-0.8501571372151374,AAPL,synthetic (offline fallback),local untrained BERT stand-in + keyword blend (offline fallback -- NOT real FinBERT sentiment)
2023-07-04,-0.2834869553645452,AAPL,synthetic (offline fallback),local untrained BERT stand-in + keyword blend (offline fallback -- NOT real FinBERT sentiment)
2023-07-05,-0.850154758989811,AAPL,synthetic (offline fallback),local untrained BERT stand-in + keyword blend (offline fallback -- NOT real FinBERT sentiment)
2023-07-06,-0.00015307366847991944,AAPL,synthetic (offline fallback),local untrained BERT stand-in + keyword blend (offline fallback -- NOT real FinBERT sentiment)
2023-07-07,-0.0001560017466545327,AAPL,synthetic (offline fallback),local untrained BERT stand-in + keyword blend (offline fallback -- NOT real FinBERT sentiment)
2023-07-10,-0.00015666335821155433,AAPL,synthetic (offline fallback),local untrained BERT stand-in + keyword blend (offline fallback -- NOT real FinBERT sentiment)
2023-07-11,-0.850153650343418,AAPL,synthetic (offline fallback),local untrained BERT stand-in + keyword blend (offline fallback -- NOT real FinBERT sentiment)
2023-07-12,0.42484154626727105,AAPL,synthetic (offline fallback),local untrained BERT stand-in + keyword blend (offline fallback -- NOT real FinBERT sentiment)
2023-07-13,0.2831790288289388,AAPL,synthetic (offline fallback),local untrained BERT stand-in + keyword blend (offline fallback -- NOT real FinBERT sentiment)
2023-07-14,0.8498453259468078,AAPL,synthetic (offline fallback),local untrained BERT stand-in + keyword blend (offline fallback -- NOT real FinBERT sentiment)
2023-07-17,-0.8501539275050163,AAPL,synthetic (offline fallback),local untrained BERT stand-in + keyword blend (offline fallback -- NOT real FinBERT sentiment)
2023-07-18,0.8498443737626076,AAPL,synthetic (offline fallback),local untrained BERT stand-in + keyword blend (offline fallback -- NOT real FinBERT sentiment)
2023-07-19,-0.00015722215175628662,AAPL,synthetic (offline fallback),local untrained BERT stand-in + keyword blend (offline fallback -- NOT real FinBERT sentiment)
2023-07-20,-0.2834886198242505,AAPL,synthetic (offline fallback),local untrained BERT stand-in + keyword blend (offline fallback -- NOT real FinBERT sentiment)
2023-07-21,-0.0001584582030773607,AAPL,synthetic (offline fallback),local untrained BERT stand-in + keyword blend (offline fallback -- NOT real FinBERT sentiment)
2023-07-24,0.4248438976705074,AAPL,synthetic (offline fallback),local untrained BERT stand-in + keyword blend (offline fallback -- NOT real FinBERT sentiment)
2023-07-25,0.8498448565602302,AAPL,synthetic (offline fallback),local untrained BERT stand-in + keyword blend (offline fallback -- NOT real FinBERT sentiment)
2023-07-26,0.4248410701751709,AAPL,synthetic (offline fallback),local untrained BERT stand-in + keyword blend (offline fallback -- NOT real FinBERT sentiment)
2023-07-27,0.566509825984637,AAPL,synthetic (offline fallback),local untrained BERT stand-in + keyword blend (offline fallback -- NOT real FinBERT sentiment)
2023-07-28,-0.0001576267182827329,AAPL,synthetic (offline fallback),local untrained BERT stand-in + keyword blend (offline fallback -- NOT real FinBERT sentiment)
2023-07-31,-0.2834881742795308,AAPL,synthetic (offline fallback),local untrained BERT stand-in + keyword blend (offline fallback -- NOT real FinBERT sentiment)
2023-08-01,-0.850154758989811,AAPL,synthetic (offline fallback),local untrained BERT stand-in + keyword blend (offline fallback -- NOT real FinBERT sentiment)
2023-08-02,-0.42515749707818035,AAPL,synthetic (offline fallback),local untrained BERT stand-in + keyword blend (offline fallback -- NOT real FinBERT sentiment)
2023-08-03,-0.00015722215175630142,AAPL,synthetic (offline fallback),local untrained BERT stand-in + keyword blend (offline fallback -- NOT real FinBERT sentiment)
2023-08-04,-0.2834883024295171,AAPL,synthetic (offline fallback),local untrained BERT stand-in + keyword blend (offline fallback -- NOT real FinBERT sentiment)
2023-08-07,-0.8501558005809784,AAPL,synthetic (offline fallback),local untrained BERT stand-in + keyword blend (offline fallback -- NOT real FinBERT sentiment)
2023-08-08,0.4248436629772186,AAPL,synthetic (offline fallback),local untrained BERT stand-in + keyword blend (offline fallback -- NOT real FinBERT sentiment)
2023-08-09,-0.4251576647162437,AAPL,synthetic (offline fallback),local untrained BERT stand-in + keyword blend (offline fallback -- NOT real FinBERT sentiment)
2023-08-10,0.8498378425836562,AAPL,synthetic (offline fallback),local untrained BERT stand-in + keyword blend (offline fallback -- NOT real FinBERT sentiment)
2023-08-11,-0.00015788674354551743,AAPL,synthetic (offline fallback),local untrained BERT stand-in + keyword blend (offline fallback -- NOT real FinBERT sentiment)
2023-08-14,-0.5668226967255275,AAPL,synthetic (offline fallback),local untrained BERT stand-in + keyword blend (offline fallback -- NOT real FinBERT sentiment)
2023-08-15,0.2831781273086866,AAPL,synthetic (offline fallback),local untrained BERT stand-in + keyword blend (offline fallback -- NOT real FinBERT sentiment)
2023-08-16,-0.00015388503670693554,AAPL,synthetic (offline fallback),local untrained BERT stand-in + keyword blend (offline fallback -- NOT real FinBERT sentiment)
2023-08-17,-0.8501530960202217,AAPL,synthetic (offline fallback),local untrained BERT stand-in + keyword blend (offline fallback -- NOT real FinBERT sentiment)
2023-08-18,0.42484238445758815,AAPL,synthetic (offline fallback),local untrained BERT stand-in + keyword blend (offline fallback -- NOT real FinBERT sentiment)
2023-08-21,-0.2834923004110654,AAPL,synthetic (offline fallback),local untrained BERT stand-in + keyword blend (offline fallback -- NOT real FinBERT sentiment)
2023-08-22,-0.00015666335821155433,AAPL,synthetic (offline fallback),local untrained BERT stand-in + keyword blend (offline fallback -- NOT real FinBERT sentiment)
2023-08-23,0.42484342157840727,AAPL,synthetic (offline fallback),local untrained BERT stand-in + keyword blend (offline fallback -- NOT real FinBERT sentiment)
2023-08-24,-0.00015644729137420654,AAPL,synthetic (offline fallback),local untrained BERT stand-in + keyword blend (offline fallback -- NOT real FinBERT sentiment)
2023-08-25,-0.8501545518636703,AAPL,synthetic (offline fallback),local untrained BERT stand-in + keyword blend (offline fallback -- NOT real FinBERT sentiment)
2023-08-28,-0.0001602351665496826,AAPL,synthetic (offline fallback),local untrained BERT stand-in + keyword blend (offline fallback -- NOT real FinBERT sentiment)
2023-08-29,0.28317667295535404,AAPL,synthetic (offline fallback),local untrained BERT stand-in + keyword blend (offline fallback -- NOT real FinBERT sentiment)
2023-08-30,-0.28348944981892904,AAPL,synthetic (offline fallback),local untrained BERT stand-in + keyword blend (offline fallback -- NOT real FinBERT sentiment)
2023-08-31,0.8498421967029571,AAPL,synthetic (offline fallback),local untrained BERT stand-in + keyword blend (offline fallback -- NOT real FinBERT sentiment)
2023-09-01,-0.5668226967255275,AAPL,synthetic (offline fallback),local untrained BERT stand-in + keyword blend (offline fallback -- NOT real FinBERT sentiment)
2023-09-04,-0.00015471652150156334,AAPL,synthetic (offline fallback),local untrained BERT stand-in + keyword blend (offline fallback -- NOT real FinBERT sentiment)
2023-09-05,0.8498378425836562,AAPL,synthetic (offline fallback),local untrained BERT stand-in + keyword blend (offline fallback -- NOT real FinBERT sentiment)
2023-09-06,0.2831776817639669,AAPL,synthetic (offline fallback),local untrained BERT stand-in + keyword blend (offline fallback -- NOT real FinBERT sentiment)
2023-09-07,-0.2834900041421255,AAPL,synthetic (offline fallback),local untrained BERT stand-in + keyword blend (offline fallback -- NOT real FinBERT sentiment)
2023-09-08,-0.0001584582030773607,AAPL,synthetic (offline fallback),local untrained BERT stand-in + keyword blend (offline fallback -- NOT real FinBERT sentiment)
2023-09-11,0.8498448565602302,AAPL,synthetic (offline fallback),local untrained BERT stand-in + keyword blend (offline fallback -- NOT real FinBERT sentiment)
2023-09-12,-0.425156144797802,AAPL,synthetic (offline fallback),local untrained BERT stand-in + keyword blend (offline fallback -- NOT real FinBERT sentiment)
2023-09-13,-0.8501558005809784,AAPL,synthetic (offline fallback),local untrained BERT stand-in + keyword blend (offline fallback -- NOT real FinBERT sentiment)
2023-09-14,0.8498448565602302,AAPL,synthetic (offline fallback),local untrained BERT stand-in + keyword blend (offline fallback -- NOT real FinBERT sentiment)
2023-09-15,-0.8501564688980578,AAPL,synthetic (offline fallback),local untrained BERT stand-in + keyword blend (offline fallback -- NOT real FinBERT sentiment)
2023-09-18,0.42483780458569526,AAPL,synthetic (offline fallback),local untrained BERT stand-in + keyword blend (offline fallback -- NOT real FinBERT sentiment)
2023-09-19,-0.8501571372151374,AAPL,synthetic (offline fallback),local untrained BERT stand-in + keyword blend (offline fallback -- NOT real FinBERT sentiment)
2023-09-20,-0.28348785688479744,AAPL,synthetic (offline fallback),local untrained BERT stand-in + keyword blend (offline fallback -- NOT real FinBERT sentiment)
2023-09-21,-0.8501558005809784,AAPL,synthetic (offline fallback),local untrained BERT stand-in + keyword blend (offline fallback -- NOT real FinBERT sentiment)
2023-09-22,-0.00016006380319597558,AAPL,synthetic (offline fallback),local untrained BERT stand-in + keyword blend (offline fallback -- NOT real FinBERT sentiment)
2023-09-25,-0.8501544483006,AAPL,synthetic (offline fallback),local untrained BERT stand-in + keyword blend (offline fallback -- NOT real FinBERT sentiment)
2023-09-26,-0.8501549974083901,AAPL,synthetic (offline fallback),local untrained BERT stand-in + keyword blend (offline fallback -- NOT real FinBERT sentiment)
2023-09-27,0.5665107230345409,AAPL,synthetic (offline fallback),local untrained BERT stand-in + keyword blend (offline fallback -- NOT real FinBERT sentiment)
2023-09-28,-0.28348838140567145,AAPL,synthetic (offline fallback),local untrained BERT stand-in + keyword blend (offline fallback -- NOT real FinBERT sentiment)
2023-09-29,-0.2834892471631368,AAPL,synthetic (offline fallback),local untrained BERT stand-in + keyword blend (offline fallback -- NOT real FinBERT sentiment)
2023-10-02,0.8498378425836562,AAPL,synthetic (offline fallback),local untrained BERT stand-in + keyword blend (offline fallback -- NOT real FinBERT sentiment)
2023-10-03,-0.283490148683389,AAPL,synthetic (offline fallback),local untrained BERT stand-in + keyword blend (offline fallback -- NOT real FinBERT sentiment)
2023-10-04,0.2831781273086866,AAPL,synthetic (offline fallback),local untrained BERT stand-in + keyword blend (offline fallback -- NOT real FinBERT sentiment)
2023-10-05,-0.850154758989811,AAPL,synthetic (offline fallback),local untrained BERT stand-in + keyword blend (offline fallback -- NOT real FinBERT sentiment)
2023-10-06,-0.8501530960202217,AAPL,synthetic (offline fallback),local untrained BERT stand-in + keyword blend (offline fallback -- NOT real FinBERT sentiment)
2023-10-09,0.8498448565602302,AAPL,synthetic (offline fallback),local untrained BERT stand-in + keyword blend (offline fallback -- NOT real FinBERT sentiment)
2023-10-10,-0.0001602351665496826,AAPL,synthetic (offline fallback),local untrained BERT stand-in + keyword blend (offline fallback -- NOT real FinBERT sentiment)
2023-10-11,-0.850154758989811,AAPL,synthetic (offline fallback),local untrained BERT stand-in + keyword blend (offline fallback -- NOT real FinBERT sentiment)
2023-10-12,0.2831747954090436,AAPL,synthetic (offline fallback),local untrained BERT stand-in + keyword blend (offline fallback -- NOT real FinBERT sentiment)
2023-10-13,-0.00015571340918540955,AAPL,synthetic (offline fallback),local untrained BERT stand-in + keyword blend (offline fallback -- NOT real FinBERT sentiment)
2023-10-16,-0.00016223341226577758,AAPL,synthetic (offline fallback),local untrained BERT stand-in + keyword blend (offline fallback -- NOT real FinBERT sentiment)
2023-10-17,0.8498448565602302,AAPL,synthetic (offline fallback),local untrained BERT stand-in + keyword blend (offline fallback -- NOT real FinBERT sentiment)
2023-10-18,0.5665073270599047,AAPL,synthetic (offline fallback),local untrained BERT stand-in + keyword blend (offline fallback -- NOT real FinBERT sentiment)
2023-10-19,-0.00015737861394882202,AAPL,synthetic (offline fallback),local untrained BERT stand-in + keyword blend (offline fallback -- NOT real FinBERT sentiment)
2023-10-20,-0.425156144797802,AAPL,synthetic (offline fallback),local untrained BERT stand-in + keyword blend (offline fallback -- NOT real FinBERT sentiment)
2023-10-23,0.8498443737626076,AAPL,synthetic (offline fallback),local untrained BERT stand-in + keyword blend (offline fallback -- NOT real FinBERT sentiment)
2023-10-24,0.849842831492424,AAPL,synthetic (offline fallback),local untrained BERT stand-in + keyword blend (offline fallback -- NOT real FinBERT sentiment)
2023-10-25,-0.850154758989811,AAPL,synthetic (offline fallback),local untrained BERT stand-in + keyword blend (offline fallback -- NOT real FinBERT sentiment)
2023-10-26,-0.8501530960202217,AAPL,synthetic (offline fallback),local untrained BERT stand-in + keyword blend (offline fallback -- NOT real FinBERT sentiment)
2023-10-27,0.8498378425836562,AAPL,synthetic (offline fallback),local untrained BERT stand-in + keyword blend (offline fallback -- NOT real FinBERT sentiment)
2023-10-30,-0.00015597194433213018,AAPL,synthetic (offline fallback),local untrained BERT stand-in + keyword blend (offline fallback -- NOT real FinBERT sentiment)
2023-10-31,-0.00015307366847991944,AAPL,synthetic (offline fallback),local untrained BERT stand-in + keyword blend (offline fallback -- NOT real FinBERT sentiment)
2023-11-01,-0.2834892471631368,AAPL,synthetic (offline fallback),local untrained BERT stand-in + keyword blend (offline fallback -- NOT real FinBERT sentiment)
2023-11-02,-0.00015665441751480102,AAPL,synthetic (offline fallback),local untrained BERT stand-in + keyword blend (offline fallback -- NOT real FinBERT sentiment)
2023-11-03,-0.8501558005809784,AAPL,synthetic (offline fallback),local untrained BERT stand-in + keyword blend (offline fallback -- NOT real FinBERT sentiment)
2023-11-06,0.8498453259468078,AAPL,synthetic (offline fallback),local untrained BERT stand-in + keyword blend (offline fallback -- NOT real FinBERT sentiment)
2023-11-07,-0.00015307366847991944,AAPL,synthetic (offline fallback),local untrained BERT stand-in + keyword blend (offline fallback -- NOT real FinBERT sentiment)
2023-11-08,-0.28349035133918127,AAPL,synthetic (offline fallback),local untrained BERT stand-in + keyword blend (offline fallback -- NOT real FinBERT sentiment)
2023-11-09,-0.00015519261360169567,AAPL,synthetic (offline fallback),local untrained BERT stand-in + keyword blend (offline fallback -- NOT real FinBERT sentiment)
2023-11-10,0.8498448565602302,AAPL,synthetic (offline fallback),local untrained BERT stand-in + keyword blend (offline fallback -- NOT real FinBERT sentiment)
2023-11-13,-0.425156144797802,AAPL,synthetic (offline fallback),local untrained BERT stand-in + keyword blend (offline fallback -- NOT real FinBERT sentiment)
2023-11-14,0.8498448565602302,AAPL,synthetic (offline fallback),local untrained BERT stand-in + keyword blend (offline fallback -- NOT real FinBERT sentiment)
2023-11-15,-0.8501558005809784,AAPL,synthetic (offline fallback),local untrained BERT stand-in + keyword blend (offline fallback -- NOT real FinBERT sentiment)
2023-11-16,0.4248410701751709,AAPL,synthetic (offline fallback),local untrained BERT stand-in + keyword blend (offline fallback -- NOT real FinBERT sentiment)
2023-11-17,-0.00016223341226577758,AAPL,synthetic (offline fallback),local untrained BERT stand-in + keyword blend (offline fallback -- NOT real FinBERT sentiment)
2023-11-20,0.8498443737626076,AAPL,synthetic (offline fallback),local untrained BERT stand-in + keyword blend (offline fallback -- NOT real FinBERT sentiment)
2023-11-21,-0.8501558989286423,AAPL,synthetic (offline fallback),local untrained BERT stand-in + keyword blend (offline fallback -- NOT real FinBERT sentiment)
2023-11-22,-0.8501530960202217,AAPL,synthetic (offline fallback),local untrained BERT stand-in + keyword blend (offline fallback -- NOT real FinBERT sentiment)
2023-11-23,0.8498443737626076,AAPL,synthetic (offline fallback),local untrained BERT stand-in + keyword blend (offline fallback -- NOT real FinBERT sentiment)
2023-11-24,-0.00015753060579299925,AAPL,synthetic (offline fallback),local untrained BERT stand-in + keyword blend (offline fallback -- NOT real FinBERT sentiment)
2023-11-27,-0.8501558005809784,AAPL,synthetic (offline fallback),local untrained BERT stand-in + keyword blend (offline fallback -- NOT real FinBERT sentiment)
2023-11-28,-0.28348801334699,AAPL,synthetic (offline fallback),local untrained BERT stand-in + keyword blend (offline fallback -- NOT real FinBERT sentiment)
2023-11-29,-0.8501571372151374,AAPL,synthetic (offline fallback),local untrained BERT stand-in + keyword blend (offline fallback -- NOT real FinBERT sentiment)
2023-11-30,-0.8501530960202217,AAPL,synthetic (offline fallback),local untrained BERT stand-in + keyword blend (offline fallback -- NOT real FinBERT sentiment)
2023-12-01,-0.8501558005809784,AAPL,synthetic (offline fallback),local untrained BERT stand-in + keyword blend (offline fallback -- NOT real FinBERT sentiment)
2023-12-04,-0.4251576647162437,AAPL,synthetic (offline fallback),local untrained BERT stand-in + keyword blend (offline fallback -- NOT real FinBERT sentiment)
2023-12-05,-0.8501571372151374,AAPL,synthetic (offline fallback),local untrained BERT stand-in + keyword blend (offline fallback -- NOT real FinBERT sentiment)
2023-12-06,0.8498448565602302,AAPL,synthetic (offline fallback),local untrained BERT stand-in + keyword blend (offline fallback -- NOT real FinBERT sentiment)
2023-12-07,-0.00015448629856111099,AAPL,synthetic (offline fallback),local untrained BERT stand-in + keyword blend (offline fallback -- NOT real FinBERT sentiment)
2023-12-08,-0.00015745609998703744,AAPL,synthetic (offline fallback),local untrained BERT stand-in + keyword blend (offline fallback -- NOT real FinBERT sentiment)
2023-12-11,0.8498453259468078,AAPL,synthetic (offline fallback),local untrained BERT stand-in + keyword blend (offline fallback -- NOT real FinBERT sentiment)
2023-12-12,-0.8501571372151374,AAPL,synthetic (offline fallback),local untrained BERT stand-in + keyword blend (offline fallback -- NOT real FinBERT sentiment)
2023-12-13,-0.5668250570694605,AAPL,synthetic (offline fallback),local untrained BERT stand-in + keyword blend (offline fallback -- NOT real FinBERT sentiment)
2023-12-14,-0.00016006380319596078,AAPL,synthetic (offline fallback),local untrained BERT stand-in + keyword blend (offline fallback -- NOT real FinBERT sentiment)
2023-12-15,-0.8501558005809784,AAPL,synthetic (offline fallback),local untrained BERT stand-in + keyword blend (offline fallback -- NOT real FinBERT sentiment)
2023-12-18,-0.42515391632914545,AAPL,synthetic (offline fallback),local untrained BERT stand-in + keyword blend (offline fallback -- NOT real FinBERT sentiment)
2023-12-19,0.849845091253519,AAPL,synthetic (offline fallback),local untrained BERT stand-in + keyword blend (offline fallback -- NOT real FinBERT sentiment)
2023-12-20,-0.00015523731708527722,AAPL,synthetic (offline fallback),local untrained BERT stand-in + keyword blend (offline fallback -- NOT real FinBERT sentiment)
2023-12-21,-0.8501558005809784,AAPL,synthetic (offline fallback),local untrained BERT stand-in + keyword blend (offline fallback -- NOT real FinBERT sentiment)
2023-12-22,-0.8501571372151374,AAPL,synthetic (offline fallback),local untrained BERT stand-in + keyword blend (offline fallback -- NOT real FinBERT sentiment)
2023-12-25,0.8498448565602302,AAPL,synthetic (offline fallback),local untrained BERT stand-in + keyword blend (offline fallback -- NOT real FinBERT sentiment)
2023-12-26,-0.00015765354037284852,AAPL,synthetic (offline fallback),local untrained BERT stand-in + keyword blend (offline fallback -- NOT real FinBERT sentiment)
2023-12-27,0.8498378425836562,AAPL,synthetic (offline fallback),local untrained BERT stand-in + keyword blend (offline fallback -- NOT real FinBERT sentiment)
2023-12-28,-0.2834888016184171,AAPL,synthetic (offline fallback),local untrained BERT stand-in + keyword blend (offline fallback -- NOT real FinBERT sentiment)
2023-12-29,-0.00015436112880706787,AAPL,synthetic (offline fallback),local untrained BERT stand-in + keyword blend (offline fallback -- NOT real FinBERT sentiment)
2024-01-01,0.5665099824468295,AAPL,synthetic (offline fallback),local untrained BERT stand-in + keyword blend (offline fallback -- NOT real FinBERT sentiment)
2024-01-02,-0.00015753060579299925,AAPL,synthetic (offline fallback),local untrained BERT stand-in + keyword blend (offline fallback -- NOT real FinBERT sentiment)
2024-01-03,-0.8501562461256981,AAPL,synthetic (offline fallback),local untrained BERT stand-in + keyword blend (offline fallback -- NOT real FinBERT sentiment)
2024-01-04,-0.5668231422702471,AAPL,synthetic (offline fallback),local untrained BERT stand-in + keyword blend (offline fallback -- NOT real FinBERT sentiment)
2024-01-05,0.8498448565602302,AAPL,synthetic (offline fallback),local untrained BERT stand-in + keyword blend (offline fallback -- NOT real FinBERT sentiment)
2024-01-08,-0.5668217952052753,AAPL,synthetic (offline fallback),local untrained BERT stand-in + keyword blend (offline fallback -- NOT real FinBERT sentiment)
2024-01-09,0.8498443737626076,AAPL,synthetic (offline fallback),local untrained BERT stand-in + keyword blend (offline fallback -- NOT real FinBERT sentiment)
2024-01-10,0.283175187309583,AAPL,synthetic (offline fallback),local untrained BERT stand-in + keyword blend (offline fallback -- NOT real FinBERT sentiment)
2024-01-11,-0.850154758989811,AAPL,synthetic (offline fallback),local untrained BERT stand-in + keyword blend (offline fallback -- NOT real FinBERT sentiment)
2024-01-12,-0.00015772581100463126,AAPL,synthetic (offline fallback),local untrained BERT stand-in + keyword blend (offline fallback -- NOT real FinBERT sentiment)
2024-01-15,0.5665074879924455,AAPL,synthetic (offline fallback),local untrained BERT stand-in + keyword blend (offline fallback -- NOT real FinBERT sentiment)
2024-01-16,-0.2834905584653219,AAPL,synthetic (offline fallback),local untrained BERT stand-in + keyword blend (offline fallback -- NOT real FinBERT sentiment)
2024-01-17,-0.00015495121479036644,AAPL,synthetic (offline fallback),local untrained BERT stand-in + keyword blend (offline fallback -- NOT real FinBERT sentiment)
2024-01-18,-0.2834886198242505,AAPL,synthetic (offline fallback),local untrained BERT stand-in + keyword blend (offline fallback -- NOT real FinBERT sentiment)
2024-01-19,-0.2834899668892224,AAPL,synthetic (offline fallback),local untrained BERT stand-in + keyword blend (offline fallback -- NOT real FinBERT sentiment)
2024-01-22,-0.8501558005809784,AAPL,synthetic (offline fallback),local untrained BERT stand-in + keyword blend (offline fallback -- NOT real FinBERT sentiment)
2024-01-23,0.28317412932713826,AAPL,synthetic (offline fallback),local untrained BERT stand-in + keyword blend (offline fallback -- NOT real FinBERT sentiment)
2024-01-24,-0.00015590563416478798,AAPL,synthetic (offline fallback),local untrained BERT stand-in + keyword blend (offline fallback -- NOT real FinBERT sentiment)
2024-01-25,-0.0001581713557243051,AAPL,synthetic (offline fallback),local untrained BERT stand-in + keyword blend (offline fallback -- NOT real FinBERT sentiment)
2024-01-26,-0.8501558005809784,AAPL,synthetic (offline fallback),local untrained BERT stand-in + keyword blend (offline fallback -- NOT real FinBERT sentiment)
2024-01-29,-0.850154758989811,AAPL,synthetic (offline fallback),local untrained BERT stand-in + keyword blend (offline fallback -- NOT real FinBERT sentiment)
2024-01-30,-0.00016223341226577758,AAPL,synthetic (offline fallback),local untrained BERT stand-in + keyword blend (offline fallback -- NOT real FinBERT sentiment)
2024-01-31,-0.00015523731708527722,AAPL,synthetic (offline fallback),local untrained BERT stand-in + keyword blend (offline fallback -- NOT real FinBERT sentiment)
2024-02-01,-0.00015939772129062538,AAPL,synthetic (offline fallback),local untrained BERT stand-in + keyword blend (offline fallback -- NOT real FinBERT sentiment)
2024-02-02,-0.00015988200902938843,AAPL,synthetic (offline fallback),local untrained BERT stand-in + keyword blend (offline fallback -- NOT real FinBERT sentiment)
2024-02-05,-0.5668228084842364,AAPL,synthetic (offline fallback),local untrained BERT stand-in + keyword blend (offline fallback -- NOT real FinBERT sentiment)
2024-02-06,-0.4251566655933857,AAPL,synthetic (offline fallback),local untrained BERT stand-in + keyword blend (offline fallback -- NOT real FinBERT sentiment)
2024-02-07,-0.42515749707818035,AAPL,synthetic (offline fallback),local untrained BERT stand-in + keyword blend (offline fallback -- NOT real FinBERT sentiment)
2024-02-08,-0.2834893604119619,AAPL,synthetic (offline fallback),local untrained BERT stand-in + keyword blend (offline fallback -- NOT real FinBERT sentiment)
2024-02-09,-0.850154758989811,AAPL,synthetic (offline fallback),local untrained BERT stand-in + keyword blend (offline fallback -- NOT real FinBERT sentiment)
2024-02-12,0.8498448498547078,AAPL,synthetic (offline fallback),local untrained BERT stand-in + keyword blend (offline fallback -- NOT real FinBERT sentiment)
2024-02-13,-0.00015772581100463126,AAPL,synthetic (offline fallback),local untrained BERT stand-in + keyword blend (offline fallback -- NOT real FinBERT sentiment)
2024-02-14,0.8498443737626076,AAPL,synthetic (offline fallback),local untrained BERT stand-in + keyword blend (offline fallback -- NOT real FinBERT sentiment)
2024-02-15,-0.4251551054418087,AAPL,synthetic (offline fallback),local untrained BERT stand-in + keyword blend (offline fallback -- NOT real FinBERT sentiment)
2024-02-16,0.8498453259468078,AAPL,synthetic (offline fallback),local untrained BERT stand-in + keyword blend (offline fallback -- NOT real FinBERT sentiment)
2024-02-19,-0.00015411972999573864,AAPL,synthetic (offline fallback),local untrained BERT stand-in + keyword blend (offline fallback -- NOT real FinBERT sentiment)
2024-02-20,-0.00015416890382768204,AAPL,synthetic (offline fallback),local untrained BERT stand-in + keyword blend (offline fallback -- NOT real FinBERT sentiment)
2024-02-21,0.8498450085520745,AAPL,synthetic (offline fallback),local untrained BERT stand-in + keyword blend (offline fallback -- NOT real FinBERT sentiment)
2024-02-22,-0.0001602351665496826,AAPL,synthetic (offline fallback),local untrained BERT stand-in + keyword blend (offline fallback -- NOT real FinBERT sentiment)
2024-02-23,0.849841584265232,AAPL,synthetic (offline fallback),local untrained BERT stand-in + keyword blend (offline fallback -- NOT real FinBERT sentiment)
2024-02-26,-0.00016223341226577758,AAPL,synthetic (offline fallback),local untrained BERT stand-in + keyword blend (offline fallback -- NOT real FinBERT sentiment)
2024-02-27,-0.0001602351665496826,AAPL,synthetic (offline fallback),local untrained BERT stand-in + keyword blend (offline fallback -- NOT real FinBERT sentiment)
2024-02-28,-0.00015411972999573864,AAPL,synthetic (offline fallback),local untrained BERT stand-in + keyword blend (offline fallback -- NOT real FinBERT sentiment)
2024-02-29,0.42484254539012906,AAPL,synthetic (offline fallback),local untrained BERT stand-in + keyword blend (offline fallback -- NOT real FinBERT sentiment)
2024-03-01,-0.00015734881162643433,AAPL,synthetic (offline fallback),local untrained BERT stand-in + keyword blend (offline fallback -- NOT real FinBERT sentiment)
2024-03-04,-0.00016223341226577758,AAPL,synthetic (offline fallback),local untrained BERT stand-in + keyword blend (offline fallback -- NOT real FinBERT sentiment)
2024-03-05,0.8498426750302315,AAPL,synthetic (offline fallback),local untrained BERT stand-in + keyword blend (offline fallback -- NOT real FinBERT sentiment)
2024-03-06,-0.28348801334699,AAPL,synthetic (offline fallback),local untrained BERT stand-in + keyword blend (offline fallback -- NOT real FinBERT sentiment)
2024-03-07,-0.850154758989811,AAPL,synthetic (offline fallback),local untrained BERT stand-in + keyword blend (offline fallback -- NOT real FinBERT sentiment)
2024-03-08,-0.8501558005809784,AAPL,synthetic (offline fallback),local untrained BERT stand-in + keyword blend (offline fallback -- NOT real FinBERT sentiment)
2024-03-11,0.8498450130224228,AAPL,synthetic (offline fallback),local untrained BERT stand-in + keyword blend (offline fallback -- NOT real FinBERT sentiment)
2024-03-12,0.42484254539012906,AAPL,synthetic (offline fallback),local untrained BERT stand-in + keyword blend (offline fallback -- NOT real FinBERT sentiment)
2024-03-13,-0.2834911887844404,AAPL,synthetic (offline fallback),local untrained BERT stand-in + keyword blend (offline fallback -- NOT real FinBERT sentiment)
2024-03-14,-0.0001612342894077301,AAPL,synthetic (offline fallback),local untrained BERT stand-in + keyword blend (offline fallback -- NOT real FinBERT sentiment)
2024-03-15,-0.28349163432916,AAPL,synthetic (offline fallback),local untrained BERT stand-in + keyword blend (offline fallback -- NOT real FinBERT sentiment)
2024-03-18,-0.0001584582030773607,AAPL,synthetic (offline fallback),local untrained BERT stand-in + keyword blend (offline fallback -- NOT real FinBERT sentiment)
2024-03-19,-0.8501571372151374,AAPL,synthetic (offline fallback),local untrained BERT stand-in + keyword blend (offline fallback -- NOT real FinBERT sentiment)
2024-03-20,0.5665066609779993,AAPL,synthetic (offline fallback),local untrained BERT stand-in + keyword blend (offline fallback -- NOT real FinBERT sentiment)
2024-03-21,-0.850154758989811,AAPL,synthetic (offline fallback),local untrained BERT stand-in + keyword blend (offline fallback -- NOT real FinBERT sentiment)
2024-03-22,0.8498378425836562,AAPL,synthetic (offline fallback),local untrained BERT stand-in + keyword blend (offline fallback -- NOT real FinBERT sentiment)
2024-03-25,-0.42515801787376406,AAPL,synthetic (offline fallback),local untrained BERT stand-in + keyword blend (offline fallback -- NOT real FinBERT sentiment)
2024-03-26,-0.0001580148935317697,AAPL,synthetic (offline fallback),local untrained BERT stand-in + keyword blend (offline fallback -- NOT real FinBERT sentiment)
2024-03-27,0.42484238445758815,AAPL,synthetic (offline fallback),local untrained BERT stand-in + keyword blend (offline fallback -- NOT real FinBERT sentiment)
2024-03-28,0.5665083895126978,AAPL,synthetic (offline fallback),local untrained BERT stand-in + keyword blend (offline fallback -- NOT real FinBERT sentiment)
2024-03-29,-0.8501551061868667,AAPL,synthetic (offline fallback),local untrained BERT stand-in + keyword blend (offline fallback -- NOT real FinBERT sentiment)
2024-04-01,0.8498453259468078,AAPL,synthetic (offline fallback),local untrained BERT stand-in + keyword blend (offline fallback -- NOT real FinBERT sentiment)
2024-04-02,-0.8501564688980578,AAPL,synthetic (offline fallback),local untrained BERT stand-in + keyword blend (offline fallback -- NOT real FinBERT sentiment)
2024-04-03,-0.00015737861394882202,AAPL,synthetic (offline fallback),local untrained BERT stand-in + keyword blend (offline fallback -- NOT real FinBERT sentiment)
2024-04-04,-0.4251596853137016,AAPL,synthetic (offline fallback),local untrained BERT stand-in + keyword blend (offline fallback -- NOT real FinBERT sentiment)
2024-04-05,-0.00015496164560316512,AAPL,synthetic (offline fallback),local untrained BERT stand-in + keyword blend (offline fallback -- NOT real FinBERT sentiment)
2024-04-08,-0.8501552797853946,AAPL,synthetic (offline fallback),local untrained BERT stand-in + keyword blend (offline fallback -- NOT real FinBERT sentiment)
2024-04-09,0.8498448565602302,AAPL,synthetic (offline fallback),local untrained BERT stand-in + keyword blend (offline fallback -- NOT real FinBERT sentiment)
2024-04-10,-0.8501558005809784,AAPL,synthetic (offline fallback),local untrained BERT stand-in + keyword blend (offline fallback -- NOT real FinBERT sentiment)
2024-04-11,-0.00015307366847991944,AAPL,synthetic (offline fallback),local untrained BERT stand-in + keyword blend (offline fallback -- NOT real FinBERT sentiment)
2024-04-12,-0.2834934224685033,AAPL,synthetic (offline fallback),local untrained BERT stand-in + keyword blend (offline fallback -- NOT real FinBERT sentiment)
2024-04-15,-0.42515391632914545,AAPL,synthetic (offline fallback),local untrained BERT stand-in + keyword blend (offline fallback -- NOT real FinBERT sentiment)
2024-04-16,-0.00016223341226577758,AAPL,synthetic (offline fallback),local untrained BERT stand-in + keyword blend (offline fallback -- NOT real FinBERT sentiment)
2024-04-17,-0.5668232510487239,AAPL,synthetic (offline fallback),local untrained BERT stand-in + keyword blend (offline fallback -- NOT real FinBERT sentiment)
2024-04-18,0.8498446956276894,AAPL,synthetic (offline fallback),local untrained BERT stand-in + keyword blend (offline fallback -- NOT real FinBERT sentiment)
2024-04-19,-0.00015964731574058533,AAPL,synthetic (offline fallback),local untrained BERT stand-in + keyword blend (offline fallback -- NOT real FinBERT sentiment)
2024-04-22,-0.00015307366847991944,AAPL,synthetic (offline fallback),local untrained BERT stand-in + keyword blend (offline fallback -- NOT real FinBERT sentiment)
2024-04-23,0.5665108839670817,AAPL,synthetic (offline fallback),local untrained BERT stand-in + keyword blend (offline fallback -- NOT real FinBERT sentiment)
2024-04-24,-0.8501571372151374,AAPL,synthetic (offline fallback),local untrained BERT stand-in + keyword blend (offline fallback -- NOT real FinBERT sentiment)
2024-04-25,-0.8501530960202217,AAPL,synthetic (offline fallback),local untrained BERT stand-in + keyword blend (offline fallback -- NOT real FinBERT sentiment)
2024-04-26,0.28317613651355106,AAPL,synthetic (offline fallback),local untrained BERT stand-in + keyword blend (offline fallback -- NOT real FinBERT sentiment)
2024-04-29,0.283177520831426,AAPL,synthetic (offline fallback),local untrained BERT stand-in + keyword blend (offline fallback -- NOT real FinBERT sentiment)
2024-04-30,-0.42515801787376406,AAPL,synthetic (offline fallback),local untrained BERT stand-in + keyword blend (offline fallback -- NOT real FinBERT sentiment)
2024-05-01,-0.00015988200902938843,AAPL,synthetic (offline fallback),local untrained BERT stand-in + keyword blend (offline fallback -- NOT real FinBERT sentiment)
2024-05-02,0.8498453259468078,AAPL,synthetic (offline fallback),local untrained BERT stand-in + keyword blend (offline fallback -- NOT real FinBERT sentiment)
2024-05-03,-0.850154758989811,AAPL,synthetic (offline fallback),local untrained BERT stand-in + keyword blend (offline fallback -- NOT real FinBERT sentiment)
2024-05-06,0.5665051500002543,AAPL,synthetic (offline fallback),local untrained BERT stand-in + keyword blend (offline fallback -- NOT real FinBERT sentiment)
2024-05-07,-0.8501564688980578,AAPL,synthetic (offline fallback),local untrained BERT stand-in + keyword blend (offline fallback -- NOT real FinBERT sentiment)
2024-05-08,-0.00015897899866107457,AAPL,synthetic (offline fallback),local untrained BERT stand-in + keyword blend (offline fallback -- NOT real FinBERT sentiment)
2024-05-09,0.42483880370855326,AAPL,synthetic (offline fallback),local untrained BERT stand-in + keyword blend (offline fallback -- NOT real FinBERT sentiment)
2024-05-10,0.8498443737626076,AAPL,synthetic (offline fallback),local untrained BERT stand-in + keyword blend (offline fallback -- NOT real FinBERT sentiment)
2024-05-13,-0.850154758989811,AAPL,synthetic (offline fallback),local untrained BERT stand-in + keyword blend (offline fallback -- NOT real FinBERT sentiment)
2024-05-14,-0.850154758989811,AAPL,synthetic (offline fallback),local untrained BERT stand-in + keyword blend (offline fallback -- NOT real FinBERT sentiment)
2024-05-15,-0.4251566655933857,AAPL,synthetic (offline fallback),local untrained BERT stand-in + keyword blend (offline fallback -- NOT real FinBERT sentiment)
2024-05-16,0.8498411081731319,AAPL,synthetic (offline fallback),local untrained BERT stand-in + keyword blend (offline fallback -- NOT real FinBERT sentiment)
2024-05-17,0.5665123696128528,AAPL,synthetic (offline fallback),local untrained BERT stand-in + keyword blend (offline fallback -- NOT real FinBERT sentiment)
2024-05-20,0.28317871143420537,AAPL,synthetic (offline fallback),local untrained BERT stand-in + keyword blend (offline fallback -- NOT real FinBERT sentiment)
2024-05-21,-0.8501558005809784,AAPL,synthetic (offline fallback),local untrained BERT stand-in + keyword blend (offline fallback -- NOT real FinBERT sentiment)
2024-05-22,0.28317780991395314,AAPL,synthetic (offline fallback),local untrained BERT stand-in + keyword blend (offline fallback -- NOT real FinBERT sentiment)
2024-05-23,-0.00015753060579299925,AAPL,synthetic (offline fallback),local untrained BERT stand-in + keyword blend (offline fallback -- NOT real FinBERT sentiment)
2024-05-24,0.8498448565602302,AAPL,synthetic (offline fallback),local untrained BERT stand-in + keyword blend (offline fallback -- NOT real FinBERT sentiment)
2024-05-27,0.8498378425836562,AAPL,synthetic (offline fallback),local untrained BERT stand-in + keyword blend (offline fallback -- NOT real FinBERT sentiment)
2024-05-28,0.5665074879924455,AAPL,synthetic (offline fallback),local untrained BERT stand-in + keyword blend (offline fallback -- NOT real FinBERT sentiment)
2024-05-29,0.5665095041195551,AAPL,synthetic (offline fallback),local untrained BERT stand-in + keyword blend (offline fallback -- NOT real FinBERT sentiment)
2024-05-30,-0.00015436112880706787,AAPL,synthetic (offline fallback),local untrained BERT stand-in + keyword blend (offline fallback -- NOT real FinBERT sentiment)
2024-05-31,0.2831742857893308,AAPL,synthetic (offline fallback),local untrained BERT stand-in + keyword blend (offline fallback -- NOT real FinBERT sentiment)
2024-06-03,-0.425156144797802,AAPL,synthetic (offline fallback),local untrained BERT stand-in + keyword blend (offline fallback -- NOT real FinBERT sentiment)
2024-06-04,-0.0001602351665496826,AAPL,synthetic (offline fallback),local untrained BERT stand-in + keyword blend (offline fallback -- NOT real FinBERT sentiment)
2024-06-05,-0.00015766620635985587,AAPL,synthetic (offline fallback),local untrained BERT stand-in + keyword blend (offline fallback -- NOT real FinBERT sentiment)
2024-06-06,-0.2834903692205747,AAPL,synthetic (offline fallback),local untrained BERT stand-in + keyword blend (offline fallback -- NOT real FinBERT sentiment)
2024-06-07,0.42484342157840727,AAPL,synthetic (offline fallback),local untrained BERT stand-in + keyword blend (offline fallback -- NOT real FinBERT sentiment)
2024-06-10,-0.4251553133130074,AAPL,synthetic (offline fallback),local untrained BERT stand-in + keyword blend (offline fallback -- NOT real FinBERT sentiment)
2024-06-11,-0.8501544483006,AAPL,synthetic (offline fallback),local untrained BERT stand-in + keyword blend (offline fallback -- NOT real FinBERT sentiment)
2024-06-12,0.4248410701751709,AAPL,synthetic (offline fallback),local untrained BERT stand-in + keyword blend (offline fallback -- NOT real FinBERT sentiment)
2024-06-13,-0.00015897899866107457,AAPL,synthetic (offline fallback),local untrained BERT stand-in + keyword blend (offline fallback -- NOT real FinBERT sentiment)
2024-06-14,-0.2834918548663457,AAPL,synthetic (offline fallback),local untrained BERT stand-in + keyword blend (offline fallback -- NOT real FinBERT sentiment)
2024-06-17,0.849842357635498,AAPL,synthetic (offline fallback),local untrained BERT stand-in + keyword blend (offline fallback -- NOT real FinBERT sentiment)
2024-06-18,-0.00015436112880706787,AAPL,synthetic (offline fallback),local untrained BERT stand-in + keyword blend (offline fallback -- NOT real FinBERT sentiment)
2024-06-19,-0.00015614032745359108,AAPL,synthetic (offline fallback),local untrained BERT stand-in + keyword blend (offline fallback -- NOT real FinBERT sentiment)
2024-06-20,-0.0001585140824317932,AAPL,synthetic (offline fallback),local untrained BERT stand-in + keyword blend (offline fallback -- NOT real FinBERT sentiment)
2024-06-21,-0.00015388503670693554,AAPL,synthetic (offline fallback),local untrained BERT stand-in + keyword blend (offline fallback -- NOT real FinBERT sentiment)
2024-06-24,-0.00015590563416478798,AAPL,synthetic (offline fallback),local untrained BERT stand-in + keyword blend (offline fallback -- NOT real FinBERT sentiment)
2024-06-25,0.5665108839670817,AAPL,synthetic (offline fallback),local untrained BERT stand-in + keyword blend (offline fallback -- NOT real FinBERT sentiment)
2024-06-26,0.8498448565602302,AAPL,synthetic (offline fallback),local untrained BERT stand-in + keyword blend (offline fallback -- NOT real FinBERT sentiment)
2024-06-27,-0.42515901699662206,AAPL,synthetic (offline fallback),local untrained BERT stand-in + keyword blend (offline fallback -- NOT real FinBERT sentiment)
2024-06-28,0.849842357635498,AAPL,synthetic (offline fallback),local untrained BERT stand-in + keyword blend (offline fallback -- NOT real FinBERT sentiment)
2024-07-01,0.8498453259468078,AAPL,synthetic (offline fallback),local untrained BERT stand-in + keyword blend (offline fallback -- NOT real FinBERT sentiment)
2024-07-02,-0.0001602351665496826,AAPL,synthetic (offline fallback),local untrained BERT stand-in + keyword blend (offline fallback -- NOT real FinBERT sentiment)
2024-07-03,-0.00015988200902938843,AAPL,synthetic (offline fallback),local untrained BERT stand-in + keyword blend (offline fallback -- NOT real FinBERT sentiment)
2024-07-04,-0.28349342246850334,AAPL,synthetic (offline fallback),local untrained BERT stand-in + keyword blend (offline fallback -- NOT real FinBERT sentiment)
2024-07-05,-0.566821656624476,AAPL,synthetic (offline fallback),local untrained BERT stand-in + keyword blend (offline fallback -- NOT real FinBERT sentiment)
2024-07-08,0.2831748699148496,AAPL,synthetic (offline fallback),local untrained BERT stand-in + keyword blend (offline fallback -- NOT real FinBERT sentiment)
2024-07-09,-0.4251566655933857,AAPL,synthetic (offline fallback),local untrained BERT stand-in + keyword blend (offline fallback -- NOT real FinBERT sentiment)
2024-07-10,-0.8501551166176795,AAPL,synthetic (offline fallback),local untrained BERT stand-in + keyword blend (offline fallback -- NOT real FinBERT sentiment)
2024-07-11,-0.00015788674354551743,AAPL,synthetic (offline fallback),local untrained BERT stand-in + keyword blend (offline fallback -- NOT real FinBERT sentiment)
2024-07-12,-0.0001561090350151284,AAPL,synthetic (offline fallback),local untrained BERT stand-in + keyword blend (offline fallback -- NOT real FinBERT sentiment)
2024-07-15,-0.8501530960202217,AAPL,synthetic (offline fallback),local untrained BERT stand-in + keyword blend (offline fallback -- NOT real FinBERT sentiment)
2024-07-16,0.28317569692929584,AAPL,synthetic (offline fallback),local untrained BERT stand-in + keyword blend (offline fallback -- NOT real FinBERT sentiment)
2024-07-17,0.8498425140976905,AAPL,synthetic (offline fallback),local untrained BERT stand-in + keyword blend (offline fallback -- NOT real FinBERT sentiment)
2024-07-18,0.2831788678963979,AAPL,synthetic (offline fallback),local untrained BERT stand-in + keyword blend (offline fallback -- NOT real FinBERT sentiment)
2024-07-19,0.849844615161419,AAPL,synthetic (offline fallback),local untrained BERT stand-in + keyword blend (offline fallback -- NOT real FinBERT sentiment)
2024-07-22,0.283175187309583,AAPL,synthetic (offline fallback),local untrained BERT stand-in + keyword blend (offline fallback -- NOT real FinBERT sentiment)
2024-07-23,-0.8501571372151374,AAPL,synthetic (offline fallback),local untrained BERT stand-in + keyword blend (offline fallback -- NOT real FinBERT sentiment)
2024-07-24,0.8498421967029571,AAPL,synthetic (offline fallback),local untrained BERT stand-in + keyword blend (offline fallback -- NOT real FinBERT sentiment)
2024-07-25,-0.8501564688980578,AAPL,synthetic (offline fallback),local untrained BERT stand-in + keyword blend (offline fallback -- NOT real FinBERT sentiment)
2024-07-26,-0.00015307366847991944,AAPL,synthetic (offline fallback),local untrained BERT stand-in + keyword blend (offline fallback -- NOT real FinBERT sentiment)
2024-07-29,-0.850154758989811,AAPL,synthetic (offline fallback),local untrained BERT stand-in + keyword blend (offline fallback -- NOT real FinBERT sentiment)
2024-07-30,0.2831750308473905,AAPL,synthetic (offline fallback),local untrained BERT stand-in + keyword blend (offline fallback -- NOT real FinBERT sentiment)
2024-07-31,0.2831783180435498,AAPL,synthetic (offline fallback),local untrained BERT stand-in + keyword blend (offline fallback -- NOT real FinBERT sentiment)
2024-08-01,0.849841584265232,AAPL,synthetic (offline fallback),local untrained BERT stand-in + keyword blend (offline fallback -- NOT real FinBERT sentiment)
2024-08-02,-0.00015307366847991944,AAPL,synthetic (offline fallback),local untrained BERT stand-in + keyword blend (offline fallback -- NOT real FinBERT sentiment)
2024-08-05,-0.00015307366847991944,AAPL,synthetic (offline fallback),local untrained BERT stand-in + keyword blend (offline fallback -- NOT real FinBERT sentiment)
2024-08-06,0.28317484458287556,AAPL,synthetic (offline fallback),local untrained BERT stand-in + keyword blend (offline fallback -- NOT real FinBERT sentiment)
2024-08-07,0.28317412932713826,AAPL,synthetic (offline fallback),local untrained BERT stand-in + keyword blend (offline fallback -- NOT real FinBERT sentiment)
2024-08-08,-0.42515443712472917,AAPL,synthetic (offline fallback),local untrained BERT stand-in + keyword blend (offline fallback -- NOT real FinBERT sentiment)
2024-08-09,0.8498403370380401,AAPL,synthetic (offline fallback),local untrained BERT stand-in + keyword blend (offline fallback -- NOT real FinBERT sentiment)
2024-08-12,-0.00015523731708527722,AAPL,synthetic (offline fallback),local untrained BERT stand-in + keyword blend (offline fallback -- NOT real FinBERT sentiment)
2024-08-13,-0.0001568734645843728,AAPL,synthetic (offline fallback),local untrained BERT stand-in + keyword blend (offline fallback -- NOT real FinBERT sentiment)
2024-08-14,0.42484254539012906,AAPL,synthetic (offline fallback),local untrained BERT stand-in + keyword blend (offline fallback -- NOT real FinBERT sentiment)
2024-08-15,-0.0001602351665496826,AAPL,synthetic (offline fallback),local untrained BERT stand-in + keyword blend (offline fallback -- NOT real FinBERT sentiment)
2024-08-16,0.2831786309679349,AAPL,synthetic (offline fallback),local untrained BERT stand-in + keyword blend (offline fallback -- NOT real FinBERT sentiment)
2024-08-19,-0.0001602351665496826,AAPL,synthetic (offline fallback),local untrained BERT stand-in + keyword blend (offline fallback -- NOT real FinBERT sentiment)
2024-08-20,-0.8501571372151374,AAPL,synthetic (offline fallback),local untrained BERT stand-in + keyword blend (offline fallback -- NOT real FinBERT sentiment)
2024-08-21,-0.0001584582030773607,AAPL,synthetic (offline fallback),local untrained BERT stand-in + keyword blend (offline fallback -- NOT real FinBERT sentiment)
2024-08-22,0.8498453259468078,AAPL,synthetic (offline fallback),local untrained BERT stand-in + keyword blend (offline fallback -- NOT real FinBERT sentiment)
2024-08-23,0.5665085459748903,AAPL,synthetic (offline fallback),local untrained BERT stand-in + keyword blend (offline fallback -- NOT real FinBERT sentiment)
2024-08-26,0.283177520831426,AAPL,synthetic (offline fallback),local untrained BERT stand-in + keyword blend (offline fallback -- NOT real FinBERT sentiment)
2024-08-27,0.4248420692980289,AAPL,synthetic (offline fallback),local untrained BERT stand-in + keyword blend (offline fallback -- NOT real FinBERT sentiment)
2024-08-28,-0.8501558005809784,AAPL,synthetic (offline fallback),local untrained BERT stand-in + keyword blend (offline fallback -- NOT real FinBERT sentiment)
2024-08-29,-0.00015455931425094606,AAPL,synthetic (offline fallback),local untrained BERT stand-in + keyword blend (offline fallback -- NOT real FinBERT sentiment)
2024-08-30,-0.8501571372151374,AAPL,synthetic (offline fallback),local untrained BERT stand-in + keyword blend (offline fallback -- NOT real FinBERT sentiment)
2024-09-02,-0.00015307366847991944,AAPL,synthetic (offline fallback),local untrained BERT stand-in + keyword blend (offline fallback -- NOT real FinBERT sentiment)
2024-09-03,-0.8501558005809784,AAPL,synthetic (offline fallback),local untrained BERT stand-in + keyword blend (offline fallback -- NOT real FinBERT sentiment)
2024-09-04,-0.42515901699662206,AAPL,synthetic (offline fallback),local untrained BERT stand-in + keyword blend (offline fallback -- NOT real FinBERT sentiment)
2024-09-05,0.5665105665723482,AAPL,synthetic (offline fallback),local untrained BERT stand-in + keyword blend (offline fallback -- NOT real FinBERT sentiment)
2024-09-06,-0.00015307366847991944,AAPL,synthetic (offline fallback),local untrained BERT stand-in + keyword blend (offline fallback -- NOT real FinBERT sentiment)
2024-09-09,-0.00016223341226577758,AAPL,synthetic (offline fallback),local untrained BERT stand-in + keyword blend (offline fallback -- NOT real FinBERT sentiment)
2024-09-10,-0.8501539275050163,AAPL,synthetic (offline fallback),local untrained BERT stand-in + keyword blend (offline fallback -- NOT real FinBERT sentiment)
2024-09-11,0.28317887236674627,AAPL,synthetic (offline fallback),local untrained BERT stand-in + keyword blend (offline fallback -- NOT real FinBERT sentiment)
2024-09-12,0.2831758191188176,AAPL,synthetic (offline fallback),local untrained BERT stand-in + keyword blend (offline fallback -- NOT real FinBERT sentiment)
2024-09-13,-0.42515733391046523,AAPL,synthetic (offline fallback),local untrained BERT stand-in + keyword blend (offline fallback -- NOT real FinBERT sentiment)
2024-09-16,-0.850154758989811,AAPL,synthetic (offline fallback),local untrained BERT stand-in + keyword blend (offline fallback -- NOT real FinBERT sentiment)
2024-09-17,-0.8501558005809784,AAPL,synthetic (offline fallback),local untrained BERT stand-in + keyword blend (offline fallback -- NOT real FinBERT sentiment)
2024-09-18,-0.0001602351665496826,AAPL,synthetic (offline fallback),local untrained BERT stand-in + keyword blend (offline fallback -- NOT real FinBERT sentiment)
2024-09-19,-0.8501552797853946,AAPL,synthetic (offline fallback),local untrained BERT stand-in + keyword blend (offline fallback -- NOT real FinBERT sentiment)
2024-09-20,-0.5668226967255275,AAPL,synthetic (offline fallback),local untrained BERT stand-in + keyword blend (offline fallback -- NOT real FinBERT sentiment)
2024-09-23,0.8498378425836562,AAPL,synthetic (offline fallback),local untrained BERT stand-in + keyword blend (offline fallback -- NOT real FinBERT sentiment)
2024-09-24,-0.0001584582030773607,AAPL,synthetic (offline fallback),local untrained BERT stand-in + keyword blend (offline fallback -- NOT real FinBERT sentiment)
2024-09-25,-0.28348917414744695,AAPL,synthetic (offline fallback),local untrained BERT stand-in + keyword blend (offline fallback -- NOT real FinBERT sentiment)
2024-09-26,-0.5668255026141802,AAPL,synthetic (offline fallback),local untrained BERT stand-in + keyword blend (offline fallback -- NOT real FinBERT sentiment)
2024-09-27,-0.00015894174575807143,AAPL,synthetic (offline fallback),local untrained BERT stand-in + keyword blend (offline fallback -- NOT real FinBERT sentiment)
2024-09-30,0.28317792316277823,AAPL,synthetic (offline fallback),local untrained BERT stand-in + keyword blend (offline fallback -- NOT real FinBERT sentiment)
2024-10-01,0.849841584265232,AAPL,synthetic (offline fallback),local untrained BERT stand-in + keyword blend (offline fallback -- NOT real FinBERT sentiment)
2024-10-02,-0.5668239350120227,AAPL,synthetic (offline fallback),local untrained BERT stand-in + keyword blend (offline fallback -- NOT real FinBERT sentiment)
2024-10-03,0.28317667295535404,AAPL,synthetic (offline fallback),local untrained BERT stand-in + keyword blend (offline fallback -- NOT real FinBERT sentiment)
2024-10-04,0.4248438976705074,AAPL,synthetic (offline fallback),local untrained BERT stand-in + keyword blend (offline fallback -- NOT real FinBERT sentiment)
2024-10-07,0.8498378425836562,AAPL,synthetic (offline fallback),local untrained BERT stand-in + keyword blend (offline fallback -- NOT real FinBERT sentiment)
2024-10-08,-0.0001561582088470681,AAPL,synthetic (offline fallback),local untrained BERT stand-in + keyword blend (offline fallback -- NOT real FinBERT sentiment)
2024-10-09,-0.00016223341226577758,AAPL,synthetic (offline fallback),local untrained BERT stand-in + keyword blend (offline fallback -- NOT real FinBERT sentiment)
2024-10-10,0.42484154626727105,AAPL,synthetic (offline fallback),local untrained BERT stand-in + keyword blend (offline fallback -- NOT real FinBERT sentiment)
2024-10-11,-0.2834893604119619,AAPL,synthetic (offline fallback),local untrained BERT stand-in + keyword blend (offline fallback -- NOT real FinBERT sentiment)
2024-10-14,-0.00015571340918540955,AAPL,synthetic (offline fallback),local untrained BERT stand-in + keyword blend (offline fallback -- NOT real FinBERT sentiment)
2024-10-15,0.8498443737626076,AAPL,synthetic (offline fallback),local untrained BERT stand-in + keyword blend (offline fallback -- NOT real FinBERT sentiment)
2024-10-16,-0.0001561582088470681,AAPL,synthetic (offline fallback),local untrained BERT stand-in + keyword blend (offline fallback -- NOT real FinBERT sentiment)
2024-10-17,-0.00015388503670693554,AAPL,synthetic (offline fallback),local untrained BERT stand-in + keyword blend (offline fallback -- NOT real FinBERT sentiment)
2024-10-18,-0.28349002202351886,AAPL,synthetic (offline fallback),local untrained BERT stand-in + keyword blend (offline fallback -- NOT real FinBERT sentiment)
2024-10-21,0.2831736420591672,AAPL,synthetic (offline fallback),local untrained BERT stand-in + keyword blend (offline fallback -- NOT real FinBERT sentiment)
2024-10-22,-0.0001602351665496826,AAPL,synthetic (offline fallback),local untrained BERT stand-in + keyword blend (offline fallback -- NOT real FinBERT sentiment)
2024-10-23,0.4248401559889316,AAPL,synthetic (offline fallback),local untrained BERT stand-in + keyword blend (offline fallback -- NOT real FinBERT sentiment)
2024-10-24,0.8498411081731319,AAPL,synthetic (offline fallback),local untrained BERT stand-in + keyword blend (offline fallback -- NOT real FinBERT sentiment)
2024-10-25,0.4248420692980289,AAPL,synthetic (offline fallback),local untrained BERT stand-in + keyword blend (offline fallback -- NOT real FinBERT sentiment)
2024-10-28,-0.2834925209482511,AAPL,synthetic (offline fallback),local untrained BERT stand-in + keyword blend (offline fallback -- NOT real FinBERT sentiment)
2024-10-29,-0.8501530960202217,AAPL,synthetic (offline fallback),local untrained BERT stand-in + keyword blend (offline fallback -- NOT real FinBERT sentiment)
2024-10-30,-0.4251551054418087,AAPL,synthetic (offline fallback),local untrained BERT stand-in + keyword blend (offline fallback -- NOT real FinBERT sentiment)
2024-10-31,0.28317269285519914,AAPL,synthetic (offline fallback),local untrained BERT stand-in + keyword blend (offline fallback -- NOT real FinBERT sentiment)
2024-11-01,-0.28348946770032246,AAPL,synthetic (offline fallback),local untrained BERT stand-in + keyword blend (offline fallback -- NOT real FinBERT sentiment)
2024-11-04,-0.00015451610088349868,AAPL,synthetic (offline fallback),local untrained BERT stand-in + keyword blend (offline fallback -- NOT real FinBERT sentiment)
2024-11-05,0.42484342157840727,AAPL,synthetic (offline fallback),local untrained BERT stand-in + keyword blend (offline fallback -- NOT real FinBERT sentiment)
2024-11-06,-0.00015765354037284852,AAPL,synthetic (offline fallback),local untrained BERT stand-in + keyword blend (offline fallback -- NOT real FinBERT sentiment)
2024-11-07,0.8498448565602302,AAPL,synthetic (offline fallback),local untrained BERT stand-in + keyword blend (offline fallback -- NOT real FinBERT sentiment)
2024-11-08,-0.0001602351665496826,AAPL,synthetic (offline fallback),local untrained BERT stand-in + keyword blend (offline fallback -- NOT real FinBERT sentiment)
2024-11-11,-0.000157594680786155,AAPL,synthetic (offline fallback),local untrained BERT stand-in + keyword blend (offline fallback -- NOT real FinBERT sentiment)
2024-11-12,-0.8501564688980578,AAPL,synthetic (offline fallback),local untrained BERT stand-in + keyword blend (offline fallback -- NOT real FinBERT sentiment)
2024-11-13,0.566504483918349,AAPL,synthetic (offline fallback),local untrained BERT stand-in + keyword blend (offline fallback -- NOT real FinBERT sentiment)
2024-11-14,-0.00015753060579299925,AAPL,synthetic (offline fallback),local untrained BERT stand-in + keyword blend (offline fallback -- NOT real FinBERT sentiment)
2024-11-15,-0.8501571372151374,AAPL,synthetic (offline fallback),local untrained BERT stand-in + keyword blend (offline fallback -- NOT real FinBERT sentiment)
2024-11-18,-0.8501552797853946,AAPL,synthetic (offline fallback),local untrained BERT stand-in + keyword blend (offline fallback -- NOT real FinBERT sentiment)
2024-11-19,-0.0001612342894077301,AAPL,synthetic (offline fallback),local untrained BERT stand-in + keyword blend (offline fallback -- NOT real FinBERT sentiment)
2024-11-20,-0.00015666782855988288,AAPL,synthetic (offline fallback),local untrained BERT stand-in + keyword blend (offline fallback -- NOT real FinBERT sentiment)
2024-11-21,-0.2834905584653219,AAPL,synthetic (offline fallback),local untrained BERT stand-in + keyword blend (offline fallback -- NOT real FinBERT sentiment)
2024-11-22,0.2831776817639669,AAPL,synthetic (offline fallback),local untrained BERT stand-in + keyword blend (offline fallback -- NOT real FinBERT sentiment)
2024-11-25,-0.00015939772129062538,AAPL,synthetic (offline fallback),local untrained BERT stand-in + keyword blend (offline fallback -- NOT real FinBERT sentiment)
2024-11-26,0.2831750308473905,AAPL,synthetic (offline fallback),local untrained BERT stand-in + keyword blend (offline fallback -- NOT real FinBERT sentiment)
2024-11-27,0.8498413495719432,AAPL,synthetic (offline fallback),local untrained BERT stand-in + keyword blend (offline fallback -- NOT real FinBERT sentiment)
2024-11-28,-0.8501530960202217,AAPL,synthetic (offline fallback),local untrained BERT stand-in + keyword blend (offline fallback -- NOT real FinBERT sentiment)
2024-11-29,-0.00016156733036041258,AAPL,synthetic (offline fallback),local untrained BERT stand-in + keyword blend (offline fallback -- NOT real FinBERT sentiment)
2024-12-02,0.8498450130224228,AAPL,synthetic (offline fallback),local untrained BERT stand-in + keyword blend (offline fallback -- NOT real FinBERT sentiment)
2024-12-03,0.4248410701751709,AAPL,synthetic (offline fallback),local untrained BERT stand-in + keyword blend (offline fallback -- NOT real FinBERT sentiment)
2024-12-04,-0.850154758989811,AAPL,synthetic (offline fallback),local untrained BERT stand-in + keyword blend (offline fallback -- NOT real FinBERT sentiment)
2024-12-05,-0.00015933364629745482,AAPL,synthetic (offline fallback),local untrained BERT stand-in + keyword blend (offline fallback -- NOT real FinBERT sentiment)
2024-12-06,-0.00015307366847991944,AAPL,synthetic (offline fallback),local untrained BERT stand-in + keyword blend (offline fallback -- NOT real FinBERT sentiment)
2024-12-09,-0.850154758989811,AAPL,synthetic (offline fallback),local untrained BERT stand-in + keyword blend (offline fallback -- NOT real FinBERT sentiment)
2024-12-10,0.28317871143420537,AAPL,synthetic (offline fallback),local untrained BERT stand-in + keyword blend (offline fallback -- NOT real FinBERT sentiment)
2024-12-11,-0.00015571340918540955,AAPL,synthetic (offline fallback),local untrained BERT stand-in + keyword blend (offline fallback -- NOT real FinBERT sentiment)
2024-12-12,0.8498453259468078,AAPL,synthetic (offline fallback),local untrained BERT stand-in + keyword blend (offline fallback -- NOT real FinBERT sentiment)
2024-12-13,0.849845091253519,AAPL,synthetic (offline fallback),local untrained BERT stand-in + keyword blend (offline fallback -- NOT real FinBERT sentiment)
2024-12-16,-0.5668237100044886,AAPL,synthetic (offline fallback),local untrained BERT stand-in + keyword blend (offline fallback -- NOT real FinBERT sentiment)
2024-12-17,-0.00015547201037408032,AAPL,synthetic (offline fallback),local untrained BERT stand-in + keyword blend (offline fallback -- NOT real FinBERT sentiment)
2024-12-18,-0.8501558005809784,AAPL,synthetic (offline fallback),local untrained BERT stand-in + keyword blend (offline fallback -- NOT real FinBERT sentiment)
2024-12-19,-0.42515391632914545,AAPL,synthetic (offline fallback),local untrained BERT stand-in + keyword blend (offline fallback -- NOT real FinBERT sentiment)
2024-12-20,0.8498453259468078,AAPL,synthetic (offline fallback),local untrained BERT stand-in + keyword blend (offline fallback -- NOT real FinBERT sentiment)
2024-12-23,0.8498413495719432,AAPL,synthetic (offline fallback),local untrained BERT stand-in + keyword blend (offline fallback -- NOT real FinBERT sentiment)
2024-12-24,0.5665098215142885,AAPL,synthetic (offline fallback),local untrained BERT stand-in + keyword blend (offline fallback -- NOT real FinBERT sentiment)
2024-12-25,-0.00015388503670693554,AAPL,synthetic (offline fallback),local untrained BERT stand-in + keyword blend (offline fallback -- NOT real FinBERT sentiment)
2024-12-26,-0.0001584962010383976,AAPL,synthetic (offline fallback),local untrained BERT stand-in + keyword blend (offline fallback -- NOT real FinBERT sentiment)
2024-12-27,-0.2834920903046926,AAPL,synthetic (offline fallback),local untrained BERT stand-in + keyword blend (offline fallback -- NOT real FinBERT sentiment)
2024-12-30,0.42484131157398225,AAPL,synthetic (offline fallback),local untrained BERT stand-in + keyword blend (offline fallback -- NOT real FinBERT sentiment)
2024-12-31,-0.00015496164560317252,AAPL,synthetic (offline fallback),local untrained BERT stand-in + keyword blend (offline fallback -- NOT real FinBERT sentiment)
2025-01-01,-0.00015705972909929589,AAPL,synthetic (offline fallback),local untrained BERT stand-in + keyword blend (offline fallback -- NOT real FinBERT sentiment)
2025-01-02,-0.00015571340918540955,AAPL,synthetic (offline fallback),local untrained BERT stand-in + keyword blend (offline fallback -- NOT real FinBERT sentiment)
2025-01-03,0.8498443737626076,AAPL,synthetic (offline fallback),local untrained BERT stand-in + keyword blend (offline fallback -- NOT real FinBERT sentiment)
2025-01-06,-0.8501530960202217,AAPL,synthetic (offline fallback),local untrained BERT stand-in + keyword blend (offline fallback -- NOT real FinBERT sentiment)
2025-01-07,-0.00015590563416478798,AAPL,synthetic (offline fallback),local untrained BERT stand-in + keyword blend (offline fallback -- NOT real FinBERT sentiment)
2025-01-08,-0.0001584582030773607,AAPL,synthetic (offline fallback),local untrained BERT stand-in + keyword blend (offline fallback -- NOT real FinBERT sentiment)
2025-01-09,0.8498378425836562,AAPL,synthetic (offline fallback),local untrained BERT stand-in + keyword blend (offline fallback -- NOT real FinBERT sentiment)
2025-01-10,-0.8501539275050163,AAPL,synthetic (offline fallback),local untrained BERT stand-in + keyword blend (offline fallback -- NOT real FinBERT sentiment)
2025-01-13,0.8498443737626076,AAPL,synthetic (offline fallback),local untrained BERT stand-in + keyword blend (offline fallback -- NOT real FinBERT sentiment)
2025-01-14,0.2831772317488988,AAPL,synthetic (offline fallback),local untrained BERT stand-in + keyword blend (offline fallback -- NOT real FinBERT sentiment)
2025-01-15,-0.850154758989811,AAPL,synthetic (offline fallback),local untrained BERT stand-in + keyword blend (offline fallback -- NOT real FinBERT sentiment)
2025-01-16,-0.28349240918954216,AAPL,synthetic (offline fallback),local untrained BERT stand-in + keyword blend (offline fallback -- NOT real FinBERT sentiment)
2025-01-17,-0.8501545518636703,AAPL,synthetic (offline fallback),local untrained BERT stand-in + keyword blend (offline fallback -- NOT real FinBERT sentiment)
2025-01-20,-0.00015307366847991944,AAPL,synthetic (offline fallback),local untrained BERT stand-in + keyword blend (offline fallback -- NOT real FinBERT sentiment)
2025-01-21,-0.8501558005809784,AAPL,synthetic (offline fallback),local untrained BERT stand-in + keyword blend (offline fallback -- NOT real FinBERT sentiment)
2025-01-22,-0.8501530960202217,AAPL,synthetic (offline fallback),local untrained BERT stand-in + keyword blend (offline fallback -- NOT real FinBERT sentiment)
2025-01-23,-0.0001609012484550476,AAPL,synthetic (offline fallback),local untrained BERT stand-in + keyword blend (offline fallback -- NOT real FinBERT sentiment)
2025-01-24,0.28317635556062065,AAPL,synthetic (offline fallback),local untrained BERT stand-in + keyword blend (offline fallback -- NOT real FinBERT sentiment)
2025-01-27,-0.5668242643276851,AAPL,synthetic (offline fallback),local untrained BERT stand-in + keyword blend (offline fallback -- NOT real FinBERT sentiment)
2025-01-28,-0.42515801787376406,AAPL,synthetic (offline fallback),local untrained BERT stand-in + keyword blend (offline fallback -- NOT real FinBERT sentiment)
2025-01-29,-0.00015590563416478798,AAPL,synthetic (offline fallback),local untrained BERT stand-in + keyword blend (offline fallback -- NOT real FinBERT sentiment)
2025-01-30,0.8498453259468078,AAPL,synthetic (offline fallback),local untrained BERT stand-in + keyword blend (offline fallback -- NOT real FinBERT sentiment)
2025-01-31,0.42484131157398225,AAPL,synthetic (offline fallback),local untrained BERT stand-in + keyword blend (offline fallback -- NOT real FinBERT sentiment)
2025-02-03,-0.0001602351665496826,AAPL,synthetic (offline fallback),local untrained BERT stand-in + keyword blend (offline fallback -- NOT real FinBERT sentiment)
2025-02-04,0.849845091253519,AAPL,synthetic (offline fallback),local untrained BERT stand-in + keyword blend (offline fallback -- NOT real FinBERT sentiment)
2025-02-05,-0.00015753060579299925,AAPL,synthetic (offline fallback),local untrained BERT stand-in + keyword blend (offline fallback -- NOT real FinBERT sentiment)
2025-02-06,0.8498411081731319,AAPL,synthetic (offline fallback),local untrained BERT stand-in + keyword blend (offline fallback -- NOT real FinBERT sentiment)
2025-02-07,-0.5668221424023311,AAPL,synthetic (offline fallback),local untrained BERT stand-in + keyword blend (offline fallback -- NOT real FinBERT sentiment)
2025-02-10,-0.0001536145806312709,AAPL,synthetic (offline fallback),local untrained BERT stand-in + keyword blend (offline fallback -- NOT real FinBERT sentiment)
2025-02-11,0.8498443737626076,AAPL,synthetic (offline fallback),local untrained BERT stand-in + keyword blend (offline fallback -- NOT real FinBERT sentiment)
2025-02-12,-0.42515849620103835,AAPL,synthetic (offline fallback),local untrained BERT stand-in + keyword blend (offline fallback -- NOT real FinBERT sentiment)
2025-02-13,0.8498443737626076,AAPL,synthetic (offline fallback),local untrained BERT stand-in + keyword blend (offline fallback -- NOT real FinBERT sentiment)
2025-02-14,0.42484342157840727,AAPL,synthetic (offline fallback),local untrained BERT stand-in + keyword blend (offline fallback -- NOT real FinBERT sentiment)
2025-02-17,0.8498448565602302,AAPL,synthetic (offline fallback),local untrained BERT stand-in + keyword blend (offline fallback -- NOT real FinBERT sentiment)
2025-02-18,0.849845091253519,AAPL,synthetic (offline fallback),local untrained BERT stand-in + keyword blend (offline fallback -- NOT real FinBERT sentiment)
2025-02-19,0.2831782837708791,AAPL,synthetic (offline fallback),local untrained BERT stand-in + keyword blend (offline fallback -- NOT real FinBERT sentiment)
2025-02-20,0.4248436629772186,AAPL,synthetic (offline fallback),local untrained BERT stand-in + keyword blend (offline fallback -- NOT real FinBERT sentiment)
2025-02-21,-0.00015307366847991944,AAPL,synthetic (offline fallback),local untrained BERT stand-in + keyword blend (offline fallback -- NOT real FinBERT sentiment)
2025-02-24,0.8498448565602302,AAPL,synthetic (offline fallback),local untrained BERT stand-in + keyword blend (offline fallback -- NOT real FinBERT sentiment)
2025-02-25,-0.0001573488116264195,AAPL,synthetic (offline fallback),local untrained BERT stand-in + keyword blend (offline fallback -- NOT real FinBERT sentiment)
2025-02-26,0.28317578931649523,AAPL,synthetic (offline fallback),local untrained BERT stand-in + keyword blend (offline fallback -- NOT real FinBERT sentiment)
2025-02-27,-0.0001602351665496826,AAPL,synthetic (offline fallback),local untrained BERT stand-in + keyword blend (offline fallback -- NOT real FinBERT sentiment)
2025-02-28,0.5665122086803118,AAPL,synthetic (offline fallback),local untrained BERT stand-in + keyword blend (offline fallback -- NOT real FinBERT sentiment)
2025-03-03,0.8498443737626076,AAPL,synthetic (offline fallback),local untrained BERT stand-in + keyword blend (offline fallback -- NOT real FinBERT sentiment)
2025-03-04,-0.00015660375356672712,AAPL,synthetic (offline fallback),local untrained BERT stand-in + keyword blend (offline fallback -- NOT real FinBERT sentiment)
2025-03-05,-0.850154758989811,AAPL,synthetic (offline fallback),local untrained BERT stand-in + keyword blend (offline fallback -- NOT real FinBERT sentiment)
2025-03-06,-0.8501558989286423,AAPL,synthetic (offline fallback),local untrained BERT stand-in + keyword blend (offline fallback -- NOT real FinBERT sentiment)
2025-03-07,0.5665066609779994,AAPL,synthetic (offline fallback),local untrained BERT stand-in + keyword blend (offline fallback -- NOT real FinBERT sentiment)
2025-03-10,0.2831788678963979,AAPL,synthetic (offline fallback),local untrained BERT stand-in + keyword blend (offline fallback -- NOT real FinBERT sentiment)
2025-03-11,-0.8501571372151374,AAPL,synthetic (offline fallback),local untrained BERT stand-in + keyword blend (offline fallback -- NOT real FinBERT sentiment)
2025-03-12,0.2831781273086866,AAPL,synthetic (offline fallback),local untrained BERT stand-in + keyword blend (offline fallback -- NOT real FinBERT sentiment)
2025-03-13,0.8498443737626076,AAPL,synthetic (offline fallback),local untrained BERT stand-in + keyword blend (offline fallback -- NOT real FinBERT sentiment)
2025-03-14,-0.00015411972999573864,AAPL,synthetic (offline fallback),local untrained BERT stand-in + keyword blend (offline fallback -- NOT real FinBERT sentiment)
2025-03-17,0.8498378425836562,AAPL,synthetic (offline fallback),local untrained BERT stand-in + keyword blend (offline fallback -- NOT real FinBERT sentiment)
2025-03-18,0.8498453259468078,AAPL,synthetic (offline fallback),local untrained BERT stand-in + keyword blend (offline fallback -- NOT real FinBERT sentiment)
2025-03-19,-0.00015519261360169567,AAPL,synthetic (offline fallback),local untrained BERT stand-in + keyword blend (offline fallback -- NOT real FinBERT sentiment)
2025-03-20,0.42484612613916395,AAPL,synthetic (offline fallback),local untrained BERT stand-in + keyword blend (offline fallback -- NOT real FinBERT sentiment)
2025-03-21,-0.00015753060579299925,AAPL,synthetic (offline fallback),local untrained BERT stand-in + keyword blend (offline fallback -- NOT real FinBERT sentiment)
2025-03-24,-0.00016223341226577758,AAPL,synthetic (offline fallback),local untrained BERT stand-in + keyword blend (offline fallback -- NOT real FinBERT sentiment)
2025-03-25,-0.42515733391046523,AAPL,synthetic (offline fallback),local untrained BERT stand-in + keyword blend (offline fallback -- NOT real FinBERT sentiment)
2025-03-26,0.42484612613916395,AAPL,synthetic (offline fallback),local untrained BERT stand-in + keyword blend (offline fallback -- NOT real FinBERT sentiment)
2025-03-27,0.28317783822615944,AAPL,synthetic (offline fallback),local untrained BERT stand-in + keyword blend (offline fallback -- NOT real FinBERT sentiment)
2025-03-28,0.5665098215142885,AAPL,synthetic (offline fallback),local untrained BERT stand-in + keyword blend (offline fallback -- NOT real FinBERT sentiment)
2025-03-31,-0.0001602351665496826,AAPL,synthetic (offline fallback),local untrained BERT stand-in + keyword blend (offline fallback -- NOT real FinBERT sentiment)
2025-04-01,-0.00015671253204348665,AAPL,synthetic (offline fallback),local untrained BERT stand-in + keyword blend (offline fallback -- NOT real FinBERT sentiment)
2025-04-02,-0.00015694648027420044,AAPL,synthetic (offline fallback),local untrained BERT stand-in + keyword blend (offline fallback -- NOT real FinBERT sentiment)
2025-04-03,0.42483880370855326,AAPL,synthetic (offline fallback),local untrained BERT stand-in + keyword blend (offline fallback -- NOT real FinBERT sentiment)
2025-04-04,0.283175187309583,AAPL,synthetic (offline fallback),local untrained BERT stand-in + keyword blend (offline fallback -- NOT real FinBERT sentiment)
2025-04-07,-0.42515849620103835,AAPL,synthetic (offline fallback),local untrained BERT stand-in + keyword blend (offline fallback -- NOT real FinBERT sentiment)
2025-04-08,0.8498443737626076,AAPL,synthetic (offline fallback),local untrained BERT stand-in + keyword blend (offline fallback -- NOT real FinBERT sentiment)
2025-04-09,0.8498448565602302,AAPL,synthetic (offline fallback),local untrained BERT stand-in + keyword blend (offline fallback -- NOT real FinBERT sentiment)
2025-04-10,-0.00016223341226577758,AAPL,synthetic (offline fallback),local untrained BERT stand-in + keyword blend (offline fallback -- NOT real FinBERT sentiment)
2025-04-11,-0.28349214394887284,AAPL,synthetic (offline fallback),local untrained BERT stand-in + keyword blend (offline fallback -- NOT real FinBERT sentiment)
2025-04-14,-0.00015788674354551743,AAPL,synthetic (offline fallback),local untrained BERT stand-in + keyword blend (offline fallback -- NOT real FinBERT sentiment)
2025-04-15,-0.00015547201037408032,AAPL,synthetic (offline fallback),local untrained BERT stand-in + keyword blend (offline fallback -- NOT real FinBERT sentiment)
2025-04-16,0.28317799617846806,AAPL,synthetic (offline fallback),local untrained BERT stand-in + keyword blend (offline fallback -- NOT real FinBERT sentiment)
2025-04-17,-0.4251566655933857,AAPL,synthetic (offline fallback),local untrained BERT stand-in + keyword blend (offline fallback -- NOT real FinBERT sentiment)
2025-04-18,-0.00015388503670693554,AAPL,synthetic (offline fallback),local untrained BERT stand-in + keyword blend (offline fallback -- NOT real FinBERT sentiment)
2025-04-21,-0.5668239350120227,AAPL,synthetic (offline fallback),local untrained BERT stand-in + keyword blend (offline fallback -- NOT real FinBERT sentiment)
2025-04-22,0.2831741785009702,AAPL,synthetic (offline fallback),local untrained BERT stand-in + keyword blend (offline fallback -- NOT real FinBERT sentiment)
2025-04-23,-0.4251553133130074,AAPL,synthetic (offline fallback),local untrained BERT stand-in + keyword blend (offline fallback -- NOT real FinBERT sentiment)
2025-04-24,-0.4251530848443508,AAPL,synthetic (offline fallback),local untrained BERT stand-in + keyword blend (offline fallback -- NOT real FinBERT sentiment)
2025-04-25,-0.5668240437904993,AAPL,synthetic (offline fallback),local untrained BERT stand-in + keyword blend (offline fallback -- NOT real FinBERT sentiment)
2025-04-28,-0.00015307366847991944,AAPL,synthetic (offline fallback),local untrained BERT stand-in + keyword blend (offline fallback -- NOT real FinBERT sentiment)
2025-04-29,-0.00015964731574058533,AAPL,synthetic (offline fallback),local untrained BERT stand-in + keyword blend (offline fallback -- NOT real FinBERT sentiment)
2025-04-30,0.8498453259468078,AAPL,synthetic (offline fallback),local untrained BERT stand-in + keyword blend (offline fallback -- NOT real FinBERT sentiment)
2025-05-01,-0.0001602351665496826,AAPL,synthetic (offline fallback),local untrained BERT stand-in + keyword blend (offline fallback -- NOT real FinBERT sentiment)
2025-05-02,0.5665083895126978,AAPL,synthetic (offline fallback),local untrained BERT stand-in + keyword blend (offline fallback -- NOT real FinBERT sentiment)
2025-05-05,0.8498448565602302,AAPL,synthetic (offline fallback),local untrained BERT stand-in + keyword blend (offline fallback -- NOT real FinBERT sentiment)
2025-05-06,0.566509825984637,AAPL,synthetic (offline fallback),local untrained BERT stand-in + keyword blend (offline fallback -- NOT real FinBERT sentiment)
2025-05-07,-0.5668226967255275,AAPL,synthetic (offline fallback),local untrained BERT stand-in + keyword blend (offline fallback -- NOT real FinBERT sentiment)
2025-05-08,0.8498443737626076,AAPL,synthetic (offline fallback),local untrained BERT stand-in + keyword blend (offline fallback -- NOT real FinBERT sentiment)
2025-05-09,-0.0001602351665496826,AAPL,synthetic (offline fallback),local untrained BERT stand-in + keyword blend (offline fallback -- NOT real FinBERT sentiment)
2025-05-12,-0.00015897899866107457,AAPL,synthetic (offline fallback),local untrained BERT stand-in + keyword blend (offline fallback -- NOT real FinBERT sentiment)
2025-05-13,0.4248410701751709,AAPL,synthetic (offline fallback),local untrained BERT stand-in + keyword blend (offline fallback -- NOT real FinBERT sentiment)
2025-05-14,0.8498443737626076,AAPL,synthetic (offline fallback),local untrained BERT stand-in + keyword blend (offline fallback -- NOT real FinBERT sentiment)
2025-05-15,-0.00015471652150156334,AAPL,synthetic (offline fallback),local untrained BERT stand-in + keyword blend (offline fallback -- NOT real FinBERT sentiment)
2025-05-16,-0.00015988200902938843,AAPL,synthetic (offline fallback),local untrained BERT stand-in + keyword blend (offline fallback -- NOT real FinBERT sentiment)
2025-05-19,-0.8501549974083901,AAPL,synthetic (offline fallback),local untrained BERT stand-in + keyword blend (offline fallback -- NOT real FinBERT sentiment)
2025-05-20,-0.00015307366847991944,AAPL,synthetic (offline fallback),local untrained BERT stand-in + keyword blend (offline fallback -- NOT real FinBERT sentiment)
2025-05-21,0.8498453259468078,AAPL,synthetic (offline fallback),local untrained BERT stand-in + keyword blend (offline fallback -- NOT real FinBERT sentiment)
2025-05-22,0.2831717913349469,AAPL,synthetic (offline fallback),local untrained BERT stand-in + keyword blend (offline fallback -- NOT real FinBERT sentiment)
2025-05-23,-0.00015682429075240348,AAPL,synthetic (offline fallback),local untrained BERT stand-in + keyword blend (offline fallback -- NOT real FinBERT sentiment)
2025-05-26,-0.00015753060579299925,AAPL,synthetic (offline fallback),local untrained BERT stand-in + keyword blend (offline fallback -- NOT real FinBERT sentiment)
2025-05-27,-0.8501558005809784,AAPL,synthetic (offline fallback),local untrained BERT stand-in + keyword blend (offline fallback -- NOT real FinBERT sentiment)
2025-05-28,-0.00015511810779570792,AAPL,synthetic (offline fallback),local untrained BERT stand-in + keyword blend (offline fallback -- NOT real FinBERT sentiment)
2025-05-29,-0.2834883024295171,AAPL,synthetic (offline fallback),local untrained BERT stand-in + keyword blend (offline fallback -- NOT real FinBERT sentiment)
2025-05-30,-0.0001602351665496826,AAPL,synthetic (offline fallback),local untrained BERT stand-in + keyword blend (offline fallback -- NOT real FinBERT sentiment)
2025-06-02,0.8498378425836562,AAPL,synthetic (offline fallback),local untrained BERT stand-in + keyword blend (offline fallback -- NOT real FinBERT sentiment)
2025-06-03,0.283175535996755,AAPL,synthetic (offline fallback),local untrained BERT stand-in + keyword blend (offline fallback -- NOT real FinBERT sentiment)
2025-06-04,-0.8501571372151374,AAPL,synthetic (offline fallback),local untrained BERT stand-in + keyword blend (offline fallback -- NOT real FinBERT sentiment)
2025-06-05,0.2831790288289388,AAPL,synthetic (offline fallback),local untrained BERT stand-in + keyword blend (offline fallback -- NOT real FinBERT sentiment)
2025-06-06,-0.5668220038215319,AAPL,synthetic (offline fallback),local untrained BERT stand-in + keyword blend (offline fallback -- NOT real FinBERT sentiment)
2025-06-09,-0.28348785688479744,AAPL,synthetic (offline fallback),local untrained BERT stand-in + keyword blend (offline fallback -- NOT real FinBERT sentiment)
2025-06-10,0.28317780991395314,AAPL,synthetic (offline fallback),local untrained BERT stand-in + keyword blend (offline fallback -- NOT real FinBERT sentiment)
2025-06-11,-0.42515749707818035,AAPL,synthetic (offline fallback),local untrained BERT stand-in + keyword blend (offline fallback -- NOT real FinBERT sentiment)
2025-06-12,-0.00015722215175630142,AAPL,synthetic (offline fallback),local untrained BERT stand-in + keyword blend (offline fallback -- NOT real FinBERT sentiment)
2025-06-13,-0.00016223341226577758,AAPL,synthetic (offline fallback),local untrained BERT stand-in + keyword blend (offline fallback -- NOT real FinBERT sentiment)
2025-06-16,-0.00016223341226577758,AAPL,synthetic (offline fallback),local untrained BERT stand-in + keyword blend (offline fallback -- NOT real FinBERT sentiment)
2025-06-17,-0.8501571372151374,AAPL,synthetic (offline fallback),local untrained BERT stand-in + keyword blend (offline fallback -- NOT real FinBERT sentiment)
2025-06-18,-0.42515443712472917,AAPL,synthetic (offline fallback),local untrained BERT stand-in + keyword blend (offline fallback -- NOT real FinBERT sentiment)
2025-06-19,0.42484254539012906,AAPL,synthetic (offline fallback),local untrained BERT stand-in + keyword blend (offline fallback -- NOT real FinBERT sentiment)
2025-06-20,-0.0001602351665496826,AAPL,synthetic (offline fallback),local untrained BERT stand-in + keyword blend (offline fallback -- NOT real FinBERT sentiment)
2025-06-23,-0.42515868619084357,AAPL,synthetic (offline fallback),local untrained BERT stand-in + keyword blend (offline fallback -- NOT real FinBERT sentiment)
2025-06-24,0.849842357635498,AAPL,synthetic (offline fallback),local untrained BERT stand-in + keyword blend (offline fallback -- NOT real FinBERT sentiment)
2025-06-25,0.42484589144587515,AAPL,synthetic (offline fallback),local untrained BERT stand-in + keyword blend (offline fallback -- NOT real FinBERT sentiment)
2025-06-26,-0.42515868619084357,AAPL,synthetic (offline fallback),local untrained BERT stand-in + keyword blend (offline fallback -- NOT real FinBERT sentiment)
2025-06-27,-0.42515868619084357,AAPL,synthetic (offline fallback),local untrained BERT stand-in + keyword blend (offline fallback -- NOT real FinBERT sentiment)
2025-06-30,0.4248456500470638,AAPL,synthetic (offline fallback),local untrained BERT stand-in + keyword blend (offline fallback -- NOT real FinBERT sentiment)
2025-07-01,0.28317847450574235,AAPL,synthetic (offline fallback),local untrained BERT stand-in + keyword blend (offline fallback -- NOT real FinBERT sentiment)
2025-07-02,-0.8501571372151374,AAPL,synthetic (offline fallback),local untrained BERT stand-in + keyword blend (offline fallback -- NOT real FinBERT sentiment)
2025-07-03,-0.8501571372151374,AAPL,synthetic (offline fallback),local untrained BERT stand-in + keyword blend (offline fallback -- NOT real FinBERT sentiment)
2025-07-04,-0.8501558005809784,AAPL,synthetic (offline fallback),local untrained BERT stand-in + keyword blend (offline fallback -- NOT real FinBERT sentiment)
2025-07-07,-0.8501530960202217,AAPL,synthetic (offline fallback),local untrained BERT stand-in + keyword blend (offline fallback -- NOT real FinBERT sentiment)
2025-07-08,-0.00015307366847991944,AAPL,synthetic (offline fallback),local untrained BERT stand-in + keyword blend (offline fallback -- NOT real FinBERT sentiment)
2025-07-09,-0.8501571372151374,AAPL,synthetic (offline fallback),local untrained BERT stand-in + keyword blend (offline fallback -- NOT real FinBERT sentiment)
2025-07-10,-0.2834884544213613,AAPL,synthetic (offline fallback),local untrained BERT stand-in + keyword blend (offline fallback -- NOT real FinBERT sentiment)
2025-07-11,-0.0001560017466545327,AAPL,synthetic (offline fallback),local untrained BERT stand-in + keyword blend (offline fallback -- NOT real FinBERT sentiment)
2025-07-14,0.4248410701751709,AAPL,synthetic (offline fallback),local untrained BERT stand-in + keyword blend (offline fallback -- NOT real FinBERT sentiment)
2025-07-15,-0.42515901699662206,AAPL,synthetic (offline fallback),local untrained BERT stand-in + keyword blend (offline fallback -- NOT real FinBERT sentiment)
2025-07-16,-0.850154758989811,AAPL,synthetic (offline fallback),local untrained BERT stand-in + keyword blend (offline fallback -- NOT real FinBERT sentiment)
2025-07-17,-0.8501545518636703,AAPL,synthetic (offline fallback),local untrained BERT stand-in + keyword blend (offline fallback -- NOT real FinBERT sentiment)
2025-07-18,0.28317847450574235,AAPL,synthetic (offline fallback),local untrained BERT stand-in + keyword blend (offline fallback -- NOT real FinBERT sentiment)
2025-07-21,-0.28348901321490605,AAPL,synthetic (offline fallback),local untrained BERT stand-in + keyword blend (offline fallback -- NOT real FinBERT sentiment)
2025-07-22,-0.0001563817262649203,AAPL,synthetic (offline fallback),local untrained BERT stand-in + keyword blend (offline fallback -- NOT real FinBERT sentiment)
2025-07-23,-0.8501571372151374,AAPL,synthetic (offline fallback),local untrained BERT stand-in + keyword blend (offline fallback -- NOT real FinBERT sentiment)
2025-07-24,-0.5668247098724047,AAPL,synthetic (offline fallback),local untrained BERT stand-in + keyword blend (offline fallback -- NOT real FinBERT sentiment)
2025-07-25,-0.00015495121479036644,AAPL,synthetic (offline fallback),local untrained BERT stand-in + keyword blend (offline fallback -- NOT real FinBERT sentiment)
2025-07-28,-0.00016223341226577758,AAPL,synthetic (offline fallback),local untrained BERT stand-in + keyword blend (offline fallback -- NOT real FinBERT sentiment)
2025-07-29,0.8498448565602302,AAPL,synthetic (offline fallback),local untrained BERT stand-in + keyword blend (offline fallback -- NOT real FinBERT sentiment)
2025-07-30,-0.0001612342894077301,AAPL,synthetic (offline fallback),local untrained BERT stand-in + keyword blend (offline fallback -- NOT real FinBERT sentiment)
2025-07-31,-0.8501571372151374,AAPL,synthetic (offline fallback),local untrained BERT stand-in + keyword blend (offline fallback -- NOT real FinBERT sentiment)
2025-08-01,-0.00015571340918540955,AAPL,synthetic (offline fallback),local untrained BERT stand-in + keyword blend (offline fallback -- NOT real FinBERT sentiment)
2025-08-04,-0.8501530960202217,AAPL,synthetic (offline fallback),local untrained BERT stand-in + keyword blend (offline fallback -- NOT real FinBERT sentiment)
2025-08-05,-0.4251566655933857,AAPL,synthetic (offline fallback),local untrained BERT stand-in + keyword blend (offline fallback -- NOT real FinBERT sentiment)
2025-08-06,-0.2834900041421255,AAPL,synthetic (offline fallback),local untrained BERT stand-in + keyword blend (offline fallback -- NOT real FinBERT sentiment)
2025-08-07,-0.00015753954648972297,AAPL,synthetic (offline fallback),local untrained BERT stand-in + keyword blend (offline fallback -- NOT real FinBERT sentiment)
2025-08-08,-0.42515391632914545,AAPL,synthetic (offline fallback),local untrained BERT stand-in + keyword blend (offline fallback -- NOT real FinBERT sentiment)
2025-08-11,-0.2834893559416135,AAPL,synthetic (offline fallback),local untrained BERT stand-in + keyword blend (offline fallback -- NOT real FinBERT sentiment)
2025-08-12,-0.850154758989811,AAPL,synthetic (offline fallback),local untrained BERT stand-in + keyword blend (offline fallback -- NOT real FinBERT sentiment)
2025-08-13,-0.00015999972820281982,AAPL,synthetic (offline fallback),local untrained BERT stand-in + keyword blend (offline fallback -- NOT real FinBERT sentiment)
2025-08-14,-0.5668250570694605,AAPL,synthetic (offline fallback),local untrained BERT stand-in + keyword blend (offline fallback -- NOT real FinBERT sentiment)
2025-08-15,-0.28349163432916,AAPL,synthetic (offline fallback),local untrained BERT stand-in + keyword blend (offline fallback -- NOT real FinBERT sentiment)
2025-08-18,-0.0001602351665496826,AAPL,synthetic (offline fallback),local untrained BERT stand-in + keyword blend (offline fallback -- NOT real FinBERT sentiment)
2025-08-19,-0.00015523731708527722,AAPL,synthetic (offline fallback),local untrained BERT stand-in + keyword blend (offline fallback -- NOT real FinBERT sentiment)
2025-08-20,-0.00015388503670693554,AAPL,synthetic (offline fallback),local untrained BERT stand-in + keyword blend (offline fallback -- NOT real FinBERT sentiment)
2025-08-21,0.28317815711100897,AAPL,synthetic (offline fallback),local untrained BERT stand-in + keyword blend (offline fallback -- NOT real FinBERT sentiment)
2025-08-22,0.8498378425836562,AAPL,synthetic (offline fallback),local untrained BERT stand-in + keyword blend (offline fallback -- NOT real FinBERT sentiment)
2025-08-25,-0.0001560017466545327,AAPL,synthetic (offline fallback),local untrained BERT stand-in + keyword blend (offline fallback -- NOT real FinBERT sentiment)
2025-08-26,0.8498378425836562,AAPL,synthetic (offline fallback),local untrained BERT stand-in + keyword blend (offline fallback -- NOT real FinBERT sentiment)
2025-08-27,-0.2834872727592786,AAPL,synthetic (offline fallback),local untrained BERT stand-in + keyword blend (offline fallback -- NOT real FinBERT sentiment)
2025-08-28,-0.00015897899866107457,AAPL,synthetic (offline fallback),local untrained BERT stand-in + keyword blend (offline fallback -- NOT real FinBERT sentiment)
2025-08-29,-0.8501559481024742,AAPL,synthetic (offline fallback),local untrained BERT stand-in + keyword blend (offline fallback -- NOT real FinBERT sentiment)
2025-09-01,0.8498443737626076,AAPL,synthetic (offline fallback),local untrained BERT stand-in + keyword blend (offline fallback -- NOT real FinBERT sentiment)
2025-09-02,-0.00015307366847991944,AAPL,synthetic (offline fallback),local untrained BERT stand-in + keyword blend (offline fallback -- NOT real FinBERT sentiment)
2025-09-03,-0.5668208638827007,AAPL,synthetic (offline fallback),local untrained BERT stand-in + keyword blend (offline fallback -- NOT real FinBERT sentiment)
2025-09-04,0.2831736420591672,AAPL,synthetic (offline fallback),local untrained BERT stand-in + keyword blend (offline fallback -- NOT real FinBERT sentiment)
2025-09-05,-0.28348641445239386,AAPL,synthetic (offline fallback),local untrained BERT stand-in + keyword blend (offline fallback -- NOT real FinBERT sentiment)
2025-09-08,-0.00015483349561691283,AAPL,synthetic (offline fallback),local untrained BERT stand-in + keyword blend (offline fallback -- NOT real FinBERT sentiment)
2025-09-09,-0.00016223341226577758,AAPL,synthetic (offline fallback),local untrained BERT stand-in + keyword blend (offline fallback -- NOT real FinBERT sentiment)
2025-09-10,-0.425156144797802,AAPL,synthetic (offline fallback),local untrained BERT stand-in + keyword blend (offline fallback -- NOT real FinBERT sentiment)
2025-09-11,0.8498378425836562,AAPL,synthetic (offline fallback),local untrained BERT stand-in + keyword blend (offline fallback -- NOT real FinBERT sentiment)
2025-09-12,-0.00015682429075241828,AAPL,synthetic (offline fallback),local untrained BERT stand-in + keyword blend (offline fallback -- NOT real FinBERT sentiment)
2025-09-15,0.28317329486211135,AAPL,synthetic (offline fallback),local untrained BERT stand-in + keyword blend (offline fallback -- NOT real FinBERT sentiment)
2025-09-16,-0.00015753060579299925,AAPL,synthetic (offline fallback),local untrained BERT stand-in + keyword blend (offline fallback -- NOT real FinBERT sentiment)
2025-09-17,0.42483880370855326,AAPL,synthetic (offline fallback),local untrained BERT stand-in + keyword blend (offline fallback -- NOT real FinBERT sentiment)
2025-09-18,0.566509665052096,AAPL,synthetic (offline fallback),local untrained BERT stand-in + keyword blend (offline fallback -- NOT real FinBERT sentiment)
2025-09-19,-0.00015888288617134093,AAPL,synthetic (offline fallback),local untrained BERT stand-in + keyword blend (offline fallback -- NOT real FinBERT sentiment)
2025-09-22,0.5665105665723482,AAPL,synthetic (offline fallback),local untrained BERT stand-in + keyword blend (offline fallback -- NOT real FinBERT sentiment)
2025-09-23,0.8498453259468078,AAPL,synthetic (offline fallback),local untrained BERT stand-in + keyword blend (offline fallback -- NOT real FinBERT sentiment)
2025-09-24,0.4248438976705074,AAPL,synthetic (offline fallback),local untrained BERT stand-in + keyword blend (offline fallback -- NOT real FinBERT sentiment)
2025-09-25,-0.8501558005809784,AAPL,synthetic (offline fallback),local untrained BERT stand-in + keyword blend (offline fallback -- NOT real FinBERT sentiment)
2025-09-26,-0.00015753060579299925,AAPL,synthetic (offline fallback),local untrained BERT stand-in + keyword blend (offline fallback -- NOT real FinBERT sentiment)
2025-09-29,-0.2834925358494123,AAPL,synthetic (offline fallback),local untrained BERT stand-in + keyword blend (offline fallback -- NOT real FinBERT sentiment)
2025-09-30,-0.0001563817262649203,AAPL,synthetic (offline fallback),local untrained BERT stand-in + keyword blend (offline fallback -- NOT real FinBERT sentiment)
2025-10-01,-0.00015436112880706787,AAPL,synthetic (offline fallback),local untrained BERT stand-in + keyword blend (offline fallback -- NOT real FinBERT sentiment)
2025-10-02,-0.0001602351665496826,AAPL,synthetic (offline fallback),local untrained BERT stand-in + keyword blend (offline fallback -- NOT real FinBERT sentiment)
2025-10-03,0.5665100316206614,AAPL,synthetic (offline fallback),local untrained BERT stand-in + keyword blend (offline fallback -- NOT real FinBERT sentiment)
2025-10-06,-0.00015753060579299925,AAPL,synthetic (offline fallback),local untrained BERT stand-in + keyword blend (offline fallback -- NOT real FinBERT sentiment)
2025-10-07,-0.425156144797802,AAPL,synthetic (offline fallback),local untrained BERT stand-in + keyword blend (offline fallback -- NOT real FinBERT sentiment)
2025-10-08,0.42484589144587515,AAPL,synthetic (offline fallback),local untrained BERT stand-in + keyword blend (offline fallback -- NOT real FinBERT sentiment)
2025-10-09,-0.8501571372151374,AAPL,synthetic (offline fallback),local untrained BERT stand-in + keyword blend (offline fallback -- NOT real FinBERT sentiment)
2025-10-10,-0.00015753060579299925,AAPL,synthetic (offline fallback),local untrained BERT stand-in + keyword blend (offline fallback -- NOT real FinBERT sentiment)
2025-10-13,-0.0001591622829437478,AAPL,synthetic (offline fallback),local untrained BERT stand-in + keyword blend (offline fallback -- NOT real FinBERT sentiment)
2025-10-14,-0.850154758989811,AAPL,synthetic (offline fallback),local untrained BERT stand-in + keyword blend (offline fallback -- NOT real FinBERT sentiment)
2025-10-15,0.42484131157398225,AAPL,synthetic (offline fallback),local untrained BERT stand-in + keyword blend (offline fallback -- NOT real FinBERT sentiment)
2025-10-16,0.2831758191188176,AAPL,synthetic (offline fallback),local untrained BERT stand-in + keyword blend (offline fallback -- NOT real FinBERT sentiment)
2025-10-17,-0.00015765354037284852,AAPL,synthetic (offline fallback),local untrained BERT stand-in + keyword blend (offline fallback -- NOT real FinBERT sentiment)
2025-10-20,-0.8501571372151374,AAPL,synthetic (offline fallback),local untrained BERT stand-in + keyword blend (offline fallback -- NOT real FinBERT sentiment)
2025-10-21,-0.0001576267182827329,AAPL,synthetic (offline fallback),local untrained BERT stand-in + keyword blend (offline fallback -- NOT real FinBERT sentiment)
2025-10-22,-0.4251551054418087,AAPL,synthetic (offline fallback),local untrained BERT stand-in + keyword blend (offline fallback -- NOT real FinBERT sentiment)
2025-10-23,-0.00015590563416478798,AAPL,synthetic (offline fallback),local untrained BERT stand-in + keyword blend (offline fallback -- NOT real FinBERT sentiment)
2025-10-24,-0.8501571372151374,AAPL,synthetic (offline fallback),local untrained BERT stand-in + keyword blend (offline fallback -- NOT real FinBERT sentiment)
2025-10-27,-0.8501571372151374,AAPL,synthetic (offline fallback),local untrained BERT stand-in + keyword blend (offline fallback -- NOT real FinBERT sentiment)
2025-10-28,-0.8501553446054458,AAPL,synthetic (offline fallback),local untrained BERT stand-in + keyword blend (offline fallback -- NOT real FinBERT sentiment)
2025-10-29,-0.42515849620103835,AAPL,synthetic (offline fallback),local untrained BERT stand-in + keyword blend (offline fallback -- NOT real FinBERT sentiment)
2025-10-30,-0.28348935594161356,AAPL,synthetic (offline fallback),local untrained BERT stand-in + keyword blend (offline fallback -- NOT real FinBERT sentiment)
2025-10-31,0.28317578931649523,AAPL,synthetic (offline fallback),local untrained BERT stand-in + keyword blend (offline fallback -- NOT real FinBERT sentiment)
2025-11-03,-0.00015307366847991944,AAPL,synthetic (offline fallback),local untrained BERT stand-in + keyword blend (offline fallback -- NOT real FinBERT sentiment)
2025-11-04,-0.0001612342894077301,AAPL,synthetic (offline fallback),local untrained BERT stand-in + keyword blend (offline fallback -- NOT real FinBERT sentiment)
2025-11-05,0.8498448565602302,AAPL,synthetic (offline fallback),local untrained BERT stand-in + keyword blend (offline fallback -- NOT real FinBERT sentiment)
2025-11-06,-0.00015483349561692025,AAPL,synthetic (offline fallback),local untrained BERT stand-in + keyword blend (offline fallback -- NOT real FinBERT sentiment)
2025-11-07,-0.8501552797853946,AAPL,synthetic (offline fallback),local untrained BERT stand-in + keyword blend (offline fallback -- NOT real FinBERT sentiment)
2025-11-10,-0.4251566655933857,AAPL,synthetic (offline fallback),local untrained BERT stand-in + keyword blend (offline fallback -- NOT real FinBERT sentiment)
2025-11-11,-0.00015888288617134093,AAPL,synthetic (offline fallback),local untrained BERT stand-in + keyword blend (offline fallback -- NOT real FinBERT sentiment)
2025-11-12,-0.0001560017466545327,AAPL,synthetic (offline fallback),local untrained BERT stand-in + keyword blend (offline fallback -- NOT real FinBERT sentiment)
2025-11-13,-0.425156144797802,AAPL,synthetic (offline fallback),local untrained BERT stand-in + keyword blend (offline fallback -- NOT real FinBERT sentiment)
2025-11-14,0.4248456500470638,AAPL,synthetic (offline fallback),local untrained BERT stand-in + keyword blend (offline fallback -- NOT real FinBERT sentiment)
2025-11-17,-0.00015753060579299925,AAPL,synthetic (offline fallback),local untrained BERT stand-in + keyword blend (offline fallback -- NOT real FinBERT sentiment)
2025-11-18,-0.00015416890382768204,AAPL,synthetic (offline fallback),local untrained BERT stand-in + keyword blend (offline fallback -- NOT real FinBERT sentiment)
2025-11-19,-0.00015571340918540955,AAPL,synthetic (offline fallback),local untrained BERT stand-in + keyword blend (offline fallback -- NOT real FinBERT sentiment)
2025-11-20,-0.850154758989811,AAPL,synthetic (offline fallback),local untrained BERT stand-in + keyword blend (offline fallback -- NOT real FinBERT sentiment)
2025-11-21,0.8498425185680389,AAPL,synthetic (offline fallback),local untrained BERT stand-in + keyword blend (offline fallback -- NOT real FinBERT sentiment)
2025-11-24,-0.8501564688980578,AAPL,synthetic (offline fallback),local untrained BERT stand-in + keyword blend (offline fallback -- NOT real FinBERT sentiment)
2025-11-25,-0.8501530960202217,AAPL,synthetic (offline fallback),local untrained BERT stand-in + keyword blend (offline fallback -- NOT real FinBERT sentiment)
2025-11-26,0.2831756328543027,AAPL,synthetic (offline fallback),local untrained BERT stand-in + keyword blend (offline fallback -- NOT real FinBERT sentiment)
2025-11-27,0.4248436629772186,AAPL,synthetic (offline fallback),local untrained BERT stand-in + keyword blend (offline fallback -- NOT real FinBERT sentiment)
2025-11-28,0.4248401559889316,AAPL,synthetic (offline fallback),local untrained BERT stand-in + keyword blend (offline fallback -- NOT real FinBERT sentiment)
2025-12-01,-0.42515749707818035,AAPL,synthetic (offline fallback),local untrained BERT stand-in + keyword blend (offline fallback -- NOT real FinBERT sentiment)
2025-12-02,-0.850154758989811,AAPL,synthetic (offline fallback),local untrained BERT stand-in + keyword blend (offline fallback -- NOT real FinBERT sentiment)
2025-12-03,-0.00016223341226577758,AAPL,synthetic (offline fallback),local untrained BERT stand-in + keyword blend (offline fallback -- NOT real FinBERT sentiment)
2025-12-04,-0.8501552797853946,AAPL,synthetic (offline fallback),local untrained BERT stand-in + keyword blend (offline fallback -- NOT real FinBERT sentiment)
2025-12-05,0.8498443737626076,AAPL,synthetic (offline fallback),local untrained BERT stand-in + keyword blend (offline fallback -- NOT real FinBERT sentiment)
2025-12-08,0.28317484458287556,AAPL,synthetic (offline fallback),local untrained BERT stand-in + keyword blend (offline fallback -- NOT real FinBERT sentiment)
2025-12-09,-0.5668212110797565,AAPL,synthetic (offline fallback),local untrained BERT stand-in + keyword blend (offline fallback -- NOT real FinBERT sentiment)
2025-12-10,0.2831748699148496,AAPL,synthetic (offline fallback),local untrained BERT stand-in + keyword blend (offline fallback -- NOT real FinBERT sentiment)
2025-12-11,-0.00015530213713645935,AAPL,synthetic (offline fallback),local untrained BERT stand-in + keyword blend (offline fallback -- NOT real FinBERT sentiment)
2025-12-12,-0.5668246115247408,AAPL,synthetic (offline fallback),local untrained BERT stand-in + keyword blend (offline fallback -- NOT real FinBERT sentiment)
2025-12-15,-0.8501571372151374,AAPL,synthetic (offline fallback),local untrained BERT stand-in + keyword blend (offline fallback -- NOT real FinBERT sentiment)
2025-12-16,-0.00015590563416478798,AAPL,synthetic (offline fallback),local untrained BERT stand-in + keyword blend (offline fallback -- NOT real FinBERT sentiment)
2025-12-17,0.5665068219105402,AAPL,synthetic (offline fallback),local untrained BERT stand-in + keyword blend (offline fallback -- NOT real FinBERT sentiment)
2025-12-18,-0.0001576267182827329,AAPL,synthetic (offline fallback),local untrained BERT stand-in + keyword blend (offline fallback -- NOT real FinBERT sentiment)
2025-12-19,-0.8501530960202217,AAPL,synthetic (offline fallback),local untrained BERT stand-in + keyword blend (offline fallback -- NOT real FinBERT sentiment)
2025-12-22,-0.850154758989811,AAPL,synthetic (offline fallback),local untrained BERT stand-in + keyword blend (offline fallback -- NOT real FinBERT sentiment)
2025-12-23,-0.0001576125621795654,AAPL,synthetic (offline fallback),local untrained BERT stand-in + keyword blend (offline fallback -- NOT real FinBERT sentiment)
2025-12-24,-0.00015897899866107457,AAPL,synthetic (offline fallback),local untrained BERT stand-in + keyword blend (offline fallback -- NOT real FinBERT sentiment)
2025-12-25,0.5665091599027315,AAPL,synthetic (offline fallback),local untrained BERT stand-in + keyword blend (offline fallback -- NOT real FinBERT sentiment)
2025-12-26,-0.00016223341226577758,AAPL,synthetic (offline fallback),local untrained BERT stand-in + keyword blend (offline fallback -- NOT real FinBERT sentiment)
2025-12-29,-0.850154758989811,AAPL,synthetic (offline fallback),local untrained BERT stand-in + keyword blend (offline fallback -- NOT real FinBERT sentiment)
2025-12-30,-0.8501571372151374,AAPL,synthetic (offline fallback),local untrained BERT stand-in + keyword blend (offline fallback -- NOT real FinBERT sentiment)
2025-12-31,-0.8501558005809784,AAPL,synthetic (offline fallback),local untrained BERT stand-in + keyword blend (offline fallback -- NOT real FinBERT sentiment)
2026-01-01,-0.00015897899866107457,AAPL,synthetic (offline fallback),local untrained BERT stand-in + keyword blend (offline fallback -- NOT real FinBERT sentiment)
2026-01-02,-0.5668226967255275,AAPL,synthetic (offline fallback),local untrained BERT stand-in + keyword blend (offline fallback -- NOT real FinBERT sentiment)
2026-01-05,-0.42515733391046523,AAPL,synthetic (offline fallback),local untrained BERT stand-in + keyword blend (offline fallback -- NOT real FinBERT sentiment)
2026-01-06,0.8498448565602302,AAPL,synthetic (offline fallback),local untrained BERT stand-in + keyword blend (offline fallback -- NOT real FinBERT sentiment)
2026-01-07,-0.5668217952052753,AAPL,synthetic (offline fallback),local untrained BERT stand-in + keyword blend (offline fallback -- NOT real FinBERT sentiment)
2026-01-08,0.8498448498547078,AAPL,synthetic (offline fallback),local untrained BERT stand-in + keyword blend (offline fallback -- NOT real FinBERT sentiment)
2026-01-09,-0.42515749707818035,AAPL,synthetic (offline fallback),local untrained BERT stand-in + keyword blend (offline fallback -- NOT real FinBERT sentiment)
2026-01-12,-0.0001584582030773607,AAPL,synthetic (offline fallback),local untrained BERT stand-in + keyword blend (offline fallback -- NOT real FinBERT sentiment)
2026-01-13,0.8498443737626076,AAPL,synthetic (offline fallback),local untrained BERT stand-in + keyword blend (offline fallback -- NOT real FinBERT sentiment)
2026-01-14,0.2831741963823636,AAPL,synthetic (offline fallback),local untrained BERT stand-in + keyword blend (offline fallback -- NOT real FinBERT sentiment)
2026-01-15,0.8498453259468078,AAPL,synthetic (offline fallback),local untrained BERT stand-in + keyword blend (offline fallback -- NOT real FinBERT sentiment)
2026-01-16,-0.28349214394887284,AAPL,synthetic (offline fallback),local untrained BERT stand-in + keyword blend (offline fallback -- NOT real FinBERT sentiment)
2026-01-19,0.28317613651355106,AAPL,synthetic (offline fallback),local untrained BERT stand-in + keyword blend (offline fallback -- NOT real FinBERT sentiment)
2026-01-20,-0.8501530960202217,AAPL,synthetic (offline fallback),local untrained BERT stand-in + keyword blend (offline fallback -- NOT real FinBERT sentiment)
2026-01-21,-0.5668233628074328,AAPL,synthetic (offline fallback),local untrained BERT stand-in + keyword blend (offline fallback -- NOT real FinBERT sentiment)
2026-01-22,-0.8501558005809784,AAPL,synthetic (offline fallback),local untrained BERT stand-in + keyword blend (offline fallback -- NOT real FinBERT sentiment)
2026-01-23,-0.8501571372151374,AAPL,synthetic (offline fallback),local untrained BERT stand-in + keyword blend (offline fallback -- NOT real FinBERT sentiment)
2026-01-26,-0.8501571372151374,AAPL,synthetic (offline fallback),local untrained BERT stand-in + keyword blend (offline fallback -- NOT real FinBERT sentiment)
2026-01-27,-0.0001580148935317697,AAPL,synthetic (offline fallback),local untrained BERT stand-in + keyword blend (offline fallback -- NOT real FinBERT sentiment)
2026-01-28,0.8498443737626076,AAPL,synthetic (offline fallback),local untrained BERT stand-in + keyword blend (offline fallback -- NOT real FinBERT sentiment)
2026-01-29,0.5665083895126978,AAPL,synthetic (offline fallback),local untrained BERT stand-in + keyword blend (offline fallback -- NOT real FinBERT sentiment)
2026-01-30,-0.8501571372151374,AAPL,synthetic (offline fallback),local untrained BERT stand-in + keyword blend (offline fallback -- NOT real FinBERT sentiment)
2026-02-02,0.8498453259468078,AAPL,synthetic (offline fallback),local untrained BERT stand-in + keyword blend (offline fallback -- NOT real FinBERT sentiment)
2026-02-03,0.8498445346951485,AAPL,synthetic (offline fallback),local untrained BERT stand-in + keyword blend (offline fallback -- NOT real FinBERT sentiment)
2026-02-04,-0.00015495121479036644,AAPL,synthetic (offline fallback),local untrained BERT stand-in + keyword blend (offline fallback -- NOT real FinBERT sentiment)
2026-02-05,-0.00015698522329328965,AAPL,synthetic (offline fallback),local untrained BERT stand-in + keyword blend (offline fallback -- NOT real FinBERT sentiment)
2026-02-06,-0.8501571372151374,AAPL,synthetic (offline fallback),local untrained BERT stand-in + keyword blend (offline fallback -- NOT real FinBERT sentiment)
2026-02-09,-0.4251576647162437,AAPL,synthetic (offline fallback),local untrained BERT stand-in + keyword blend (offline fallback -- NOT real FinBERT sentiment)
2026-02-10,0.8498448565602302,AAPL,synthetic (offline fallback),local untrained BERT stand-in + keyword blend (offline fallback -- NOT real FinBERT sentiment)
2026-02-11,-0.4251551054418087,AAPL,synthetic (offline fallback),local untrained BERT stand-in + keyword blend (offline fallback -- NOT real FinBERT sentiment)
2026-02-12,-0.00015307366847991944,AAPL,synthetic (offline fallback),local untrained BERT stand-in + keyword blend (offline fallback -- NOT real FinBERT sentiment)
2026-02-13,0.8498443737626076,AAPL,synthetic (offline fallback),local untrained BERT stand-in + keyword blend (offline fallback -- NOT real FinBERT sentiment)
2026-02-16,-0.00016223341226577758,AAPL,synthetic (offline fallback),local untrained BERT stand-in + keyword blend (offline fallback -- NOT real FinBERT sentiment)
2026-02-17,-0.00015660375356674194,AAPL,synthetic (offline fallback),local untrained BERT stand-in + keyword blend (offline fallback -- NOT real FinBERT sentiment)
2026-02-18,0.5665123696128528,AAPL,synthetic (offline fallback),local untrained BERT stand-in + keyword blend (offline fallback -- NOT real FinBERT sentiment)
2026-02-19,-0.28348785688479744,AAPL,synthetic (offline fallback),local untrained BERT stand-in + keyword blend (offline fallback -- NOT real FinBERT sentiment)
2026-02-20,0.2831765164931615,AAPL,synthetic (offline fallback),local untrained BERT stand-in + keyword blend (offline fallback -- NOT real FinBERT sentiment)
2026-02-23,-0.28349240918954216,AAPL,synthetic (offline fallback),local untrained BERT stand-in + keyword blend (offline fallback -- NOT real FinBERT sentiment)
2026-02-24,-0.8501558005809784,AAPL,synthetic (offline fallback),local untrained BERT stand-in + keyword blend (offline fallback -- NOT real FinBERT sentiment)
2026-02-25,-0.00015964731574058533,AAPL,synthetic (offline fallback),local untrained BERT stand-in + keyword blend (offline fallback -- NOT real FinBERT sentiment)
2026-02-26,0.42484154626727105,AAPL,synthetic (offline fallback),local untrained BERT stand-in + keyword blend (offline fallback -- NOT real FinBERT sentiment)
2026-02-27,-0.42515849620103835,AAPL,synthetic (offline fallback),local untrained BERT stand-in + keyword blend (offline fallback -- NOT real FinBERT sentiment)
2026-03-02,-0.0001602351665496826,AAPL,synthetic (offline fallback),local untrained BERT stand-in + keyword blend (offline fallback -- NOT real FinBERT sentiment)
2026-03-03,-0.00015666335821154693,AAPL,synthetic (offline fallback),local untrained BERT stand-in + keyword blend (offline fallback -- NOT real FinBERT sentiment)
2026-03-04,-0.00015571340918540955,AAPL,synthetic (offline fallback),local untrained BERT stand-in + keyword blend (offline fallback -- NOT real FinBERT sentiment)
2026-03-05,-0.0001551002264022901,AAPL,synthetic (offline fallback),local untrained BERT stand-in + keyword blend (offline fallback -- NOT real FinBERT sentiment)
2026-03-06,-0.28348845442136134,AAPL,synthetic (offline fallback),local untrained BERT stand-in + keyword blend (offline fallback -- NOT real FinBERT sentiment)
2026-03-09,0.42484131157398225,AAPL,synthetic (offline fallback),local untrained BERT stand-in + keyword blend (offline fallback -- NOT real FinBERT sentiment)
2026-03-10,-0.42515391632914545,AAPL,synthetic (offline fallback),local untrained BERT stand-in + keyword blend (offline fallback -- NOT real FinBERT sentiment)
2026-03-11,0.5665122131506601,AAPL,synthetic (offline fallback),local untrained BERT stand-in + keyword blend (offline fallback -- NOT real FinBERT sentiment)
2026-03-12,0.2831736420591672,AAPL,synthetic (offline fallback),local untrained BERT stand-in + keyword blend (offline fallback -- NOT real FinBERT sentiment)
2026-03-13,-0.5668217952052753,AAPL,synthetic (offline fallback),local untrained BERT stand-in + keyword blend (offline fallback -- NOT real FinBERT sentiment)
2026-03-16,-0.2834887286027273,AAPL,synthetic (offline fallback),local untrained BERT stand-in + keyword blend (offline fallback -- NOT real FinBERT sentiment)
2026-03-17,-0.8501571372151374,AAPL,synthetic (offline fallback),local untrained BERT stand-in + keyword blend (offline fallback -- NOT real FinBERT sentiment)
2026-03-18,-0.8501571372151374,AAPL,synthetic (offline fallback),local untrained BERT stand-in + keyword blend (offline fallback -- NOT real FinBERT sentiment)
2026-03-19,-0.28348782708247505,AAPL,synthetic (offline fallback),local untrained BERT stand-in + keyword blend (offline fallback -- NOT real FinBERT sentiment)
2026-03-20,-0.00015547201037408032,AAPL,synthetic (offline fallback),local untrained BERT stand-in + keyword blend (offline fallback -- NOT real FinBERT sentiment)
2026-03-23,-0.28349253584941225,AAPL,synthetic (offline fallback),local untrained BERT stand-in + keyword blend (offline fallback -- NOT real FinBERT sentiment)
2026-03-24,-0.42515749707818035,AAPL,synthetic (offline fallback),local untrained BERT stand-in + keyword blend (offline fallback -- NOT real FinBERT sentiment)
2026-03-25,0.8498448565602302,AAPL,synthetic (offline fallback),local untrained BERT stand-in + keyword blend (offline fallback -- NOT real FinBERT sentiment)
2026-03-26,-0.8501530960202217,AAPL,synthetic (offline fallback),local untrained BERT stand-in + keyword blend (offline fallback -- NOT real FinBERT sentiment)
2026-03-27,0.8498443737626076,AAPL,synthetic (offline fallback),local untrained BERT stand-in + keyword blend (offline fallback -- NOT real FinBERT sentiment)
2026-03-30,-0.850154758989811,AAPL,synthetic (offline fallback),local untrained BERT stand-in + keyword blend (offline fallback -- NOT real FinBERT sentiment)
2026-03-31,-0.2834886198242505,AAPL,synthetic (offline fallback),local untrained BERT stand-in + keyword blend (offline fallback -- NOT real FinBERT sentiment)
2026-04-01,-0.5668211023012797,AAPL,synthetic (offline fallback),local untrained BERT stand-in + keyword blend (offline fallback -- NOT real FinBERT sentiment)
2026-04-02,-0.4251530848443508,AAPL,synthetic (offline fallback),local untrained BERT stand-in + keyword blend (offline fallback -- NOT real FinBERT sentiment)
2026-04-03,-0.8501571372151374,AAPL,synthetic (offline fallback),local untrained BERT stand-in + keyword blend (offline fallback -- NOT real FinBERT sentiment)
2026-04-06,0.28317412932713826,AAPL,synthetic (offline fallback),local untrained BERT stand-in + keyword blend (offline fallback -- NOT real FinBERT sentiment)
2026-04-07,-0.00015894174575807143,AAPL,synthetic (offline fallback),local untrained BERT stand-in + keyword blend (offline fallback -- NOT real FinBERT sentiment)
2026-04-08,-0.00015766620635984107,AAPL,synthetic (offline fallback),local untrained BERT stand-in + keyword blend (offline fallback -- NOT real FinBERT sentiment)
2026-04-09,-0.00015745609998703,AAPL,synthetic (offline fallback),local untrained BERT stand-in + keyword blend (offline fallback -- NOT real FinBERT sentiment)
2026-04-10,0.4248420692980289,AAPL,synthetic (offline fallback),local untrained BERT stand-in + keyword blend (offline fallback -- NOT real FinBERT sentiment)
2026-04-13,-0.00015939772129061058,AAPL,synthetic (offline fallback),local untrained BERT stand-in + keyword blend (offline fallback -- NOT real FinBERT sentiment)
2026-04-14,0.8498401805758475,AAPL,synthetic (offline fallback),local untrained BERT stand-in + keyword blend (offline fallback -- NOT real FinBERT sentiment)
2026-04-15,0.8498378425836562,AAPL,synthetic (offline fallback),local untrained BERT stand-in + keyword blend (offline fallback -- NOT real FinBERT sentiment)
2026-04-16,0.8498448565602302,AAPL,synthetic (offline fallback),local untrained BERT stand-in + keyword blend (offline fallback -- NOT real FinBERT sentiment)
2026-04-17,0.8498453259468078,AAPL,synthetic (offline fallback),local untrained BERT stand-in + keyword blend (offline fallback -- NOT real FinBERT sentiment)
2026-04-20,0.8498443737626076,AAPL,synthetic (offline fallback),local untrained BERT stand-in + keyword blend (offline fallback -- NOT real FinBERT sentiment)
2026-04-21,0.2831759800513585,AAPL,synthetic (offline fallback),local untrained BERT stand-in + keyword blend (offline fallback -- NOT real FinBERT sentiment)
2026-04-22,-0.8501558005809784,AAPL,synthetic (offline fallback),local untrained BERT stand-in + keyword blend (offline fallback -- NOT real FinBERT sentiment)
2026-04-23,-0.00015753060579299925,AAPL,synthetic (offline fallback),local untrained BERT stand-in + keyword blend (offline fallback -- NOT real FinBERT sentiment)
2026-04-24,-0.8501530960202217,AAPL,synthetic (offline fallback),local untrained BERT stand-in + keyword blend (offline fallback -- NOT real FinBERT sentiment)
2026-04-27,0.8498448565602302,AAPL,synthetic (offline fallback),local untrained BERT stand-in + keyword blend (offline fallback -- NOT real FinBERT sentiment)
2026-04-28,-0.28349081476529436,AAPL,synthetic (offline fallback),local untrained BERT stand-in + keyword blend (offline fallback -- NOT real FinBERT sentiment)
2026-04-29,-0.8501571372151374,AAPL,synthetic (offline fallback),local untrained BERT stand-in + keyword blend (offline fallback -- NOT real FinBERT sentiment)
2026-04-30,0.4248438976705074,AAPL,synthetic (offline fallback),local untrained BERT stand-in + keyword blend (offline fallback -- NOT real FinBERT sentiment)
2026-05-01,0.5665105665723483,AAPL,synthetic (offline fallback),local untrained BERT stand-in + keyword blend (offline fallback -- NOT real FinBERT sentiment)
2026-05-04,0.8498453259468078,AAPL,synthetic (offline fallback),local untrained BERT stand-in + keyword blend (offline fallback -- NOT real FinBERT sentiment)
2026-05-05,0.28317484458287556,AAPL,synthetic (offline fallback),local untrained BERT stand-in + keyword blend (offline fallback -- NOT real FinBERT sentiment)
2026-05-06,-0.00016223341226577758,AAPL,synthetic (offline fallback),local untrained BERT stand-in + keyword blend (offline fallback -- NOT real FinBERT sentiment)
2026-05-07,-0.00015610903501513582,AAPL,synthetic (offline fallback),local untrained BERT stand-in + keyword blend (offline fallback -- NOT real FinBERT sentiment)
2026-05-08,0.42483880370855326,AAPL,synthetic (offline fallback),local untrained BERT stand-in + keyword blend (offline fallback -- NOT real FinBERT sentiment)
2026-05-11,-0.00015687346458435796,AAPL,synthetic (offline fallback),local untrained BERT stand-in + keyword blend (offline fallback -- NOT real FinBERT sentiment)
2026-05-12,-0.4251566655933857,AAPL,synthetic (offline fallback),local untrained BERT stand-in + keyword blend (offline fallback -- NOT real FinBERT sentiment)
2026-05-13,-0.00015307366847991944,AAPL,synthetic (offline fallback),local untrained BERT stand-in + keyword blend (offline fallback -- NOT real FinBERT sentiment)
2026-05-14,-0.2834893559416135,AAPL,synthetic (offline fallback),local untrained BERT stand-in + keyword blend (offline fallback -- NOT real FinBERT sentiment)
2026-05-15,-0.4251566655933857,AAPL,synthetic (offline fallback),local untrained BERT stand-in + keyword blend (offline fallback -- NOT real FinBERT sentiment)
2026-05-18,0.8498378425836562,AAPL,synthetic (offline fallback),local untrained BERT stand-in + keyword blend (offline fallback -- NOT real FinBERT sentiment)
2026-05-19,-0.00015665441751480102,AAPL,synthetic (offline fallback),local untrained BERT stand-in + keyword blend (offline fallback -- NOT real FinBERT sentiment)
2026-05-20,-0.4251551054418087,AAPL,synthetic (offline fallback),local untrained BERT stand-in + keyword blend (offline fallback -- NOT real FinBERT sentiment)
2026-05-21,-0.0001602351665496826,AAPL,synthetic (offline fallback),local untrained BERT stand-in + keyword blend (offline fallback -- NOT real FinBERT sentiment)
2026-05-22,-0.850154758989811,AAPL,synthetic (offline fallback),local untrained BERT stand-in + keyword blend (offline fallback -- NOT real FinBERT sentiment)
2026-05-25,-0.8501544430851936,AAPL,synthetic (offline fallback),local untrained BERT stand-in + keyword blend (offline fallback -- NOT real FinBERT sentiment)
2026-05-26,-0.8501551166176795,AAPL,synthetic (offline fallback),local untrained BERT stand-in + keyword blend (offline fallback -- NOT real FinBERT sentiment)
2026-05-27,-0.5668220038215319,AAPL,synthetic (offline fallback),local untrained BERT stand-in + keyword blend (offline fallback -- NOT real FinBERT sentiment)
2026-05-28,0.2831741963823636,AAPL,synthetic (offline fallback),local untrained BERT stand-in + keyword blend (offline fallback -- NOT real FinBERT sentiment)
2026-05-29,-0.2834925209482511,AAPL,synthetic (offline fallback),local untrained BERT stand-in + keyword blend (offline fallback -- NOT real FinBERT sentiment)
2026-06-01,-0.00015511810779570792,AAPL,synthetic (offline fallback),local untrained BERT stand-in + keyword blend (offline fallback -- NOT real FinBERT sentiment)
2026-06-02,0.8498453259468078,AAPL,synthetic (offline fallback),local untrained BERT stand-in + keyword blend (offline fallback -- NOT real FinBERT sentiment)
2026-06-03,-0.00015964731574058533,AAPL,synthetic (offline fallback),local untrained BERT stand-in + keyword blend (offline fallback -- NOT real FinBERT sentiment)
2026-06-04,0.8498378425836562,AAPL,synthetic (offline fallback),local untrained BERT stand-in + keyword blend (offline fallback -- NOT real FinBERT sentiment)
2026-06-05,-0.00016223341226577758,AAPL,synthetic (offline fallback),local untrained BERT stand-in + keyword blend (offline fallback -- NOT real FinBERT sentiment)
2026-06-08,-0.0001575946807861698,AAPL,synthetic (offline fallback),local untrained BERT stand-in + keyword blend (offline fallback -- NOT real FinBERT sentiment)
2026-06-09,-0.8501566916704176,AAPL,synthetic (offline fallback),local untrained BERT stand-in + keyword blend (offline fallback -- NOT real FinBERT sentiment)
2026-06-10,0.42483880370855326,AAPL,synthetic (offline fallback),local untrained BERT stand-in + keyword blend (offline fallback -- NOT real FinBERT sentiment)
2026-06-11,0.8498448565602302,AAPL,synthetic (offline fallback),local untrained BERT stand-in + keyword blend (offline fallback -- NOT real FinBERT sentiment)
2026-06-12,-0.00015631914138795425,AAPL,synthetic (offline fallback),local untrained BERT stand-in + keyword blend (offline fallback -- NOT real FinBERT sentiment)
2026-06-15,-0.8501571372151374,AAPL,synthetic (offline fallback),local untrained BERT stand-in + keyword blend (offline fallback -- NOT real FinBERT sentiment)
2026-06-16,-0.8501571372151374,AAPL,synthetic (offline fallback),local untrained BERT stand-in + keyword blend (offline fallback -- NOT real FinBERT sentiment)
2026-06-17,-0.4251576647162437,AAPL,synthetic (offline fallback),local untrained BERT stand-in + keyword blend (offline fallback -- NOT real FinBERT sentiment)
2026-06-18,0.8498453259468078,AAPL,synthetic (offline fallback),local untrained BERT stand-in + keyword blend (offline fallback -- NOT real FinBERT sentiment)
2026-06-19,-0.00015614032745359108,AAPL,synthetic (offline fallback),local untrained BERT stand-in + keyword blend (offline fallback -- NOT real FinBERT sentiment)
2026-06-22,-0.00015597194433213018,AAPL,synthetic (offline fallback),local untrained BERT stand-in + keyword blend (offline fallback -- NOT real FinBERT sentiment)
2026-06-23,-0.00015530213713645935,AAPL,synthetic (offline fallback),local untrained BERT stand-in + keyword blend (offline fallback -- NOT real FinBERT sentiment)
2026-06-24,0.28317871143420537,AAPL,synthetic (offline fallback),local untrained BERT stand-in + keyword blend (offline fallback -- NOT real FinBERT sentiment)
2026-06-25,-0.00015897899866107457,AAPL,synthetic (offline fallback),local untrained BERT stand-in + keyword blend (offline fallback -- NOT real FinBERT sentiment)
2026-06-26,0.42484342157840727,AAPL,synthetic (offline fallback),local untrained BERT stand-in + keyword blend (offline fallback -- NOT real FinBERT sentiment)
2026-06-29,-0.5668247098724047,AAPL,synthetic (offline fallback),local untrained BERT stand-in + keyword blend (offline fallback -- NOT real FinBERT sentiment)
2026-06-30,-0.00015307366847991944,AAPL,synthetic (offline fallback),local untrained BERT stand-in + keyword blend (offline fallback -- NOT real FinBERT sentiment)
2026-07-01,-0.00015307366847991944,AAPL,synthetic (offline fallback),local untrained BERT stand-in + keyword blend (offline fallback -- NOT real FinBERT sentiment)
2026-07-02,0.8498413495719432,AAPL,synthetic (offline fallback),local untrained BERT stand-in + keyword blend (offline fallback -- NOT real FinBERT sentiment)
2026-07-03,-0.8501551166176795,AAPL,synthetic (offline fallback),local untrained BERT stand-in + keyword blend (offline fallback -- NOT real FinBERT sentiment)
2026-07-06,-0.00015471652150156334,AAPL,synthetic (offline fallback),local untrained BERT stand-in + keyword blend (offline fallback -- NOT real FinBERT sentiment)
2026-07-07,-0.850154758989811,AAPL,synthetic (offline fallback),local untrained BERT stand-in + keyword blend (offline fallback -- NOT real FinBERT sentiment)
2026-07-08,-0.00015307366847991944,AAPL,synthetic (offline fallback),local untrained BERT stand-in + keyword blend (offline fallback -- NOT real FinBERT sentiment)
2026-07-09,-0.00016223341226577758,AAPL,synthetic (offline fallback),local untrained BERT stand-in + keyword blend (offline fallback -- NOT real FinBERT sentiment)
2026-07-10,0.28317847450574235,AAPL,synthetic (offline fallback),local untrained BERT stand-in + keyword blend (offline fallback -- NOT real FinBERT sentiment)
2026-07-13,0.8498413495719432,AAPL,synthetic (offline fallback),local untrained BERT stand-in + keyword blend (offline fallback -- NOT real FinBERT sentiment)
2026-07-14,-0.8501571372151374,AAPL,synthetic (offline fallback),local untrained BERT stand-in + keyword blend (offline fallback -- NOT real FinBERT sentiment)
2026-07-15,0.4248410701751709,AAPL,synthetic (offline fallback),local untrained BERT stand-in + keyword blend (offline fallback -- NOT real FinBERT sentiment)
2026-07-16,0.42484238445758815,AAPL,synthetic (offline fallback),local untrained BERT stand-in + keyword blend (offline fallback -- NOT real FinBERT sentiment)
2026-07-17,-0.5668225879470508,AAPL,synthetic (offline fallback),local untrained BERT stand-in + keyword blend (offline fallback -- NOT real FinBERT sentiment)
2026-07-20,0.8498378425836562,AAPL,synthetic (offline fallback),local untrained BERT stand-in + keyword blend (offline fallback -- NOT real FinBERT sentiment)
2026-07-21,0.42484131157398225,AAPL,synthetic (offline fallback),local untrained BERT stand-in + keyword blend (offline fallback -- NOT real FinBERT sentiment)
2026-07-22,-0.00015737861394883682,AAPL,synthetic (offline fallback),local untrained BERT stand-in + keyword blend (offline fallback -- NOT real FinBERT sentiment)
2026-07-23,-0.00015765354037284852,AAPL,synthetic (offline fallback),local untrained BERT stand-in + keyword blend (offline fallback -- NOT real FinBERT sentiment)
2026-07-24,-0.4251566655933857,AAPL,synthetic (offline fallback),local untrained BERT stand-in + keyword blend (offline fallback -- NOT real FinBERT sentiment)
2026-07-27,-0.8501552797853946,AAPL,synthetic (offline fallback),local untrained BERT stand-in + keyword blend (offline fallback -- NOT real FinBERT sentiment)
2026-07-28,-0.8501544483006,AAPL,synthetic (offline fallback),local untrained BERT stand-in + keyword blend (offline fallback -- NOT real FinBERT sentiment)
2026-07-29,-0.8501559481024742,AAPL,synthetic (offline fallback),local untrained BERT stand-in + keyword blend (offline fallback -- NOT real FinBERT sentiment)
2026-07-30,-0.00015666782855986808,AAPL,synthetic (offline fallback),local untrained BERT stand-in + keyword blend (offline fallback -- NOT real FinBERT sentiment)
2026-07-31,-0.42515391632914545,AAPL,synthetic (offline fallback),local untrained BERT stand-in + keyword blend (offline fallback -- NOT real FinBERT sentiment)
2026-08-03,-0.00016223341226577758,AAPL,synthetic (offline fallback),local untrained BERT stand-in + keyword blend (offline fallback -- NOT real FinBERT sentiment)
2026-08-04,-0.5668226967255274,AAPL,synthetic (offline fallback),local untrained BERT stand-in + keyword blend (offline fallback -- NOT real FinBERT sentiment)
2026-08-05,-0.42515733391046523,AAPL,synthetic (offline fallback),local untrained BERT stand-in + keyword blend (offline fallback -- NOT real FinBERT sentiment)
2026-08-06,0.8498443737626076,AAPL,synthetic (offline fallback),local untrained BERT stand-in + keyword blend (offline fallback -- NOT real FinBERT sentiment)
2026-08-07,-0.0001576267182827329,AAPL,synthetic (offline fallback),local untrained BERT stand-in + keyword blend (offline fallback -- NOT real FinBERT sentiment)
2026-08-10,-0.00015416890382768204,AAPL,synthetic (offline fallback),local untrained BERT stand-in + keyword blend (offline fallback -- NOT real FinBERT sentiment)
2026-08-11,-0.2834888567527135,AAPL,synthetic (offline fallback),local untrained BERT stand-in + keyword blend (offline fallback -- NOT real FinBERT sentiment)
2026-08-12,-0.00015897899866107457,AAPL,synthetic (offline fallback),local untrained BERT stand-in + keyword blend (offline fallback -- NOT real FinBERT sentiment)
2026-08-13,0.8498378425836562,AAPL,synthetic (offline fallback),local untrained BERT stand-in + keyword blend (offline fallback -- NOT real FinBERT sentiment)
2026-08-14,-0.5668226967255274,AAPL,synthetic (offline fallback),local untrained BERT stand-in + keyword blend (offline fallback -- NOT real FinBERT sentiment)
2026-08-17,-0.28348845889170965,AAPL,synthetic (offline fallback),local untrained BERT stand-in + keyword blend (offline fallback -- NOT real FinBERT sentiment)
2026-08-18,-0.0001563817262649203,AAPL,synthetic (offline fallback),local untrained BERT stand-in + keyword blend (offline fallback -- NOT real FinBERT sentiment)
2026-08-19,-0.00015307366847991944,AAPL,synthetic (offline fallback),local untrained BERT stand-in + keyword blend (offline fallback -- NOT real FinBERT sentiment)
2026-08-20,-0.00015665441751480102,AAPL,synthetic (offline fallback),local untrained BERT stand-in + keyword blend (offline fallback -- NOT real FinBERT sentiment)
2026-08-21,-0.8501552797853946,AAPL,synthetic (offline fallback),local untrained BERT stand-in + keyword blend (offline fallback -- NOT real FinBERT sentiment)
2026-08-24,-0.00015307366847991944,AAPL,synthetic (offline fallback),local untrained BERT stand-in + keyword blend (offline fallback -- NOT real FinBERT sentiment)
2026-08-25,-0.00015666335821154693,AAPL,synthetic (offline fallback),local untrained BERT stand-in + keyword blend (offline fallback -- NOT real FinBERT sentiment)
2026-08-26,-0.4251566655933857,AAPL,synthetic (offline fallback),local untrained BERT stand-in + keyword blend (offline fallback -- NOT real FinBERT sentiment)
2026-08-27,-0.00015451610088349868,AAPL,synthetic (offline fallback),local untrained BERT stand-in + keyword blend (offline fallback -- NOT real FinBERT sentiment)
2026-08-28,-0.0001561582088470681,AAPL,synthetic (offline fallback),local untrained BERT stand-in + keyword blend (offline fallback -- NOT real FinBERT sentiment)
2026-08-31,-0.00015307366847991944,AAPL,synthetic (offline fallback),local untrained BERT stand-in + keyword blend (offline fallback -- NOT real FinBERT sentiment)
2026-09-01,-0.28349169840415317,AAPL,synthetic (offline fallback),local untrained BERT stand-in + keyword blend (offline fallback -- NOT real FinBERT sentiment)
2026-09-02,-0.28348766614993415,AAPL,synthetic (offline fallback),local untrained BERT stand-in + keyword blend (offline fallback -- NOT real FinBERT sentiment)
2026-09-03,-0.8501558005809784,AAPL,synthetic (offline fallback),local untrained BERT stand-in + keyword blend (offline fallback -- NOT real FinBERT sentiment)
2026-09-04,0.2831742604573568,AAPL,synthetic (offline fallback),local untrained BERT stand-in + keyword blend (offline fallback -- NOT real FinBERT sentiment)
2026-09-07,-0.00015690326690674566,AAPL,synthetic (offline fallback),local untrained BERT stand-in + keyword blend (offline fallback -- NOT real FinBERT sentiment)
2026-09-08,0.8498448565602302,AAPL,synthetic (offline fallback),local untrained BERT stand-in + keyword blend (offline fallback -- NOT real FinBERT sentiment)
2026-09-09,-0.00015519261360169567,AAPL,synthetic (offline fallback),local untrained BERT stand-in + keyword blend (offline fallback -- NOT real FinBERT sentiment)
2026-09-10,0.42484238445758815,AAPL,synthetic (offline fallback),local untrained BERT stand-in + keyword blend (offline fallback -- NOT real FinBERT sentiment)
2026-09-11,-0.0001602351665496826,AAPL,synthetic (offline fallback),local untrained BERT stand-in + keyword blend (offline fallback -- NOT real FinBERT sentiment)
2026-09-14,0.8498378425836562,AAPL,synthetic (offline fallback),local untrained BERT stand-in + keyword blend (offline fallback -- NOT real FinBERT sentiment)
2026-09-15,-0.00015988200902938843,AAPL,synthetic (offline fallback),local untrained BERT stand-in + keyword blend (offline fallback -- NOT real FinBERT sentiment)
2026-09-16,-0.850154758989811,AAPL,synthetic (offline fallback),local untrained BERT stand-in + keyword blend (offline fallback -- NOT real FinBERT sentiment)
2026-09-17,0.42484254539012906,AAPL,synthetic (offline fallback),local untrained BERT stand-in + keyword blend (offline fallback -- NOT real FinBERT sentiment)
2026-09-18,-0.00015523731708527722,AAPL,synthetic (offline fallback),local untrained BERT stand-in + keyword blend (offline fallback -- NOT real FinBERT sentiment)
2026-09-21,-0.8501564688980578,AAPL,synthetic (offline fallback),local untrained BERT stand-in + keyword blend (offline fallback -- NOT real FinBERT sentiment)
2026-09-22,-0.00015897899866107457,AAPL,synthetic (offline fallback),local untrained BERT stand-in + keyword blend (offline fallback -- NOT real FinBERT sentiment)
2026-09-23,0.4248456500470638,AAPL,synthetic (offline fallback),local untrained BERT stand-in + keyword blend (offline fallback -- NOT real FinBERT sentiment)
2026-09-24,-0.42515868619084357,AAPL,synthetic (offline fallback),local untrained BERT stand-in + keyword blend (offline fallback -- NOT real FinBERT sentiment)
2026-09-25,0.42483880370855326,AAPL,synthetic (offline fallback),local untrained BERT stand-in + keyword blend (offline fallback -- NOT real FinBERT sentiment)
